SCIP version 9.2.2 [precision: 8 byte] [memory: block] [mode: optimized] [LP solver: CPLEX 12.10.0.0] [GitHash: 416226a4f8]
Copyright (c) 2002-2025 Zuse Institute Berlin (ZIB)

reading parameter file </scratch/htc/yzhou/exp_scipmip/settings/settings_gap/sandbox_gendj_gap0.000121_arki001.set>

read problem </scratch/htc/yzhou/exp_scipmip/instances/tests/arki001.mps>
============

original problem has 1388 variables (442 bin, 96 int, 0 impl, 850 cont) and 1048 constraints
   1048 constraints of type <linear>
Reading Time: 0.03

read solution </scratch/htc/yzhou/solutions/arki001.sol>
============

primal solution from solution file </scratch/htc/yzhou/solutions/arki001.sol> was accepted as candidate, will be checked when solving starts
original problem has 1388 variables (442 bin, 96 int, 0 impl, 850 cont) and 1048 constraints
   1048 constraints of type <linear>
Reading Time: 0.06
solve problem
=============
LP Solver <CPLEX 12.10.0.0>: fastmip setting not available -- SCIP parameter has no effect
LP Solver <CPLEX 12.10.0.0>: clock type cannot be set
LP Solver <CPLEX 12.10.0.0>: row representation of the basis not available -- SCIP parameter lp/rowrepswitch has no effect
LP Solver <CPLEX 12.10.0.0>: solution polishing not available -- SCIP parameter lp/solutionpolishing has no effect
LP Solver <CPLEX 12.10.0.0>: refactorization interval not available -- SCIP parameter lp/refactorinterval has no effect
1/1 feasible solution given by solution candidate storage, new primal bound 7.580813e+06

transformed problem has 1388 variables (442 bin, 96 int, 0 impl, 850 cont) and 1048 constraints
   1048 constraints of type <linear>

original problem has 20439 active (1.40511%) nonzeros and 20439 (1.40511%) check nonzeros

presolving:
(round 1, fast)       390 del vars, 257 del conss, 0 add conss, 149 chg bounds, 12 chg sides, 16 chg coeffs, 0 upgd conss, 0 impls, 2 clqs
(round 2, fast)       390 del vars, 265 del conss, 1 add conss, 188 chg bounds, 20 chg sides, 61 chg coeffs, 0 upgd conss, 0 impls, 2 clqs
(round 3, fast)       390 del vars, 265 del conss, 2 add conss, 188 chg bounds, 20 chg sides, 61 chg coeffs, 0 upgd conss, 0 impls, 2 clqs
(round 4, fast)       390 del vars, 265 del conss, 3 add conss, 188 chg bounds, 20 chg sides, 61 chg coeffs, 0 upgd conss, 0 impls, 2 clqs
(round 5, fast)       390 del vars, 265 del conss, 4 add conss, 188 chg bounds, 20 chg sides, 61 chg coeffs, 0 upgd conss, 0 impls, 2 clqs
(round 6, fast)       390 del vars, 265 del conss, 5 add conss, 188 chg bounds, 20 chg sides, 61 chg coeffs, 0 upgd conss, 0 impls, 2 clqs
(round 7, fast)       390 del vars, 265 del conss, 6 add conss, 188 chg bounds, 20 chg sides, 61 chg coeffs, 0 upgd conss, 0 impls, 2 clqs
(round 8, fast)       390 del vars, 265 del conss, 7 add conss, 188 chg bounds, 20 chg sides, 61 chg coeffs, 0 upgd conss, 0 impls, 2 clqs
(round 9, exhaustive) 390 del vars, 283 del conss, 7 add conss, 188 chg bounds, 32 chg sides, 61 chg coeffs, 0 upgd conss, 0 impls, 2 clqs
(round 10, exhaustive) 390 del vars, 283 del conss, 7 add conss, 188 chg bounds, 32 chg sides, 61 chg coeffs, 388 upgd conss, 0 impls, 2 clqs
(round 11, medium)     390 del vars, 289 del conss, 7 add conss, 194 chg bounds, 33 chg sides, 67 chg coeffs, 388 upgd conss, 367 impls, 2 clqs
(round 12, fast)       390 del vars, 289 del conss, 8 add conss, 194 chg bounds, 33 chg sides, 67 chg coeffs, 388 upgd conss, 367 impls, 2 clqs
(round 13, fast)       390 del vars, 289 del conss, 9 add conss, 194 chg bounds, 33 chg sides, 67 chg coeffs, 388 upgd conss, 367 impls, 2 clqs
(round 14, fast)       390 del vars, 289 del conss, 10 add conss, 194 chg bounds, 33 chg sides, 67 chg coeffs, 388 upgd conss, 367 impls, 2 clqs
(round 15, fast)       390 del vars, 289 del conss, 11 add conss, 194 chg bounds, 33 chg sides, 67 chg coeffs, 388 upgd conss, 367 impls, 2 clqs
(round 16, fast)       390 del vars, 289 del conss, 12 add conss, 194 chg bounds, 33 chg sides, 67 chg coeffs, 388 upgd conss, 367 impls, 2 clqs
(round 17, fast)       390 del vars, 289 del conss, 13 add conss, 194 chg bounds, 33 chg sides, 67 chg coeffs, 388 upgd conss, 367 impls, 2 clqs
(round 18, fast)       390 del vars, 289 del conss, 14 add conss, 194 chg bounds, 33 chg sides, 67 chg coeffs, 388 upgd conss, 367 impls, 2 clqs
(round 19, exhaustive) 390 del vars, 296 del conss, 14 add conss, 194 chg bounds, 39 chg sides, 67 chg coeffs, 388 upgd conss, 367 impls, 2 clqs
(round 20, fast)       390 del vars, 296 del conss, 15 add conss, 194 chg bounds, 39 chg sides, 67 chg coeffs, 388 upgd conss, 367 impls, 2 clqs
(round 21, fast)       390 del vars, 296 del conss, 16 add conss, 194 chg bounds, 39 chg sides, 67 chg coeffs, 388 upgd conss, 367 impls, 2 clqs
(round 22, fast)       390 del vars, 296 del conss, 17 add conss, 194 chg bounds, 39 chg sides, 67 chg coeffs, 388 upgd conss, 367 impls, 2 clqs
(round 23, fast)       390 del vars, 296 del conss, 18 add conss, 194 chg bounds, 39 chg sides, 67 chg coeffs, 388 upgd conss, 367 impls, 2 clqs
(round 24, fast)       390 del vars, 296 del conss, 19 add conss, 194 chg bounds, 39 chg sides, 67 chg coeffs, 388 upgd conss, 367 impls, 2 clqs
(round 25, fast)       390 del vars, 296 del conss, 20 add conss, 194 chg bounds, 39 chg sides, 67 chg coeffs, 388 upgd conss, 367 impls, 2 clqs
(round 26, exhaustive) 390 del vars, 302 del conss, 20 add conss, 194 chg bounds, 44 chg sides, 67 chg coeffs, 388 upgd conss, 367 impls, 2 clqs
(round 27, fast)       390 del vars, 302 del conss, 21 add conss, 194 chg bounds, 44 chg sides, 67 chg coeffs, 388 upgd conss, 367 impls, 2 clqs
(round 28, fast)       390 del vars, 302 del conss, 22 add conss, 194 chg bounds, 44 chg sides, 67 chg coeffs, 388 upgd conss, 367 impls, 2 clqs
(round 29, fast)       390 del vars, 302 del conss, 23 add conss, 194 chg bounds, 44 chg sides, 67 chg coeffs, 388 upgd conss, 367 impls, 2 clqs
(round 30, fast)       390 del vars, 302 del conss, 24 add conss, 194 chg bounds, 44 chg sides, 67 chg coeffs, 388 upgd conss, 367 impls, 2 clqs
(round 31, fast)       390 del vars, 302 del conss, 25 add conss, 194 chg bounds, 44 chg sides, 67 chg coeffs, 388 upgd conss, 367 impls, 2 clqs
(round 32, exhaustive) 390 del vars, 307 del conss, 25 add conss, 194 chg bounds, 49 chg sides, 67 chg coeffs, 388 upgd conss, 367 impls, 2 clqs
(round 33, exhaustive) 427 del vars, 307 del conss, 25 add conss, 194 chg bounds, 49 chg sides, 67 chg coeffs, 388 upgd conss, 367 impls, 2 clqs
(round 34, fast)       427 del vars, 307 del conss, 28 add conss, 194 chg bounds, 49 chg sides, 67 chg coeffs, 388 upgd conss, 367 impls, 2 clqs
(round 35, fast)       427 del vars, 307 del conss, 31 add conss, 194 chg bounds, 49 chg sides, 67 chg coeffs, 388 upgd conss, 367 impls, 2 clqs
(round 36, fast)       427 del vars, 307 del conss, 34 add conss, 194 chg bounds, 49 chg sides, 67 chg coeffs, 388 upgd conss, 367 impls, 2 clqs
(round 37, fast)       427 del vars, 307 del conss, 37 add conss, 194 chg bounds, 49 chg sides, 67 chg coeffs, 388 upgd conss, 367 impls, 2 clqs
(round 38, fast)       427 del vars, 307 del conss, 40 add conss, 194 chg bounds, 49 chg sides, 67 chg coeffs, 388 upgd conss, 367 impls, 2 clqs
(round 39, fast)       427 del vars, 307 del conss, 42 add conss, 194 chg bounds, 49 chg sides, 67 chg coeffs, 388 upgd conss, 367 impls, 2 clqs
(round 40, fast)       427 del vars, 307 del conss, 43 add conss, 194 chg bounds, 49 chg sides, 67 chg coeffs, 388 upgd conss, 367 impls, 2 clqs
(round 41, exhaustive) 427 del vars, 325 del conss, 43 add conss, 194 chg bounds, 56 chg sides, 67 chg coeffs, 388 upgd conss, 367 impls, 2 clqs
   (0.1s) probing: 100/387 (25.8%) - 0 fixings, 0 aggregations, 36 implications, 15 bound changes
   (0.1s) probing: 200/387 (51.7%) - 0 fixings, 0 aggregations, 79 implications, 18 bound changes
   (0.1s) probing: 300/387 (77.5%) - 0 fixings, 0 aggregations, 93 implications, 21 bound changes
   (0.2s) probing cycle finished: starting next cycle
(round 42, exhaustive) 427 del vars, 325 del conss, 43 add conss, 218 chg bounds, 56 chg sides, 67 chg coeffs, 388 upgd conss, 497 impls, 6 clqs
(round 43, fast)       427 del vars, 325 del conss, 44 add conss, 218 chg bounds, 56 chg sides, 91 chg coeffs, 388 upgd conss, 497 impls, 6 clqs
(round 44, fast)       427 del vars, 325 del conss, 45 add conss, 218 chg bounds, 56 chg sides, 91 chg coeffs, 388 upgd conss, 497 impls, 6 clqs
(round 45, fast)       427 del vars, 325 del conss, 46 add conss, 218 chg bounds, 56 chg sides, 91 chg coeffs, 388 upgd conss, 497 impls, 6 clqs
(round 46, fast)       427 del vars, 325 del conss, 47 add conss, 218 chg bounds, 56 chg sides, 91 chg coeffs, 388 upgd conss, 497 impls, 6 clqs
(round 47, fast)       427 del vars, 325 del conss, 48 add conss, 218 chg bounds, 56 chg sides, 91 chg coeffs, 388 upgd conss, 497 impls, 6 clqs
(round 48, fast)       427 del vars, 325 del conss, 49 add conss, 218 chg bounds, 56 chg sides, 91 chg coeffs, 388 upgd conss, 497 impls, 6 clqs
(round 49, fast)       427 del vars, 325 del conss, 50 add conss, 218 chg bounds, 56 chg sides, 91 chg coeffs, 388 upgd conss, 497 impls, 6 clqs
(round 50, exhaustive) 427 del vars, 332 del conss, 50 add conss, 218 chg bounds, 62 chg sides, 91 chg coeffs, 388 upgd conss, 497 impls, 6 clqs
(round 51, fast)       427 del vars, 332 del conss, 51 add conss, 218 chg bounds, 62 chg sides, 91 chg coeffs, 388 upgd conss, 497 impls, 6 clqs
(round 52, fast)       427 del vars, 332 del conss, 52 add conss, 218 chg bounds, 62 chg sides, 91 chg coeffs, 388 upgd conss, 497 impls, 6 clqs
(round 53, fast)       427 del vars, 332 del conss, 53 add conss, 218 chg bounds, 62 chg sides, 91 chg coeffs, 388 upgd conss, 497 impls, 6 clqs
(round 54, fast)       427 del vars, 332 del conss, 54 add conss, 218 chg bounds, 62 chg sides, 91 chg coeffs, 388 upgd conss, 497 impls, 6 clqs
(round 55, fast)       427 del vars, 332 del conss, 55 add conss, 218 chg bounds, 62 chg sides, 91 chg coeffs, 388 upgd conss, 497 impls, 6 clqs
(round 56, fast)       427 del vars, 332 del conss, 56 add conss, 218 chg bounds, 62 chg sides, 91 chg coeffs, 388 upgd conss, 497 impls, 6 clqs
(round 57, exhaustive) 427 del vars, 338 del conss, 56 add conss, 218 chg bounds, 67 chg sides, 91 chg coeffs, 388 upgd conss, 497 impls, 6 clqs
(round 58, fast)       427 del vars, 338 del conss, 57 add conss, 218 chg bounds, 67 chg sides, 91 chg coeffs, 388 upgd conss, 497 impls, 6 clqs
(round 59, fast)       427 del vars, 338 del conss, 58 add conss, 218 chg bounds, 67 chg sides, 91 chg coeffs, 388 upgd conss, 497 impls, 6 clqs
(round 60, fast)       427 del vars, 338 del conss, 59 add conss, 218 chg bounds, 67 chg sides, 91 chg coeffs, 388 upgd conss, 497 impls, 6 clqs
(round 61, fast)       427 del vars, 338 del conss, 60 add conss, 218 chg bounds, 67 chg sides, 91 chg coeffs, 388 upgd conss, 497 impls, 6 clqs
(round 62, fast)       427 del vars, 338 del conss, 61 add conss, 218 chg bounds, 67 chg sides, 91 chg coeffs, 388 upgd conss, 497 impls, 6 clqs
(round 63, exhaustive) 427 del vars, 343 del conss, 61 add conss, 218 chg bounds, 72 chg sides, 91 chg coeffs, 388 upgd conss, 497 impls, 6 clqs
   (0.2s) probing: 46/387 (11.9%) - 0 fixings, 0 aggregations, 134 implications, 24 bound changes
   (0.2s) probing aborted: 50/50 successive totally useless probings
   (0.2s) symmetry computation started: requiring (bin +, int +, cont +), (fixed: bin -, int -, cont -)
   (0.2s) no symmetry present (symcode time: 0.00)
clique table cleanup detected 0 bound changes

presolved problem has 20914 active (2.84109%) nonzeros and 15380 (2.08932%) check nonzeros

presolving (64 rounds: 64 fast, 13 medium, 12 exhaustive):
 427 deleted vars, 343 deleted constraints, 61 added constraints, 218 tightened bounds, 0 added holes, 72 changed sides, 91 changed coefficients
 497 implications, 6 cliques
presolved problem has 961 variables (387 bin, 96 int, 0 impl, 478 cont) and 766 constraints
    361 constraints of type <varbound>
     19 constraints of type <knapsack>
      2 constraints of type <setppc>
    384 constraints of type <linear>
Presolving Time: 0.19
transformed 1/1 original solutions to the transformed problem space

 time | node  | left  |LP iter|LP it/n|mem/heur|mdpt |vars |cons |rows |cuts |sepa|confs|strbr|  dualbound   | primalbound  |  gap   | compl. 
  0.2s|     1 |     0 |  1073 |     - |    20M |   0 | 961 | 766 | 766 |   0 |  0 |   0 |   0 | 7.579622e+06 | 7.580813e+06 |   0.02%| unknown
  0.2s|     1 |     0 |  1073 |     - |    20M |   0 | 961 | 766 | 766 |   0 |  0 |   0 |   0 | 7.579622e+06 | 7.580813e+06 |   0.02%| unknown
  0.2s|     1 |     0 |  1073 |     - |    20M |   0 | 961 | 766 | 747 |   0 |  0 |   0 |   0 | 7.579622e+06 | 7.580813e+06 |   0.02%| unknown
  0.2s|     1 |     0 |  1073 |     - |    20M |   0 | 961 | 745 | 756 |   0 |  1 |   0 |   0 | 7.579622e+06 | 7.580813e+06 |   0.02%| unknown
_____________________________________
Now starting branching with general disjunction
Current branching Node number: 1
Relpscost reduced domain, skip general disjunction branching
  0.3s|     1 |     0 |  1076 |     - |    27M |   0 | 961 | 780 | 792 |   0 |  2 |   0 |  29 | 7.579698e+06 | 7.580813e+06 |   0.01%| unknown
  0.3s|     1 |     0 |  1076 |     - |    27M |   0 | 961 | 780 | 783 |   0 |  2 |   0 |  29 | 7.579698e+06 | 7.580813e+06 |   0.01%| unknown
  0.3s|     1 |     0 |  1076 |     - |    39M |   0 | 961 | 828 | 831 |   0 |  3 |   0 |  29 | 7.579698e+06 | 7.580813e+06 |   0.01%| unknown
_____________________________________
Now starting branching with general disjunction
Current branching Node number: 1
Relpscost reduced domain, skip general disjunction branching
  0.4s|     1 |     0 |  1078 |     - |    48M |   0 | 961 | 876 | 881 |   0 |  4 |   0 |  47 | 7.579732e+06 | 7.580813e+06 |   0.01%| unknown
_____________________________________
Now starting branching with general disjunction
Current branching Node number: 1
Relpscost reduced domain, skip general disjunction branching
  0.6s|     1 |     0 |  1080 |     - |    73M |   0 | 961 |1015 |1021 |   0 |  5 |   0 |  64 | 7.579732e+06 | 7.580813e+06 |   0.01%| unknown
_____________________________________
Now starting branching with general disjunction
Current branching Node number: 1
LP objective value: 7.57971e+06
Node lower bound: 7.57973e+06
Node upper bound: 7.58081e+06
gap to the primal bound: 0.000142622
Preck submodel is infeasible, continue branching
Time limit exceeded (1599.94s), stopping submodel solve loop
General disjunction: No feasible solution found, use SCIP default branching rule
 1601s|     1 |     2 |  1080 |     - |    73M |   0 | 961 |1015 |1021 |   0 |  6 |   0 |  65 | 7.579732e+06 | 7.580813e+06 |   0.01%| unknown
_____________________________________
Now starting branching with general disjunction
Current branching Node number: 2
LP objective value: 7.57973e+06
Node lower bound: 7.57976e+06
Node upper bound: 7.58081e+06
gap to the primal bound: 0.000142622
Preck submodel is infeasible, continue branching
Time limit exceeded (1129.34s), stopping submodel solve loop
General disjunction: No feasible solution found, use SCIP default branching rule
_____________________________________
Now starting branching with general disjunction
Current branching Node number: 5
LP objective value: 7.57984e+06
Node lower bound: 7.57985e+06
Node upper bound: 7.58081e+06
gap to the primal bound: 0.000142622
Preck submodel is infeasible, continue branching
Time limit exceeded (1076.57s), stopping submodel solve loop
General disjunction: Both Children are added
_____________________________________
Now starting branching with general disjunction
Current branching Node number: 6
Relpscost reduced domain, skip general disjunction branching
_____________________________________
Now starting branching with general disjunction
Current branching Node number: 6
LP objective value: 7.5799e+06
Node lower bound: 7.5799e+06
Node upper bound: 7.58081e+06
gap to the primal bound: 0.000142622
Preck submodel is infeasible, continue branching
Time limit exceeded (1124.87s), stopping submodel solve loop
General disjunction: No feasible solution found, use SCIP default branching rule
_____________________________________
Now starting branching with general disjunction
Current branching Node number: 8
Relpscost reduced domain, skip general disjunction branching
_____________________________________
Now starting branching with general disjunction
Current branching Node number: 8
LP objective value: 7.57993e+06
Node lower bound: 7.58001e+06
Node upper bound: 7.58081e+06
gap to the primal bound: 0.000142622
Preck submodel is infeasible, continue branching
Time limit exceeded (1350.52s), stopping submodel solve loop
General disjunction: No feasible solution found, use SCIP default branching rule
_____________________________________
Now starting branching with general disjunction
Current branching Node number: 8
Relpscost reduced domain, skip general disjunction branching
_____________________________________
Now starting branching with general disjunction
Current branching Node number: 8
Relpscost reduced domain, skip general disjunction branching
_____________________________________
Now starting branching with general disjunction
Current branching Node number: 8
LP objective value: 7.58002e+06
Node lower bound: 7.58002e+06
Node upper bound: 7.58081e+06
gap to the primal bound: 0.000142622
Preck submodel is infeasible, continue branching
Time limit exceeded (1032.05s), stopping submodel solve loop
General disjunction: Both Children are added
_____________________________________
Now starting branching with general disjunction
Current branching Node number: 4
LP objective value: 7.57975e+06
Node lower bound: 7.57976e+06
Node upper bound: 7.58081e+06
gap to the primal bound: 0.000142622
Preck submodel is infeasible, continue branching
Time limit exceeded (1068.41s), stopping submodel solve loop
General disjunction: No feasible solution found, use SCIP default branching rule
_____________________________________
Now starting branching with general disjunction
Current branching Node number: 12
Relpscost reduced domain, skip general disjunction branching
_____________________________________
Now starting branching with general disjunction
Current branching Node number: 12
LP objective value: 7.57984e+06
Node lower bound: 7.57995e+06
Node upper bound: 7.58081e+06
gap to the primal bound: 0.000142622
Preck submodel is infeasible, continue branching
Time limit exceeded (1551.31s), stopping submodel solve loop
General disjunction: No feasible solution found, use SCIP default branching rule
_____________________________________
Now starting branching with general disjunction
Current branching Node number: 7
LP objective value: 7.57987e+06
Node lower bound: 7.57988e+06
Node upper bound: 7.58081e+06
gap to the primal bound: 0.000142622
Preck submodel is infeasible, continue branching
Time limit exceeded (1033.18s), stopping submodel solve loop
General disjunction: Both Children are added
_____________________________________
Now starting branching with general disjunction
Current branching Node number: 16
LP objective value: 7.57997e+06
Node lower bound: 7.5801e+06
Node upper bound: 7.58081e+06
gap to the primal bound: 0.000142622
Preck submodel is infeasible, continue branching
Time limit exceeded (1242.86s), stopping submodel solve loop
General disjunction: No feasible solution found, use SCIP default branching rule
_____________________________________
Now starting branching with general disjunction
Current branching Node number: 16
LP objective value: 7.57997e+06
Node lower bound: 7.5801e+06
Node upper bound: 7.58081e+06
gap to the primal bound: 0.000142622
Preck submodel is infeasible, continue branching
Time limit exceeded (1036.8s), stopping submodel solve loop
General disjunction: No feasible solution found, use SCIP default branching rule
_____________________________________
Now starting branching with general disjunction
Current branching Node number: 17
LP objective value: 7.57987e+06
Node lower bound: 7.57988e+06
Node upper bound: 7.58081e+06
gap to the primal bound: 0.000142622
Preck submodel is infeasible, continue branching
Time limit exceeded (1048.94s), stopping submodel solve loop
General disjunction: No feasible solution found, use SCIP default branching rule
_____________________________________
Now starting branching with general disjunction
Current branching Node number: 20
Relpscost reduced domain, skip general disjunction branching
_____________________________________
Now starting branching with general disjunction
Current branching Node number: 20
LP objective value: 7.5799e+06
Node lower bound: 7.5799e+06
Node upper bound: 7.58081e+06
gap to the primal bound: 0.000142622
Preck submodel is infeasible, continue branching
Time limit exceeded (1023.04s), stopping submodel solve loop
General disjunction: Both Children are added
_____________________________________
Now starting branching with general disjunction
Current branching Node number: 23
LP objective value: 7.58033e+06
Node lower bound: 7.58034e+06
Node upper bound: 7.58081e+06
gap to the primal bound: 0.000142622
Preck submodel is infeasible, continue branching
Time limit exceeded (1037.59s), stopping submodel solve loop
General disjunction: Both Children are added
_____________________________________
Now starting branching with general disjunction
Current branching Node number: 15
LP objective value: 7.57995e+06
Node lower bound: 7.57995e+06
Node upper bound: 7.58081e+06
gap to the primal bound: 0.000142622
Preck submodel is infeasible, continue branching
Time limit exceeded (1175.5s), stopping submodel solve loop
General disjunction: No feasible solution found, use SCIP default branching rule
_____________________________________
Now starting branching with general disjunction
Current branching Node number: 22
LP objective value: 7.57996e+06
Node lower bound: 7.57999e+06
Node upper bound: 7.58081e+06
gap to the primal bound: 0.000142622
Preck submodel is infeasible, continue branching
Time limit exceeded (1099.48s), stopping submodel solve loop
General disjunction: No feasible solution found, use SCIP default branching rule
_____________________________________
Now starting branching with general disjunction
Current branching Node number: 26
LP objective value: 7.57998e+06
Node lower bound: 7.57999e+06
Node upper bound: 7.58081e+06
gap to the primal bound: 0.000142622
Preck submodel is infeasible, continue branching
Time limit exceeded (1011.62s), stopping submodel solve loop
General disjunction: No feasible solution found, use SCIP default branching rule
_____________________________________
Now starting branching with general disjunction
Current branching Node number: 31
LP objective value: 7.57999e+06
Node lower bound: 7.58002e+06
Node upper bound: 7.58081e+06
gap to the primal bound: 0.000142622
Preck submodel is infeasible, continue branching
Time limit exceeded (1034.75s), stopping submodel solve loop
General disjunction: No feasible solution found, use SCIP default branching rule
_____________________________________
Now starting branching with general disjunction
Current branching Node number: 33
LP objective value: 7.58004e+06
Node lower bound: 7.58005e+06
Node upper bound: 7.58081e+06
gap to the primal bound: 0.000142622
Preck submodel is infeasible, continue branching
Time limit exceeded (1080.71s), stopping submodel solve loop
General disjunction: Both Children are added
_____________________________________
Now starting branching with general disjunction
Current branching Node number: 35
LP objective value: 7.58005e+06
Node lower bound: 7.58007e+06
Node upper bound: 7.58081e+06
gap to the primal bound: 0.000142622
Preck submodel is infeasible, continue branching
Time limit exceeded (1374.88s), stopping submodel solve loop
General disjunction: No feasible solution found, use SCIP default branching rule
_____________________________________
Now starting branching with general disjunction
Current branching Node number: 27
Relpscost reduced domain, skip general disjunction branching
_____________________________________
Now starting branching with general disjunction
Current branching Node number: 27
LP objective value: 7.58001e+06
Node lower bound: 7.58001e+06
Node upper bound: 7.58081e+06
gap to the primal bound: 0.000142622
Preck submodel is infeasible, continue branching
Time limit exceeded (1000.08s), stopping submodel solve loop
General disjunction: No feasible solution found, use SCIP default branching rule
_____________________________________
Now starting branching with general disjunction
Current branching Node number: 39
LP objective value: 7.58002e+06
Node lower bound: 7.58002e+06
Node upper bound: 7.58081e+06
gap to the primal bound: 0.000142622
Preck submodel is infeasible, continue branching
Time limit exceeded (1627.03s), stopping submodel solve loop
General disjunction: No feasible solution found, use SCIP default branching rule
_____________________________________
Now starting branching with general disjunction
Current branching Node number: 3
Relpscost reduced domain, skip general disjunction branching
_____________________________________
Now starting branching with general disjunction
Current branching Node number: 3
LP objective value: 7.57996e+06
Node lower bound: 7.57996e+06
Node upper bound: 7.58081e+06
gap to the primal bound: 0.000122864
Preck submodel is infeasible, continue branching
Time limit exceeded (1229.41s), stopping submodel solve loop
General disjunction: Both Children are added
_____________________________________
Now starting branching with general disjunction
Current branching Node number: 36
LP objective value: 7.58007e+06
Node lower bound: 7.58007e+06
Node upper bound: 7.58081e+06
gap to the primal bound: 0.000122864
Preck submodel is infeasible, continue branching
Time limit exceeded (1034.16s), stopping submodel solve loop
General disjunction: No feasible solution found, use SCIP default branching rule
_____________________________________
Now starting branching with general disjunction
Current branching Node number: 30
LP objective value: 7.58007e+06
Node lower bound: 7.58017e+06
Node upper bound: 7.58081e+06
gap to the primal bound: 0.000122864
Preck submodel is infeasible, continue branching
Time limit exceeded (1223.63s), stopping submodel solve loop
General disjunction: Both Children are added
_____________________________________
Now starting branching with general disjunction
Current branching Node number: 44
LP objective value: 7.58007e+06
Node lower bound: 7.58008e+06
Node upper bound: 7.58081e+06
gap to the primal bound: 0.000122864
Preck submodel is infeasible, continue branching
Time limit exceeded (1067.46s), stopping submodel solve loop
General disjunction: No feasible solution found, use SCIP default branching rule
_____________________________________
Now starting branching with general disjunction
Current branching Node number: 48
LP objective value: 7.58007e+06
Node lower bound: 7.58008e+06
Node upper bound: 7.58081e+06
gap to the primal bound: 0.000122864
Preck submodel is infeasible, continue branching
Time limit exceeded (1002.7s), stopping submodel solve loop
General disjunction: No feasible solution found, use SCIP default branching rule
_____________________________________
Now starting branching with general disjunction
Current branching Node number: 51
LP objective value: 7.58007e+06
Node lower bound: 7.58008e+06
Node upper bound: 7.58081e+06
gap to the primal bound: 0.000122864
Preck submodel is infeasible, continue branching
Time limit exceeded (1048.19s), stopping submodel solve loop
General disjunction: No feasible solution found, use SCIP default branching rule
_____________________________________
Now starting branching with general disjunction
Current branching Node number: 53
Relpscost reduced domain, skip general disjunction branching
_____________________________________
Now starting branching with general disjunction
Current branching Node number: 53
LP objective value: 7.5802e+06
Node lower bound: 7.5802e+06
Node upper bound: 7.58081e+06
gap to the primal bound: 0.000122864
Preck submodel is infeasible, continue branching
Time limit exceeded (1237.35s), stopping submodel solve loop
General disjunction: No feasible solution found, use SCIP default branching rule
_____________________________________
Now starting branching with general disjunction
Current branching Node number: 52
LP objective value: 7.58009e+06
Node lower bound: 7.58013e+06
Node upper bound: 7.58081e+06
gap to the primal bound: 0.000122864
Preck submodel is infeasible, continue branching
Time limit exceeded (1365.59s), stopping submodel solve loop
General disjunction: No feasible solution found, use SCIP default branching rule
_____________________________________
Now starting branching with general disjunction
Current branching Node number: 52
Relpscost reduced domain, skip general disjunction branching
_____________________________________
Now starting branching with general disjunction
Current branching Node number: 52
Relpscost reduced domain, skip general disjunction branching
_____________________________________
Now starting branching with general disjunction
Current branching Node number: 52
LP objective value: 7.58009e+06
Node lower bound: 7.58013e+06
Node upper bound: 7.58081e+06
gap to the primal bound: 0.000122864
Preck submodel is infeasible, continue branching
Time limit exceeded (1344.46s), stopping submodel solve loop
General disjunction: Both Children are added
_____________________________________
Now starting branching with general disjunction
Current branching Node number: 56
LP objective value: 7.58019e+06
Node lower bound: 7.58021e+06
Node upper bound: 7.58081e+06
gap to the primal bound: 0.000122864
Preck submodel is infeasible, continue branching
Time limit exceeded (1755.85s), stopping submodel solve loop
General disjunction: No feasible solution found, use SCIP default branching rule
_____________________________________
Now starting branching with general disjunction
Current branching Node number: 41
Relpscost reduced domain, skip general disjunction branching
_____________________________________
Now starting branching with general disjunction
Current branching Node number: 41
Relpscost reduced domain, skip general disjunction branching
_____________________________________
Now starting branching with general disjunction
Current branching Node number: 41
LP objective value: 7.58006e+06
Node lower bound: 7.58006e+06
Node upper bound: 7.58081e+06
gap to the primal bound: 0.000122864
Preck submodel is infeasible, continue branching
Time limit exceeded (1057.98s), stopping submodel solve loop
General disjunction: Both Children are added
_____________________________________
Now starting branching with general disjunction
Current branching Node number: 60
LP objective value: 7.58023e+06
Node lower bound: 7.58032e+06
Node upper bound: 7.58081e+06
gap to the primal bound: 0.000122864
Preck submodel is infeasible, continue branching
Time limit exceeded (1051.46s), stopping submodel solve loop
General disjunction: No feasible solution found, use SCIP default branching rule
_____________________________________
Now starting branching with general disjunction
Current branching Node number: 60
LP objective value: 7.58023e+06
Node lower bound: 7.58032e+06
Node upper bound: 7.58081e+06
gap to the primal bound: 0.000122864
Preck submodel is infeasible, continue branching
Time limit exceeded (1278.17s), stopping submodel solve loop
General disjunction: No feasible solution found, use SCIP default branching rule
_____________________________________
Now starting branching with general disjunction
Current branching Node number: 63
LP objective value: 7.58067e+06
Node lower bound: 7.58067e+06
Node upper bound: 7.58081e+06
gap to the primal bound: 0.000122864
Preck submodel is infeasible, continue branching
Time limit exceeded (1001.4s), stopping submodel solve loop
General disjunction: No feasible solution found, use SCIP default branching rule
_____________________________________
Now starting branching with general disjunction
Current branching Node number: 65
Relpscost reduced domain, skip general disjunction branching
_____________________________________
Now starting branching with general disjunction
Current branching Node number: 65
LP objective value: 7.5807e+06
Node lower bound: 7.5807e+06
Node upper bound: 7.58081e+06
gap to the primal bound: 0.000122864
Preck submodel is infeasible, continue branching
Time limit exceeded (1016.74s), stopping submodel solve loop
General disjunction: Both Children are added
_____________________________________
Now starting branching with general disjunction
Current branching Node number: 66
Relpscost reduced domain, skip general disjunction branching
_____________________________________
Now starting branching with general disjunction
Current branching Node number: 66
LP objective value: 7.58071e+06
Node lower bound: 7.58071e+06
Node upper bound: 7.58081e+06
gap to the primal bound: 0.000122864
Preck submodel is infeasible, continue branching
Time limit exceeded (1016.84s), stopping submodel solve loop
General disjunction: No feasible solution found, use SCIP default branching rule
_____________________________________
Now starting branching with general disjunction
Current branching Node number: 69
LP objective value: 7.58071e+06
Node lower bound: 7.58071e+06
Node upper bound: 7.58081e+06
gap to the primal bound: 0.000122864
Preck submodel is infeasible, continue branching
Time limit exceeded (1330.43s), stopping submodel solve loop
General disjunction: No feasible solution found, use SCIP default branching rule
_____________________________________
Now starting branching with general disjunction
Current branching Node number: 70
Relpscost reduced domain, skip general disjunction branching
_____________________________________
Now starting branching with general disjunction
Current branching Node number: 70
Relpscost reduced domain, skip general disjunction branching
_____________________________________
Now starting branching with general disjunction
Current branching Node number: 70
LP objective value: 7.58076e+06
Node lower bound: 7.58076e+06
Node upper bound: 7.58081e+06
gap to the primal bound: 0.000122864
Preck submodel is infeasible, continue branching
Time limit exceeded (1253.67s), stopping submodel solve loop
General disjunction: No feasible solution found, use SCIP default branching rule
_____________________________________
Now starting branching with general disjunction
Current branching Node number: 72
LP objective value: 7.58077e+06
Node lower bound: 7.58077e+06
Node upper bound: 7.58081e+06
gap to the primal bound: 0.000122864
Preck submodel is infeasible, continue branching
General disjunction: Infeasible disjunction

SCIP Status        : solving was interrupted [gap limit reached]
Solving Time (sec) : 48029.48
Solving Nodes      : 41
Primal Bound       : +7.58081304593363e+06 (1 solutions)
Dual Bound         : +7.57990018782201e+06
Gap                : 0.01 %

primal solution:
================

objective value:                     7580813.04593363
x851                                                1 	(obj:0)
x852                                                1 	(obj:0)
x853                                                1 	(obj:0)
x854                                                1 	(obj:0)
x855                                                1 	(obj:0)
x856                                                1 	(obj:0)
x857                                                1 	(obj:0)
x858                                                1 	(obj:0)
x859                                                1 	(obj:0)
x860                                                1 	(obj:0)
x861                                                1 	(obj:0)
x862                                                1 	(obj:0)
x867                                                1 	(obj:0)
x868                                                1 	(obj:0)
x878                                                1 	(obj:0)
x879                                                1 	(obj:0)
x880                                                1 	(obj:0)
x882                                                1 	(obj:0)
x883                                                1 	(obj:0)
x884                                                1 	(obj:0)
x885                                                1 	(obj:0)
x886                                                1 	(obj:0)
x887                                                1 	(obj:0)
x888                                                1 	(obj:0)
x889                                                1 	(obj:0)
x890                                                1 	(obj:0)
x891                                                1 	(obj:0)
x892                                                1 	(obj:0)
x893                                                1 	(obj:0)
x912                                                1 	(obj:0)
x913                                                1 	(obj:0)
x914                                                1 	(obj:0)
x915                                                1 	(obj:0)
x916                                                1 	(obj:0)
x917                                                1 	(obj:0)
x918                                                1 	(obj:0)
x919                                                1 	(obj:0)
x921                                                1 	(obj:0)
x925                                                1 	(obj:0)
x926                                                1 	(obj:0)
x927                                                1 	(obj:0)
x928                                                1 	(obj:0)
x929                                                1 	(obj:0)
x930                                                1 	(obj:0)
x931                                                1 	(obj:0)
x932                                                1 	(obj:0)
x933                                                1 	(obj:0)
x934                                                1 	(obj:0)
x951                                 1.00000000000783 	(obj:0)
x952                                                1 	(obj:0)
x955                                                1 	(obj:0)
x956                                                1 	(obj:0)
x957                                0.999999999744452 	(obj:0)
x958                                                1 	(obj:0)
x959                                                1 	(obj:0)
x960                                                1 	(obj:0)
x961                                                1 	(obj:0)
x962                                                1 	(obj:0)
x963                                                1 	(obj:0)
x965                                                1 	(obj:0)
x967                                                1 	(obj:0)
x968                                                1 	(obj:0)
x969                                                1 	(obj:0)
x990                                                1 	(obj:0)
x993                                                1 	(obj:0)
x994                                                1 	(obj:0)
x995                                0.999999999989504 	(obj:0)
x996                                                1 	(obj:0)
x998                                0.999999999998512 	(obj:0)
x999                                                1 	(obj:0)
x1000                                               1 	(obj:0)
x1001                                               1 	(obj:0)
x1002                                               1 	(obj:0)
x1003                                               1 	(obj:0)
x1005                                               1 	(obj:0)
x1006                                               1 	(obj:0)
x1007                                               1 	(obj:0)
x1028                                               1 	(obj:0)
x1029                                               1 	(obj:0)
x1030                                               1 	(obj:0)
x1031                                               1 	(obj:0)
x1032                                               1 	(obj:0)
x1034                                               1 	(obj:0)
x1043                                               1 	(obj:0)
x1063                                               1 	(obj:0)
x1085                                               1 	(obj:0)
x1089                                               1 	(obj:0)
x1090                                               1 	(obj:0)
x1091                                               1 	(obj:0)
x1094                                               1 	(obj:0)
x1095                                               1 	(obj:0)
x1096                                               1 	(obj:0)
x1097                                               1 	(obj:0)
x1098                                               1 	(obj:0)
x1099                                               1 	(obj:0)
x1100                                               1 	(obj:0)
x1101                                               1 	(obj:0)
x1103                                               1 	(obj:0)
x1107                                               1 	(obj:0)
x1116                                               1 	(obj:0)
x1121                                               1 	(obj:0)
x1122                                               1 	(obj:0)
x1124                                               1 	(obj:0)
x1130                                               1 	(obj:0)
x1131                                               1 	(obj:0)
x1132                                               1 	(obj:0)
x1133                                               1 	(obj:0)
x1134                                               1 	(obj:0)
x1135                                               1 	(obj:0)
x1136                                               1 	(obj:0)
x1137                                               1 	(obj:0)
x1139                                               1 	(obj:0)
x1140                                               1 	(obj:0)
x1141                                               1 	(obj:0)
x1142                                               1 	(obj:0)
x1144                                               1 	(obj:0)
x1146                                               1 	(obj:0)
x1147                                               1 	(obj:0)
x1148                                               1 	(obj:0)
x1161                                               1 	(obj:0)
x1162                                               1 	(obj:0)
x1163                                               1 	(obj:0)
x1165                                               1 	(obj:0)
x1167                                               1 	(obj:0)
x1168                                               1 	(obj:0)
x1169                                               1 	(obj:0)
x1170                                               1 	(obj:0)
x1171                                               1 	(obj:0)
x1172                                               1 	(obj:0)
x1173                                               1 	(obj:0)
x1174                                               1 	(obj:0)
x1175                                               1 	(obj:0)
x1176                                               1 	(obj:0)
x1177                                               1 	(obj:0)
x1178                                               1 	(obj:0)
x1179                                               1 	(obj:0)
x1180                                               1 	(obj:0)
x1181                                               1 	(obj:0)
x1182                                               1 	(obj:0)
x1183                                               1 	(obj:0)
x1184                                               1 	(obj:0)
x1185                                               1 	(obj:0)
x1186                                               1 	(obj:0)
x1244                                               1 	(obj:0)
x1246                                1.00000000014349 	(obj:0)
x1247                                               1 	(obj:0)
x1248                                               1 	(obj:0)
x1249                                               1 	(obj:0)
x1251                                               1 	(obj:0)
x1256                                               1 	(obj:0)
x1257                                               1 	(obj:0)
x1258                                               1 	(obj:0)
x1259                                               1 	(obj:0)
x1260                                               1 	(obj:0)
x1261                                               1 	(obj:0)
x1262                                               1 	(obj:0)
x1263                                               1 	(obj:0)
x1264                                               1 	(obj:0)
x1265                                               1 	(obj:0)
x1266                                               1 	(obj:0)
x1375                                               1 	(obj:0)
x1388                                               1 	(obj:0)
x1360                                               1 	(obj:0)
x1359                                               1 	(obj:0)
x1356                                               2 	(obj:0)
x1345                                               3 	(obj:0)
x1344                                              10 	(obj:0)
x1343                                               3 	(obj:0)
x1341                                               1 	(obj:0)
x1339                                               3 	(obj:0)
x1338                                               1 	(obj:0)
x1335                                               1 	(obj:0)
x1334                                               3 	(obj:0)
x1333                                               3 	(obj:0)
x1332                                               3 	(obj:0)
x1331                                               3 	(obj:0)
x1323                                               1 	(obj:0)
x1321                                               5 	(obj:0)
x1319                                               1 	(obj:0)
x1317                                               1 	(obj:0)
x1313                               0.999999999858189 	(obj:0)
x1303                                               3 	(obj:0)
x1300                                               5 	(obj:0)
x1299                                               6 	(obj:0)
x1297                                               2 	(obj:0)
x1296                                               3 	(obj:0)
x1295                                               2 	(obj:0)
x1293                                               4 	(obj:0)
x1292                                               5 	(obj:0)
x1291                                               2 	(obj:0)
x1290                                               1 	(obj:0)
x1287                                               3 	(obj:0)
x1282                                               3 	(obj:0)
x1275                                1.00000000000642 	(obj:0)
x1267                                1.99999999999358 	(obj:0)
x1362                                               2 	(obj:0)
x850                                 7580813.04593363 	(obj:1)
x1                                                  2 	(obj:0)
x2                                                  2 	(obj:0)
x3                                                  2 	(obj:0)
x4                                                  2 	(obj:0)
x5                                                  4 	(obj:0)
x6                                                  4 	(obj:0)
x7                                                  4 	(obj:0)
x8                                                  4 	(obj:0)
x9                                                  2 	(obj:0)
x10                                                 4 	(obj:0)
x11                                                 4 	(obj:0)
x12                                                 4 	(obj:0)
x13                                               0.5 	(obj:0)
x14                                               0.5 	(obj:0)
x15                                               0.5 	(obj:0)
x16                                               0.5 	(obj:0)
x17                                  1.19968754623358 	(obj:0)
x18                                                 2 	(obj:0)
x19                                               0.5 	(obj:0)
x20                                               0.5 	(obj:0)
x21                                               0.5 	(obj:0)
x22                                               0.5 	(obj:0)
x23                                               0.5 	(obj:0)
x24                                               0.5 	(obj:0)
x25                                               0.5 	(obj:0)
x26                                               0.5 	(obj:0)
x27                                               0.5 	(obj:0)
x28                                  3.23296050817073 	(obj:0)
x29                                  2.07543874622885 	(obj:0)
x30                                  2.20160074560042 	(obj:0)
x31                                               0.5 	(obj:0)
x32                                              14.5 	(obj:0)
x33                                            12.624 	(obj:0)
x34                                               0.5 	(obj:0)
x35                                  5.00000000003057 	(obj:0)
x36                                                 5 	(obj:0)
x37                                                20 	(obj:0)
x38                                                20 	(obj:0)
x39                                  19.9707125697343 	(obj:0)
x40                                 0.865287430235144 	(obj:0)
x41                                                20 	(obj:0)
x42                                                20 	(obj:0)
x43                                                 6 	(obj:0)
x44                                               0.5 	(obj:0)
x45                                               0.5 	(obj:0)
x46                                               0.5 	(obj:0)
x47                                               0.5 	(obj:0)
x48                                               0.5 	(obj:0)
x49                                               0.5 	(obj:0)
x50                                               0.5 	(obj:0)
x51                                               0.5 	(obj:0)
x52                                               0.5 	(obj:0)
x53                                               0.5 	(obj:0)
x54                                               0.5 	(obj:0)
x55                                               0.5 	(obj:0)
x56                                               0.5 	(obj:0)
x57                                               0.5 	(obj:0)
x58                                               0.5 	(obj:0)
x59                                               0.5 	(obj:0)
x60                                               0.5 	(obj:0)
x61                                               0.5 	(obj:0)
x62                                             2.691 	(obj:0)
x63                                               0.5 	(obj:0)
x64                                             2.376 	(obj:0)
x65                                             18.74 	(obj:0)
x66                                                20 	(obj:0)
x67                                                20 	(obj:0)
x68                                                 5 	(obj:0)
x69                                                 5 	(obj:0)
x70                                               0.5 	(obj:0)
x71                                                20 	(obj:0)
x72                                               0.5 	(obj:0)
x73                                               0.5 	(obj:0)
x74                                               0.5 	(obj:0)
x75                                  19.8115665935308 	(obj:0)
x76                                                 8 	(obj:0)
x77                                                22 	(obj:0)
x78                                                22 	(obj:0)
x79                                  9.01429888325681 	(obj:0)
x80                                  4.33274013811059 	(obj:0)
x81                                  9.84368700052903 	(obj:0)
x82                                                10 	(obj:0)
x83                                                10 	(obj:0)
x84                                              5.76 	(obj:0)
x85                                               0.5 	(obj:0)
x86                                               0.5 	(obj:0)
x87                                               0.5 	(obj:0)
x88                                               0.5 	(obj:0)
x89                                               0.5 	(obj:0)
x90                                               0.5 	(obj:0)
x91                                               0.5 	(obj:0)
x92                                               0.5 	(obj:0)
x93                                               0.5 	(obj:0)
x94                                               0.5 	(obj:0)
x95                                               0.5 	(obj:0)
x96                                               0.5 	(obj:0)
x97                                               0.5 	(obj:0)
x98                                               0.5 	(obj:0)
x99                                               0.5 	(obj:0)
x100                                              0.5 	(obj:0)
x101                                 4.57748845779075 	(obj:0)
x102                                 11.8937532866257 	(obj:0)
x103                                              0.5 	(obj:0)
x104                                              0.5 	(obj:0)
x105                                 6.43083176075745 	(obj:0)
x106                                 1.02248256617227 	(obj:0)
x107                                 2.39521862254691 	(obj:0)
x108                                 3.60158322686642 	(obj:0)
x109                                 7.79469644693153 	(obj:0)
x110                                 10.1048003809313 	(obj:0)
x111                                               20 	(obj:0)
x112                                 13.7040851299893 	(obj:0)
x113                                 7.16849348260991 	(obj:0)
x114                                              0.5 	(obj:0)
x115                                  4.7807600263535 	(obj:0)
x116                                              0.5 	(obj:0)
x117                                 3.29855283839129 	(obj:0)
x118                                0.763639819190587 	(obj:0)
x119                                 2.46361395496697 	(obj:0)
x120                                              0.5 	(obj:0)
x121                                              0.5 	(obj:0)
x122                                              0.5 	(obj:0)
x123                                              0.5 	(obj:0)
x124                                              0.5 	(obj:0)
x125                                              0.5 	(obj:0)
x126                                              0.5 	(obj:0)
x127                                              0.5 	(obj:0)
x128                                              0.5 	(obj:0)
x129                                              0.5 	(obj:0)
x130                                              0.5 	(obj:0)
x131                                              0.5 	(obj:0)
x132                                              0.5 	(obj:0)
x133                                              0.5 	(obj:0)
x134                                              0.5 	(obj:0)
x135                                              0.5 	(obj:0)
x136                                              0.5 	(obj:0)
x137                                              0.5 	(obj:0)
x138                                              0.5 	(obj:0)
x139                                              0.5 	(obj:0)
x140                                 3.43785763050735 	(obj:0)
x141                                              0.5 	(obj:0)
x142                                              0.5 	(obj:0)
x143                                              0.5 	(obj:0)
x144                                              0.5 	(obj:0)
x145                                 7.20483874360122 	(obj:0)
x146                                 6.27762243196328 	(obj:0)
x147                                              0.5 	(obj:0)
x148                                 3.03643852714761 	(obj:0)
x149                                 2.93043227218656 	(obj:0)
x150                                  2.4912361308618 	(obj:0)
x151                                 6.92896112345981 	(obj:0)
x152                                 4.15699073142017 	(obj:0)
x153                                 6.68743193166493 	(obj:0)
x154                                              0.5 	(obj:0)
x155                                 6.78246570835126 	(obj:0)
x156                                 3.24832177706468 	(obj:0)
x157                                 2.68740299177726 	(obj:0)
x158                                              0.5 	(obj:0)
x159                                              0.5 	(obj:0)
x160                                              0.5 	(obj:0)
x161                                              0.5 	(obj:0)
x162                                              0.5 	(obj:0)
x163                                              0.5 	(obj:0)
x164                                              0.5 	(obj:0)
x165                                              0.5 	(obj:0)
x166                                              0.5 	(obj:0)
x167                                              0.5 	(obj:0)
x168                                              0.5 	(obj:0)
x169                                              0.5 	(obj:0)
x170                                              0.5 	(obj:0)
x171                                              0.5 	(obj:0)
x172                                              0.5 	(obj:0)
x173                                              0.5 	(obj:0)
x174                                              0.5 	(obj:0)
x175                                              0.5 	(obj:0)
x176                                              0.5 	(obj:0)
x177                                              0.5 	(obj:0)
x178                                 10.1884334064692 	(obj:0)
x179                                               22 	(obj:0)
x180                                 16.6691264137282 	(obj:0)
x181                                 13.1904260635885 	(obj:0)
x182                                 20.9857011167432 	(obj:0)
x183                                              0.5 	(obj:0)
x184                                  20.156312999471 	(obj:0)
x185                                              0.5 	(obj:0)
x186                                              0.5 	(obj:0)
x187                                              0.5 	(obj:0)
x188                                              0.5 	(obj:0)
x189                                              0.5 	(obj:0)
x190                                              0.5 	(obj:0)
x191                                              0.5 	(obj:0)
x192                                              0.5 	(obj:0)
x193                                 18.7602821554548 	(obj:0)
x194                                0.779166496598911 	(obj:0)
x195                                0.604344189629358 	(obj:0)
x196                                 1.07874005878413 	(obj:0)
x197                                 1.07472407039597 	(obj:0)
x198                                0.490697881377978 	(obj:0)
x199                                0.506562178889697 	(obj:0)
x200                                0.229082082271706 	(obj:0)
x201                                0.268072780058818 	(obj:0)
x202                                0.800103944092907 	(obj:0)
x203                                0.457604875806826 	(obj:0)
x204                                0.299608149777658 	(obj:0)
x205                                0.367313719568818 	(obj:0)
x206                                0.108691919264225 	(obj:0)
x207                               0.0874975415018798 	(obj:0)
x208                                0.137365796521868 	(obj:0)
x209                                0.855435363822792 	(obj:0)
x210                                0.130732752636149 	(obj:0)
x211                                 0.60679091870822 	(obj:0)
x212                                0.291714644950324 	(obj:0)
x213                                                2 	(obj:0)
x214                                              0.5 	(obj:0)
x215                                              0.5 	(obj:0)
x216                                              0.5 	(obj:0)
x217                                              0.5 	(obj:0)
x218                                              0.5 	(obj:0)
x219                                              0.5 	(obj:0)
x220                                              0.5 	(obj:0)
x221                                              0.5 	(obj:0)
x222                                              0.5 	(obj:0)
x223                                              0.5 	(obj:0)
x224                                              0.5 	(obj:0)
x225                                              0.5 	(obj:0)
x226                                              0.5 	(obj:0)
x227                                              0.5 	(obj:0)
x228                                              0.5 	(obj:0)
x229                                              0.5 	(obj:0)
x230                                              0.5 	(obj:0)
x231                                              0.5 	(obj:0)
x232                                              0.5 	(obj:0)
x233                                              0.5 	(obj:0)
x234                                              0.5 	(obj:0)
x235                                             3.46 	(obj:0)
x236                                              0.5 	(obj:0)
x237                                              0.5 	(obj:0)
x238                                              0.5 	(obj:0)
x239                                                4 	(obj:0)
x240                                             4.25 	(obj:0)
x241                                             4.25 	(obj:0)
x242                                              0.5 	(obj:0)
x243                                              0.5 	(obj:0)
x244                                 2.94621744089838 	(obj:0)
x245                                 2.63216417930319 	(obj:0)
x246                                 2.99999999987047 	(obj:0)
x247                                                3 	(obj:0)
x248                                             4.25 	(obj:0)
x249                                 2.99999999957652 	(obj:0)
x250                                  2.5729732226173 	(obj:0)
x251                                 2.46864515773414 	(obj:0)
x252                                              0.5 	(obj:0)
x253                                             4.25 	(obj:0)
x254                                              0.5 	(obj:0)
x255                                              0.5 	(obj:0)
x256                                              0.5 	(obj:0)
x257                                 2.32894319901086 	(obj:0)
x258                                              0.5 	(obj:0)
x259                                              0.5 	(obj:0)
x260                                              0.5 	(obj:0)
x261                                0.499999999916588 	(obj:0)
x262                                              0.5 	(obj:0)
x263                                              0.5 	(obj:0)
x264                                              0.5 	(obj:0)
x265                                              0.5 	(obj:0)
x266                                              0.5 	(obj:0)
x267                                              0.5 	(obj:0)
x268                                              0.5 	(obj:0)
x269                                              0.5 	(obj:0)
x270                                              0.5 	(obj:0)
x271                                 3.19838203783149 	(obj:0)
x272                                              0.5 	(obj:0)
x273                                              0.5 	(obj:0)
x274                                 4.94448723792243 	(obj:0)
x275                                              0.5 	(obj:0)
x276                                              0.5 	(obj:0)
x277                                              0.5 	(obj:0)
x278                                              0.5 	(obj:0)
x279                                              0.5 	(obj:0)
x280                                 7.91194778528839 	(obj:0)
x281                                 7.92512491803233 	(obj:0)
x282                                 6.74224202748925 	(obj:0)
x283                                 6.79573516524686 	(obj:0)
x284                                              0.5 	(obj:0)
x285                                 8.44941462223916 	(obj:0)
x286                                               20 	(obj:0)
x287                                 17.2586274679998 	(obj:0)
x288                                0.500000000853378 	(obj:0)
x289                                 1.31250611283607 	(obj:0)
x290                                 1.12089063928757 	(obj:0)
x291                                0.727799645515382 	(obj:0)
x292                                 18.7381119594065 	(obj:0)
x293                                              0.5 	(obj:0)
x294                                 19.7394031948972 	(obj:0)
x295                                              0.5 	(obj:0)
x296                                               20 	(obj:0)
x297                                 19.3457005928522 	(obj:0)
x298                                 15.7211788717422 	(obj:0)
x299                                              0.5 	(obj:0)
x300                                              0.5 	(obj:0)
x301                                              0.5 	(obj:0)
x302                                              0.5 	(obj:0)
x303                                              0.5 	(obj:0)
x304                                              0.5 	(obj:0)
x305                                              0.5 	(obj:0)
x306                                              0.5 	(obj:0)
x307                                              0.5 	(obj:0)
x308                                              0.5 	(obj:0)
x309                                              0.5 	(obj:0)
x310                                              0.5 	(obj:0)
x311                                 1.58846135979331 	(obj:0)
x312                                 1.65637383319676 	(obj:0)
x313                                 4.60566642668677 	(obj:0)
x314                                              0.5 	(obj:0)
x315                                 4.48632584457047 	(obj:0)
x316                                              0.5 	(obj:0)
x317                                 7.15817331801239 	(obj:0)
x318                                 2.74983554245293 	(obj:0)
x319                                                3 	(obj:0)
x320                                 1.29430363399434 	(obj:0)
x321                                 1.25955894006246 	(obj:0)
x322                                                3 	(obj:0)
x323                                                3 	(obj:0)
x324                                                3 	(obj:0)
x325                                                3 	(obj:0)
x326                                 2.56678256281824 	(obj:0)
x327                                                3 	(obj:0)
x328                                                3 	(obj:0)
x329                                                3 	(obj:0)
x330                                                3 	(obj:0)
x331                                                3 	(obj:0)
x332                                                3 	(obj:0)
x333                                 1.35531846650215 	(obj:0)
x334                                                3 	(obj:0)
x335                                                3 	(obj:0)
x336                                                3 	(obj:0)
x337                                              0.5 	(obj:0)
x338                                              0.5 	(obj:0)
x339                                              0.5 	(obj:0)
x340                                              0.5 	(obj:0)
x341                                              0.5 	(obj:0)
x342                                              0.5 	(obj:0)
x343                                              0.5 	(obj:0)
x344                                              0.5 	(obj:0)
x345                                              0.5 	(obj:0)
x346                                              0.5 	(obj:0)
x347                                              0.5 	(obj:0)
x348                                              0.5 	(obj:0)
x349                                              0.5 	(obj:0)
x350                                              0.5 	(obj:0)
x351                                              0.5 	(obj:0)
x352                                              0.5 	(obj:0)
x353                                              0.5 	(obj:0)
x354                                              0.5 	(obj:0)
x355                                 0.49999999971156 	(obj:0)
x356                                              0.5 	(obj:0)
x357                                              0.5 	(obj:0)
x358                                              0.5 	(obj:0)
x359                                              0.5 	(obj:0)
x360                                              0.5 	(obj:0)
x361                                              0.5 	(obj:0)
x362                                              0.5 	(obj:0)
x363                                              0.5 	(obj:0)
x364                                              0.5 	(obj:0)
x365                                              0.5 	(obj:0)
x366                                              0.5 	(obj:0)
x367                                              0.5 	(obj:0)
x368                                              0.5 	(obj:0)
x369                                              0.5 	(obj:0)
x370                                              0.5 	(obj:0)
x371                                              0.5 	(obj:0)
x372                                              0.5 	(obj:0)
x373                                              0.5 	(obj:0)
x374                                              0.5 	(obj:0)
x375                                              0.5 	(obj:0)
x376                                              0.5 	(obj:0)
x377                                              0.5 	(obj:0)
x378                                              0.5 	(obj:0)
x379                                              0.5 	(obj:0)
x380                                              0.5 	(obj:0)
x381                                              0.5 	(obj:0)
x382                                              0.5 	(obj:0)
x383                                              0.5 	(obj:0)
x384                                              0.5 	(obj:0)
x385                                              0.5 	(obj:0)
x386                                              0.5 	(obj:0)
x387                                              0.5 	(obj:0)
x388                                              0.5 	(obj:0)
x389                                              0.5 	(obj:0)
x390                                              0.5 	(obj:0)
x391                                              0.5 	(obj:0)
x392                                              0.5 	(obj:0)
x393                                              0.5 	(obj:0)
x394                                 3.21531186214959 	(obj:0)
x395                                              0.5 	(obj:0)
x396                                 3.32213620591519 	(obj:0)
x397                                 3.84615384615385 	(obj:0)
x398                                 3.12754409622432 	(obj:0)
x399                                 5.16008239194676 	(obj:0)
x400                                              0.5 	(obj:0)
x401                                 3.13877159753854 	(obj:0)
x402                                              0.5 	(obj:0)
x403                                              0.5 	(obj:0)
x404                                              0.5 	(obj:0)
x405                                              0.5 	(obj:0)
x445                                0.764287853298336 	(obj:0)
x446                                0.535367550792386 	(obj:0)
x447                                0.544523337230795 	(obj:0)
x448                                0.277118552185029 	(obj:0)
x449                                0.378911210735311 	(obj:0)
x450                                0.698672254779539 	(obj:0)
x466                                0.173709422903371 	(obj:0)

Statistics
==========

SCIP Status        : solving was interrupted [gap limit reached]
Total Time         :   48029.54
  solving          :   48029.48
  presolving       :       0.19 (included in solving)
  reading          :       0.06
  copying          :       0.00 (0 times copied the problem)
Original Problem   :
  Problem name     : arki001
  Variables        : 1388 (442 binary, 96 integer, 0 implicit integer, 850 continuous)
  Constraints      : 1048 initial, 1048 maximal
  Objective        : minimize, 1 non-zeros (abs.min = 1, abs.max = 1)
Presolved Problem  :
  Problem name     : t_arki001
  Variables        : 961 (387 binary, 96 integer, 0 implicit integer, 478 continuous)
  Constraints      : 766 initial, 1015 maximal
  Objective        : minimize, 1 non-zeros (abs.min = 1, abs.max = 1)
  Nonzeros         : 20914 constraint, 34 clique table
Presolvers         :   ExecTime  SetupTime  Calls  FixedVars   AggrVars   ChgTypes  ChgBounds   AddHoles    DelCons    AddCons   ChgSides   ChgCoefs
  boundshift       :       0.00       0.00      0          0          0          0          0          0          0          0          0          0
  convertinttobin  :       0.00       0.00      0          0          0          0          0          0          0          0          0          0
  domcol           :       0.00       0.00      3         37          0          0          0          0          0          0          0          0
  dualagg          :       0.00       0.00      0          0          0          0          0          0          0          0          0          0
  dualcomp         :       0.00       0.00      3          0          0          0          0          0          0          0          0          0
  dualinfer        :       0.00       0.00      0          0          0          0          0          0          0          0          0          0
  dualsparsify     :       0.00       0.00      1          0          0          0          0          0          0          0          0          0
  gateextraction   :       0.00       0.00      0          0          0          0          0          0          0          0          0          0
  implics          :       0.00       0.00     13          0          0          0          6          0          0          0          0          0
  inttobinary      :       0.00       0.00     64          0          0          0          0          0          0          0          0          0
  qpkktref         :       0.00       0.00      0          0          0          0          0          0          0          0          0          0
  redvub           :       0.00       0.00      0          0          0          0          0          0          0          0          0          0
  sparsify         :       0.01       0.00      1          0          0          0          0          0          0          0          0          0
  stuffing         :       0.00       0.00      0          0          0          0          0          0          0          0          0          0
  trivial          :       0.00       0.00     64        353          0          0          0          0          0          0          0          0
  tworowbnd        :       0.00       0.00      0          0          0          0          0          0          0          0          0          0
  dualfix          :       0.00       0.00     64         19          0          0          0          0          0          0          0          0
  genvbounds       :       0.00       0.00      0          0          0          0          0          0          0          0          0          0
  probing          :       0.05       0.00      2          0          0          0         24          0          0          0          0          0
  pseudoobj        :       0.00       0.00      1          0          0          0          1          0          0          0          0          0
  symmetry         :       0.01       0.00      1          0          0          0          0          0          0          0          0          0
  vbounds          :       0.00       0.00      2          0          0          0          0          0          0          0          0          0
  varbound         :       0.00       0.00     65          0          0          0          0          0          6          0          1         30
  knapsack         :       0.00       0.00     75          0          0          0          0          0          0          0          0          0
  setppc           :       0.00       0.00     75          0          0          0          0          0          0          0          0          0
  linear           :       0.10       0.00     76         18          0          0        187          0        337         61         71         61
  benders          :       0.00       0.00      0          0          0          0          0          0          0          0          0          0
  components       :       0.00       0.00      1          0          0          0          0          0          0          0          0          0
  root node        :          -          -      -         38          -          -        109          -          -          -          -          -
Constraints        :     Number  MaxNumber  #Separate #Propagate    #EnfoLP    #EnfoRelax  #EnfoPS    #Check   #ResProp    Cutoffs    DomReds       Cuts    Applied      Conss   Children
  benderslp        :          0          0          0          0         61          0          0          3          0          0          0          0          0          0          0
  integral         :          0          0          0          0         61          0          0          3          0          1         38          0          0          0         72
  varbound         :        361        361          0        979          0          0          0          1          0          0          4          0          0          0          0
  knapsack         :         19         19          0        979          0          0          0          1          0          0          0          0          0          0          0
  setppc           :          2          2          0        979          0          0          0          1          0          0          0          0          0          0          0
  linear           :        384+       663          0        979          0          0          0          1          0          0         59          0          0          0          0
  benders          :          0          0          0          0          0          0          0          2          0          0          0          0          0          0          0
  fixedvar         :          0          0          0          0          0          0          0          2          0          0          0          0          0          0          0
  countsols        :          0          0          0          0          0          0          0          2          0          0          0          0          0          0          0
  components       :          0          0          0          0          0          0          0          0          0          0          0          0          0          0          0
Constraint Timings :  TotalTime  SetupTime   Separate  Propagate     EnfoLP     EnfoPS     EnfoRelax   Check    ResProp    SB-Prop
  benderslp        :       0.00       0.00       0.00       0.00       0.00       0.00       0.00       0.00       0.00       0.00
  integral         :   48029.03       0.00       0.00       0.00   48029.03       0.00       0.00       0.00       0.00       0.00
  varbound         :       0.00       0.00       0.00       0.00       0.00       0.00       0.00       0.00       0.00       0.00
  knapsack         :       0.00       0.00       0.00       0.00       0.00       0.00       0.00       0.00       0.00       0.00
  setppc           :       0.00       0.00       0.00       0.00       0.00       0.00       0.00       0.00       0.00       0.00
  linear           :       0.11       0.00       0.05       0.06       0.00       0.00       0.00       0.00       0.00       0.00
  benders          :       0.00       0.00       0.00       0.00       0.00       0.00       0.00       0.00       0.00       0.00
  fixedvar         :       0.00       0.00       0.00       0.00       0.00       0.00       0.00       0.00       0.00       0.00
  countsols        :       0.00       0.00       0.00       0.00       0.00       0.00       0.00       0.00       0.00       0.00
  components       :       0.00       0.00       0.00       0.00       0.00       0.00       0.00       0.00       0.00       0.00
Propagators        : #Propagate   #ResProp    Cutoffs    DomReds
  dualfix          :          8          0          0          0
  genvbounds       :          0          0          0          0
  nlobbt           :          0          0          0          0
  obbt             :          0          0          0          0
  probing          :          0          0          0          0
  pseudoobj        :         24          0          0          2
  redcost          :         11          0          0         37
  rootredcost      :          0          0          0          0
  symmetry         :          0          0          0          0
  vbounds          :          4          0          0          0
Propagator Timings :  TotalTime  SetupTime   Presolve  Propagate    ResProp    SB-Prop
  dualfix          :       0.00       0.00       0.00       0.00       0.00       0.00
  genvbounds       :       0.00       0.00       0.00       0.00       0.00       0.00
  nlobbt           :       0.00       0.00       0.00       0.00       0.00       0.00
  obbt             :       0.00       0.00       0.00       0.00       0.00       0.00
  probing          :       0.05       0.00       0.05       0.00       0.00       0.00
  pseudoobj        :       0.00       0.00       0.00       0.00       0.00       0.00
  redcost          :       0.00       0.00       0.00       0.00       0.00       0.00
  rootredcost      :       0.00       0.00       0.00       0.00       0.00       0.00
  symmetry         :       0.01       0.00       0.01       0.00       0.00       0.00
  vbounds          :       0.00       0.00       0.00       0.00       0.00       0.00
Symmetry           :
  orbitopal red.   :          0 reductions applied,          0 cutoffs
  orbital reduction:          0 reductions applied,          0 cutoffs
  lexicographic red:          0 reductions applied,          0 cutoffs
  shadow tree time :       0.00 s
Conflict Analysis  :       Time      Calls    Success    DomReds  Conflicts   Literals    Reconvs ReconvLits   Dualrays   Nonzeros   LP Iters   (pool size: [--,--])
  propagation      :       0.00          0          0          -          0        0.0          0        0.0          -          -          -
  infeasible LP    :       0.00          0          0          -          0        0.0          0        0.0          0        0.0          0
  bound exceed. LP :       0.00          0          0          -          0        0.0          0        0.0          0        0.0          0
  strong branching :       0.00          0          0          -          0        0.0          0        0.0          -          -          0
  pseudo solution  :       0.00          0          0          -          0        0.0          0        0.0          -          -          -
  applied globally :       0.00          -          -          0          0        0.0          -          -          0          -          -
  applied locally  :          -          -          -          0          0        0.0          -          -          0          -          -
Separators         :   ExecTime  SetupTime      Calls  RootCalls    Cutoffs    DomReds  FoundCuts ViaPoolAdd  DirectAdd    Applied ViaPoolApp  DirectApp      Conss
  cut pool         :       0.00          -          0          0          -          -          0          0          -          -          -          -          -    (maximal pool size:          0)
  aggregation      :       0.00       0.00          0          0          0          0          0          0          0          0          0          0          0
  > cmir           :          -          -          -          -          -          -          -          0          0          0          0          0          -
  > flowcover      :          -          -          -          -          -          -          -          0          0          0          0          0          -
  > knapsackcover  :          -          -          -          -          -          -          -          0          0          0          0          0          -
  cgmip            :       0.00       0.00          0          0          0          0          0          0          0          0          0          0          0
  clique           :       0.00       0.00          0          0          0          0          0          0          0          0          0          0          0
  closecuts        :       0.00       0.00          0          0          0          0          0          0          0          0          0          0          0
  convexproj       :       0.00       0.00          0          0          0          0          0          0          0          0          0          0          0
  disjunctive      :       0.00       0.00          0          0          0          0          0          0          0          0          0          0          0
  eccuts           :       0.00       0.00          0          0          0          0          0          0          0          0          0          0          0
  gauge            :       0.00       0.00          0          0          0          0          0          0          0          0          0          0          0
  gomory           :       0.00       0.00          0          0          0          0          0          0          0          0          0          0          0
  > gomorymi       :          -          -          -          -          -          -          -          0          0          0          0          0          -
  > strongcg       :          -          -          -          -          -          -          -          0          0          0          0          0          -
  impliedbounds    :       0.00       0.00          0          0          0          0          0          0          0          0          0          0          0
  interminor       :       0.00       0.00          0          0          0          0          0          0          0          0          0          0          0
  intobj           :       0.00       0.00          0          0          0          0          0          0          0          0          0          0          0
  lagromory        :       0.00       0.00          0          0          0          0          0          0          0          0          0          0          0
  mcf              :       0.00       0.00          0          0          0          0          0          0          0          0          0          0          0
  minor            :       0.00       0.00          0          0          0          0          0          0          0          0          0          0          0
  mixing           :       0.00       0.00          0          0          0          0          0          0          0          0          0          0          0
  oddcycle         :       0.00       0.00          0          0          0          0          0          0          0          0          0          0          0
  rapidlearning    :       0.00       0.00          0          0          0          0          0          0          0          0          0          0          0
  rlt              :       0.00       0.00          0          0          0          0          0          0          0          0          0          0          0
  zerohalf         :       0.00       0.00          0          0          0          0          0          0          0          0          0          0          0
Cutselectors       :   ExecTime  SetupTime      Calls  RootCalls   Selected     Forced   Filtered  RootSelec   RootForc   RootFilt 
  hybrid           :       0.00       0.00          0          0          0          0          0          0          0          0
  ensemble         :       0.00       0.00          0          0          0          0          0          0          0          0
  dynamic          :       0.00       0.00          0          0          0          0          0          0          0          0
Pricers            :   ExecTime  SetupTime      Calls       Vars
  problem variables:       0.00          -          0          0
Branching Rules    :   ExecTime  SetupTime   BranchLP  BranchExt   BranchPS    Cutoffs    DomReds       Cuts      Conss   Children
  allfullstrong    :       0.00       0.00          0          0          0          0          0          0          0          0
  cloud            :       0.00       0.00          0          0          0          0          0          0          0          0
  distribution     :       0.00       0.00          0          0          0          0          0          0          0          0
  fullstrong       :       0.00       0.00          0          0          0          0          0          0          0          0
  general_disjuncti:   48028.90       0.00         61          0          0          1         31          0          0         22
  GeneralDisjunction(extra): subMILPs=792 fairNodes of all MILPs=29964 probingLPs=72
  gomory           :       0.00       0.00          0          0          0          0          0          0          0          0
  inference        :       0.00       0.00          0          0          0          0          0          0          0          0
  leastinf         :       0.00       0.00          0          0          0          0          0          0          0          0
  lookahead        :       0.00       0.00          0          0          0          0          0          0          0          0
  mostinf          :       0.00       0.00          0          0          0          0          0          0          0          0
  multaggr         :       0.00       0.00          0          0          0          0          0          0          0          0
  nodereopt        :       0.00       0.00          0          0          0          0          0          0          0          0
  pscost           :       0.00       0.00          0          0          0          0          0          0          0          0
  random           :       0.00       0.00          0          0          0          0          0          0          0          0
  relpscost        :       0.13       0.00         29          0          0          0          7          0          0         50
  vanillafullstrong:       0.00       0.00          0          0          0          0          0          0          0          0
Primal Heuristics  :   ExecTime  SetupTime      Calls      Found       Best
  LP solutions     :       0.00          -          -          0          0
  relax solutions  :       0.00          -          -          0          0
  pseudo solutions :       0.00          -          -          0          0
  strong branching :       0.00          -          -          0          0
  actconsdiving    :       0.00       0.00          0          0          0
  adaptivediving   :       0.00       0.00          0          0          0
  alns             :       0.00       0.00          0          0          0
  bound            :       0.00       0.00          0          0          0
  clique           :       0.00       0.00          0          0          0
  coefdiving       :       0.00       0.00          0          0          0
  completesol      :       0.00       0.00          0          0          0
  conflictdiving   :       0.00       0.00          0          0          0
  crossover        :       0.00       0.00          0          0          0
  dins             :       0.00       0.00          0          0          0
  distributiondivin:       0.00       0.00          0          0          0
  dps              :       0.00       0.00          0          0          0
  dualval          :       0.00       0.00          0          0          0
  farkasdiving     :       0.00       0.00          0          0          0
  feaspump         :       0.00       0.00          0          0          0
  fixandinfer      :       0.00       0.00          0          0          0
  fracdiving       :       0.00       0.00          0          0          0
  gins             :       0.00       0.00          0          0          0
  guideddiving     :       0.00       0.00          0          0          0
  indicator        :       0.00       0.00          0          0          0
  indicatordiving  :       0.00       0.00          0          0          0
  intdiving        :       0.00       0.00          0          0          0
  intshifting      :       0.00       0.00          0          0          0
  linesearchdiving :       0.00       0.00          0          0          0
  localbranching   :       0.00       0.00          0          0          0
  locks            :       0.00       0.00          0          0          0
  lpface           :       0.00       0.00          0          0          0
  mpec             :       0.00       0.00          0          0          0
  multistart       :       0.00       0.00          0          0          0
  mutation         :       0.00       0.00          0          0          0
  nlpdiving        :       0.00       0.00          0          0          0
  objpscostdiving  :       0.00       0.00          0          0          0
  octane           :       0.00       0.00          0          0          0
  ofins            :       0.00       0.00          0          0          0
  oneopt           :       0.00       0.00          0          0          0
  padm             :       0.00       0.00          0          0          0
  proximity        :       0.00       0.00          0          0          0
  pscostdiving     :       0.00       0.00          0          0          0
  randrounding     :       0.00       0.00          0          0          0
  rens             :       0.00       0.00          0          0          0
  reoptsols        :       0.00       0.00          0          0          0
  repair           :       0.00       0.00          0          0          0
  rins             :       0.00       0.00          0          0          0
  rootsoldiving    :       0.00       0.00          0          0          0
  rounding         :       0.00       0.00          0          0          0
  scheduler        :       0.00       0.00          0          0          0
  shiftandpropagate:       0.00       0.00          0          0          0
  shifting         :       0.00       0.00          0          0          0
  simplerounding   :       0.00       0.00          0          0          0
  subnlp           :       0.00       0.00          0          0          0
  trivial          :       0.00       0.00          0          0          0
  trivialnegation  :       0.00       0.00          0          0          0
  trustregion      :       0.00       0.00          0          0          0
  trysol           :       0.00       0.00          0          0          0
  twoopt           :       0.00       0.00          0          0          0
  undercover       :       0.00       0.00          0          0          0
  vbounds          :       0.00       0.00          0          0          0
  veclendiving     :       0.00       0.00          0          0          0
  zeroobj          :       0.00       0.00          0          0          0
  zirounding       :       0.00       0.00          0          0          0
  other solutions  :          -          -          -          1          -
LNS (Scheduler)    :      Calls  SetupTime  SolveTime SolveNodes       Sols       Best       Exp3    Exp3-IX  EpsGreedy        UCB TgtFixRate  Opt  Inf Node Stal  Sol  Usr Othr Actv
  rens             :          0       0.00       0.00          0          0          0    0.00000    0.12500   -1.00000    1.00000      0.900    0    0    0    0    0    0    0    1
  rins             :          0       0.00       0.00          0          0          0    0.00000    0.12500   -1.00000    1.00000      0.900    0    0    0    0    0    0    0    1
  mutation         :          0       0.00       0.00          0          0          0    0.00000    0.12500   -1.00000    1.00000      0.900    0    0    0    0    0    0    0    1
  localbranching   :          0       0.00       0.00          0          0          0    0.00000    0.12500   -1.00000    1.00000      0.900    0    0    0    0    0    0    0    1
  crossover        :          0       0.00       0.00          0          0          0    0.00000    0.12500   -1.00000    1.00000      0.900    0    0    0    0    0    0    0    1
  proximity        :          0       0.00       0.00          0          0          0    0.00000    0.12500   -1.00000    1.00000      0.900    0    0    0    0    0    0    0    1
  zeroobjective    :          0       0.00       0.00          0          0          0    0.00000    0.12500   -1.00000    1.00000      0.900    0    0    0    0    0    0    0    1
  dins             :          0       0.00       0.00          0          0          0    0.00000    0.12500   -1.00000    1.00000      0.900    0    0    0    0    0    0    0    1
  trustregion      :          0       0.00       0.00          0          0          0    0.00000    0.00000   -1.00000    1.00000      0.900    0    0    0    0    0    0    0    0
LP                 :       Time      Calls Iterations  Iter/call   Iter/sec  Time-0-It Calls-0-It    ItLimit
  primal LP        :       0.00          1          0       0.00          -       0.00          1
  dual LP          :       0.12         70       1237      19.03   10700.23       0.00          5
  lex dual LP      :       0.00          0          0       0.00          -
  barrier LP       :       0.00          0          0       0.00          -       0.00          0
  resolve instable :       0.00          0          0       0.00          -
  diving/probing LP:       0.11         72        187       2.60    1779.07
  strong branching :       0.60        367       2609       7.11    4321.45          -          -         13
    (at root node) :          -         65        545       8.38          -
  conflict analysis:       0.00          0          0       0.00          -
B&B Tree           :
  number of runs   :          1
  nodes            :         41 (36 internal, 5 leaves)
  feasible leaves  :          0
  infeas. leaves   :          1
  objective leaves :          3
  nodes (total)    :         41 (36 internal, 5 leaves)
  nodes left       :         33
  max depth        :         14
  max depth (total):         14
  backtracks       :         12 (29.3%)
  early backtracks :          0 (0.0%)
  nodes exc. ref.  :          0 (0.0%)
  delayed cutoffs  :          0
  repropagations   :          0 (0 domain reductions, 0 cutoffs)
  avg switch length:       3.17
  switching time   :       0.01
Root Node          :
  First LP value   : +7.57962183083634e+06
  First LP Iters   :       1073 (28738.25 Iter/sec)
  First LP Time    :       0.04
  Final Dual Bound : +7.57973200802921e+06
  Final Root Iters :       1080
  Root LP Estimate : +7.57991071149116e+06
Solution           :
  Solutions found  :          1 (1 improvements)
  First Solution   : +7.58081304593363e+06   (in run 0, after 0 nodes, 0.00 seconds, depth -1, found by <initial>)
  Gap First Sol.   :   infinite
  Gap Last Sol.    :   infinite
  Primal Bound     : +7.58081304593363e+06   (in run 0, after 0 nodes, 0.00 seconds, depth -1, found by <initial>)
  Dual Bound       : +7.57990018782201e+06
  Gap              :       0.01 %
Integrals          :      Total       Avg%
  primal-dual      :     664.23       0.01
  primal-ref       :          -          - (not evaluated)
  dual-ref         :          -          - (not evaluated)
