SCIP version 9.2.2 [precision: 8 byte] [memory: block] [mode: optimized] [LP solver: CPLEX 12.10.0.0] [GitHash: 416226a4f8]
Copyright (c) 2002-2025 Zuse Institute Berlin (ZIB)

reading parameter file </scratch/htc/yzhou/exp_scipmip/settings/sandbox_gendj.set>

read problem </scratch/htc/yzhou/qoblib/qoblib-quantum-optimization-benchmarking-library/08-network/models/integer_lp/additional/network11.lp>
============

original problem has 1211 variables (0 bin, 1211 int, 0 impl, 0 cont) and 1342 constraints
   1342 constraints of type <linear>
Reading Time: 0.01

read solution </scratch/htc/yzhou/qoblib/qoblib-quantum-optimization-benchmarking-library/08-network/solutions/network11.bst.sol>
============

unknown variable <#> in line 1 of solution file </scratch/htc/yzhou/qoblib/qoblib-quantum-optimization-benchmarking-library/08-network/solutions/network11.bst.sol>
  (further unknown variables are ignored)
primal solution from solution file </scratch/htc/yzhou/qoblib/qoblib-quantum-optimization-benchmarking-library/08-network/solutions/network11.bst.sol> was accepted as candidate, will be checked when solving starts
original problem has 1211 variables (0 bin, 1211 int, 0 impl, 0 cont) and 1342 constraints
   1342 constraints of type <linear>
Reading Time: 0.03
solve problem
=============
LP Solver <CPLEX 12.10.0.0>: fastmip setting not available -- SCIP parameter has no effect
LP Solver <CPLEX 12.10.0.0>: clock type cannot be set
LP Solver <CPLEX 12.10.0.0>: row representation of the basis not available -- SCIP parameter lp/rowrepswitch has no effect
LP Solver <CPLEX 12.10.0.0>: solution polishing not available -- SCIP parameter lp/solutionpolishing has no effect
LP Solver <CPLEX 12.10.0.0>: refactorization interval not available -- SCIP parameter lp/refactorinterval has no effect
1/1 feasible solution given by solution candidate storage, new primal bound 2.383340e+05

transformed problem has 1211 variables (110 bin, 1101 int, 0 impl, 0 cont) and 1342 constraints
   1342 constraints of type <linear>

original problem has 5720 active (0.351965%) nonzeros and 5720 (0.351965%) check nonzeros

presolving:
(round 1, fast)       0 del vars, 0 del conss, 0 add conss, 1101 chg bounds, 0 chg sides, 0 chg coeffs, 0 upgd conss, 0 impls, 0 clqs
(round 2, fast)       0 del vars, 0 del conss, 0 add conss, 1101 chg bounds, 0 chg sides, 1100 chg coeffs, 0 upgd conss, 0 impls, 0 clqs
(round 3, exhaustive) 0 del vars, 0 del conss, 0 add conss, 1101 chg bounds, 0 chg sides, 1100 chg coeffs, 1100 upgd conss, 0 impls, 0 clqs
   (0.0s) probing: 51/110 (46.4%) - 0 fixings, 0 aggregations, 0 implications, 0 bound changes
   (0.0s) probing aborted: 50/50 successive totally useless probings
   (0.0s) symmetry computation started: requiring (bin +, int +, cont +), (fixed: bin -, int -, cont -)
   (0.0s) no symmetry present (symcode time: 0.00)
clique table cleanup detected 0 bound changes

presolved problem has 5720 active (0.351965%) nonzeros and 5720 (0.351965%) check nonzeros

presolving (4 rounds: 4 fast, 2 medium, 2 exhaustive):
 0 deleted vars, 0 deleted constraints, 0 added constraints, 1101 tightened bounds, 0 added holes, 0 changed sides, 1100 changed coefficients
 1100 implications, 0 cliques
presolved problem has 1211 variables (110 bin, 1101 int, 0 impl, 0 cont) and 1342 constraints
   1100 constraints of type <varbound>
    242 constraints of type <linear>
transformed objective value is always integral (scale: 1)
Presolving Time: 0.04

 time | node  | left  |LP iter|LP it/n|mem/heur|mdpt |vars |cons |rows |cuts |sepa|confs|strbr|  dualbound   | primalbound  |  gap   | compl. 
  0.1s|     1 |     0 |   316 |     - |    14M |   0 |1211 |1342 |1342 |   0 |  0 |   0 |   0 | 3.620000e+04 | 2.383340e+05 | 558.38%| unknown
  0.1s|     1 |     0 |   316 |     - |    14M |   0 |1211 |1342 |1342 |   0 |  0 |   0 |   0 | 3.620000e+04 | 2.383340e+05 | 558.38%| unknown
_____________________________________
Now starting branching with general disjunction
Current branching Node number: 1
LP objective value: 36200
Node lower bound: 40222.2
Node upper bound: 238334
gap to the primal bound: 4.92543
Preck submodel is infeasible, continue branching
General disjunction: No feasible solution found, use SCIP default branching rule
  4.7s|     1 |     2 |   316 |     - |    14M |   0 |1211 |1342 |1342 |   0 |  1 |   0 |  56 | 4.022222e+04 | 2.383340e+05 | 492.54%| unknown
_____________________________________
Now starting branching with general disjunction
Current branching Node number: 3
LP objective value: 43667
Node lower bound: 43667
Node upper bound: 238334
gap to the primal bound: 4.92543
Preck submodel is infeasible, continue branching
General disjunction: No feasible solution found, use SCIP default branching rule
_____________________________________
Now starting branching with general disjunction
Current branching Node number: 4
LP objective value: 43667
Node lower bound: 43667
Node upper bound: 238334
gap to the primal bound: 4.92543
Preck submodel is infeasible, continue branching
General disjunction: No feasible solution found, use SCIP default branching rule
_____________________________________
Now starting branching with general disjunction
Current branching Node number: 6
LP objective value: 43667
Node lower bound: 43667
Node upper bound: 238334
gap to the primal bound: 4.92543
Preck submodel is infeasible, continue branching
General disjunction: No feasible solution found, use SCIP default branching rule
_____________________________________
Now starting branching with general disjunction
Current branching Node number: 8
LP objective value: 43667
Node lower bound: 43667
Node upper bound: 238334
gap to the primal bound: 4.92543
Preck submodel is infeasible, continue branching
General disjunction: No feasible solution found, use SCIP default branching rule
_____________________________________
Now starting branching with general disjunction
Current branching Node number: 11
LP objective value: 43667
Node lower bound: 43667
Node upper bound: 238334
gap to the primal bound: 4.92543
Preck submodel is infeasible, continue branching
General disjunction: No feasible solution found, use SCIP default branching rule
_____________________________________
Now starting branching with general disjunction
Current branching Node number: 12
LP objective value: 43667
Node lower bound: 43667
Node upper bound: 238334
gap to the primal bound: 4.92543
Preck submodel is infeasible, continue branching
General disjunction: No feasible solution found, use SCIP default branching rule
_____________________________________
Now starting branching with general disjunction
Current branching Node number: 14
LP objective value: 43667
Node lower bound: 43667
Node upper bound: 238334
gap to the primal bound: 4.92543
Preck submodel is infeasible, continue branching
General disjunction: No feasible solution found, use SCIP default branching rule
_____________________________________
Now starting branching with general disjunction
Current branching Node number: 17
LP objective value: 43667
Node lower bound: 43667
Node upper bound: 238334
gap to the primal bound: 4.92543
Preck submodel is infeasible, continue branching
General disjunction: No feasible solution found, use SCIP default branching rule
_____________________________________
Now starting branching with general disjunction
Current branching Node number: 18
LP objective value: 43667
Node lower bound: 43667
Node upper bound: 238334
gap to the primal bound: 4.92543
Preck submodel is infeasible, continue branching
General disjunction: No feasible solution found, use SCIP default branching rule
_____________________________________
Now starting branching with general disjunction
Current branching Node number: 20
LP objective value: 43667
Node lower bound: 43667
Node upper bound: 238334
gap to the primal bound: 4.92543
Preck submodel is infeasible, continue branching
General disjunction: No feasible solution found, use SCIP default branching rule
_____________________________________
Now starting branching with general disjunction
Current branching Node number: 23
LP objective value: 43667
Node lower bound: 43667
Node upper bound: 238334
gap to the primal bound: 4.92543
Preck submodel is infeasible, continue branching
General disjunction: No feasible solution found, use SCIP default branching rule
_____________________________________
Now starting branching with general disjunction
Current branching Node number: 25
LP objective value: 43667
Node lower bound: 43667
Node upper bound: 238334
gap to the primal bound: 4.92543
Preck submodel is infeasible, continue branching
General disjunction: No feasible solution found, use SCIP default branching rule
_____________________________________
Now starting branching with general disjunction
Current branching Node number: 27
LP objective value: 43667
Node lower bound: 43667
Node upper bound: 238334
gap to the primal bound: 4.92543
Preck submodel is infeasible, continue branching
General disjunction: No feasible solution found, use SCIP default branching rule
_____________________________________
Now starting branching with general disjunction
Current branching Node number: 28
LP objective value: 43667
Node lower bound: 43667
Node upper bound: 238334
gap to the primal bound: 4.92543
Preck submodel is infeasible, continue branching
General disjunction: No feasible solution found, use SCIP default branching rule
_____________________________________
Now starting branching with general disjunction
Current branching Node number: 2
LP objective value: 40222.2
Node lower bound: 40222.2
Node upper bound: 238334
gap to the primal bound: 4.92543
Preck submodel is infeasible, continue branching
General disjunction: No feasible solution found, use SCIP default branching rule
_____________________________________
Now starting branching with general disjunction
Current branching Node number: 33
LP objective value: 42667
Node lower bound: 42667
Node upper bound: 238334
gap to the primal bound: 4.92543
Preck submodel is infeasible, continue branching
General disjunction: No feasible solution found, use SCIP default branching rule
_____________________________________
Now starting branching with general disjunction
Current branching Node number: 34
LP objective value: 42667
Node lower bound: 42667
Node upper bound: 238334
gap to the primal bound: 4.92543
Preck submodel is infeasible, continue branching
General disjunction: No feasible solution found, use SCIP default branching rule
_____________________________________
Now starting branching with general disjunction
Current branching Node number: 36
LP objective value: 42667
Node lower bound: 42667
Node upper bound: 238334
gap to the primal bound: 4.92543
Preck submodel is infeasible, continue branching
General disjunction: No feasible solution found, use SCIP default branching rule
_____________________________________
Now starting branching with general disjunction
Current branching Node number: 39
LP objective value: 42667
Node lower bound: 42667
Node upper bound: 238334
gap to the primal bound: 4.92543
Preck submodel is infeasible, continue branching
General disjunction: No feasible solution found, use SCIP default branching rule
_____________________________________
Now starting branching with general disjunction
Current branching Node number: 41
LP objective value: 42667
Node lower bound: 42667
Node upper bound: 238334
gap to the primal bound: 4.92543
Preck submodel is infeasible, continue branching
General disjunction: No feasible solution found, use SCIP default branching rule
_____________________________________
Now starting branching with general disjunction
Current branching Node number: 42
LP objective value: 42667
Node lower bound: 42667
Node upper bound: 238334
gap to the primal bound: 4.92543
Preck submodel is infeasible, continue branching
General disjunction: No feasible solution found, use SCIP default branching rule
_____________________________________
Now starting branching with general disjunction
Current branching Node number: 44
LP objective value: 42667
Node lower bound: 42667
Node upper bound: 238334
gap to the primal bound: 4.92543
Preck submodel is infeasible, continue branching
General disjunction: No feasible solution found, use SCIP default branching rule
_____________________________________
Now starting branching with general disjunction
Current branching Node number: 46
LP objective value: 42667
Node lower bound: 42667
Node upper bound: 238334
gap to the primal bound: 4.92543
Preck submodel is infeasible, continue branching
General disjunction: No feasible solution found, use SCIP default branching rule
_____________________________________
Now starting branching with general disjunction
Current branching Node number: 48
LP objective value: 42667
Node lower bound: 42667
Node upper bound: 238334
gap to the primal bound: 4.92543
Preck submodel is infeasible, continue branching
General disjunction: No feasible solution found, use SCIP default branching rule
_____________________________________
Now starting branching with general disjunction
Current branching Node number: 50
LP objective value: 42667
Node lower bound: 42667
Node upper bound: 238334
gap to the primal bound: 4.92543
Preck submodel is infeasible, continue branching
General disjunction: No feasible solution found, use SCIP default branching rule
_____________________________________
Now starting branching with general disjunction
Current branching Node number: 52
LP objective value: 42667
Node lower bound: 42667
Node upper bound: 238334
gap to the primal bound: 4.92543
Preck submodel is infeasible, continue branching
General disjunction: No feasible solution found, use SCIP default branching rule
_____________________________________
Now starting branching with general disjunction
Current branching Node number: 55
LP objective value: 42667
Node lower bound: 42667
Node upper bound: 238334
gap to the primal bound: 4.92543
Preck submodel is infeasible, continue branching
General disjunction: No feasible solution found, use SCIP default branching rule
_____________________________________
Now starting branching with general disjunction
Current branching Node number: 57
LP objective value: 42667
Node lower bound: 42667
Node upper bound: 238334
gap to the primal bound: 4.92543
Preck submodel is infeasible, continue branching
General disjunction: No feasible solution found, use SCIP default branching rule
_____________________________________
Now starting branching with general disjunction
Current branching Node number: 58
LP objective value: 42667
Node lower bound: 42667
Node upper bound: 238334
gap to the primal bound: 4.92543
Preck submodel is infeasible, continue branching
General disjunction: No feasible solution found, use SCIP default branching rule
_____________________________________
Now starting branching with general disjunction
Current branching Node number: 60
LP objective value: 42667
Node lower bound: 42667
Node upper bound: 238334
gap to the primal bound: 4.92543
Preck submodel is infeasible, continue branching
General disjunction: No feasible solution found, use SCIP default branching rule
_____________________________________
Now starting branching with general disjunction
Current branching Node number: 62
LP objective value: 42760
Node lower bound: 42760
Node upper bound: 238334
gap to the primal bound: 4.92543
Preck submodel is infeasible, continue branching
General disjunction: No feasible solution found, use SCIP default branching rule
_____________________________________
Now starting branching with general disjunction
Current branching Node number: 64
LP objective value: 46714.3
Node lower bound: 46714.3
Node upper bound: 238334
gap to the primal bound: 4.92543
Preck submodel is infeasible, continue branching
General disjunction: No feasible solution found, use SCIP default branching rule
_____________________________________
Now starting branching with general disjunction
Current branching Node number: 67
LP objective value: 46714.3
Node lower bound: 46714.3
Node upper bound: 238334
gap to the primal bound: 4.92543
Preck submodel is infeasible, continue branching
General disjunction: No feasible solution found, use SCIP default branching rule
_____________________________________
Now starting branching with general disjunction
Current branching Node number: 66
LP objective value: 46714.3
Node lower bound: 46714.3
Node upper bound: 238334
gap to the primal bound: 4.92543
Preck submodel is infeasible, continue branching
General disjunction: No feasible solution found, use SCIP default branching rule
_____________________________________
Now starting branching with general disjunction
Current branching Node number: 71
LP objective value: 46714.3
Node lower bound: 46714.3
Node upper bound: 238334
gap to the primal bound: 4.92543
Preck submodel is infeasible, continue branching
General disjunction: No feasible solution found, use SCIP default branching rule
_____________________________________
Now starting branching with general disjunction
Current branching Node number: 73
LP objective value: 46714.3
Node lower bound: 46714.3
Node upper bound: 238334
gap to the primal bound: 4.92543
Preck submodel is infeasible, continue branching
General disjunction: No feasible solution found, use SCIP default branching rule
_____________________________________
Now starting branching with general disjunction
Current branching Node number: 61
LP objective value: 43667
Node lower bound: 43667
Node upper bound: 238334
gap to the primal bound: 4.92543
Preck submodel is infeasible, continue branching
General disjunction: No feasible solution found, use SCIP default branching rule
_____________________________________
Now starting branching with general disjunction
Current branching Node number: 76
LP objective value: 43667
Node lower bound: 43667
Node upper bound: 238334
gap to the primal bound: 4.92543
Preck submodel is infeasible, continue branching
General disjunction: No feasible solution found, use SCIP default branching rule
_____________________________________
Now starting branching with general disjunction
Current branching Node number: 78
Relpscost reduced domain, skip general disjunction branching
_____________________________________
Now starting branching with general disjunction
Current branching Node number: 78
LP objective value: 44542
Node lower bound: 44542
Node upper bound: 238334
gap to the primal bound: 4.92543
Preck submodel is infeasible, continue branching
General disjunction: No feasible solution found, use SCIP default branching rule
_____________________________________
Now starting branching with general disjunction
Current branching Node number: 81
LP objective value: 141000
Node lower bound: 141000
Node upper bound: 238334
gap to the primal bound: 4.92543
Preck submodel is infeasible, continue branching
General disjunction: No feasible solution found, use SCIP default branching rule
_____________________________________
Now starting branching with general disjunction
Current branching Node number: 82
LP objective value: 141000
Node lower bound: 141000
Node upper bound: 238334
gap to the primal bound: 4.92543
Preck submodel is infeasible, continue branching
General disjunction: No feasible solution found, use SCIP default branching rule
_____________________________________
Now starting branching with general disjunction
Current branching Node number: 84
LP objective value: 141000
Node lower bound: 141000
Node upper bound: 238334
gap to the primal bound: 4.92543
Preck submodel is infeasible, continue branching
General disjunction: No feasible solution found, use SCIP default branching rule
_____________________________________
Now starting branching with general disjunction
Current branching Node number: 86
LP objective value: 141000
Node lower bound: 141000
Node upper bound: 238334
gap to the primal bound: 4.92543
Preck submodel is infeasible, continue branching
General disjunction: No feasible solution found, use SCIP default branching rule
_____________________________________
Now starting branching with general disjunction
Current branching Node number: 88
LP objective value: 141000
Node lower bound: 141000
Node upper bound: 238334
gap to the primal bound: 4.92543
Preck submodel is infeasible, continue branching
General disjunction: No feasible solution found, use SCIP default branching rule
_____________________________________
Now starting branching with general disjunction
Current branching Node number: 90
LP objective value: 141000
Node lower bound: 141000
Node upper bound: 238334
gap to the primal bound: 4.92543
Preck submodel is infeasible, continue branching
General disjunction: No feasible solution found, use SCIP default branching rule
_____________________________________
Now starting branching with general disjunction
Current branching Node number: 92
LP objective value: 141000
Node lower bound: 141000
Node upper bound: 238334
gap to the primal bound: 4.92543
Preck submodel is infeasible, continue branching
General disjunction: No feasible solution found, use SCIP default branching rule
_____________________________________
Now starting branching with general disjunction
Current branching Node number: 94
LP objective value: 141000
Node lower bound: 141000
Node upper bound: 238334
gap to the primal bound: 4.92543
Preck submodel is infeasible, continue branching
General disjunction: No feasible solution found, use SCIP default branching rule
_____________________________________
Now starting branching with general disjunction
Current branching Node number: 96
LP objective value: 141000
Node lower bound: 141000
Node upper bound: 238334
gap to the primal bound: 4.92543
Preck submodel is infeasible, continue branching
General disjunction: No feasible solution found, use SCIP default branching rule
_____________________________________
Now starting branching with general disjunction
Current branching Node number: 32
LP objective value: 45250
Node lower bound: 45250
Node upper bound: 238334
gap to the primal bound: 4.58591
Preck submodel is infeasible, continue branching
General disjunction: No feasible solution found, use SCIP default branching rule
_____________________________________
Now starting branching with general disjunction
Current branching Node number: 100
LP objective value: 45250
Node lower bound: 45250
Node upper bound: 238334
gap to the primal bound: 4.58591
Preck submodel is infeasible, continue branching
General disjunction: No feasible solution found, use SCIP default branching rule
_____________________________________
Now starting branching with general disjunction
Current branching Node number: 103
LP objective value: 45250
Node lower bound: 45250
Node upper bound: 238334
gap to the primal bound: 4.58591
Preck submodel is infeasible, continue branching
General disjunction: No feasible solution found, use SCIP default branching rule
_____________________________________
Now starting branching with general disjunction
Current branching Node number: 104
LP objective value: 51714.3
Node lower bound: 51714.3
Node upper bound: 238334
gap to the primal bound: 4.58591
Preck submodel is infeasible, continue branching
General disjunction: No feasible solution found, use SCIP default branching rule
_____________________________________
Now starting branching with general disjunction
Current branching Node number: 107
LP objective value: 51714.3
Node lower bound: 51714.3
Node upper bound: 238334
gap to the primal bound: 4.58591
Preck submodel is infeasible, continue branching
General disjunction: No feasible solution found, use SCIP default branching rule
_____________________________________
Now starting branching with general disjunction
Current branching Node number: 109
LP objective value: 51714.3
Node lower bound: 51714.3
Node upper bound: 238334
gap to the primal bound: 4.58591
Preck submodel is infeasible, continue branching
General disjunction: No feasible solution found, use SCIP default branching rule
_____________________________________
Now starting branching with general disjunction
Current branching Node number: 111
LP objective value: 51714.3
Node lower bound: 51714.3
Node upper bound: 238334
gap to the primal bound: 4.58591
Preck submodel is infeasible, continue branching
General disjunction: No feasible solution found, use SCIP default branching rule
_____________________________________
Now starting branching with general disjunction
Current branching Node number: 112
LP objective value: 51714.3
Node lower bound: 51714.3
Node upper bound: 238334
gap to the primal bound: 4.58591
Preck submodel is infeasible, continue branching
Time limit exceeded (1185.15s), stopping submodel solve loop
General disjunction: No feasible solution found, use SCIP default branching rule
_____________________________________
Now starting branching with general disjunction
Current branching Node number: 115
LP objective value: 51714.3
Node lower bound: 51714.3
Node upper bound: 238334
gap to the primal bound: 4.58591
Preck submodel is infeasible, continue branching
Time limit exceeded (1565.57s), stopping submodel solve loop
General disjunction: Both Children are added
_____________________________________
Now starting branching with general disjunction
Current branching Node number: 116
LP objective value: 56667
Node lower bound: 56667
Node upper bound: 238334
gap to the primal bound: 4.58591
Preck submodel is infeasible, continue branching
General disjunction: No feasible solution found, use SCIP default branching rule
_____________________________________
Now starting branching with general disjunction
Current branching Node number: 118
LP objective value: 56667
Node lower bound: 56667
Node upper bound: 238334
gap to the primal bound: 4.58591
Preck submodel is infeasible, continue branching
General disjunction: No feasible solution found, use SCIP default branching rule
_____________________________________
Now starting branching with general disjunction
Current branching Node number: 120
LP objective value: 60333.3
Node lower bound: 60333.3
Node upper bound: 238334
gap to the primal bound: 4.58591
Preck submodel is infeasible, continue branching
General disjunction: No feasible solution found, use SCIP default branching rule
_____________________________________
Now starting branching with general disjunction
Current branching Node number: 122
LP objective value: 72400
Node lower bound: 72400
Node upper bound: 238334
gap to the primal bound: 4.58591
Preck submodel is infeasible, continue branching
General disjunction: No feasible solution found, use SCIP default branching rule
_____________________________________
Now starting branching with general disjunction
Current branching Node number: 124
LP objective value: 72400
Node lower bound: 72400
Node upper bound: 238334
gap to the primal bound: 4.58591
Preck submodel is infeasible, continue branching
General disjunction: No feasible solution found, use SCIP default branching rule
_____________________________________
Now starting branching with general disjunction
Current branching Node number: 126
LP objective value: 72400
Node lower bound: 72400
Node upper bound: 238334
gap to the primal bound: 4.58591
Preck submodel is infeasible, continue branching
General disjunction: No feasible solution found, use SCIP default branching rule
_____________________________________
Now starting branching with general disjunction
Current branching Node number: 128
LP objective value: 72400
Node lower bound: 72400
Node upper bound: 238334
gap to the primal bound: 4.58591
Preck submodel is infeasible, continue branching
General disjunction: No feasible solution found, use SCIP default branching rule
_____________________________________
Now starting branching with general disjunction
Current branching Node number: 130
LP objective value: 72400
Node lower bound: 72400
Node upper bound: 238334
gap to the primal bound: 4.58591
Preck submodel is infeasible, continue branching
General disjunction: No feasible solution found, use SCIP default branching rule
_____________________________________
Now starting branching with general disjunction
Current branching Node number: 132
LP objective value: 72400
Node lower bound: 72400
Node upper bound: 238334
gap to the primal bound: 4.58591
Preck submodel is infeasible, continue branching
General disjunction: No feasible solution found, use SCIP default branching rule
_____________________________________
Now starting branching with general disjunction
Current branching Node number: 105
LP objective value: 45250
Node lower bound: 45250
Node upper bound: 238334
gap to the primal bound: 4.58591
Preck submodel is infeasible, continue branching
General disjunction: No feasible solution found, use SCIP default branching rule
_____________________________________
Now starting branching with general disjunction
Current branching Node number: 136
LP objective value: 45250
Node lower bound: 45250
Node upper bound: 238334
gap to the primal bound: 4.58591
Preck submodel is infeasible, continue branching
General disjunction: No feasible solution found, use SCIP default branching rule
_____________________________________
Now starting branching with general disjunction
Current branching Node number: 138
LP objective value: 45250
Node lower bound: 45250
Node upper bound: 238334
gap to the primal bound: 4.58591
Preck submodel is infeasible, continue branching
General disjunction: No feasible solution found, use SCIP default branching rule
_____________________________________
Now starting branching with general disjunction
Current branching Node number: 140
LP objective value: 45250
Node lower bound: 45250
Node upper bound: 238334
gap to the primal bound: 4.58591
Preck submodel is infeasible, continue branching
General disjunction: No feasible solution found, use SCIP default branching rule
_____________________________________
Now starting branching with general disjunction
Current branching Node number: 143
LP objective value: 45250
Node lower bound: 45250
Node upper bound: 238334
gap to the primal bound: 4.58591
Preck submodel is infeasible, continue branching
General disjunction: No feasible solution found, use SCIP default branching rule
_____________________________________
Now starting branching with general disjunction
Current branching Node number: 144
LP objective value: 45250
Node lower bound: 45250
Node upper bound: 238334
gap to the primal bound: 4.58591
Preck submodel is infeasible, continue branching
General disjunction: No feasible solution found, use SCIP default branching rule
_____________________________________
Now starting branching with general disjunction
Current branching Node number: 147
LP objective value: 45250
Node lower bound: 45250
Node upper bound: 238334
gap to the primal bound: 4.58591
Preck submodel is infeasible, continue branching
General disjunction: No feasible solution found, use SCIP default branching rule
_____________________________________
Now starting branching with general disjunction
Current branching Node number: 148
LP objective value: 45250
Node lower bound: 45250
Node upper bound: 238334
gap to the primal bound: 4.58591
Preck submodel is infeasible, continue branching
General disjunction: No feasible solution found, use SCIP default branching rule
_____________________________________
Now starting branching with general disjunction
Current branching Node number: 150
LP objective value: 45250
Node lower bound: 45250
Node upper bound: 238334
gap to the primal bound: 4.58591
Preck submodel is infeasible, continue branching
General disjunction: No feasible solution found, use SCIP default branching rule
_____________________________________
Now starting branching with general disjunction
Current branching Node number: 152
LP objective value: 45250
Node lower bound: 45250
Node upper bound: 238334
gap to the primal bound: 4.58591
Preck submodel is infeasible, continue branching
General disjunction: No feasible solution found, use SCIP default branching rule
_____________________________________
Now starting branching with general disjunction
Current branching Node number: 155
LP objective value: 181000
Node lower bound: 181000
Node upper bound: 238334
gap to the primal bound: 4.58591
Preck submodel is infeasible, continue branching
General disjunction: No feasible solution found, use SCIP default branching rule
_____________________________________
Now starting branching with general disjunction
Current branching Node number: 154
LP objective value: 51714.3
Node lower bound: 51714.3
Node upper bound: 238334
gap to the primal bound: 4.58591
Preck submodel is infeasible, continue branching
General disjunction: No feasible solution found, use SCIP default branching rule
_____________________________________
Now starting branching with general disjunction
Current branching Node number: 35
LP objective value: 43667
Node lower bound: 43667
Node upper bound: 238334
gap to the primal bound: 4.58591
Preck submodel is infeasible, continue branching
General disjunction: No feasible solution found, use SCIP default branching rule
_____________________________________
Now starting branching with general disjunction
Current branching Node number: 160
LP objective value: 43667
Node lower bound: 43667
Node upper bound: 238334
gap to the primal bound: 4.58591
Preck submodel is infeasible, continue branching
General disjunction: No feasible solution found, use SCIP default branching rule
_____________________________________
Now starting branching with general disjunction
Current branching Node number: 162
LP objective value: 43667
Node lower bound: 43667
Node upper bound: 238334
gap to the primal bound: 4.58591
Preck submodel is infeasible, continue branching
General disjunction: No feasible solution found, use SCIP default branching rule
_____________________________________
Now starting branching with general disjunction
Current branching Node number: 164
LP objective value: 45250
Node lower bound: 45250
Node upper bound: 238334
gap to the primal bound: 4.58591
Preck submodel is infeasible, continue branching
General disjunction: No feasible solution found, use SCIP default branching rule
_____________________________________
Now starting branching with general disjunction
Current branching Node number: 166
LP objective value: 45250
Node lower bound: 45250
Node upper bound: 238334
gap to the primal bound: 4.58591
Preck submodel is infeasible, continue branching
General disjunction: No feasible solution found, use SCIP default branching rule
_____________________________________
Now starting branching with general disjunction
Current branching Node number: 169
LP objective value: 181000
Node lower bound: 181000
Node upper bound: 238334
gap to the primal bound: 4.58591
Preck submodel is infeasible, continue branching
General disjunction: No feasible solution found, use SCIP default branching rule
_____________________________________
Now starting branching with general disjunction
Current branching Node number: 168
LP objective value: 51714.3
Node lower bound: 51714.3
Node upper bound: 238334
gap to the primal bound: 4.58591
Preck submodel is infeasible, continue branching
General disjunction: No feasible solution found, use SCIP default branching rule
_____________________________________
Now starting branching with general disjunction
Current branching Node number: 173
LP objective value: 51714.3
Node lower bound: 51714.3
Node upper bound: 238334
gap to the primal bound: 4.58591
Preck submodel is infeasible, continue branching
General disjunction: No feasible solution found, use SCIP default branching rule
_____________________________________
Now starting branching with general disjunction
Current branching Node number: 175
LP objective value: 141000
Node lower bound: 141000
Node upper bound: 238334
gap to the primal bound: 4.58591
Preck submodel is infeasible, continue branching
General disjunction: No feasible solution found, use SCIP default branching rule
_____________________________________
Now starting branching with general disjunction
Current branching Node number: 102
LP objective value: 45250
Node lower bound: 45250
Node upper bound: 238334
gap to the primal bound: 4.58591
Preck submodel is infeasible, continue branching
General disjunction: No feasible solution found, use SCIP default branching rule
_____________________________________
Now starting branching with general disjunction
Current branching Node number: 178
LP objective value: 45250
Node lower bound: 45250
Node upper bound: 238334
gap to the primal bound: 4.58591
Preck submodel is infeasible, continue branching
General disjunction: No feasible solution found, use SCIP default branching rule
_____________________________________
Now starting branching with general disjunction
Current branching Node number: 181
LP objective value: 45250
Node lower bound: 45250
Node upper bound: 238334
gap to the primal bound: 4.58591
Preck submodel is infeasible, continue branching
General disjunction: No feasible solution found, use SCIP default branching rule
_____________________________________
Now starting branching with general disjunction
Current branching Node number: 182
LP objective value: 51714.3
Node lower bound: 51714.3
Node upper bound: 238334
gap to the primal bound: 4.58591
Preck submodel is infeasible, continue branching
General disjunction: No feasible solution found, use SCIP default branching rule
_____________________________________
Now starting branching with general disjunction
Current branching Node number: 184
LP objective value: 51714.3
Node lower bound: 51714.3
Node upper bound: 238334
gap to the primal bound: 4.58591
Preck submodel is infeasible, continue branching
General disjunction: No feasible solution found, use SCIP default branching rule
_____________________________________
Now starting branching with general disjunction
Current branching Node number: 187
LP objective value: 51714.3
Node lower bound: 51714.3
Node upper bound: 238334
gap to the primal bound: 4.58591
Preck submodel is infeasible, continue branching
General disjunction: No feasible solution found, use SCIP default branching rule
_____________________________________
Now starting branching with general disjunction
Current branching Node number: 80
LP objective value: 46714.3
Node lower bound: 46714.3
Node upper bound: 238334
gap to the primal bound: 4.58591
Preck submodel is infeasible, continue branching
General disjunction: No feasible solution found, use SCIP default branching rule
_____________________________________
Now starting branching with general disjunction
Current branching Node number: 190
Relpscost reduced domain, skip general disjunction branching
_____________________________________
Now starting branching with general disjunction
Current branching Node number: 190
LP objective value: 51714.3
Node lower bound: 51714.3
Node upper bound: 238334
gap to the primal bound: 4.58591
Preck submodel is infeasible, continue branching
General disjunction: No feasible solution found, use SCIP default branching rule
_____________________________________
Now starting branching with general disjunction
Current branching Node number: 193
LP objective value: 51714.3
Node lower bound: 51714.3
Node upper bound: 238334
gap to the primal bound: 4.58591
Preck submodel is infeasible, continue branching
General disjunction: No feasible solution found, use SCIP default branching rule
_____________________________________
Now starting branching with general disjunction
Current branching Node number: 195
LP objective value: 51714.3
Node lower bound: 51714.3
Node upper bound: 238334
gap to the primal bound: 4.58591
Preck submodel is infeasible, continue branching
General disjunction: No feasible solution found, use SCIP default branching rule
 3202s|   100 |    97 |  6968 |  67.2 |    14M |  27 |1211 |1342 |1342 |   0 |  1 |   0 | 162 | 4.266700e+04 | 2.383340e+05 | 458.59%| unknown
_____________________________________
Now starting branching with general disjunction
Current branching Node number: 197
LP objective value: 51714.3
Node lower bound: 51714.3
Node upper bound: 238334
gap to the primal bound: 4.58591
Preck submodel is infeasible, continue branching
General disjunction: No feasible solution found, use SCIP default branching rule
_____________________________________
Now starting branching with general disjunction
Current branching Node number: 199
LP objective value: 51714.3
Node lower bound: 51714.3
Node upper bound: 238334
gap to the primal bound: 4.58591
Preck submodel is infeasible, continue branching
Time limit exceeded (1023.42s), stopping submodel solve loop
General disjunction: Infeasible disjunction
_____________________________________
Now starting branching with general disjunction
Current branching Node number: 198
LP objective value: 51714.3
Node lower bound: 51714.3
Node upper bound: 238334
gap to the primal bound: 4.58591
Preck submodel is infeasible, continue branching
General disjunction: No feasible solution found, use SCIP default branching rule
_____________________________________
Now starting branching with general disjunction
Current branching Node number: 201
LP objective value: 51714.3
Node lower bound: 51714.3
Node upper bound: 238334
gap to the primal bound: 4.58591
Preck submodel is infeasible, continue branching
General disjunction: No feasible solution found, use SCIP default branching rule
_____________________________________
Now starting branching with general disjunction
Current branching Node number: 203
LP objective value: 51714.3
Node lower bound: 51714.3
Node upper bound: 238334
gap to the primal bound: 4.58591
Preck submodel is infeasible, continue branching
General disjunction: No feasible solution found, use SCIP default branching rule
_____________________________________
Now starting branching with general disjunction
Current branching Node number: 204
LP objective value: 51714.3
Node lower bound: 51714.3
Node upper bound: 238334
gap to the primal bound: 4.58591
Preck submodel is infeasible, continue branching
General disjunction: No feasible solution found, use SCIP default branching rule
_____________________________________
Now starting branching with general disjunction
Current branching Node number: 206
LP objective value: 51714.3
Node lower bound: 51714.3
Node upper bound: 238334
gap to the primal bound: 4.58591
Preck submodel is infeasible, continue branching
General disjunction: No feasible solution found, use SCIP default branching rule
_____________________________________
Now starting branching with general disjunction
Current branching Node number: 208
LP objective value: 51714.3
Node lower bound: 51714.3
Node upper bound: 238334
gap to the primal bound: 4.58591
Preck submodel is infeasible, continue branching
General disjunction: No feasible solution found, use SCIP default branching rule
_____________________________________
Now starting branching with general disjunction
Current branching Node number: 210
LP objective value: 51714.3
Node lower bound: 51714.3
Node upper bound: 238334
gap to the primal bound: 4.58591
Preck submodel is infeasible, continue branching
General disjunction: No feasible solution found, use SCIP default branching rule
_____________________________________
Now starting branching with general disjunction
Current branching Node number: 213
LP objective value: 51714.3
Node lower bound: 51714.3
Node upper bound: 238334
gap to the primal bound: 4.58591
Preck submodel is infeasible, continue branching
General disjunction: No feasible solution found, use SCIP default branching rule
_____________________________________
Now starting branching with general disjunction
Current branching Node number: 214
LP objective value: 51714.3
Node lower bound: 51714.3
Node upper bound: 238334
gap to the primal bound: 4.58591
Preck submodel is infeasible, continue branching
General disjunction: No feasible solution found, use SCIP default branching rule
_____________________________________
Now starting branching with general disjunction
Current branching Node number: 216
LP objective value: 51714.3
Node lower bound: 51714.3
Node upper bound: 238334
gap to the primal bound: 4.58591
Preck submodel is infeasible, continue branching
General disjunction: No feasible solution found, use SCIP default branching rule
_____________________________________
Now starting branching with general disjunction
Current branching Node number: 218
LP objective value: 51714.3
Node lower bound: 51714.3
Node upper bound: 238334
gap to the primal bound: 4.58591
Preck submodel is infeasible, continue branching
General disjunction: No feasible solution found, use SCIP default branching rule
_____________________________________
Now starting branching with general disjunction
Current branching Node number: 221
LP objective value: 51714.3
Node lower bound: 51714.3
Node upper bound: 238334
gap to the primal bound: 4.58591
Preck submodel is infeasible, continue branching
General disjunction: No feasible solution found, use SCIP default branching rule
_____________________________________
Now starting branching with general disjunction
Current branching Node number: 222
LP objective value: 51714.4
Node lower bound: 51714.4
Node upper bound: 238334
gap to the primal bound: 4.58591
Preck submodel is infeasible, continue branching
General disjunction: No feasible solution found, use SCIP default branching rule
_____________________________________
Now starting branching with general disjunction
Current branching Node number: 224
LP objective value: 51714.4
Node lower bound: 51714.4
Node upper bound: 238334
gap to the primal bound: 4.58591
Preck submodel is infeasible, continue branching
General disjunction: No feasible solution found, use SCIP default branching rule
_____________________________________
Now starting branching with general disjunction
Current branching Node number: 227
LP objective value: 51714.4
Node lower bound: 51714.4
Node upper bound: 238334
gap to the primal bound: 4.58591
Preck submodel is infeasible, continue branching
General disjunction: Both Children are added
_____________________________________
Now starting branching with general disjunction
Current branching Node number: 228
LP objective value: 141000
Node lower bound: 141000
Node upper bound: 238334
gap to the primal bound: 4.58591
Preck submodel is infeasible, continue branching
General disjunction: No feasible solution found, use SCIP default branching rule
_____________________________________
Now starting branching with general disjunction
Current branching Node number: 43
LP objective value: 42667
Node lower bound: 42667
Node upper bound: 238334
gap to the primal bound: 4.58591
Preck submodel is infeasible, continue branching
General disjunction: No feasible solution found, use SCIP default branching rule
_____________________________________
Now starting branching with general disjunction
Current branching Node number: 233
LP objective value: 42667
Node lower bound: 42667
Node upper bound: 238334
gap to the primal bound: 4.58591
Preck submodel is infeasible, continue branching
General disjunction: No feasible solution found, use SCIP default branching rule
_____________________________________
Now starting branching with general disjunction
Current branching Node number: 235
LP objective value: 42667
Node lower bound: 42667
Node upper bound: 238334
gap to the primal bound: 4.58591
Preck submodel is infeasible, continue branching
General disjunction: No feasible solution found, use SCIP default branching rule
_____________________________________
Now starting branching with general disjunction
Current branching Node number: 237
LP objective value: 42667
Node lower bound: 42667
Node upper bound: 238334
gap to the primal bound: 4.58591
Preck submodel is infeasible, continue branching
General disjunction: No feasible solution found, use SCIP default branching rule
_____________________________________
Now starting branching with general disjunction
Current branching Node number: 238
LP objective value: 42667
Node lower bound: 42667
Node upper bound: 238334
gap to the primal bound: 4.58591
Preck submodel is infeasible, continue branching
General disjunction: No feasible solution found, use SCIP default branching rule
_____________________________________
Now starting branching with general disjunction
Current branching Node number: 240
LP objective value: 42667
Node lower bound: 42667
Node upper bound: 238334
gap to the primal bound: 4.58591
Preck submodel is infeasible, continue branching
General disjunction: No feasible solution found, use SCIP default branching rule
_____________________________________
Now starting branching with general disjunction
Current branching Node number: 242
LP objective value: 45250
Node lower bound: 45250
Node upper bound: 238334
gap to the primal bound: 4.58591
Preck submodel is infeasible, continue branching
General disjunction: No feasible solution found, use SCIP default branching rule
_____________________________________
Now starting branching with general disjunction
Current branching Node number: 245
LP objective value: 181000
Node lower bound: 181000
Node upper bound: 238334
gap to the primal bound: 4.58591
Preck submodel is infeasible, continue branching
General disjunction: No feasible solution found, use SCIP default branching rule
_____________________________________
Now starting branching with general disjunction
Current branching Node number: 246
LP objective value: 181000
Node lower bound: 181000
Node upper bound: 238334
gap to the primal bound: 4.58591
Preck submodel is infeasible, continue branching
General disjunction: No feasible solution found, use SCIP default branching rule
_____________________________________
Now starting branching with general disjunction
Current branching Node number: 249
LP objective value: 181000
Node lower bound: 181000
Node upper bound: 238334
gap to the primal bound: 4.58591
Preck submodel is infeasible, continue branching
General disjunction: No feasible solution found, use SCIP default branching rule
_____________________________________
Now starting branching with general disjunction
Current branching Node number: 141
LP objective value: 141000
Node lower bound: 141000
Node upper bound: 238334
gap to the primal bound: 4.58591
Preck submodel is infeasible, continue branching
General disjunction: No feasible solution found, use SCIP default branching rule
_____________________________________
Now starting branching with general disjunction
Current branching Node number: 253
LP objective value: 141000
Node lower bound: 141000
Node upper bound: 238334
gap to the primal bound: 4.58591
Preck submodel is infeasible, continue branching
Time limit exceeded (1324.29s), stopping submodel solve loop
General disjunction: No feasible solution found, use SCIP default branching rule
_____________________________________
Now starting branching with general disjunction
Current branching Node number: 255
LP objective value: 141000
Node lower bound: 141000
Node upper bound: 238334
gap to the primal bound: 4.58591
Preck submodel is infeasible, continue branching
General disjunction: No feasible solution found, use SCIP default branching rule
_____________________________________
Now starting branching with general disjunction
Current branching Node number: 257
LP objective value: 141000
Node lower bound: 141000
Node upper bound: 238334
gap to the primal bound: 4.58591
Preck submodel is infeasible, continue branching
Time limit exceeded (1715.8s), stopping submodel solve loop
General disjunction: No feasible solution found, use SCIP default branching rule
_____________________________________
Now starting branching with general disjunction
Current branching Node number: 149
LP objective value: 93000
Node lower bound: 93000
Node upper bound: 238334
gap to the primal bound: 4.58591
Preck submodel is infeasible, continue branching
General disjunction: No feasible solution found, use SCIP default branching rule
_____________________________________
Now starting branching with general disjunction
Current branching Node number: 261
LP objective value: 181000
Node lower bound: 181000
Node upper bound: 238334
gap to the primal bound: 4.58591
Preck submodel is infeasible, continue branching
General disjunction: No feasible solution found, use SCIP default branching rule
_____________________________________
Now starting branching with general disjunction
Current branching Node number: 262
LP objective value: 181000
Node lower bound: 181000
Node upper bound: 238334
gap to the primal bound: 4.58591
Preck submodel is infeasible, continue branching
General disjunction: No feasible solution found, use SCIP default branching rule
_____________________________________
Now starting branching with general disjunction
Current branching Node number: 264
LP objective value: 181000
Node lower bound: 181000
Node upper bound: 238334
gap to the primal bound: 4.58591
Preck submodel is infeasible, continue branching
General disjunction: No feasible solution found, use SCIP default branching rule
_____________________________________
Now starting branching with general disjunction
Current branching Node number: 139
LP objective value: 45250
Node lower bound: 45250
Node upper bound: 238334
gap to the primal bound: 4.58591
Preck submodel is infeasible, continue branching
General disjunction: No feasible solution found, use SCIP default branching rule
_____________________________________
Now starting branching with general disjunction
Current branching Node number: 269
LP objective value: 181000
Node lower bound: 181000
Node upper bound: 238334
gap to the primal bound: 4.58591
Preck submodel is infeasible, continue branching
General disjunction: No feasible solution found, use SCIP default branching rule
_____________________________________
Now starting branching with general disjunction
Current branching Node number: 270
LP objective value: 181000
Node lower bound: 181000
Node upper bound: 238334
gap to the primal bound: 4.58591
Preck submodel is infeasible, continue branching
General disjunction: No feasible solution found, use SCIP default branching rule
_____________________________________
Now starting branching with general disjunction
Current branching Node number: 273
LP objective value: 181000
Node lower bound: 181000
Node upper bound: 238334
gap to the primal bound: 4.58591
Preck submodel is infeasible, continue branching
Time limit exceeded (1317.83s), stopping submodel solve loop
General disjunction: No feasible solution found, use SCIP default branching rule
_____________________________________
Now starting branching with general disjunction
Current branching Node number: 37
LP objective value: 42667
Node lower bound: 42667
Node upper bound: 238334
gap to the primal bound: 4.58591
Preck submodel is infeasible, continue branching
General disjunction: No feasible solution found, use SCIP default branching rule
_____________________________________
Now starting branching with general disjunction
Current branching Node number: 277
LP objective value: 181000
Node lower bound: 181000
Node upper bound: 238334
gap to the primal bound: 4.58591
Preck submodel is infeasible, continue branching
General disjunction: No feasible solution found, use SCIP default branching rule
_____________________________________
Now starting branching with general disjunction
Current branching Node number: 279
LP objective value: 181000
Node lower bound: 181000
Node upper bound: 238334
gap to the primal bound: 4.58591
Preck submodel is infeasible, continue branching
General disjunction: No feasible solution found, use SCIP default branching rule
_____________________________________
Now starting branching with general disjunction
Current branching Node number: 280
LP objective value: 181000
Node lower bound: 181000
Node upper bound: 238334
gap to the primal bound: 4.58591
Preck submodel is infeasible, continue branching
General disjunction: No feasible solution found, use SCIP default branching rule
_____________________________________
Now starting branching with general disjunction
Current branching Node number: 268
LP objective value: 51714.3
Node lower bound: 51714.3
Node upper bound: 238334
gap to the primal bound: 4.58591
Preck submodel is infeasible, continue branching
General disjunction: No feasible solution found, use SCIP default branching rule
_____________________________________
Now starting branching with general disjunction
Current branching Node number: 285
LP objective value: 181000
Node lower bound: 181000
Node upper bound: 238334
gap to the primal bound: 4.58591
Preck submodel is infeasible, continue branching
General disjunction: No feasible solution found, use SCIP default branching rule
_____________________________________
Now starting branching with general disjunction
Current branching Node number: 287
LP objective value: 181000
Node lower bound: 181000
Node upper bound: 238334
gap to the primal bound: 4.58591
Preck submodel is infeasible, continue branching
General disjunction: No feasible solution found, use SCIP default branching rule
_____________________________________
Now starting branching with general disjunction
Current branching Node number: 289
LP objective value: 181000
Node lower bound: 181000
Node upper bound: 238334
gap to the primal bound: 4.58591
Preck submodel is infeasible, continue branching
General disjunction: No feasible solution found, use SCIP default branching rule
_____________________________________
Now starting branching with general disjunction
Current branching Node number: 276
LP objective value: 45250
Node lower bound: 45250
Node upper bound: 238334
gap to the primal bound: 4.58591
Preck submodel is infeasible, continue branching
General disjunction: No feasible solution found, use SCIP default branching rule
_____________________________________
Now starting branching with general disjunction
Current branching Node number: 293
LP objective value: 181000
Node lower bound: 181000
Node upper bound: 238334
gap to the primal bound: 4.58591
Preck submodel is infeasible, continue branching
General disjunction: No feasible solution found, use SCIP default branching rule
_____________________________________
Now starting branching with general disjunction
Current branching Node number: 295
LP objective value: 181000
Node lower bound: 181000
Node upper bound: 238334
gap to the primal bound: 4.58591
Preck submodel is infeasible, continue branching
General disjunction: No feasible solution found, use SCIP default branching rule
_____________________________________
Now starting branching with general disjunction
Current branching Node number: 297
LP objective value: 181000
Node lower bound: 181000
Node upper bound: 238334
gap to the primal bound: 4.58591
Preck submodel is infeasible, continue branching
General disjunction: No feasible solution found, use SCIP default branching rule
_____________________________________
Now starting branching with general disjunction
Current branching Node number: 292
LP objective value: 51714.3
Node lower bound: 51714.3
Node upper bound: 238334
gap to the primal bound: 4.58591
Preck submodel is infeasible, continue branching
General disjunction: No feasible solution found, use SCIP default branching rule
_____________________________________
Now starting branching with general disjunction
Current branching Node number: 301
LP objective value: 51714.3
Node lower bound: 51714.3
Node upper bound: 238334
gap to the primal bound: 4.58591
Preck submodel is infeasible, continue branching
General disjunction: No feasible solution found, use SCIP default branching rule
_____________________________________
Now starting branching with general disjunction
Current branching Node number: 302
LP objective value: 51714.3
Node lower bound: 51714.3
Node upper bound: 238334
gap to the primal bound: 4.58591
Preck submodel is infeasible, continue branching
General disjunction: No feasible solution found, use SCIP default branching rule
_____________________________________
Now starting branching with general disjunction
Current branching Node number: 305
LP objective value: 51714.3
Node lower bound: 51714.3
Node upper bound: 238334
gap to the primal bound: 4.58591
Preck submodel is infeasible, continue branching
General disjunction: No feasible solution found, use SCIP default branching rule
_____________________________________
Now starting branching with general disjunction
Current branching Node number: 307
LP objective value: 51714.3
Node lower bound: 51714.3
Node upper bound: 238334
gap to the primal bound: 4.58591
Preck submodel is infeasible, continue branching
General disjunction: No feasible solution found, use SCIP default branching rule
_____________________________________
Now starting branching with general disjunction
Current branching Node number: 308
LP objective value: 51714.3
Node lower bound: 51714.3
Node upper bound: 238334
gap to the primal bound: 4.58591
Preck submodel is infeasible, continue branching
General disjunction: No feasible solution found, use SCIP default branching rule
_____________________________________
Now starting branching with general disjunction
Current branching Node number: 310
LP objective value: 51714.3
Node lower bound: 51714.3
Node upper bound: 238334
gap to the primal bound: 4.58591
Preck submodel is infeasible, continue branching
General disjunction: No feasible solution found, use SCIP default branching rule
_____________________________________
Now starting branching with general disjunction
Current branching Node number: 312
LP objective value: 51714.3
Node lower bound: 51714.3
Node upper bound: 238334
gap to the primal bound: 4.58591
Preck submodel is infeasible, continue branching
Time limit exceeded (1680.45s), stopping submodel solve loop
General disjunction: No feasible solution found, use SCIP default branching rule
_____________________________________
Now starting branching with general disjunction
Current branching Node number: 314
LP objective value: 51714.3
Node lower bound: 51714.3
Node upper bound: 238334
gap to the primal bound: 4.58591
Preck submodel is infeasible, continue branching
General disjunction: No feasible solution found, use SCIP default branching rule
_____________________________________
Now starting branching with general disjunction
Current branching Node number: 316
LP objective value: 51714.3
Node lower bound: 51714.3
Node upper bound: 238334
gap to the primal bound: 4.58591
Preck submodel is infeasible, continue branching
General disjunction: No feasible solution found, use SCIP default branching rule
_____________________________________
Now starting branching with general disjunction
Current branching Node number: 319
LP objective value: 51714.3
Node lower bound: 51714.3
Node upper bound: 238334
gap to the primal bound: 4.58591
Preck submodel is infeasible, continue branching
General disjunction: No feasible solution found, use SCIP default branching rule
_____________________________________
Now starting branching with general disjunction
Current branching Node number: 321
LP objective value: 51714.3
Node lower bound: 51714.3
Node upper bound: 238334
gap to the primal bound: 4.58591
Preck submodel is infeasible, continue branching
Time limit exceeded (1198.51s), stopping submodel solve loop
General disjunction: Both Children are added
_____________________________________
Now starting branching with general disjunction
Current branching Node number: 322
LP objective value: 119500
Node lower bound: 119500
Node upper bound: 238334
gap to the primal bound: 4.58591
Preck submodel is infeasible, continue branching
General disjunction: No feasible solution found, use SCIP default branching rule
_____________________________________
Now starting branching with general disjunction
Current branching Node number: 323
LP objective value: 51714.3
Node lower bound: 51714.3
Node upper bound: 238334
gap to the primal bound: 4.58591
Preck submodel is infeasible, continue branching
Time limit exceeded (1020.22s), stopping submodel solve loop
General disjunction: Both Children are added
_____________________________________
Now starting branching with general disjunction
Current branching Node number: 326
LP objective value: 140500
Node lower bound: 140500
Node upper bound: 238334
gap to the primal bound: 4.58591
Preck submodel is infeasible, continue branching
General disjunction: No feasible solution found, use SCIP default branching rule
_____________________________________
Now starting branching with general disjunction
Current branching Node number: 328
LP objective value: 140500
Node lower bound: 140500
Node upper bound: 238334
gap to the primal bound: 4.58591
Preck submodel is infeasible, continue branching
General disjunction: No feasible solution found, use SCIP default branching rule
_____________________________________
Now starting branching with general disjunction
Current branching Node number: 330
LP objective value: 140500
Node lower bound: 140500
Node upper bound: 238334
gap to the primal bound: 4.58591
Preck submodel is infeasible, continue branching
General disjunction: No feasible solution found, use SCIP default branching rule
_____________________________________
Now starting branching with general disjunction
Current branching Node number: 332
LP objective value: 140500
Node lower bound: 140500
Node upper bound: 238334
gap to the primal bound: 4.58591
Preck submodel is infeasible, continue branching
General disjunction: No feasible solution found, use SCIP default branching rule
_____________________________________
Now starting branching with general disjunction
Current branching Node number: 38
LP objective value: 42667
Node lower bound: 42667
Node upper bound: 238334
gap to the primal bound: 4.58591
Preck submodel is infeasible, continue branching
General disjunction: No feasible solution found, use SCIP default branching rule
_____________________________________
Now starting branching with general disjunction
Current branching Node number: 337
LP objective value: 181000
Node lower bound: 181000
Node upper bound: 238334
gap to the primal bound: 4.58591
Preck submodel is infeasible, continue branching
General disjunction: No feasible solution found, use SCIP default branching rule
_____________________________________
Now starting branching with general disjunction
Current branching Node number: 338
LP objective value: 181000
Node lower bound: 181000
Node upper bound: 238334
gap to the primal bound: 4.58591
Preck submodel is infeasible, continue branching
General disjunction: No feasible solution found, use SCIP default branching rule
_____________________________________
Now starting branching with general disjunction
Current branching Node number: 340
LP objective value: 181000
Node lower bound: 181000
Node upper bound: 238334
gap to the primal bound: 4.58591
Preck submodel is infeasible, continue branching
General disjunction: No feasible solution found, use SCIP default branching rule
_____________________________________
Now starting branching with general disjunction
Current branching Node number: 336
LP objective value: 45250
Node lower bound: 45250
Node upper bound: 238334
gap to the primal bound: 4.58591
Preck submodel is infeasible, continue branching
General disjunction: No feasible solution found, use SCIP default branching rule
_____________________________________
Now starting branching with general disjunction
Current branching Node number: 345
LP objective value: 181000
Node lower bound: 181000
Node upper bound: 238334
gap to the primal bound: 4.58591
Preck submodel is infeasible, continue branching
General disjunction: No feasible solution found, use SCIP default branching rule
_____________________________________
Now starting branching with general disjunction
Current branching Node number: 347
LP objective value: 181000
Node lower bound: 181000
Node upper bound: 238334
gap to the primal bound: 4.58591
Preck submodel is infeasible, continue branching
General disjunction: No feasible solution found, use SCIP default branching rule
_____________________________________
Now starting branching with general disjunction
Current branching Node number: 349
LP objective value: 181000
Node lower bound: 181000
Node upper bound: 238334
gap to the primal bound: 4.58591
Preck submodel is infeasible, continue branching
General disjunction: No feasible solution found, use SCIP default branching rule
_____________________________________
Now starting branching with general disjunction
Current branching Node number: 344
LP objective value: 51714.3
Node lower bound: 51714.3
Node upper bound: 238334
gap to the primal bound: 4.58591
Preck submodel is infeasible, continue branching
General disjunction: No feasible solution found, use SCIP default branching rule
_____________________________________
Now starting branching with general disjunction
Current branching Node number: 353
LP objective value: 51714.3
Node lower bound: 51714.3
Node upper bound: 238334
gap to the primal bound: 4.58591
Preck submodel is infeasible, continue branching
General disjunction: No feasible solution found, use SCIP default branching rule
_____________________________________
Now starting branching with general disjunction
Current branching Node number: 354
LP objective value: 51714.3
Node lower bound: 51714.3
Node upper bound: 238334
gap to the primal bound: 4.58591
Preck submodel is infeasible, continue branching
General disjunction: No feasible solution found, use SCIP default branching rule
_____________________________________
Now starting branching with general disjunction
Current branching Node number: 357
LP objective value: 51714.3
Node lower bound: 51714.3
Node upper bound: 238334
gap to the primal bound: 4.58591
Preck submodel is infeasible, continue branching
General disjunction: No feasible solution found, use SCIP default branching rule
_____________________________________
Now starting branching with general disjunction
Current branching Node number: 359
LP objective value: 51714.3
Node lower bound: 51714.3
Node upper bound: 238334
gap to the primal bound: 4.58591
Preck submodel is infeasible, continue branching
Time limit exceeded (1006.65s), stopping submodel solve loop
General disjunction: Only Left constraint added:
_____________________________________
Now starting branching with general disjunction
Current branching Node number: 359
LP objective value: 154858
Node lower bound: 154858
Node upper bound: 238334
gap to the primal bound: 4.58591
Preck submodel is infeasible, continue branching
General disjunction: No feasible solution found, use SCIP default branching rule
_____________________________________
Now starting branching with general disjunction
Current branching Node number: 358
LP objective value: 51714.3
Node lower bound: 51714.3
Node upper bound: 238334
gap to the primal bound: 4.58591
Preck submodel is infeasible, continue branching
General disjunction: No feasible solution found, use SCIP default branching rule
_____________________________________
Now starting branching with general disjunction
Current branching Node number: 363
LP objective value: 51715
Node lower bound: 51715
Node upper bound: 238334
gap to the primal bound: 4.58591
Preck submodel is infeasible, continue branching
General disjunction: No feasible solution found, use SCIP default branching rule
_____________________________________
Now starting branching with general disjunction
Current branching Node number: 364
LP objective value: 51715
Node lower bound: 51715
Node upper bound: 238334
gap to the primal bound: 4.58591
Preck submodel is infeasible, continue branching
General disjunction: No feasible solution found, use SCIP default branching rule
_____________________________________
Now starting branching with general disjunction
Current branching Node number: 367
LP objective value: 144858
Node lower bound: 144858
Node upper bound: 238334
gap to the primal bound: 4.58591
Preck submodel is infeasible, continue branching
General disjunction: No feasible solution found, use SCIP default branching rule
_____________________________________
Now starting branching with general disjunction
Current branching Node number: 369
LP objective value: 144858
Node lower bound: 144858
Node upper bound: 238334
gap to the primal bound: 4.58591
Preck submodel is infeasible, continue branching
General disjunction: No feasible solution found, use SCIP default branching rule
_____________________________________
Now starting branching with general disjunction
Current branching Node number: 371
LP objective value: 144858
Node lower bound: 144858
Node upper bound: 238334
gap to the primal bound: 4.58591
Preck submodel is infeasible, continue branching
General disjunction: No feasible solution found, use SCIP default branching rule
_____________________________________
Now starting branching with general disjunction
Current branching Node number: 372
LP objective value: 144858
Node lower bound: 144858
Node upper bound: 238334
gap to the primal bound: 4.58591
Preck submodel is infeasible, continue branching
General disjunction: No feasible solution found, use SCIP default branching rule
_____________________________________
Now starting branching with general disjunction
Current branching Node number: 145
LP objective value: 45250
Node lower bound: 45250
Node upper bound: 238334
gap to the primal bound: 4.58591
Preck submodel is infeasible, continue branching
General disjunction: No feasible solution found, use SCIP default branching rule
_____________________________________
Now starting branching with general disjunction
Current branching Node number: 377
LP objective value: 45250
Node lower bound: 45250
Node upper bound: 238334
gap to the primal bound: 4.58591
Preck submodel is infeasible, continue branching
General disjunction: No feasible solution found, use SCIP default branching rule
_____________________________________
Now starting branching with general disjunction
Current branching Node number: 378
LP objective value: 51714.3
Node lower bound: 51714.3
Node upper bound: 238334
gap to the primal bound: 4.58591
Preck submodel is infeasible, continue branching
General disjunction: No feasible solution found, use SCIP default branching rule
_____________________________________
Now starting branching with general disjunction
Current branching Node number: 380
LP objective value: 51714.3
Node lower bound: 51714.3
Node upper bound: 238334
gap to the primal bound: 4.58591
Preck submodel is infeasible, continue branching
General disjunction: No feasible solution found, use SCIP default branching rule
_____________________________________
Now starting branching with general disjunction
Current branching Node number: 383
LP objective value: 51714.3
Node lower bound: 51714.3
Node upper bound: 238334
gap to the primal bound: 4.58591
Preck submodel is infeasible, continue branching
General disjunction: No feasible solution found, use SCIP default branching rule
_____________________________________
Now starting branching with general disjunction
Current branching Node number: 385
LP objective value: 51714.3
Node lower bound: 51714.3
Node upper bound: 238334
gap to the primal bound: 4.58591
Preck submodel is infeasible, continue branching
General disjunction: No feasible solution found, use SCIP default branching rule
_____________________________________
Now starting branching with general disjunction
Current branching Node number: 387
LP objective value: 51714.3
Node lower bound: 51714.3
Node upper bound: 238334
gap to the primal bound: 4.58591
Preck submodel is infeasible, continue branching
General disjunction: No feasible solution found, use SCIP default branching rule
_____________________________________
Now starting branching with general disjunction
Current branching Node number: 389
LP objective value: 51714.3
Node lower bound: 51714.3
Node upper bound: 238334
gap to the primal bound: 4.58591
Preck submodel is infeasible, continue branching
General disjunction: No feasible solution found, use SCIP default branching rule
  248m|   200 |   191 | 20544 | 101.6 |    14M |  39 |1211 |1342 |1342 |   0 |  1 |   0 | 162 | 4.266700e+04 | 2.383340e+05 | 458.59%| unknown
_____________________________________
Now starting branching with general disjunction
Current branching Node number: 390
LP objective value: 51714.3
Node lower bound: 51714.3
Node upper bound: 238334
gap to the primal bound: 4.58591
Preck submodel is infeasible, continue branching
General disjunction: No feasible solution found, use SCIP default branching rule
_____________________________________
Now starting branching with general disjunction
Current branching Node number: 393
LP objective value: 51714.3
Node lower bound: 51714.3
Node upper bound: 238334
gap to the primal bound: 4.58591
Preck submodel is infeasible, continue branching
General disjunction: No feasible solution found, use SCIP default branching rule
_____________________________________
Now starting branching with general disjunction
Current branching Node number: 395
LP objective value: 51714.3
Node lower bound: 51714.3
Node upper bound: 238334
gap to the primal bound: 4.58591
Preck submodel is infeasible, continue branching
General disjunction: No feasible solution found, use SCIP default branching rule
_____________________________________
Now starting branching with general disjunction
Current branching Node number: 397
LP objective value: 51714.3
Node lower bound: 51714.3
Node upper bound: 238334
gap to the primal bound: 4.58591
Preck submodel is infeasible, continue branching
General disjunction: No feasible solution found, use SCIP default branching rule
_____________________________________
Now starting branching with general disjunction
Current branching Node number: 398
LP objective value: 51714.3
Node lower bound: 51714.3
Node upper bound: 238334
gap to the primal bound: 4.58591
Preck submodel is infeasible, continue branching
General disjunction: No feasible solution found, use SCIP default branching rule
_____________________________________
Now starting branching with general disjunction
Current branching Node number: 400
LP objective value: 51714.3
Node lower bound: 51714.3
Node upper bound: 238334
gap to the primal bound: 4.58591
Preck submodel is infeasible, continue branching
General disjunction: No feasible solution found, use SCIP default branching rule
_____________________________________
Now starting branching with general disjunction
Current branching Node number: 402
LP objective value: 51714.3
Node lower bound: 51714.3
Node upper bound: 238334
gap to the primal bound: 4.58591
Preck submodel is infeasible, continue branching
General disjunction: Both Children are added
_____________________________________
Now starting branching with general disjunction
Current branching Node number: 404
LP objective value: 51715
Node lower bound: 51715
Node upper bound: 238334
gap to the primal bound: 4.58591
Preck submodel is infeasible, continue branching
General disjunction: No feasible solution found, use SCIP default branching rule
_____________________________________
Now starting branching with general disjunction
Current branching Node number: 40
LP objective value: 42667
Node lower bound: 42667
Node upper bound: 238334
gap to the primal bound: 4.58591
Preck submodel is infeasible, continue branching
General disjunction: No feasible solution found, use SCIP default branching rule
_____________________________________
Now starting branching with general disjunction
Current branching Node number: 409
LP objective value: 181000
Node lower bound: 181000
Node upper bound: 238334
gap to the primal bound: 4.58591
Preck submodel is infeasible, continue branching
General disjunction: No feasible solution found, use SCIP default branching rule
_____________________________________
Now starting branching with general disjunction
Current branching Node number: 410
LP objective value: 181000
Node lower bound: 181000
Node upper bound: 238334
gap to the primal bound: 4.58591
Preck submodel is infeasible, continue branching
General disjunction: No feasible solution found, use SCIP default branching rule
_____________________________________
Now starting branching with general disjunction
Current branching Node number: 413
LP objective value: 181000
Node lower bound: 181000
Node upper bound: 238334
gap to the primal bound: 4.58591
Preck submodel is infeasible, continue branching
General disjunction: No feasible solution found, use SCIP default branching rule
_____________________________________
Now starting branching with general disjunction
Current branching Node number: 408
LP objective value: 45250
Node lower bound: 45250
Node upper bound: 238334
gap to the primal bound: 4.58591
Preck submodel is infeasible, continue branching
General disjunction: No feasible solution found, use SCIP default branching rule
_____________________________________
Now starting branching with general disjunction
Current branching Node number: 417
LP objective value: 181000
Node lower bound: 181000
Node upper bound: 238334
gap to the primal bound: 4.58591
Preck submodel is infeasible, continue branching
General disjunction: No feasible solution found, use SCIP default branching rule
_____________________________________
Now starting branching with general disjunction
Current branching Node number: 419
LP objective value: 181000
Node lower bound: 181000
Node upper bound: 238334
gap to the primal bound: 4.58591
Preck submodel is infeasible, continue branching
General disjunction: No feasible solution found, use SCIP default branching rule
_____________________________________
Now starting branching with general disjunction
Current branching Node number: 421
LP objective value: 181000
Node lower bound: 181000
Node upper bound: 238334
gap to the primal bound: 4.58591
Preck submodel is infeasible, continue branching
Time limit exceeded (1170.77s), stopping submodel solve loop
General disjunction: No feasible solution found, use SCIP default branching rule
_____________________________________
Now starting branching with general disjunction
Current branching Node number: 416
LP objective value: 51714.3
Node lower bound: 51714.3
Node upper bound: 238334
gap to the primal bound: 4.58591
Preck submodel is infeasible, continue branching
General disjunction: No feasible solution found, use SCIP default branching rule
_____________________________________
Now starting branching with general disjunction
Current branching Node number: 425
LP objective value: 51714.3
Node lower bound: 51714.3
Node upper bound: 238334
gap to the primal bound: 4.58591
Preck submodel is infeasible, continue branching
General disjunction: No feasible solution found, use SCIP default branching rule
_____________________________________
Now starting branching with general disjunction
Current branching Node number: 427
LP objective value: 51714.3
Node lower bound: 51714.3
Node upper bound: 238334
gap to the primal bound: 4.58591
Preck submodel is infeasible, continue branching
General disjunction: No feasible solution found, use SCIP default branching rule
_____________________________________
Now starting branching with general disjunction
Current branching Node number: 428
LP objective value: 51714.3
Node lower bound: 51714.3
Node upper bound: 238334
gap to the primal bound: 4.58591
Preck submodel is infeasible, continue branching
General disjunction: No feasible solution found, use SCIP default branching rule
_____________________________________
Now starting branching with general disjunction
Current branching Node number: 431
LP objective value: 51714.3
Node lower bound: 51714.3
Node upper bound: 238334
gap to the primal bound: 4.58591
Preck submodel is infeasible, continue branching
General disjunction: No feasible solution found, use SCIP default branching rule
_____________________________________
Now starting branching with general disjunction
Current branching Node number: 433
LP objective value: 51715
Node lower bound: 51715
Node upper bound: 238334
gap to the primal bound: 4.58591
Preck submodel is infeasible, continue branching
General disjunction: No feasible solution found, use SCIP default branching rule
_____________________________________
Now starting branching with general disjunction
Current branching Node number: 435
LP objective value: 51715
Node lower bound: 51715
Node upper bound: 238334
gap to the primal bound: 4.58591
Preck submodel is infeasible, continue branching
General disjunction: No feasible solution found, use SCIP default branching rule
_____________________________________
Now starting branching with general disjunction
Current branching Node number: 437
LP objective value: 165834
Node lower bound: 165834
Node upper bound: 238334
gap to the primal bound: 4.58591
Preck submodel is infeasible, continue branching
General disjunction: No feasible solution found, use SCIP default branching rule
_____________________________________
Now starting branching with general disjunction
Current branching Node number: 439
LP objective value: 165834
Node lower bound: 165834
Node upper bound: 238334
gap to the primal bound: 4.58591
Preck submodel is infeasible, continue branching
General disjunction: No feasible solution found, use SCIP default branching rule
_____________________________________
Now starting branching with general disjunction
Current branching Node number: 441
LP objective value: 165834
Node lower bound: 165834
Node upper bound: 238334
gap to the primal bound: 4.58591
Preck submodel is infeasible, continue branching
Time limit exceeded (1042.01s), stopping submodel solve loop
General disjunction: No feasible solution found, use SCIP default branching rule
_____________________________________
Now starting branching with general disjunction
Current branching Node number: 442
LP objective value: 165834
Node lower bound: 165834
Node upper bound: 238334
gap to the primal bound: 4.58591
Preck submodel is infeasible, continue branching
General disjunction: No feasible solution found, use SCIP default branching rule
_____________________________________
Now starting branching with general disjunction
Current branching Node number: 45
LP objective value: 42667
Node lower bound: 42667
Node upper bound: 238334
gap to the primal bound: 4.58591
Preck submodel is infeasible, continue branching
General disjunction: No feasible solution found, use SCIP default branching rule
_____________________________________
Now starting branching with general disjunction
Current branching Node number: 447
LP objective value: 42667
Node lower bound: 42667
Node upper bound: 238334
gap to the primal bound: 4.58591
Preck submodel is infeasible, continue branching
General disjunction: No feasible solution found, use SCIP default branching rule
_____________________________________
Now starting branching with general disjunction
Current branching Node number: 448
LP objective value: 42667
Node lower bound: 42667
Node upper bound: 238334
gap to the primal bound: 4.58591
Preck submodel is infeasible, continue branching
General disjunction: No feasible solution found, use SCIP default branching rule
_____________________________________
Now starting branching with general disjunction
Current branching Node number: 451
LP objective value: 42667
Node lower bound: 42667
Node upper bound: 238334
gap to the primal bound: 4.58591
Preck submodel is infeasible, continue branching
General disjunction: No feasible solution found, use SCIP default branching rule
_____________________________________
Now starting branching with general disjunction
Current branching Node number: 453
LP objective value: 42667
Node lower bound: 42667
Node upper bound: 238334
gap to the primal bound: 4.58591
Preck submodel is infeasible, continue branching
General disjunction: No feasible solution found, use SCIP default branching rule
_____________________________________
Now starting branching with general disjunction
Current branching Node number: 455
LP objective value: 42667
Node lower bound: 42667
Node upper bound: 238334
gap to the primal bound: 4.58591
Preck submodel is infeasible, continue branching
General disjunction: No feasible solution found, use SCIP default branching rule
_____________________________________
Now starting branching with general disjunction
Current branching Node number: 456
LP objective value: 45250
Node lower bound: 45250
Node upper bound: 238334
gap to the primal bound: 4.58591
Preck submodel is infeasible, continue branching
General disjunction: No feasible solution found, use SCIP default branching rule
_____________________________________
Now starting branching with general disjunction
Current branching Node number: 459
LP objective value: 45250
Node lower bound: 45250
Node upper bound: 238334
gap to the primal bound: 4.58591
Preck submodel is infeasible, continue branching
General disjunction: No feasible solution found, use SCIP default branching rule
_____________________________________
Now starting branching with general disjunction
Current branching Node number: 461
LP objective value: 45250
Node lower bound: 45250
Node upper bound: 238334
gap to the primal bound: 4.58591
Preck submodel is infeasible, continue branching
General disjunction: No feasible solution found, use SCIP default branching rule
_____________________________________
Now starting branching with general disjunction
Current branching Node number: 434
LP objective value: 51715
Node lower bound: 51715
Node upper bound: 238334
gap to the primal bound: 4.58591
Preck submodel is infeasible, continue branching
General disjunction: No feasible solution found, use SCIP default branching rule
_____________________________________
Now starting branching with general disjunction
Current branching Node number: 465
LP objective value: 56667
Node lower bound: 56667
Node upper bound: 238334
gap to the primal bound: 4.58591
Preck submodel is infeasible, continue branching
General disjunction: No feasible solution found, use SCIP default branching rule
_____________________________________
Now starting branching with general disjunction
Current branching Node number: 467
LP objective value: 56667
Node lower bound: 56667
Node upper bound: 238334
gap to the primal bound: 4.58591
Preck submodel is infeasible, continue branching
General disjunction: No feasible solution found, use SCIP default branching rule
_____________________________________
Now starting branching with general disjunction
Current branching Node number: 469
LP objective value: 56667
Node lower bound: 56667
Node upper bound: 238334
gap to the primal bound: 4.58591
Preck submodel is infeasible, continue branching
General disjunction: No feasible solution found, use SCIP default branching rule
_____________________________________
Now starting branching with general disjunction
Current branching Node number: 470
LP objective value: 56667
Node lower bound: 56667
Node upper bound: 238334
gap to the primal bound: 4.58591
Preck submodel is infeasible, continue branching
General disjunction: No feasible solution found, use SCIP default branching rule
_____________________________________
Now starting branching with general disjunction
Current branching Node number: 472
LP objective value: 56667
Node lower bound: 56667
Node upper bound: 238334
gap to the primal bound: 4.58591
Preck submodel is infeasible, continue branching
General disjunction: No feasible solution found, use SCIP default branching rule
_____________________________________
Now starting branching with general disjunction
Current branching Node number: 474
LP objective value: 56667
Node lower bound: 56667
Node upper bound: 238334
gap to the primal bound: 4.58591
Preck submodel is infeasible, continue branching
General disjunction: No feasible solution found, use SCIP default branching rule
_____________________________________
Now starting branching with general disjunction
Current branching Node number: 476
LP objective value: 56667
Node lower bound: 56667
Node upper bound: 238334
gap to the primal bound: 4.58591
Preck submodel is infeasible, continue branching
General disjunction: No feasible solution found, use SCIP default branching rule
_____________________________________
Now starting branching with general disjunction
Current branching Node number: 478
LP objective value: 56667
Node lower bound: 56667
Node upper bound: 238334
gap to the primal bound: 4.58591
Preck submodel is infeasible, continue branching
General disjunction: No feasible solution found, use SCIP default branching rule
_____________________________________
Now starting branching with general disjunction
Current branching Node number: 480
LP objective value: 56667
Node lower bound: 56667
Node upper bound: 238334
gap to the primal bound: 4.58591
Preck submodel is infeasible, continue branching
General disjunction: No feasible solution found, use SCIP default branching rule
_____________________________________
Now starting branching with general disjunction
Current branching Node number: 483
LP objective value: 56667
Node lower bound: 56667
Node upper bound: 238334
gap to the primal bound: 4.58591
Preck submodel is infeasible, continue branching
General disjunction: No feasible solution found, use SCIP default branching rule
_____________________________________
Now starting branching with general disjunction
Current branching Node number: 484
LP objective value: 56667
Node lower bound: 56667
Node upper bound: 238334
gap to the primal bound: 4.58591
Preck submodel is infeasible, continue branching
General disjunction: No feasible solution found, use SCIP default branching rule
_____________________________________
Now starting branching with general disjunction
Current branching Node number: 486
LP objective value: 56667
Node lower bound: 56667
Node upper bound: 238334
gap to the primal bound: 4.58591
Preck submodel is infeasible, continue branching
General disjunction: No feasible solution found, use SCIP default branching rule
_____________________________________
Now starting branching with general disjunction
Current branching Node number: 488
LP objective value: 56667
Node lower bound: 56667
Node upper bound: 238334
gap to the primal bound: 4.58591
Preck submodel is infeasible, continue branching
General disjunction: No feasible solution found, use SCIP default branching rule
_____________________________________
Now starting branching with general disjunction
Current branching Node number: 490
LP objective value: 56667
Node lower bound: 56667
Node upper bound: 238334
gap to the primal bound: 4.58591
Preck submodel is infeasible, continue branching
General disjunction: No feasible solution found, use SCIP default branching rule
_____________________________________
Now starting branching with general disjunction
Current branching Node number: 492
LP objective value: 56667
Node lower bound: 56667
Node upper bound: 238334
gap to the primal bound: 4.58591
Preck submodel is infeasible, continue branching
General disjunction: No feasible solution found, use SCIP default branching rule
_____________________________________
Now starting branching with general disjunction
Current branching Node number: 494
LP objective value: 56667
Node lower bound: 56667
Node upper bound: 238334
gap to the primal bound: 4.58591
Preck submodel is infeasible, continue branching
General disjunction: No feasible solution found, use SCIP default branching rule
_____________________________________
Now starting branching with general disjunction
Current branching Node number: 497
LP objective value: 56667
Node lower bound: 56667
Node upper bound: 238334
gap to the primal bound: 4.58591
Preck submodel is infeasible, continue branching
General disjunction: No feasible solution found, use SCIP default branching rule
_____________________________________
Now starting branching with general disjunction
Current branching Node number: 498
LP objective value: 56667
Node lower bound: 56667
Node upper bound: 238334
gap to the primal bound: 4.58591
Preck submodel is infeasible, continue branching
General disjunction: No feasible solution found, use SCIP default branching rule
_____________________________________
Now starting branching with general disjunction
Current branching Node number: 501
LP objective value: 56667
Node lower bound: 56667
Node upper bound: 238334
gap to the primal bound: 4.58591
Preck submodel is infeasible, continue branching
General disjunction: No feasible solution found, use SCIP default branching rule
_____________________________________
Now starting branching with general disjunction
Current branching Node number: 503
LP objective value: 56667
Node lower bound: 56667
Node upper bound: 238334
gap to the primal bound: 4.58591
Preck submodel is infeasible, continue branching
General disjunction: No feasible solution found, use SCIP default branching rule
_____________________________________
Now starting branching with general disjunction
Current branching Node number: 505
LP objective value: 56667
Node lower bound: 56667
Node upper bound: 238334
gap to the primal bound: 4.58591
Preck submodel is infeasible, continue branching
General disjunction: No feasible solution found, use SCIP default branching rule
_____________________________________
Now starting branching with general disjunction
Current branching Node number: 507
LP objective value: 56667
Node lower bound: 56667
Node upper bound: 238334
gap to the primal bound: 4.58591
Preck submodel is infeasible, continue branching
General disjunction: No feasible solution found, use SCIP default branching rule
_____________________________________
Now starting branching with general disjunction
Current branching Node number: 509
LP objective value: 56667
Node lower bound: 56667
Node upper bound: 238334
gap to the primal bound: 4.58591
Preck submodel is infeasible, continue branching
General disjunction: No feasible solution found, use SCIP default branching rule
_____________________________________
Now starting branching with general disjunction
Current branching Node number: 510
LP objective value: 56667
Node lower bound: 56667
Node upper bound: 238334
gap to the primal bound: 4.58591
Preck submodel is infeasible, continue branching
General disjunction: No feasible solution found, use SCIP default branching rule
_____________________________________
Now starting branching with general disjunction
Current branching Node number: 513
LP objective value: 56667
Node lower bound: 56667
Node upper bound: 238334
gap to the primal bound: 4.58591
Preck submodel is infeasible, continue branching
General disjunction: No feasible solution found, use SCIP default branching rule
_____________________________________
Now starting branching with general disjunction
Current branching Node number: 515
LP objective value: 56667
Node lower bound: 56667
Node upper bound: 238334
gap to the primal bound: 4.58591
Preck submodel is infeasible, continue branching
General disjunction: No feasible solution found, use SCIP default branching rule
_____________________________________
Now starting branching with general disjunction
Current branching Node number: 517
LP objective value: 56667
Node lower bound: 56667
Node upper bound: 238334
gap to the primal bound: 4.58591
Preck submodel is infeasible, continue branching
General disjunction: No feasible solution found, use SCIP default branching rule
_____________________________________
Now starting branching with general disjunction
Current branching Node number: 519
LP objective value: 56667
Node lower bound: 56667
Node upper bound: 238334
gap to the primal bound: 4.58591
Preck submodel is infeasible, continue branching
General disjunction: No feasible solution found, use SCIP default branching rule
_____________________________________
Now starting branching with general disjunction
Current branching Node number: 520
LP objective value: 56667
Node lower bound: 56667
Node upper bound: 238334
gap to the primal bound: 4.58591
Preck submodel is infeasible, continue branching
Error in probing right side: 0
Time limit exceeded (1059.64s), stopping submodel solve loop
General disjunction: Infeasible disjunction
_____________________________________
Now starting branching with general disjunction
Current branching Node number: 521
LP objective value: 56667
Node lower bound: 56667
Node upper bound: 238334
gap to the primal bound: 4.58591
Preck submodel is infeasible, continue branching
General disjunction: No feasible solution found, use SCIP default branching rule
_____________________________________
Now starting branching with general disjunction
Current branching Node number: 522
LP objective value: 56667
Node lower bound: 56667
Node upper bound: 238334
gap to the primal bound: 4.58591
Preck submodel is infeasible, continue branching
General disjunction: No feasible solution found, use SCIP default branching rule
_____________________________________
Now starting branching with general disjunction
Current branching Node number: 525
LP objective value: 56667
Node lower bound: 56667
Node upper bound: 238334
gap to the primal bound: 4.58591
Preck submodel is infeasible, continue branching
General disjunction: No feasible solution found, use SCIP default branching rule
_____________________________________
Now starting branching with general disjunction
Current branching Node number: 527
LP objective value: 56667
Node lower bound: 56667
Node upper bound: 238334
gap to the primal bound: 4.58591
Preck submodel is infeasible, continue branching
General disjunction: No feasible solution found, use SCIP default branching rule
_____________________________________
Now starting branching with general disjunction
Current branching Node number: 528
LP objective value: 56667
Node lower bound: 56667
Node upper bound: 238334
gap to the primal bound: 4.58591
Preck submodel is infeasible, continue branching
General disjunction: No feasible solution found, use SCIP default branching rule
_____________________________________
Now starting branching with general disjunction
Current branching Node number: 531
LP objective value: 56667
Node lower bound: 56667
Node upper bound: 238334
gap to the primal bound: 4.58591
Preck submodel is infeasible, continue branching
General disjunction: No feasible solution found, use SCIP default branching rule
_____________________________________
Now starting branching with general disjunction
Current branching Node number: 533
LP objective value: 56667
Node lower bound: 56667
Node upper bound: 238334
gap to the primal bound: 4.58591
Preck submodel is infeasible, continue branching
General disjunction: No feasible solution found, use SCIP default branching rule
_____________________________________
Now starting branching with general disjunction
Current branching Node number: 534
LP objective value: 56667
Node lower bound: 56667
Node upper bound: 238334
gap to the primal bound: 4.58591
Preck submodel is infeasible, continue branching
General disjunction: No feasible solution found, use SCIP default branching rule
_____________________________________
Now starting branching with general disjunction
Current branching Node number: 537
LP objective value: 56667
Node lower bound: 56667
Node upper bound: 238334
gap to the primal bound: 4.58591
Preck submodel is infeasible, continue branching
General disjunction: No feasible solution found, use SCIP default branching rule
_____________________________________
Now starting branching with general disjunction
Current branching Node number: 539
LP objective value: 56667
Node lower bound: 56667
Node upper bound: 238334
gap to the primal bound: 4.58591
Preck submodel is infeasible, continue branching
General disjunction: No feasible solution found, use SCIP default branching rule
_____________________________________
Now starting branching with general disjunction
Current branching Node number: 540
LP objective value: 56667
Node lower bound: 56667
Node upper bound: 238334
gap to the primal bound: 4.58591
Preck submodel is infeasible, continue branching
General disjunction: No feasible solution found, use SCIP default branching rule
_____________________________________
Now starting branching with general disjunction
Current branching Node number: 541
LP objective value: 56667
Node lower bound: 56667
Node upper bound: 238334
gap to the primal bound: 4.58591
Preck submodel is infeasible, continue branching
General disjunction: No feasible solution found, use SCIP default branching rule
_____________________________________
Now starting branching with general disjunction
Current branching Node number: 545
LP objective value: 56667
Node lower bound: 56667
Node upper bound: 238334
gap to the primal bound: 4.58591
Preck submodel is infeasible, continue branching
General disjunction: No feasible solution found, use SCIP default branching rule
_____________________________________
Now starting branching with general disjunction
Current branching Node number: 547
LP objective value: 56667
Node lower bound: 56667
Node upper bound: 238334
gap to the primal bound: 4.58591
Preck submodel is infeasible, continue branching
General disjunction: No feasible solution found, use SCIP default branching rule
_____________________________________
Now starting branching with general disjunction
Current branching Node number: 487
LP objective value: 56667
Node lower bound: 56667
Node upper bound: 238334
gap to the primal bound: 4.58591
Preck submodel is infeasible, continue branching
General disjunction: No feasible solution found, use SCIP default branching rule
_____________________________________
Now starting branching with general disjunction
Current branching Node number: 550
LP objective value: 56667
Node lower bound: 56667
Node upper bound: 238334
gap to the primal bound: 4.58591
Preck submodel is infeasible, continue branching
General disjunction: No feasible solution found, use SCIP default branching rule
_____________________________________
Now starting branching with general disjunction
Current branching Node number: 552
LP objective value: 56667
Node lower bound: 56667
Node upper bound: 238334
gap to the primal bound: 4.58591
Preck submodel is infeasible, continue branching
General disjunction: No feasible solution found, use SCIP default branching rule
_____________________________________
Now starting branching with general disjunction
Current branching Node number: 555
LP objective value: 56667
Node lower bound: 56667
Node upper bound: 238334
gap to the primal bound: 4.58591
Preck submodel is infeasible, continue branching
General disjunction: No feasible solution found, use SCIP default branching rule
_____________________________________
Now starting branching with general disjunction
Current branching Node number: 557
LP objective value: 56667
Node lower bound: 56667
Node upper bound: 238334
gap to the primal bound: 4.58591
Preck submodel is infeasible, continue branching
General disjunction: No feasible solution found, use SCIP default branching rule
_____________________________________
Now starting branching with general disjunction
Current branching Node number: 559
LP objective value: 56667
Node lower bound: 56667
Node upper bound: 238334
gap to the primal bound: 4.58591
Preck submodel is infeasible, continue branching
General disjunction: No feasible solution found, use SCIP default branching rule
_____________________________________
Now starting branching with general disjunction
Current branching Node number: 560
LP objective value: 56667
Node lower bound: 56667
Node upper bound: 238334
gap to the primal bound: 4.58591
Preck submodel is infeasible, continue branching
General disjunction: No feasible solution found, use SCIP default branching rule
_____________________________________
Now starting branching with general disjunction
Current branching Node number: 562
LP objective value: 56667
Node lower bound: 56667
Node upper bound: 238334
gap to the primal bound: 4.58591
Preck submodel is infeasible, continue branching
General disjunction: No feasible solution found, use SCIP default branching rule
_____________________________________
Now starting branching with general disjunction
Current branching Node number: 565
LP objective value: 56667
Node lower bound: 56667
Node upper bound: 238334
gap to the primal bound: 4.58591
Preck submodel is infeasible, continue branching
General disjunction: No feasible solution found, use SCIP default branching rule
_____________________________________
Now starting branching with general disjunction
Current branching Node number: 567
LP objective value: 56667
Node lower bound: 56667
Node upper bound: 238334
gap to the primal bound: 4.58591
Preck submodel is infeasible, continue branching
General disjunction: No feasible solution found, use SCIP default branching rule
_____________________________________
Now starting branching with general disjunction
Current branching Node number: 569
LP objective value: 56667
Node lower bound: 56667
Node upper bound: 238334
gap to the primal bound: 4.58591
Preck submodel is infeasible, continue branching
General disjunction: No feasible solution found, use SCIP default branching rule
_____________________________________
Now starting branching with general disjunction
Current branching Node number: 570
LP objective value: 56667
Node lower bound: 56667
Node upper bound: 238334
gap to the primal bound: 4.58591
Preck submodel is infeasible, continue branching
General disjunction: No feasible solution found, use SCIP default branching rule
  324m|   300 |   273 | 24447 |  80.7 |    14M |  55 |1211 |1342 |1342 |   0 |  1 |   0 | 162 | 4.266700e+04 | 2.383340e+05 | 458.59%| unknown
_____________________________________
Now starting branching with general disjunction
Current branching Node number: 572
LP objective value: 56667
Node lower bound: 56667
Node upper bound: 238334
gap to the primal bound: 4.58591
Preck submodel is infeasible, continue branching
General disjunction: No feasible solution found, use SCIP default branching rule
_____________________________________
Now starting branching with general disjunction
Current branching Node number: 574
LP objective value: 60333.3
Node lower bound: 60333.3
Node upper bound: 238334
gap to the primal bound: 4.58591
Preck submodel is infeasible, continue branching
General disjunction: No feasible solution found, use SCIP default branching rule
_____________________________________
Now starting branching with general disjunction
Current branching Node number: 577
LP objective value: 60333.3
Node lower bound: 60333.3
Node upper bound: 238334
gap to the primal bound: 4.58591
Preck submodel is infeasible, continue branching
General disjunction: No feasible solution found, use SCIP default branching rule
_____________________________________
Now starting branching with general disjunction
Current branching Node number: 579
LP objective value: 60333.3
Node lower bound: 60333.3
Node upper bound: 238334
gap to the primal bound: 4.58591
Preck submodel is infeasible, continue branching
General disjunction: No feasible solution found, use SCIP default branching rule
_____________________________________
Now starting branching with general disjunction
Current branching Node number: 581
LP objective value: 60333.3
Node lower bound: 60333.3
Node upper bound: 238334
gap to the primal bound: 4.58591
Preck submodel is infeasible, continue branching
General disjunction: No feasible solution found, use SCIP default branching rule
_____________________________________
Now starting branching with general disjunction
Current branching Node number: 583
LP objective value: 60333.3
Node lower bound: 60333.3
Node upper bound: 238334
gap to the primal bound: 4.58591
Preck submodel is infeasible, continue branching
General disjunction: No feasible solution found, use SCIP default branching rule
_____________________________________
Now starting branching with general disjunction
Current branching Node number: 585
LP objective value: 60333.3
Node lower bound: 60333.3
Node upper bound: 238334
gap to the primal bound: 4.58591
Preck submodel is infeasible, continue branching
General disjunction: No feasible solution found, use SCIP default branching rule
_____________________________________
Now starting branching with general disjunction
Current branching Node number: 586
LP objective value: 60333.3
Node lower bound: 60333.3
Node upper bound: 238334
gap to the primal bound: 4.58591
Preck submodel is infeasible, continue branching
General disjunction: No feasible solution found, use SCIP default branching rule
_____________________________________
Now starting branching with general disjunction
Current branching Node number: 588
LP objective value: 60333.3
Node lower bound: 60333.3
Node upper bound: 238334
gap to the primal bound: 4.58591
Preck submodel is infeasible, continue branching
General disjunction: No feasible solution found, use SCIP default branching rule
_____________________________________
Now starting branching with general disjunction
Current branching Node number: 590
LP objective value: 60333.3
Node lower bound: 60333.3
Node upper bound: 238334
gap to the primal bound: 4.58591
Preck submodel is infeasible, continue branching
General disjunction: No feasible solution found, use SCIP default branching rule
_____________________________________
Now starting branching with general disjunction
Current branching Node number: 592
LP objective value: 60333.4
Node lower bound: 60333.4
Node upper bound: 238334
gap to the primal bound: 4.58591
Preck submodel is infeasible, continue branching
Time limit exceeded (1053.53s), stopping submodel solve loop
General disjunction: Only Right constraint added:
_____________________________________
Now starting branching with general disjunction
Current branching Node number: 592
LP objective value: 70500
Node lower bound: 70500
Node upper bound: 238334
gap to the primal bound: 4.58591
Preck submodel is infeasible, continue branching
General disjunction: No feasible solution found, use SCIP default branching rule
_____________________________________
Now starting branching with general disjunction
Current branching Node number: 595
LP objective value: 70500
Node lower bound: 70500
Node upper bound: 238334
gap to the primal bound: 4.58591
Preck submodel is infeasible, continue branching
General disjunction: No feasible solution found, use SCIP default branching rule
_____________________________________
Now starting branching with general disjunction
Current branching Node number: 596
LP objective value: 70500
Node lower bound: 70500
Node upper bound: 238334
gap to the primal bound: 4.58591
Preck submodel is infeasible, continue branching
General disjunction: No feasible solution found, use SCIP default branching rule
_____________________________________
Now starting branching with general disjunction
Current branching Node number: 598
LP objective value: 70500
Node lower bound: 70500
Node upper bound: 238334
gap to the primal bound: 4.58591
Preck submodel is infeasible, continue branching
General disjunction: No feasible solution found, use SCIP default branching rule
_____________________________________
Now starting branching with general disjunction
Current branching Node number: 575
LP objective value: 181000
Node lower bound: 181000
Node upper bound: 238334
gap to the primal bound: 4.58591
Preck submodel is infeasible, continue branching
General disjunction: No feasible solution found, use SCIP default branching rule
_____________________________________
Now starting branching with general disjunction
Current branching Node number: 473
LP objective value: 56667
Node lower bound: 56667
Node upper bound: 238334
gap to the primal bound: 4.58591
Preck submodel is infeasible, continue branching
General disjunction: No feasible solution found, use SCIP default branching rule
_____________________________________
Now starting branching with general disjunction
Current branching Node number: 605
LP objective value: 82000
Node lower bound: 82000
Node upper bound: 238334
gap to the primal bound: 4.58591
Preck submodel is infeasible, continue branching
General disjunction: No feasible solution found, use SCIP default branching rule
_____________________________________
Now starting branching with general disjunction
Current branching Node number: 607
LP objective value: 82000
Node lower bound: 82000
Node upper bound: 238334
gap to the primal bound: 4.58591
Preck submodel is infeasible, continue branching
General disjunction: No feasible solution found, use SCIP default branching rule
_____________________________________
Now starting branching with general disjunction
Current branching Node number: 608
LP objective value: 82000
Node lower bound: 82000
Node upper bound: 238334
gap to the primal bound: 4.58591
Preck submodel is infeasible, continue branching
General disjunction: No feasible solution found, use SCIP default branching rule
_____________________________________
Now starting branching with general disjunction
Current branching Node number: 610
LP objective value: 82000
Node lower bound: 82000
Node upper bound: 238334
gap to the primal bound: 4.58591
Preck submodel is infeasible, continue branching
General disjunction: No feasible solution found, use SCIP default branching rule
_____________________________________
Now starting branching with general disjunction
Current branching Node number: 613
LP objective value: 82000
Node lower bound: 82000
Node upper bound: 238334
gap to the primal bound: 4.58591
Preck submodel is infeasible, continue branching
General disjunction: Only Right constraint added:
_____________________________________
Now starting branching with general disjunction
Current branching Node number: 613
LP objective value: 146333
Node lower bound: 146333
Node upper bound: 238334
gap to the primal bound: 4.58591
Preck submodel is infeasible, continue branching
General disjunction: No feasible solution found, use SCIP default branching rule
_____________________________________
Now starting branching with general disjunction
Current branching Node number: 612
LP objective value: 82000
Node lower bound: 82000
Node upper bound: 238334
gap to the primal bound: 4.58591
Preck submodel is infeasible, continue branching
General disjunction: No feasible solution found, use SCIP default branching rule
_____________________________________
Now starting branching with general disjunction
Current branching Node number: 617
LP objective value: 82000
Node lower bound: 82000
Node upper bound: 238334
gap to the primal bound: 4.58591
Preck submodel is infeasible, continue branching
General disjunction: No feasible solution found, use SCIP default branching rule
_____________________________________
Now starting branching with general disjunction
Current branching Node number: 618
LP objective value: 82000
Node lower bound: 82000
Node upper bound: 238334
gap to the primal bound: 4.58591
Preck submodel is infeasible, continue branching
General disjunction: No feasible solution found, use SCIP default branching rule
_____________________________________
Now starting branching with general disjunction
Current branching Node number: 620
LP objective value: 82000
Node lower bound: 82000
Node upper bound: 238334
gap to the primal bound: 4.58591
Preck submodel is infeasible, continue branching
General disjunction: No feasible solution found, use SCIP default branching rule
_____________________________________
Now starting branching with general disjunction
Current branching Node number: 622
LP objective value: 82000
Node lower bound: 82000
Node upper bound: 238334
gap to the primal bound: 4.58591
Preck submodel is infeasible, continue branching
General disjunction: No feasible solution found, use SCIP default branching rule
_____________________________________
Now starting branching with general disjunction
Current branching Node number: 625
LP objective value: 181000
Node lower bound: 181000
Node upper bound: 238334
gap to the primal bound: 4.58591
Preck submodel is infeasible, continue branching
Time limit exceeded (1458.22s), stopping submodel solve loop
General disjunction: Both Children are added
_____________________________________
Now starting branching with general disjunction
Current branching Node number: 511
LP objective value: 56667
Node lower bound: 56667
Node upper bound: 238334
gap to the primal bound: 4.58591
Preck submodel is infeasible, continue branching
General disjunction: No feasible solution found, use SCIP default branching rule
_____________________________________
Now starting branching with general disjunction
Current branching Node number: 629
LP objective value: 117485
Node lower bound: 117485
Node upper bound: 238334
gap to the primal bound: 4.58591
Preck submodel is infeasible, continue branching
General disjunction: No feasible solution found, use SCIP default branching rule
_____________________________________
Now starting branching with general disjunction
Current branching Node number: 631
LP objective value: 117485
Node lower bound: 117485
Node upper bound: 238334
gap to the primal bound: 4.58591
Preck submodel is infeasible, continue branching
General disjunction: No feasible solution found, use SCIP default branching rule
_____________________________________
Now starting branching with general disjunction
Current branching Node number: 633
LP objective value: 117485
Node lower bound: 117485
Node upper bound: 238334
gap to the primal bound: 4.58591
Preck submodel is infeasible, continue branching
Time limit exceeded (1006.2s), stopping submodel solve loop
General disjunction: Infeasible disjunction
_____________________________________
Now starting branching with general disjunction
Current branching Node number: 632
LP objective value: 117485
Node lower bound: 117485
Node upper bound: 238334
gap to the primal bound: 4.58591
Preck submodel is infeasible, continue branching
General disjunction: No feasible solution found, use SCIP default branching rule
_____________________________________
Now starting branching with general disjunction
Current branching Node number: 634
LP objective value: 117485
Node lower bound: 117485
Node upper bound: 238334
gap to the primal bound: 4.58591
Preck submodel is infeasible, continue branching
General disjunction: No feasible solution found, use SCIP default branching rule
_____________________________________
Now starting branching with general disjunction
Current branching Node number: 637
LP objective value: 117485
Node lower bound: 117485
Node upper bound: 238334
gap to the primal bound: 4.58591
Preck submodel is infeasible, continue branching
Time limit exceeded (1134.97s), stopping submodel solve loop
General disjunction: No feasible solution found, use SCIP default branching rule
_____________________________________
Now starting branching with general disjunction
Current branching Node number: 529
LP objective value: 56667
Node lower bound: 56667
Node upper bound: 238334
gap to the primal bound: 4.58591
Preck submodel is infeasible, continue branching
General disjunction: No feasible solution found, use SCIP default branching rule
_____________________________________
Now starting branching with general disjunction
Current branching Node number: 535
LP objective value: 56667
Node lower bound: 56667
Node upper bound: 238334
gap to the primal bound: 4.58591
Preck submodel is infeasible, continue branching
General disjunction: No feasible solution found, use SCIP default branching rule
_____________________________________
Now starting branching with general disjunction
Current branching Node number: 47
LP objective value: 42667
Node lower bound: 42667
Node upper bound: 238334
gap to the primal bound: 4.58591
Preck submodel is infeasible, continue branching
General disjunction: No feasible solution found, use SCIP default branching rule
_____________________________________
Now starting branching with general disjunction
Current branching Node number: 644
LP objective value: 42667
Node lower bound: 42667
Node upper bound: 238334
gap to the primal bound: 4.58591
Preck submodel is infeasible, continue branching
General disjunction: No feasible solution found, use SCIP default branching rule
_____________________________________
Now starting branching with general disjunction
Current branching Node number: 646
LP objective value: 42667
Node lower bound: 42667
Node upper bound: 238334
gap to the primal bound: 4.58591
Preck submodel is infeasible, continue branching
General disjunction: No feasible solution found, use SCIP default branching rule
_____________________________________
Now starting branching with general disjunction
Current branching Node number: 649
LP objective value: 42667
Node lower bound: 42667
Node upper bound: 238334
gap to the primal bound: 4.58591
Preck submodel is infeasible, continue branching
General disjunction: No feasible solution found, use SCIP default branching rule
_____________________________________
Now starting branching with general disjunction
Current branching Node number: 651
LP objective value: 42667
Node lower bound: 42667
Node upper bound: 238334
gap to the primal bound: 4.58591
Preck submodel is infeasible, continue branching
General disjunction: No feasible solution found, use SCIP default branching rule
_____________________________________
Now starting branching with general disjunction
Current branching Node number: 653
LP objective value: 42667
Node lower bound: 42667
Node upper bound: 238334
gap to the primal bound: 4.58591
Preck submodel is infeasible, continue branching
General disjunction: No feasible solution found, use SCIP default branching rule
_____________________________________
Now starting branching with general disjunction
Current branching Node number: 655
LP objective value: 181000
Node lower bound: 181000
Node upper bound: 238334
gap to the primal bound: 4.58591
Preck submodel is infeasible, continue branching
General disjunction: No feasible solution found, use SCIP default branching rule
_____________________________________
Now starting branching with general disjunction
Current branching Node number: 656
LP objective value: 181000
Node lower bound: 181000
Node upper bound: 238334
gap to the primal bound: 4.58591
Preck submodel is infeasible, continue branching
General disjunction: No feasible solution found, use SCIP default branching rule
_____________________________________
Now starting branching with general disjunction
Current branching Node number: 647
LP objective value: 42667
Node lower bound: 42667
Node upper bound: 238334
gap to the primal bound: 4.58591
Preck submodel is infeasible, continue branching
General disjunction: No feasible solution found, use SCIP default branching rule
_____________________________________
Now starting branching with general disjunction
Current branching Node number: 661
LP objective value: 181000
Node lower bound: 181000
Node upper bound: 238334
gap to the primal bound: 4.58591
Preck submodel is infeasible, continue branching
General disjunction: No feasible solution found, use SCIP default branching rule
_____________________________________
Now starting branching with general disjunction
Current branching Node number: 663
LP objective value: 181000
Node lower bound: 181000
Node upper bound: 238334
gap to the primal bound: 4.58591
Preck submodel is infeasible, continue branching
Time limit exceeded (1051.02s), stopping submodel solve loop
General disjunction: No feasible solution found, use SCIP default branching rule
_____________________________________
Now starting branching with general disjunction
Current branching Node number: 665
LP objective value: 181000
Node lower bound: 181000
Node upper bound: 238334
gap to the primal bound: 4.58591
Preck submodel is infeasible, continue branching
Time limit exceeded (1068.99s), stopping submodel solve loop
General disjunction: No feasible solution found, use SCIP default branching rule
_____________________________________
Now starting branching with general disjunction
Current branching Node number: 667
LP objective value: 181000
Node lower bound: 181000
Node upper bound: 238334
gap to the primal bound: 4.58591
Preck submodel is infeasible, continue branching
Time limit exceeded (1013.44s), stopping submodel solve loop
General disjunction: Both Children are added
_____________________________________
Now starting branching with general disjunction
Current branching Node number: 668
LP objective value: 200000
Node lower bound: 200000
Node upper bound: 238334
gap to the primal bound: 4.58591
Preck submodel is infeasible, continue branching
General disjunction: No feasible solution found, use SCIP default branching rule
_____________________________________
Now starting branching with general disjunction
Current branching Node number: 660
LP objective value: 45250
Node lower bound: 45250
Node upper bound: 238334
gap to the primal bound: 4.58591
Preck submodel is infeasible, continue branching
General disjunction: No feasible solution found, use SCIP default branching rule
_____________________________________
Now starting branching with general disjunction
Current branching Node number: 673
LP objective value: 181000
Node lower bound: 181000
Node upper bound: 238334
gap to the primal bound: 4.58591
Preck submodel is infeasible, continue branching
General disjunction: No feasible solution found, use SCIP default branching rule
_____________________________________
Now starting branching with general disjunction
Current branching Node number: 675
LP objective value: 181000
Node lower bound: 181000
Node upper bound: 238334
gap to the primal bound: 4.58591
Preck submodel is infeasible, continue branching
Time limit exceeded (1085.41s), stopping submodel solve loop
General disjunction: No feasible solution found, use SCIP default branching rule
_____________________________________
Now starting branching with general disjunction
Current branching Node number: 677
LP objective value: 181000
Node lower bound: 181000
Node upper bound: 238334
gap to the primal bound: 4.58591
Preck submodel is infeasible, continue branching
General disjunction: No feasible solution found, use SCIP default branching rule
_____________________________________
Now starting branching with general disjunction
Current branching Node number: 679
LP objective value: 181000
Node lower bound: 181000
Node upper bound: 238334
gap to the primal bound: 4.58591
Preck submodel is infeasible, continue branching
General disjunction: No feasible solution found, use SCIP default branching rule
_____________________________________
Now starting branching with general disjunction
Current branching Node number: 681
LP objective value: 181000
Node lower bound: 181000
Node upper bound: 238334
gap to the primal bound: 4.58591
Preck submodel is infeasible, continue branching
Time limit exceeded (1093.44s), stopping submodel solve loop
General disjunction: No feasible solution found, use SCIP default branching rule
_____________________________________
Now starting branching with general disjunction
Current branching Node number: 49
LP objective value: 42667
Node lower bound: 42667
Node upper bound: 238334
gap to the primal bound: 4.58591
Preck submodel is infeasible, continue branching
General disjunction: No feasible solution found, use SCIP default branching rule
_____________________________________
Now starting branching with general disjunction
Current branching Node number: 684
LP objective value: 42667
Node lower bound: 42667
Node upper bound: 238334
gap to the primal bound: 4.58591
Preck submodel is infeasible, continue branching
General disjunction: No feasible solution found, use SCIP default branching rule
_____________________________________
Now starting branching with general disjunction
Current branching Node number: 686
LP objective value: 42667
Node lower bound: 42667
Node upper bound: 238334
gap to the primal bound: 4.58591
Preck submodel is infeasible, continue branching
General disjunction: No feasible solution found, use SCIP default branching rule
_____________________________________
Now starting branching with general disjunction
Current branching Node number: 689
LP objective value: 42667
Node lower bound: 42667
Node upper bound: 238334
gap to the primal bound: 4.58591
Preck submodel is infeasible, continue branching
General disjunction: No feasible solution found, use SCIP default branching rule
_____________________________________
Now starting branching with general disjunction
Current branching Node number: 691
LP objective value: 42667
Node lower bound: 42667
Node upper bound: 238334
gap to the primal bound: 4.58591
Preck submodel is infeasible, continue branching
General disjunction: No feasible solution found, use SCIP default branching rule
_____________________________________
Now starting branching with general disjunction
Current branching Node number: 693
LP objective value: 42667
Node lower bound: 42667
Node upper bound: 238334
gap to the primal bound: 4.58591
Preck submodel is infeasible, continue branching
General disjunction: No feasible solution found, use SCIP default branching rule
_____________________________________
Now starting branching with general disjunction
Current branching Node number: 695
LP objective value: 42667
Node lower bound: 42667
Node upper bound: 238334
gap to the primal bound: 4.58591
Preck submodel is infeasible, continue branching
General disjunction: No feasible solution found, use SCIP default branching rule
_____________________________________
Now starting branching with general disjunction
Current branching Node number: 697
LP objective value: 42667
Node lower bound: 42667
Node upper bound: 238334
gap to the primal bound: 4.58591
Preck submodel is infeasible, continue branching
General disjunction: No feasible solution found, use SCIP default branching rule
_____________________________________
Now starting branching with general disjunction
Current branching Node number: 698
LP objective value: 45250
Node lower bound: 45250
Node upper bound: 238334
gap to the primal bound: 4.58591
Preck submodel is infeasible, continue branching
General disjunction: No feasible solution found, use SCIP default branching rule
_____________________________________
Now starting branching with general disjunction
Current branching Node number: 700
LP objective value: 51714.3
Node lower bound: 51714.3
Node upper bound: 238334
gap to the primal bound: 4.58591
Preck submodel is infeasible, continue branching
General disjunction: No feasible solution found, use SCIP default branching rule
_____________________________________
Now starting branching with general disjunction
Current branching Node number: 703
LP objective value: 51714.3
Node lower bound: 51714.3
Node upper bound: 238334
gap to the primal bound: 4.58591
Preck submodel is infeasible, continue branching
General disjunction: No feasible solution found, use SCIP default branching rule
_____________________________________
Now starting branching with general disjunction
Current branching Node number: 704
LP objective value: 51714.3
Node lower bound: 51714.3
Node upper bound: 238334
gap to the primal bound: 4.58591
Preck submodel is infeasible, continue branching
General disjunction: No feasible solution found, use SCIP default branching rule
_____________________________________
Now starting branching with general disjunction
Current branching Node number: 707
LP objective value: 51714.3
Node lower bound: 51714.3
Node upper bound: 238334
gap to the primal bound: 4.58591
Preck submodel is infeasible, continue branching
General disjunction: No feasible solution found, use SCIP default branching rule
_____________________________________
Now starting branching with general disjunction
Current branching Node number: 709
LP objective value: 51714.3
Node lower bound: 51714.3
Node upper bound: 238334
gap to the primal bound: 4.58591
Preck submodel is infeasible, continue branching
General disjunction: No feasible solution found, use SCIP default branching rule
_____________________________________
Now starting branching with general disjunction
Current branching Node number: 710
LP objective value: 51714.3
Node lower bound: 51714.3
Node upper bound: 238334
gap to the primal bound: 4.58591
Preck submodel is infeasible, continue branching
General disjunction: No feasible solution found, use SCIP default branching rule
_____________________________________
Now starting branching with general disjunction
Current branching Node number: 713
LP objective value: 51714.3
Node lower bound: 51714.3
Node upper bound: 238334
gap to the primal bound: 4.58591
Preck submodel is infeasible, continue branching
General disjunction: No feasible solution found, use SCIP default branching rule
_____________________________________
Now starting branching with general disjunction
Current branching Node number: 715
LP objective value: 51714.3
Node lower bound: 51714.3
Node upper bound: 238334
gap to the primal bound: 4.58591
Preck submodel is infeasible, continue branching
General disjunction: No feasible solution found, use SCIP default branching rule
_____________________________________
Now starting branching with general disjunction
Current branching Node number: 716
LP objective value: 51714.3
Node lower bound: 51714.3
Node upper bound: 238334
gap to the primal bound: 4.58591
Preck submodel is infeasible, continue branching
General disjunction: No feasible solution found, use SCIP default branching rule
_____________________________________
Now starting branching with general disjunction
Current branching Node number: 718
LP objective value: 51714.3
Node lower bound: 51714.3
Node upper bound: 238334
gap to the primal bound: 4.58591
Preck submodel is infeasible, continue branching
General disjunction: No feasible solution found, use SCIP default branching rule
_____________________________________
Now starting branching with general disjunction
Current branching Node number: 721
LP objective value: 51715
Node lower bound: 51715
Node upper bound: 238334
gap to the primal bound: 4.58591
Preck submodel is infeasible, continue branching
General disjunction: No feasible solution found, use SCIP default branching rule
_____________________________________
Now starting branching with general disjunction
Current branching Node number: 722
LP objective value: 60333.3
Node lower bound: 60333.3
Node upper bound: 238334
gap to the primal bound: 4.58591
Preck submodel is infeasible, continue branching
General disjunction: No feasible solution found, use SCIP default branching rule
_____________________________________
Now starting branching with general disjunction
Current branching Node number: 725
LP objective value: 60333.3
Node lower bound: 60333.3
Node upper bound: 238334
gap to the primal bound: 4.58591
Preck submodel is infeasible, continue branching
General disjunction: No feasible solution found, use SCIP default branching rule
_____________________________________
Now starting branching with general disjunction
Current branching Node number: 726
LP objective value: 60333.3
Node lower bound: 60333.3
Node upper bound: 238334
gap to the primal bound: 4.58591
Preck submodel is infeasible, continue branching
General disjunction: No feasible solution found, use SCIP default branching rule
_____________________________________
Now starting branching with general disjunction
Current branching Node number: 729
LP objective value: 60333.3
Node lower bound: 60333.3
Node upper bound: 238334
gap to the primal bound: 4.58591
Preck submodel is infeasible, continue branching
General disjunction: No feasible solution found, use SCIP default branching rule
_____________________________________
Now starting branching with general disjunction
Current branching Node number: 731
LP objective value: 60333.3
Node lower bound: 60333.3
Node upper bound: 238334
gap to the primal bound: 4.58591
Preck submodel is infeasible, continue branching
General disjunction: No feasible solution found, use SCIP default branching rule
_____________________________________
Now starting branching with general disjunction
Current branching Node number: 672
LP objective value: 51714.3
Node lower bound: 51714.3
Node upper bound: 238334
gap to the primal bound: 4.58591
Preck submodel is infeasible, continue branching
General disjunction: No feasible solution found, use SCIP default branching rule
_____________________________________
Now starting branching with general disjunction
Current branching Node number: 735
LP objective value: 51714.3
Node lower bound: 51714.3
Node upper bound: 238334
gap to the primal bound: 4.58591
Preck submodel is infeasible, continue branching
General disjunction: No feasible solution found, use SCIP default branching rule
_____________________________________
Now starting branching with general disjunction
Current branching Node number: 737
LP objective value: 51714.3
Node lower bound: 51714.3
Node upper bound: 238334
gap to the primal bound: 4.58591
Preck submodel is infeasible, continue branching
General disjunction: No feasible solution found, use SCIP default branching rule
_____________________________________
Now starting branching with general disjunction
Current branching Node number: 738
LP objective value: 51714.3
Node lower bound: 51714.3
Node upper bound: 238334
gap to the primal bound: 4.58591
Preck submodel is infeasible, continue branching
Time limit exceeded (1266.82s), stopping submodel solve loop
General disjunction: Only Right constraint added:
_____________________________________
Now starting branching with general disjunction
Current branching Node number: 738
LP objective value: 60333.3
Node lower bound: 60333.3
Node upper bound: 238334
gap to the primal bound: 4.58591
Preck submodel is infeasible, continue branching
General disjunction: No feasible solution found, use SCIP default branching rule
  533m|   400 |   341 | 32458 |  80.6 |    14M |  56 |1211 |1342 |1342 |   0 |  2 |   0 | 162 | 4.266700e+04 | 2.383340e+05 | 458.59%| unknown
_____________________________________
Now starting branching with general disjunction
Current branching Node number: 741
LP objective value: 60333.3
Node lower bound: 60333.3
Node upper bound: 238334
gap to the primal bound: 4.58591
Preck submodel is infeasible, continue branching
General disjunction: No feasible solution found, use SCIP default branching rule
_____________________________________
Now starting branching with general disjunction
Current branching Node number: 654
LP objective value: 45250
Node lower bound: 45250
Node upper bound: 238334
gap to the primal bound: 4.58591
Preck submodel is infeasible, continue branching
General disjunction: No feasible solution found, use SCIP default branching rule
_____________________________________
Now starting branching with general disjunction
Current branching Node number: 745
LP objective value: 181000
Node lower bound: 181000
Node upper bound: 238334
gap to the primal bound: 4.58591
Preck submodel is infeasible, continue branching
General disjunction: No feasible solution found, use SCIP default branching rule
_____________________________________
Now starting branching with general disjunction
Current branching Node number: 746
LP objective value: 181000
Node lower bound: 181000
Node upper bound: 238334
gap to the primal bound: 4.58591
Preck submodel is infeasible, continue branching
General disjunction: No feasible solution found, use SCIP default branching rule
_____________________________________
Now starting branching with general disjunction
Current branching Node number: 749
LP objective value: 181000
Node lower bound: 181000
Node upper bound: 238334
gap to the primal bound: 4.58591
Preck submodel is infeasible, continue branching
General disjunction: No feasible solution found, use SCIP default branching rule
_____________________________________
Now starting branching with general disjunction
Current branching Node number: 751
Relpscost reduced domain, skip general disjunction branching
_____________________________________
Now starting branching with general disjunction
Current branching Node number: 751
LP objective value: 224417
Node lower bound: 224417
Node upper bound: 238334
gap to the primal bound: 4.58591
Preck submodel is infeasible, continue branching
General disjunction: No feasible solution found, use SCIP default branching rule
_____________________________________
Now starting branching with general disjunction
Current branching Node number: 752
LP objective value: 224417
Node lower bound: 224417
Node upper bound: 238334
gap to the primal bound: 4.58591
Preck submodel is infeasible, continue branching
General disjunction: No feasible solution found, use SCIP default branching rule
_____________________________________
Now starting branching with general disjunction
Current branching Node number: 744
LP objective value: 51714.3
Node lower bound: 51714.3
Node upper bound: 238334
gap to the primal bound: 4.58591
Preck submodel is infeasible, continue branching
General disjunction: No feasible solution found, use SCIP default branching rule
_____________________________________
Now starting branching with general disjunction
Current branching Node number: 757
LP objective value: 51714.3
Node lower bound: 51714.3
Node upper bound: 238334
gap to the primal bound: 4.58591
Preck submodel is infeasible, continue branching
General disjunction: No feasible solution found, use SCIP default branching rule
_____________________________________
Now starting branching with general disjunction
Current branching Node number: 758
LP objective value: 51714.3
Node lower bound: 51714.3
Node upper bound: 238334
gap to the primal bound: 4.58591
Preck submodel is infeasible, continue branching
General disjunction: No feasible solution found, use SCIP default branching rule
_____________________________________
Now starting branching with general disjunction
Current branching Node number: 760
LP objective value: 51714.3
Node lower bound: 51714.3
Node upper bound: 238334
gap to the primal bound: 4.58591
Preck submodel is infeasible, continue branching
Time limit exceeded (1089.65s), stopping submodel solve loop
General disjunction: Both Children are added
_____________________________________
Now starting branching with general disjunction
Current branching Node number: 762
LP objective value: 181000
Node lower bound: 181000
Node upper bound: 238334
gap to the primal bound: 4.58591
Preck submodel is infeasible, continue branching
General disjunction: No feasible solution found, use SCIP default branching rule
_____________________________________
Now starting branching with general disjunction
Current branching Node number: 764
LP objective value: 181000
Node lower bound: 181000
Node upper bound: 238334
gap to the primal bound: 4.58591
Preck submodel is infeasible, continue branching
General disjunction: No feasible solution found, use SCIP default branching rule
_____________________________________
Now starting branching with general disjunction
Current branching Node number: 767
LP objective value: 181000
Node lower bound: 181000
Node upper bound: 238334
gap to the primal bound: 4.58591
Preck submodel is infeasible, continue branching
General disjunction: No feasible solution found, use SCIP default branching rule
_____________________________________
Now starting branching with general disjunction
Current branching Node number: 768
LP objective value: 181000
Node lower bound: 181000
Node upper bound: 238334
gap to the primal bound: 4.58591
Preck submodel is infeasible, continue branching
General disjunction: No feasible solution found, use SCIP default branching rule
_____________________________________
Now starting branching with general disjunction
Current branching Node number: 770
LP objective value: 181000
Node lower bound: 181000
Node upper bound: 238334
gap to the primal bound: 4.58591
Preck submodel is infeasible, continue branching
General disjunction: No feasible solution found, use SCIP default branching rule
_____________________________________
Now starting branching with general disjunction
Current branching Node number: 772
LP objective value: 181000
Node lower bound: 181000
Node upper bound: 238334
gap to the primal bound: 4.58591
Preck submodel is infeasible, continue branching
General disjunction: No feasible solution found, use SCIP default branching rule
_____________________________________
Now starting branching with general disjunction
Current branching Node number: 652
LP objective value: 42667
Node lower bound: 42667
Node upper bound: 238334
gap to the primal bound: 4.58591
Preck submodel is infeasible, continue branching
General disjunction: No feasible solution found, use SCIP default branching rule
_____________________________________
Now starting branching with general disjunction
Current branching Node number: 777
LP objective value: 42667
Node lower bound: 42667
Node upper bound: 238334
gap to the primal bound: 4.58591
Preck submodel is infeasible, continue branching
General disjunction: No feasible solution found, use SCIP default branching rule
_____________________________________
Now starting branching with general disjunction
Current branching Node number: 779
LP objective value: 181000
Node lower bound: 181000
Node upper bound: 238334
gap to the primal bound: 4.58591
Preck submodel is infeasible, continue branching
General disjunction: No feasible solution found, use SCIP default branching rule
_____________________________________
Now starting branching with general disjunction
Current branching Node number: 781
LP objective value: 181000
Node lower bound: 181000
Node upper bound: 238334
gap to the primal bound: 4.58591
Preck submodel is infeasible, continue branching
General disjunction: No feasible solution found, use SCIP default branching rule
_____________________________________
Now starting branching with general disjunction
Current branching Node number: 783
LP objective value: 181000
Node lower bound: 181000
Node upper bound: 238334
gap to the primal bound: 4.58591
Preck submodel is infeasible, continue branching
General disjunction: No feasible solution found, use SCIP default branching rule
_____________________________________
Now starting branching with general disjunction
Current branching Node number: 785
LP objective value: 181000
Node lower bound: 181000
Node upper bound: 238334
gap to the primal bound: 4.58591
Preck submodel is infeasible, continue branching
General disjunction: No feasible solution found, use SCIP default branching rule
_____________________________________
Now starting branching with general disjunction
Current branching Node number: 778
LP objective value: 45250
Node lower bound: 45250
Node upper bound: 238334
gap to the primal bound: 4.58591
Preck submodel is infeasible, continue branching
General disjunction: No feasible solution found, use SCIP default branching rule
_____________________________________
Now starting branching with general disjunction
Current branching Node number: 789
LP objective value: 181000
Node lower bound: 181000
Node upper bound: 238334
gap to the primal bound: 4.58591
Preck submodel is infeasible, continue branching
General disjunction: No feasible solution found, use SCIP default branching rule
_____________________________________
Now starting branching with general disjunction
Current branching Node number: 791
LP objective value: 181000
Node lower bound: 181000
Node upper bound: 238334
gap to the primal bound: 4.58591
Preck submodel is infeasible, continue branching
General disjunction: No feasible solution found, use SCIP default branching rule
_____________________________________
Now starting branching with general disjunction
Current branching Node number: 793
LP objective value: 181000
Node lower bound: 181000
Node upper bound: 238334
gap to the primal bound: 4.58591
Preck submodel is infeasible, continue branching
Time limit exceeded (1050.01s), stopping submodel solve loop
General disjunction: No feasible solution found, use SCIP default branching rule
_____________________________________
Now starting branching with general disjunction
Current branching Node number: 795
LP objective value: 181000
Node lower bound: 181000
Node upper bound: 238334
gap to the primal bound: 4.58591
Preck submodel is infeasible, continue branching
General disjunction: No feasible solution found, use SCIP default branching rule
_____________________________________
Now starting branching with general disjunction
Current branching Node number: 797
LP objective value: 181000
Node lower bound: 181000
Node upper bound: 238334
gap to the primal bound: 4.58591
Preck submodel is infeasible, continue branching
Time limit exceeded (1004.1s), stopping submodel solve loop
General disjunction: No feasible solution found, use SCIP default branching rule
_____________________________________
Now starting branching with general disjunction
Current branching Node number: 788
LP objective value: 51714.3
Node lower bound: 51714.3
Node upper bound: 238334
gap to the primal bound: 4.58591
Preck submodel is infeasible, continue branching
General disjunction: No feasible solution found, use SCIP default branching rule
_____________________________________
Now starting branching with general disjunction
Current branching Node number: 801
LP objective value: 51714.3
Node lower bound: 51714.3
Node upper bound: 238334
gap to the primal bound: 4.58591
Preck submodel is infeasible, continue branching
General disjunction: No feasible solution found, use SCIP default branching rule
_____________________________________
Now starting branching with general disjunction
Current branching Node number: 803
LP objective value: 51714.3
Node lower bound: 51714.3
Node upper bound: 238334
gap to the primal bound: 4.58591
Preck submodel is infeasible, continue branching
General disjunction: No feasible solution found, use SCIP default branching rule
_____________________________________
Now starting branching with general disjunction
Current branching Node number: 805
LP objective value: 51714.3
Node lower bound: 51714.3
Node upper bound: 238334
gap to the primal bound: 4.58591
Preck submodel is infeasible, continue branching
General disjunction: No feasible solution found, use SCIP default branching rule
_____________________________________
Now starting branching with general disjunction
Current branching Node number: 807
LP objective value: 51714.3
Node lower bound: 51714.3
Node upper bound: 238334
gap to the primal bound: 4.58591
Preck submodel is infeasible, continue branching
General disjunction: No feasible solution found, use SCIP default branching rule
_____________________________________
Now starting branching with general disjunction
Current branching Node number: 809
LP objective value: 51714.3
Node lower bound: 51714.3
Node upper bound: 238334
gap to the primal bound: 4.58591
Preck submodel is infeasible, continue branching
General disjunction: No feasible solution found, use SCIP default branching rule
_____________________________________
Now starting branching with general disjunction
Current branching Node number: 810
LP objective value: 51714.3
Node lower bound: 51714.3
Node upper bound: 238334
gap to the primal bound: 4.58591
Preck submodel is infeasible, continue branching
General disjunction: No feasible solution found, use SCIP default branching rule
_____________________________________
Now starting branching with general disjunction
Current branching Node number: 813
LP objective value: 51715
Node lower bound: 51715
Node upper bound: 238334
gap to the primal bound: 4.58591
Preck submodel is infeasible, continue branching
General disjunction: No feasible solution found, use SCIP default branching rule
_____________________________________
Now starting branching with general disjunction
Current branching Node number: 814
LP objective value: 60333.3
Node lower bound: 60333.3
Node upper bound: 238334
gap to the primal bound: 4.58591
Preck submodel is infeasible, continue branching
General disjunction: No feasible solution found, use SCIP default branching rule
_____________________________________
Now starting branching with general disjunction
Current branching Node number: 816
LP objective value: 60333.3
Node lower bound: 60333.3
Node upper bound: 238334
gap to the primal bound: 4.58591
Preck submodel is infeasible, continue branching
Time limit exceeded (1018.99s), stopping submodel solve loop
General disjunction: Only Left constraint added:
_____________________________________
Now starting branching with general disjunction
Current branching Node number: 816
LP objective value: 121834
Node lower bound: 121834
Node upper bound: 238334
gap to the primal bound: 4.58591
Preck submodel is infeasible, continue branching
General disjunction: No feasible solution found, use SCIP default branching rule
_____________________________________
Now starting branching with general disjunction
Current branching Node number: 817
LP objective value: 60333.3
Node lower bound: 60333.3
Node upper bound: 238334
gap to the primal bound: 4.58591
Preck submodel is infeasible, continue branching
General disjunction: No feasible solution found, use SCIP default branching rule
_____________________________________
Now starting branching with general disjunction
Current branching Node number: 776
LP objective value: 42667
Node lower bound: 42667
Node upper bound: 238334
gap to the primal bound: 4.58591
Preck submodel is infeasible, continue branching
General disjunction: No feasible solution found, use SCIP default branching rule
_____________________________________
Now starting branching with general disjunction
Current branching Node number: 823
LP objective value: 181000
Node lower bound: 181000
Node upper bound: 238334
gap to the primal bound: 4.58591
Preck submodel is infeasible, continue branching
General disjunction: No feasible solution found, use SCIP default branching rule
_____________________________________
Now starting branching with general disjunction
Current branching Node number: 824
LP objective value: 181000
Node lower bound: 181000
Node upper bound: 238334
gap to the primal bound: 4.58591
Preck submodel is infeasible, continue branching
General disjunction: No feasible solution found, use SCIP default branching rule
_____________________________________
Now starting branching with general disjunction
Current branching Node number: 827
LP objective value: 181000
Node lower bound: 181000
Node upper bound: 238334
gap to the primal bound: 4.58591
Preck submodel is infeasible, continue branching
General disjunction: No feasible solution found, use SCIP default branching rule
_____________________________________
Now starting branching with general disjunction
Current branching Node number: 829
LP objective value: 181000
Node lower bound: 181000
Node upper bound: 238334
gap to the primal bound: 4.58591
Preck submodel is infeasible, continue branching
General disjunction: No feasible solution found, use SCIP default branching rule
_____________________________________
Now starting branching with general disjunction
Current branching Node number: 830
LP objective value: 181000
Node lower bound: 181000
Node upper bound: 238334
gap to the primal bound: 4.58591
Preck submodel is infeasible, continue branching
General disjunction: No feasible solution found, use SCIP default branching rule
_____________________________________
Now starting branching with general disjunction
Current branching Node number: 822
LP objective value: 45250
Node lower bound: 45250
Node upper bound: 238334
gap to the primal bound: 4.58591
Preck submodel is infeasible, continue branching
General disjunction: No feasible solution found, use SCIP default branching rule
_____________________________________
Now starting branching with general disjunction
Current branching Node number: 835
LP objective value: 181000
Node lower bound: 181000
Node upper bound: 238334
gap to the primal bound: 4.58591
Preck submodel is infeasible, continue branching
General disjunction: No feasible solution found, use SCIP default branching rule
_____________________________________
Now starting branching with general disjunction
Current branching Node number: 837
LP objective value: 181000
Node lower bound: 181000
Node upper bound: 238334
gap to the primal bound: 4.58591
Preck submodel is infeasible, continue branching
General disjunction: No feasible solution found, use SCIP default branching rule
_____________________________________
Now starting branching with general disjunction
Current branching Node number: 839
LP objective value: 181000
Node lower bound: 181000
Node upper bound: 238334
gap to the primal bound: 4.58591
Preck submodel is infeasible, continue branching
General disjunction: No feasible solution found, use SCIP default branching rule
_____________________________________
Now starting branching with general disjunction
Current branching Node number: 841
LP objective value: 181000
Node lower bound: 181000
Node upper bound: 238334
gap to the primal bound: 4.58591
Preck submodel is infeasible, continue branching
General disjunction: No feasible solution found, use SCIP default branching rule
_____________________________________
Now starting branching with general disjunction
Current branching Node number: 843
LP objective value: 181000
Node lower bound: 181000
Node upper bound: 238334
gap to the primal bound: 4.58591
Preck submodel is infeasible, continue branching
General disjunction: No feasible solution found, use SCIP default branching rule
_____________________________________
Now starting branching with general disjunction
Current branching Node number: 834
LP objective value: 51714.3
Node lower bound: 51714.3
Node upper bound: 238334
gap to the primal bound: 4.58591
Preck submodel is infeasible, continue branching
General disjunction: No feasible solution found, use SCIP default branching rule
_____________________________________
Now starting branching with general disjunction
Current branching Node number: 847
LP objective value: 51714.3
Node lower bound: 51714.3
Node upper bound: 238334
gap to the primal bound: 4.58591
Preck submodel is infeasible, continue branching
General disjunction: No feasible solution found, use SCIP default branching rule
_____________________________________
Now starting branching with general disjunction
Current branching Node number: 849
LP objective value: 51714.3
Node lower bound: 51714.3
Node upper bound: 238334
gap to the primal bound: 4.58591
Preck submodel is infeasible, continue branching
General disjunction: No feasible solution found, use SCIP default branching rule
_____________________________________
Now starting branching with general disjunction
Current branching Node number: 850
LP objective value: 60333.3
Node lower bound: 60333.3
Node upper bound: 238334
gap to the primal bound: 4.58591
Preck submodel is infeasible, continue branching
General disjunction: No feasible solution found, use SCIP default branching rule
_____________________________________
Now starting branching with general disjunction
Current branching Node number: 853
LP objective value: 60333.3
Node lower bound: 60333.3
Node upper bound: 238334
gap to the primal bound: 4.58591
Preck submodel is infeasible, continue branching
General disjunction: No feasible solution found, use SCIP default branching rule
_____________________________________
Now starting branching with general disjunction
Current branching Node number: 854
LP objective value: 60333.3
Node lower bound: 60333.3
Node upper bound: 238334
gap to the primal bound: 4.58591
Preck submodel is infeasible, continue branching
General disjunction: No feasible solution found, use SCIP default branching rule
_____________________________________
Now starting branching with general disjunction
Current branching Node number: 856
LP objective value: 72400
Node lower bound: 72400
Node upper bound: 238334
gap to the primal bound: 4.58591
Preck submodel is infeasible, continue branching
General disjunction: No feasible solution found, use SCIP default branching rule
_____________________________________
Now starting branching with general disjunction
Current branching Node number: 858
LP objective value: 72400
Node lower bound: 72400
Node upper bound: 238334
gap to the primal bound: 4.58591
Preck submodel is infeasible, continue branching
General disjunction: No feasible solution found, use SCIP default branching rule
_____________________________________
Now starting branching with general disjunction
Current branching Node number: 861
LP objective value: 72400
Node lower bound: 72400
Node upper bound: 238334
gap to the primal bound: 4.58591
Preck submodel is infeasible, continue branching
General disjunction: No feasible solution found, use SCIP default branching rule
_____________________________________
Now starting branching with general disjunction
Current branching Node number: 862
LP objective value: 72400
Node lower bound: 72400
Node upper bound: 238334
gap to the primal bound: 4.58591
Preck submodel is infeasible, continue branching
General disjunction: No feasible solution found, use SCIP default branching rule
_____________________________________
Now starting branching with general disjunction
Current branching Node number: 864
LP objective value: 72400
Node lower bound: 72400
Node upper bound: 238334
gap to the primal bound: 4.58591
Preck submodel is infeasible, continue branching
General disjunction: No feasible solution found, use SCIP default branching rule
_____________________________________
Now starting branching with general disjunction
Current branching Node number: 454
LP objective value: 42667
Node lower bound: 42667
Node upper bound: 238334
gap to the primal bound: 4.58591
Preck submodel is infeasible, continue branching
General disjunction: No feasible solution found, use SCIP default branching rule
_____________________________________
Now starting branching with general disjunction
Current branching Node number: 868
LP objective value: 42667
Node lower bound: 42667
Node upper bound: 238334
gap to the primal bound: 4.58591
Preck submodel is infeasible, continue branching
General disjunction: No feasible solution found, use SCIP default branching rule
_____________________________________
Now starting branching with general disjunction
Current branching Node number: 870
LP objective value: 45250
Node lower bound: 45250
Node upper bound: 238334
gap to the primal bound: 4.58591
Preck submodel is infeasible, continue branching
General disjunction: No feasible solution found, use SCIP default branching rule
_____________________________________
Now starting branching with general disjunction
Current branching Node number: 872
LP objective value: 45250
Node lower bound: 45250
Node upper bound: 238334
gap to the primal bound: 4.58591
Preck submodel is infeasible, continue branching
General disjunction: No feasible solution found, use SCIP default branching rule
_____________________________________
Now starting branching with general disjunction
Current branching Node number: 874
LP objective value: 51714.3
Node lower bound: 51714.3
Node upper bound: 238334
gap to the primal bound: 4.58591
Preck submodel is infeasible, continue branching
General disjunction: No feasible solution found, use SCIP default branching rule
_____________________________________
Now starting branching with general disjunction
Current branching Node number: 877
LP objective value: 51714.3
Node lower bound: 51714.3
Node upper bound: 238334
gap to the primal bound: 4.58591
Preck submodel is infeasible, continue branching
General disjunction: No feasible solution found, use SCIP default branching rule
_____________________________________
Now starting branching with general disjunction
Current branching Node number: 878
LP objective value: 51714.3
Node lower bound: 51714.3
Node upper bound: 238334
gap to the primal bound: 4.58591
Preck submodel is infeasible, continue branching
General disjunction: No feasible solution found, use SCIP default branching rule
_____________________________________
Now starting branching with general disjunction
Current branching Node number: 881
LP objective value: 51714.3
Node lower bound: 51714.3
Node upper bound: 238334
gap to the primal bound: 4.58591
Preck submodel is infeasible, continue branching
General disjunction: No feasible solution found, use SCIP default branching rule
_____________________________________
Now starting branching with general disjunction
Current branching Node number: 180
LP objective value: 51714.3
Node lower bound: 51714.3
Node upper bound: 238334
gap to the primal bound: 4.58591
Preck submodel is infeasible, continue branching
General disjunction: No feasible solution found, use SCIP default branching rule
_____________________________________
Now starting branching with general disjunction
Current branching Node number: 884
LP objective value: 51714.3
Node lower bound: 51714.3
Node upper bound: 238334
gap to the primal bound: 4.58591
Preck submodel is infeasible, continue branching
General disjunction: No feasible solution found, use SCIP default branching rule
_____________________________________
Now starting branching with general disjunction
Current branching Node number: 886
LP objective value: 60333.3
Node lower bound: 60333.3
Node upper bound: 238334
gap to the primal bound: 4.58591
Preck submodel is infeasible, continue branching
General disjunction: No feasible solution found, use SCIP default branching rule
_____________________________________
Now starting branching with general disjunction
Current branching Node number: 888
LP objective value: 60333.3
Node lower bound: 60333.3
Node upper bound: 238334
gap to the primal bound: 4.58591
Preck submodel is infeasible, continue branching
General disjunction: No feasible solution found, use SCIP default branching rule
_____________________________________
Now starting branching with general disjunction
Current branching Node number: 890
LP objective value: 60333.3
Node lower bound: 60333.3
Node upper bound: 238334
gap to the primal bound: 4.58591
Preck submodel is infeasible, continue branching
General disjunction: No feasible solution found, use SCIP default branching rule
_____________________________________
Now starting branching with general disjunction
Current branching Node number: 893
LP objective value: 60333.3
Node lower bound: 60333.3
Node upper bound: 238334
gap to the primal bound: 4.58591
Preck submodel is infeasible, continue branching
General disjunction: No feasible solution found, use SCIP default branching rule
_____________________________________
Now starting branching with general disjunction
Current branching Node number: 894
LP objective value: 72400
Node lower bound: 72400
Node upper bound: 238334
gap to the primal bound: 4.58591
Preck submodel is infeasible, continue branching
General disjunction: No feasible solution found, use SCIP default branching rule
_____________________________________
Now starting branching with general disjunction
Current branching Node number: 896
LP objective value: 90500
Node lower bound: 90500
Node upper bound: 238334
gap to the primal bound: 4.58591
Preck submodel is infeasible, continue branching
General disjunction: No feasible solution found, use SCIP default branching rule
_____________________________________
Now starting branching with general disjunction
Current branching Node number: 899
LP objective value: 90500
Node lower bound: 90500
Node upper bound: 238334
gap to the primal bound: 4.58591
Preck submodel is infeasible, continue branching
General disjunction: No feasible solution found, use SCIP default branching rule
_____________________________________
Now starting branching with general disjunction
Current branching Node number: 900
LP objective value: 90500
Node lower bound: 90500
Node upper bound: 238334
gap to the primal bound: 4.58591
Preck submodel is infeasible, continue branching
General disjunction: No feasible solution found, use SCIP default branching rule
_____________________________________
Now starting branching with general disjunction
Current branching Node number: 903
LP objective value: 181000
Node lower bound: 181000
Node upper bound: 238334
gap to the primal bound: 4.58591
Preck submodel is infeasible, continue branching
General disjunction: No feasible solution found, use SCIP default branching rule
_____________________________________
Now starting branching with general disjunction
Current branching Node number: 568
LP objective value: 56667
Node lower bound: 56667
Node upper bound: 238334
gap to the primal bound: 4.58591
Preck submodel is infeasible, continue branching
General disjunction: No feasible solution found, use SCIP default branching rule
_____________________________________
Now starting branching with general disjunction
Current branching Node number: 460
LP objective value: 45250
Node lower bound: 45250
Node upper bound: 238334
gap to the primal bound: 4.58591
Preck submodel is infeasible, continue branching
General disjunction: No feasible solution found, use SCIP default branching rule
_____________________________________
Now starting branching with general disjunction
Current branching Node number: 908
LP objective value: 45250
Node lower bound: 45250
Node upper bound: 238334
gap to the primal bound: 4.58591
Preck submodel is infeasible, continue branching
General disjunction: No feasible solution found, use SCIP default branching rule
_____________________________________
Now starting branching with general disjunction
Current branching Node number: 910
LP objective value: 51714.3
Node lower bound: 51714.3
Node upper bound: 238334
gap to the primal bound: 4.58591
Preck submodel is infeasible, continue branching
General disjunction: No feasible solution found, use SCIP default branching rule
_____________________________________
Now starting branching with general disjunction
Current branching Node number: 912
LP objective value: 51714.3
Node lower bound: 51714.3
Node upper bound: 238334
gap to the primal bound: 4.58591
Preck submodel is infeasible, continue branching
General disjunction: No feasible solution found, use SCIP default branching rule
_____________________________________
Now starting branching with general disjunction
Current branching Node number: 915
LP objective value: 51714.3
Node lower bound: 51714.3
Node upper bound: 238334
gap to the primal bound: 4.58591
Preck submodel is infeasible, continue branching
General disjunction: No feasible solution found, use SCIP default branching rule
_____________________________________
Now starting branching with general disjunction
Current branching Node number: 917
LP objective value: 51714.3
Node lower bound: 51714.3
Node upper bound: 238334
gap to the primal bound: 4.58591
Preck submodel is infeasible, continue branching
General disjunction: No feasible solution found, use SCIP default branching rule
_____________________________________
Now starting branching with general disjunction
Current branching Node number: 919
LP objective value: 51714.3
Node lower bound: 51714.3
Node upper bound: 238334
gap to the primal bound: 4.58591
Preck submodel is infeasible, continue branching
General disjunction: No feasible solution found, use SCIP default branching rule
  609m|   500 |   421 | 41047 |  81.6 |    14M |  56 |1211 |1342 |1342 |   0 |  0 |   0 | 180 | 4.266700e+04 | 2.383340e+05 | 458.59%| unknown
_____________________________________
Now starting branching with general disjunction
Current branching Node number: 645
LP objective value: 42667
Node lower bound: 42667
Node upper bound: 238334
gap to the primal bound: 4.58591
Preck submodel is infeasible, continue branching
General disjunction: No feasible solution found, use SCIP default branching rule
_____________________________________
Now starting branching with general disjunction
Current branching Node number: 922
LP objective value: 45250
Node lower bound: 45250
Node upper bound: 238334
gap to the primal bound: 4.58591
Preck submodel is infeasible, continue branching
General disjunction: No feasible solution found, use SCIP default branching rule
_____________________________________
Now starting branching with general disjunction
Current branching Node number: 924
LP objective value: 45250
Node lower bound: 45250
Node upper bound: 238334
gap to the primal bound: 4.58591
Preck submodel is infeasible, continue branching
General disjunction: No feasible solution found, use SCIP default branching rule
_____________________________________
Now starting branching with general disjunction
Current branching Node number: 927
LP objective value: 181000
Node lower bound: 181000
Node upper bound: 238334
gap to the primal bound: 4.58591
Preck submodel is infeasible, continue branching
General disjunction: No feasible solution found, use SCIP default branching rule
_____________________________________
Now starting branching with general disjunction
Current branching Node number: 929
LP objective value: 181000
Node lower bound: 181000
Node upper bound: 238334
gap to the primal bound: 4.58591
Preck submodel is infeasible, continue branching
General disjunction: No feasible solution found, use SCIP default branching rule
_____________________________________
Now starting branching with general disjunction
Current branching Node number: 931
LP objective value: 181000
Node lower bound: 181000
Node upper bound: 238334
gap to the primal bound: 4.58591
Preck submodel is infeasible, continue branching
Time limit exceeded (1000.07s), stopping submodel solve loop
General disjunction: No feasible solution found, use SCIP default branching rule
_____________________________________
Now starting branching with general disjunction
Current branching Node number: 482
LP objective value: 56667
Node lower bound: 56667
Node upper bound: 238334
gap to the primal bound: 4.58591
Preck submodel is infeasible, continue branching
General disjunction: No feasible solution found, use SCIP default branching rule
_____________________________________
Now starting branching with general disjunction
Current branching Node number: 935
LP objective value: 82000
Node lower bound: 82000
Node upper bound: 238334
gap to the primal bound: 4.58591
Preck submodel is infeasible, continue branching
General disjunction: No feasible solution found, use SCIP default branching rule
_____________________________________
Now starting branching with general disjunction
Current branching Node number: 936
LP objective value: 82000
Node lower bound: 82000
Node upper bound: 238334
gap to the primal bound: 4.58591
Preck submodel is infeasible, continue branching
General disjunction: No feasible solution found, use SCIP default branching rule
_____________________________________
Now starting branching with general disjunction
Current branching Node number: 938
LP objective value: 82000
Node lower bound: 82000
Node upper bound: 238334
gap to the primal bound: 4.58591
Preck submodel is infeasible, continue branching
General disjunction: No feasible solution found, use SCIP default branching rule
_____________________________________
Now starting branching with general disjunction
Current branching Node number: 940
LP objective value: 90500
Node lower bound: 90500
Node upper bound: 238334
gap to the primal bound: 4.58591
Preck submodel is infeasible, continue branching
General disjunction: No feasible solution found, use SCIP default branching rule
_____________________________________
Now starting branching with general disjunction
Current branching Node number: 942
LP objective value: 120667
Node lower bound: 120667
Node upper bound: 238334
gap to the primal bound: 4.58591
Preck submodel is infeasible, continue branching
General disjunction: No feasible solution found, use SCIP default branching rule
_____________________________________
Now starting branching with general disjunction
Current branching Node number: 241
LP objective value: 42667
Node lower bound: 42667
Node upper bound: 238334
gap to the primal bound: 4.58591
Preck submodel is infeasible, continue branching
General disjunction: No feasible solution found, use SCIP default branching rule
_____________________________________
Now starting branching with general disjunction
Current branching Node number: 946
LP objective value: 42667
Node lower bound: 42667
Node upper bound: 238334
gap to the primal bound: 4.58591
Preck submodel is infeasible, continue branching
General disjunction: No feasible solution found, use SCIP default branching rule
_____________________________________
Now starting branching with general disjunction
Current branching Node number: 948
LP objective value: 45250
Node lower bound: 45250
Node upper bound: 238334
gap to the primal bound: 4.58591
Preck submodel is infeasible, continue branching
General disjunction: No feasible solution found, use SCIP default branching rule
_____________________________________
Now starting branching with general disjunction
Current branching Node number: 951
LP objective value: 181000
Node lower bound: 181000
Node upper bound: 238334
gap to the primal bound: 4.58591
Preck submodel is infeasible, continue branching
General disjunction: No feasible solution found, use SCIP default branching rule
_____________________________________
Now starting branching with general disjunction
Current branching Node number: 952
LP objective value: 181000
Node lower bound: 181000
Node upper bound: 238334
gap to the primal bound: 4.58591
Preck submodel is infeasible, continue branching
General disjunction: No feasible solution found, use SCIP default branching rule
_____________________________________
Now starting branching with general disjunction
Current branching Node number: 954
LP objective value: 181000
Node lower bound: 181000
Node upper bound: 238334
gap to the primal bound: 4.58591
Preck submodel is infeasible, continue branching
General disjunction: No feasible solution found, use SCIP default branching rule
_____________________________________
Now starting branching with general disjunction
Current branching Node number: 234
LP objective value: 42667
Node lower bound: 42667
Node upper bound: 238334
gap to the primal bound: 4.58591
Preck submodel is infeasible, continue branching
General disjunction: No feasible solution found, use SCIP default branching rule
_____________________________________
Now starting branching with general disjunction
Current branching Node number: 958
LP objective value: 42667
Node lower bound: 42667
Node upper bound: 238334
gap to the primal bound: 4.58591
Preck submodel is infeasible, continue branching
General disjunction: No feasible solution found, use SCIP default branching rule
_____________________________________
Now starting branching with general disjunction
Current branching Node number: 960
LP objective value: 45250
Node lower bound: 45250
Node upper bound: 238334
gap to the primal bound: 4.58591
Preck submodel is infeasible, continue branching
General disjunction: No feasible solution found, use SCIP default branching rule
_____________________________________
Now starting branching with general disjunction
Current branching Node number: 963
LP objective value: 181000
Node lower bound: 181000
Node upper bound: 238334
gap to the primal bound: 4.58591
Preck submodel is infeasible, continue branching
General disjunction: No feasible solution found, use SCIP default branching rule
_____________________________________
Now starting branching with general disjunction
Current branching Node number: 965
LP objective value: 181000
Node lower bound: 181000
Node upper bound: 238334
gap to the primal bound: 4.58591
Preck submodel is infeasible, continue branching
General disjunction: No feasible solution found, use SCIP default branching rule
_____________________________________
Now starting branching with general disjunction
Current branching Node number: 967
LP objective value: 181000
Node lower bound: 181000
Node upper bound: 238334
gap to the primal bound: 4.58591
Preck submodel is infeasible, continue branching
General disjunction: No feasible solution found, use SCIP default branching rule
_____________________________________
Now starting branching with general disjunction
Current branching Node number: 563
LP objective value: 56667
Node lower bound: 56667
Node upper bound: 238334
gap to the primal bound: 4.58591
Preck submodel is infeasible, continue branching
General disjunction: No feasible solution found, use SCIP default branching rule
_____________________________________
Now starting branching with general disjunction
Current branching Node number: 971
LP objective value: 82000
Node lower bound: 82000
Node upper bound: 238334
gap to the primal bound: 4.58591
Preck submodel is infeasible, continue branching
General disjunction: No feasible solution found, use SCIP default branching rule
_____________________________________
Now starting branching with general disjunction
Current branching Node number: 972
LP objective value: 82000
Node lower bound: 82000
Node upper bound: 238334
gap to the primal bound: 4.58591
Preck submodel is infeasible, continue branching
General disjunction: No feasible solution found, use SCIP default branching rule
_____________________________________
Now starting branching with general disjunction
Current branching Node number: 974
LP objective value: 82000
Node lower bound: 82000
Node upper bound: 238334
gap to the primal bound: 4.58591
Preck submodel is infeasible, continue branching
General disjunction: No feasible solution found, use SCIP default branching rule
_____________________________________
Now starting branching with general disjunction
Current branching Node number: 977
LP objective value: 82000
Node lower bound: 82000
Node upper bound: 238334
gap to the primal bound: 4.58591
Preck submodel is infeasible, continue branching
General disjunction: No feasible solution found, use SCIP default branching rule
_____________________________________
Now starting branching with general disjunction
Current branching Node number: 979
LP objective value: 82000
Node lower bound: 82000
Node upper bound: 238334
gap to the primal bound: 4.58591
Preck submodel is infeasible, continue branching
General disjunction: No feasible solution found, use SCIP default branching rule
_____________________________________
Now starting branching with general disjunction
Current branching Node number: 161
LP objective value: 43667
Node lower bound: 43667
Node upper bound: 238334
gap to the primal bound: 4.58591
Preck submodel is infeasible, continue branching
General disjunction: No feasible solution found, use SCIP default branching rule
_____________________________________
Now starting branching with general disjunction
Current branching Node number: 982
LP objective value: 43667
Node lower bound: 43667
Node upper bound: 238334
gap to the primal bound: 4.58591
Preck submodel is infeasible, continue branching
General disjunction: No feasible solution found, use SCIP default branching rule
_____________________________________
Now starting branching with general disjunction
Current branching Node number: 984
LP objective value: 45250
Node lower bound: 45250
Node upper bound: 238334
gap to the primal bound: 4.58591
Preck submodel is infeasible, continue branching
General disjunction: No feasible solution found, use SCIP default branching rule
_____________________________________
Now starting branching with general disjunction
Current branching Node number: 987
LP objective value: 181000
Node lower bound: 181000
Node upper bound: 238334
gap to the primal bound: 4.58591
Preck submodel is infeasible, continue branching
General disjunction: No feasible solution found, use SCIP default branching rule
_____________________________________
Now starting branching with general disjunction
Current branching Node number: 989
LP objective value: 181000
Node lower bound: 181000
Node upper bound: 238334
gap to the primal bound: 4.58591
Preck submodel is infeasible, continue branching
General disjunction: No feasible solution found, use SCIP default branching rule
_____________________________________
Now starting branching with general disjunction
Current branching Node number: 991
LP objective value: 181000
Node lower bound: 181000
Node upper bound: 238334
gap to the primal bound: 4.58591
Preck submodel is infeasible, continue branching
General disjunction: No feasible solution found, use SCIP default branching rule
_____________________________________
Now starting branching with general disjunction
Current branching Node number: 163
LP objective value: 141000
Node lower bound: 141000
Node upper bound: 238334
gap to the primal bound: 4.58591
Preck submodel is infeasible, continue branching
General disjunction: No feasible solution found, use SCIP default branching rule
_____________________________________
Now starting branching with general disjunction
Current branching Node number: 994
LP objective value: 141000
Node lower bound: 141000
Node upper bound: 238334
gap to the primal bound: 4.58591
Preck submodel is infeasible, continue branching
General disjunction: No feasible solution found, use SCIP default branching rule
_____________________________________
Now starting branching with general disjunction
Current branching Node number: 997
LP objective value: 181000
Node lower bound: 181000
Node upper bound: 238334
gap to the primal bound: 4.58591
Preck submodel is infeasible, continue branching
General disjunction: No feasible solution found, use SCIP default branching rule
_____________________________________
Now starting branching with general disjunction
Current branching Node number: 998
LP objective value: 181000
Node lower bound: 181000
Node upper bound: 238334
gap to the primal bound: 4.58591
Preck submodel is infeasible, continue branching
General disjunction: No feasible solution found, use SCIP default branching rule
_____________________________________
Now starting branching with general disjunction
Current branching Node number: 1000
LP objective value: 181000
Node lower bound: 181000
Node upper bound: 238334
gap to the primal bound: 4.58591
Preck submodel is infeasible, continue branching
General disjunction: No feasible solution found, use SCIP default branching rule
_____________________________________
Now starting branching with general disjunction
Current branching Node number: 1002
LP objective value: 181000
Node lower bound: 181000
Node upper bound: 238334
gap to the primal bound: 4.58591
Preck submodel is infeasible, continue branching
General disjunction: No feasible solution found, use SCIP default branching rule
_____________________________________
Now starting branching with general disjunction
Current branching Node number: 571
LP objective value: 56667
Node lower bound: 56667
Node upper bound: 238334
gap to the primal bound: 4.58591
Preck submodel is infeasible, continue branching
General disjunction: No feasible solution found, use SCIP default branching rule
_____________________________________
Now starting branching with general disjunction
Current branching Node number: 848
LP objective value: 51714.3
Node lower bound: 51714.3
Node upper bound: 238334
gap to the primal bound: 4.58591
Preck submodel is infeasible, continue branching
General disjunction: No feasible solution found, use SCIP default branching rule
_____________________________________
Now starting branching with general disjunction
Current branching Node number: 1008
LP objective value: 60333.3
Node lower bound: 60333.3
Node upper bound: 238334
gap to the primal bound: 4.58591
Preck submodel is infeasible, continue branching
General disjunction: No feasible solution found, use SCIP default branching rule
_____________________________________
Now starting branching with general disjunction
Current branching Node number: 1011
LP objective value: 60333.3
Node lower bound: 60333.3
Node upper bound: 238334
gap to the primal bound: 4.58591
Preck submodel is infeasible, continue branching
General disjunction: No feasible solution found, use SCIP default branching rule
_____________________________________
Now starting branching with general disjunction
Current branching Node number: 1012
LP objective value: 72400
Node lower bound: 72400
Node upper bound: 238334
gap to the primal bound: 4.58591
Preck submodel is infeasible, continue branching
General disjunction: No feasible solution found, use SCIP default branching rule
_____________________________________
Now starting branching with general disjunction
Current branching Node number: 1015
LP objective value: 181000
Node lower bound: 181000
Node upper bound: 238334
gap to the primal bound: 4.58591
Preck submodel is infeasible, continue branching
General disjunction: No feasible solution found, use SCIP default branching rule
_____________________________________
Now starting branching with general disjunction
Current branching Node number: 1016
LP objective value: 181000
Node lower bound: 181000
Node upper bound: 238334
gap to the primal bound: 4.58591
Preck submodel is infeasible, continue branching
General disjunction: No feasible solution found, use SCIP default branching rule
_____________________________________
Now starting branching with general disjunction
Current branching Node number: 566
LP objective value: 56667
Node lower bound: 56667
Node upper bound: 238334
gap to the primal bound: 4.58591
Preck submodel is infeasible, continue branching
General disjunction: No feasible solution found, use SCIP default branching rule
_____________________________________
Now starting branching with general disjunction
Current branching Node number: 1021
LP objective value: 82000
Node lower bound: 82000
Node upper bound: 238334
gap to the primal bound: 4.58591
Preck submodel is infeasible, continue branching
General disjunction: No feasible solution found, use SCIP default branching rule
_____________________________________
Now starting branching with general disjunction
Current branching Node number: 1022
LP objective value: 82000
Node lower bound: 82000
Node upper bound: 238334
gap to the primal bound: 4.58591
Preck submodel is infeasible, continue branching
General disjunction: No feasible solution found, use SCIP default branching rule
_____________________________________
Now starting branching with general disjunction
Current branching Node number: 1025
LP objective value: 82000
Node lower bound: 82000
Node upper bound: 238334
gap to the primal bound: 4.58591
Preck submodel is infeasible, continue branching
General disjunction: No feasible solution found, use SCIP default branching rule
_____________________________________
Now starting branching with general disjunction
Current branching Node number: 1026
LP objective value: 82000
Node lower bound: 82000
Node upper bound: 238334
gap to the primal bound: 4.58591
Preck submodel is infeasible, continue branching
General disjunction: No feasible solution found, use SCIP default branching rule
_____________________________________
Now starting branching with general disjunction
Current branching Node number: 1028
LP objective value: 90500
Node lower bound: 90500
Node upper bound: 238334
gap to the primal bound: 4.58591
Preck submodel is infeasible, continue branching
General disjunction: No feasible solution found, use SCIP default branching rule
_____________________________________
Now starting branching with general disjunction
Current branching Node number: 558
LP objective value: 56667
Node lower bound: 56667
Node upper bound: 238334
gap to the primal bound: 4.58591
Preck submodel is infeasible, continue branching
General disjunction: No feasible solution found, use SCIP default branching rule
_____________________________________
Now starting branching with general disjunction
Current branching Node number: 1033
LP objective value: 82000
Node lower bound: 82000
Node upper bound: 238334
gap to the primal bound: 4.58591
Preck submodel is infeasible, continue branching
General disjunction: No feasible solution found, use SCIP default branching rule
_____________________________________
Now starting branching with general disjunction
Current branching Node number: 1034
LP objective value: 82000
Node lower bound: 82000
Node upper bound: 238334
gap to the primal bound: 4.58591
Preck submodel is infeasible, continue branching
General disjunction: No feasible solution found, use SCIP default branching rule
_____________________________________
Now starting branching with general disjunction
Current branching Node number: 1036
LP objective value: 82000
Node lower bound: 82000
Node upper bound: 238334
gap to the primal bound: 4.58591
Preck submodel is infeasible, continue branching
General disjunction: No feasible solution found, use SCIP default branching rule
_____________________________________
Now starting branching with general disjunction
Current branching Node number: 1039
LP objective value: 82000
Node lower bound: 82000
Node upper bound: 238334
gap to the primal bound: 4.58591
Preck submodel is infeasible, continue branching
General disjunction: No feasible solution found, use SCIP default branching rule
_____________________________________
Now starting branching with general disjunction
Current branching Node number: 1040
LP objective value: 90500
Node lower bound: 90500
Node upper bound: 238334
gap to the primal bound: 4.58591
Preck submodel is infeasible, continue branching
General disjunction: No feasible solution found, use SCIP default branching rule
_____________________________________
Now starting branching with general disjunction
Current branching Node number: 516
LP objective value: 56667
Node lower bound: 56667
Node upper bound: 238334
gap to the primal bound: 4.58591
Preck submodel is infeasible, continue branching
General disjunction: No feasible solution found, use SCIP default branching rule
_____________________________________
Now starting branching with general disjunction
Current branching Node number: 1045
LP objective value: 93084.5
Node lower bound: 93084.5
Node upper bound: 238334
gap to the primal bound: 4.58591
Preck submodel is infeasible, continue branching
General disjunction: No feasible solution found, use SCIP default branching rule
_____________________________________
Now starting branching with general disjunction
Current branching Node number: 1047
LP objective value: 188288
Node lower bound: 188288
Node upper bound: 238334
gap to the primal bound: 4.58591
Preck submodel is infeasible, continue branching
General disjunction: No feasible solution found, use SCIP default branching rule
_____________________________________
Now starting branching with general disjunction
Current branching Node number: 1048
LP objective value: 188288
Node lower bound: 188288
Node upper bound: 238334
gap to the primal bound: 4.58591
Preck submodel is infeasible, continue branching
General disjunction: No feasible solution found, use SCIP default branching rule
_____________________________________
Now starting branching with general disjunction
Current branching Node number: 468
LP objective value: 56667
Node lower bound: 56667
Node upper bound: 238334
gap to the primal bound: 4.58591
Preck submodel is infeasible, continue branching
General disjunction: No feasible solution found, use SCIP default branching rule
_____________________________________
Now starting branching with general disjunction
Current branching Node number: 1053
LP objective value: 82000
Node lower bound: 82000
Node upper bound: 238334
gap to the primal bound: 4.58591
Preck submodel is infeasible, continue branching
General disjunction: No feasible solution found, use SCIP default branching rule
_____________________________________
Now starting branching with general disjunction
Current branching Node number: 1054
LP objective value: 82000
Node lower bound: 82000
Node upper bound: 238334
gap to the primal bound: 4.58591
Preck submodel is infeasible, continue branching
General disjunction: No feasible solution found, use SCIP default branching rule
_____________________________________
Now starting branching with general disjunction
Current branching Node number: 1056
LP objective value: 82000
Node lower bound: 82000
Node upper bound: 238334
gap to the primal bound: 4.58591
Preck submodel is infeasible, continue branching
General disjunction: No feasible solution found, use SCIP default branching rule
_____________________________________
Now starting branching with general disjunction
Current branching Node number: 1058
LP objective value: 82000
Node lower bound: 82000
Node upper bound: 238334
gap to the primal bound: 4.58591
Preck submodel is infeasible, continue branching
General disjunction: No feasible solution found, use SCIP default branching rule
_____________________________________
Now starting branching with general disjunction
Current branching Node number: 1060
LP objective value: 90500
Node lower bound: 90500
Node upper bound: 238334
gap to the primal bound: 4.58591
Preck submodel is infeasible, continue branching
General disjunction: No feasible solution found, use SCIP default branching rule
_____________________________________
Now starting branching with general disjunction
Current branching Node number: 696
LP objective value: 42667
Node lower bound: 42667
Node upper bound: 238334
gap to the primal bound: 4.58591
Preck submodel is infeasible, continue branching
General disjunction: No feasible solution found, use SCIP default branching rule
_____________________________________
Now starting branching with general disjunction
Current branching Node number: 1064
LP objective value: 45250
Node lower bound: 45250
Node upper bound: 238334
gap to the primal bound: 4.58591
Preck submodel is infeasible, continue branching
General disjunction: No feasible solution found, use SCIP default branching rule
_____________________________________
Now starting branching with general disjunction
Current branching Node number: 1067
LP objective value: 181000
Node lower bound: 181000
Node upper bound: 238334
gap to the primal bound: 4.58591
Preck submodel is infeasible, continue branching
General disjunction: No feasible solution found, use SCIP default branching rule
_____________________________________
Now starting branching with general disjunction
Current branching Node number: 1069
LP objective value: 181000
Node lower bound: 181000
Node upper bound: 238334
gap to the primal bound: 4.58591
Preck submodel is infeasible, continue branching
Time limit exceeded (1174.63s), stopping submodel solve loop
General disjunction: Only Left constraint added:
_____________________________________
Now starting branching with general disjunction
Current branching Node number: 1069
LP objective value: 207111
Node lower bound: 207111
Node upper bound: 238334
gap to the primal bound: 4.58591
Preck submodel is infeasible, continue branching
General disjunction: No feasible solution found, use SCIP default branching rule
_____________________________________
Now starting branching with general disjunction
Current branching Node number: 1071
LP objective value: 207111
Node lower bound: 207111
Node upper bound: 238334
gap to the primal bound: 4.58591
Preck submodel is infeasible, continue branching
Time limit exceeded (1032.93s), stopping submodel solve loop
General disjunction: No feasible solution found, use SCIP default branching rule
_____________________________________
Now starting branching with general disjunction
Current branching Node number: 1073
LP objective value: 207111
Node lower bound: 207111
Node upper bound: 238334
gap to the primal bound: 4.58591
Preck submodel is infeasible, continue branching
Time limit exceeded (1032.67s), stopping submodel solve loop
General disjunction: No feasible solution found, use SCIP default branching rule
_____________________________________
Now starting branching with general disjunction
Current branching Node number: 648
LP objective value: 42667
Node lower bound: 42667
Node upper bound: 238334
gap to the primal bound: 4.58591
Preck submodel is infeasible, continue branching
General disjunction: No feasible solution found, use SCIP default branching rule
_____________________________________
Now starting branching with general disjunction
Current branching Node number: 1076
LP objective value: 45250
Node lower bound: 45250
Node upper bound: 238334
gap to the primal bound: 4.58591
Preck submodel is infeasible, continue branching
General disjunction: No feasible solution found, use SCIP default branching rule
_____________________________________
Now starting branching with general disjunction
Current branching Node number: 1079
LP objective value: 181000
Node lower bound: 181000
Node upper bound: 238334
gap to the primal bound: 4.58591
Preck submodel is infeasible, continue branching
General disjunction: No feasible solution found, use SCIP default branching rule
_____________________________________
Now starting branching with general disjunction
Current branching Node number: 1081
LP objective value: 181000
Node lower bound: 181000
Node upper bound: 238334
gap to the primal bound: 4.58591
Preck submodel is infeasible, continue branching
General disjunction: No feasible solution found, use SCIP default branching rule
_____________________________________
Now starting branching with general disjunction
Current branching Node number: 1083
LP objective value: 181000
Node lower bound: 181000
Node upper bound: 238334
gap to the primal bound: 4.58591
Preck submodel is infeasible, continue branching
Time limit exceeded (1006.93s), stopping submodel solve loop
General disjunction: Only Right constraint added:
_____________________________________
Now starting branching with general disjunction
Current branching Node number: 1083
LP objective value: 203220
Node lower bound: 203220
Node upper bound: 238334
gap to the primal bound: 4.58591
Preck submodel is infeasible, continue branching
General disjunction: No feasible solution found, use SCIP default branching rule
_____________________________________
Now starting branching with general disjunction
Current branching Node number: 1083
LP objective value: 203221
Node lower bound: 203221
Node upper bound: 238334
gap to the primal bound: 4.58591
Preck submodel is infeasible, continue branching
General disjunction: No feasible solution found, use SCIP default branching rule
_____________________________________
Now starting branching with general disjunction
Current branching Node number: 1085
LP objective value: 203221
Node lower bound: 203221
Node upper bound: 238334
gap to the primal bound: 4.58591
Preck submodel is infeasible, continue branching
General disjunction: No feasible solution found, use SCIP default branching rule
_____________________________________
Now starting branching with general disjunction
Current branching Node number: 500
LP objective value: 56667
Node lower bound: 56667
Node upper bound: 238334
gap to the primal bound: 4.58591
Preck submodel is infeasible, continue branching
General disjunction: No feasible solution found, use SCIP default branching rule
_____________________________________
Now starting branching with general disjunction
Current branching Node number: 1089
LP objective value: 82000
Node lower bound: 82000
Node upper bound: 238334
gap to the primal bound: 4.58591
Preck submodel is infeasible, continue branching
General disjunction: No feasible solution found, use SCIP default branching rule
_____________________________________
Now starting branching with general disjunction
Current branching Node number: 1090
LP objective value: 82000
Node lower bound: 82000
Node upper bound: 238334
gap to the primal bound: 4.58591
Preck submodel is infeasible, continue branching
General disjunction: No feasible solution found, use SCIP default branching rule
  703m|   600 |   493 | 56824 |  94.3 |    15M |  56 |1211 |1342 |1342 |   0 |  1 |   0 | 245 | 4.266700e+04 | 2.383340e+05 | 458.59%| unknown
_____________________________________
Now starting branching with general disjunction
Current branching Node number: 1093
LP objective value: 181000
Node lower bound: 181000
Node upper bound: 238334
gap to the primal bound: 4.58591
Preck submodel is infeasible, continue branching
General disjunction: No feasible solution found, use SCIP default branching rule
_____________________________________
Now starting branching with general disjunction
Current branching Node number: 1095
LP objective value: 181000
Node lower bound: 181000
Node upper bound: 238334
gap to the primal bound: 4.58591
Preck submodel is infeasible, continue branching
General disjunction: No feasible solution found, use SCIP default branching rule
_____________________________________
Now starting branching with general disjunction
Current branching Node number: 1097
Relpscost reduced domain, skip general disjunction branching
_____________________________________
Now starting branching with general disjunction
Current branching Node number: 1097
Relpscost reduced domain, skip general disjunction branching
_____________________________________
Now starting branching with general disjunction
Current branching Node number: 1097
LP objective value: 230275
Node lower bound: 230275
Node upper bound: 238334
gap to the primal bound: 4.58591
Preck submodel is infeasible, continue branching
General disjunction: No feasible solution found, use SCIP default branching rule
_____________________________________
Now starting branching with general disjunction
Current branching Node number: 239
LP objective value: 42667
Node lower bound: 42667
Node upper bound: 238334
gap to the primal bound: 4.58591
Preck submodel is infeasible, continue branching
General disjunction: No feasible solution found, use SCIP default branching rule
_____________________________________
Now starting branching with general disjunction
Current branching Node number: 1100
LP objective value: 42667
Node lower bound: 42667
Node upper bound: 238334
gap to the primal bound: 4.58591
Preck submodel is infeasible, continue branching
General disjunction: No feasible solution found, use SCIP default branching rule
_____________________________________
Now starting branching with general disjunction
Current branching Node number: 1102
LP objective value: 42667
Node lower bound: 42667
Node upper bound: 238334
gap to the primal bound: 4.58591
Preck submodel is infeasible, continue branching
General disjunction: No feasible solution found, use SCIP default branching rule
_____________________________________
Now starting branching with general disjunction
Current branching Node number: 1104
LP objective value: 45250
Node lower bound: 45250
Node upper bound: 238334
gap to the primal bound: 4.58591
Preck submodel is infeasible, continue branching
General disjunction: No feasible solution found, use SCIP default branching rule
_____________________________________
Now starting branching with general disjunction
Current branching Node number: 1107
LP objective value: 181000
Node lower bound: 181000
Node upper bound: 238334
gap to the primal bound: 4.58591
Preck submodel is infeasible, continue branching
General disjunction: No feasible solution found, use SCIP default branching rule
_____________________________________
Now starting branching with general disjunction
Current branching Node number: 1109
LP objective value: 181000
Node lower bound: 181000
Node upper bound: 238334
gap to the primal bound: 4.58591
Preck submodel is infeasible, continue branching
General disjunction: No feasible solution found, use SCIP default branching rule
_____________________________________
Now starting branching with general disjunction
Current branching Node number: 650
LP objective value: 42667
Node lower bound: 42667
Node upper bound: 238334
gap to the primal bound: 4.58591
Preck submodel is infeasible, continue branching
General disjunction: No feasible solution found, use SCIP default branching rule
_____________________________________
Now starting branching with general disjunction
Current branching Node number: 1112
LP objective value: 45250
Node lower bound: 45250
Node upper bound: 238334
gap to the primal bound: 4.58591
Preck submodel is infeasible, continue branching
General disjunction: No feasible solution found, use SCIP default branching rule
_____________________________________
Now starting branching with general disjunction
Current branching Node number: 1115
LP objective value: 181000
Node lower bound: 181000
Node upper bound: 238334
gap to the primal bound: 4.58591
Preck submodel is infeasible, continue branching
General disjunction: No feasible solution found, use SCIP default branching rule
_____________________________________
Now starting branching with general disjunction
Current branching Node number: 1116
LP objective value: 181000
Node lower bound: 181000
Node upper bound: 238334
gap to the primal bound: 4.58591
Preck submodel is infeasible, continue branching
General disjunction: No feasible solution found, use SCIP default branching rule
_____________________________________
Now starting branching with general disjunction
Current branching Node number: 1119
LP objective value: 181000
Node lower bound: 181000
Node upper bound: 238334
gap to the primal bound: 4.58591
Preck submodel is infeasible, continue branching
General disjunction: No feasible solution found, use SCIP default branching rule
_____________________________________
Now starting branching with general disjunction
Current branching Node number: 1120
LP objective value: 181000
Node lower bound: 181000
Node upper bound: 238334
gap to the primal bound: 4.58591
Preck submodel is infeasible, continue branching
General disjunction: No feasible solution found, use SCIP default branching rule
_____________________________________
Now starting branching with general disjunction
Current branching Node number: 538
LP objective value: 56667
Node lower bound: 56667
Node upper bound: 238334
gap to the primal bound: 4.58591
Preck submodel is infeasible, continue branching
General disjunction: No feasible solution found, use SCIP default branching rule
_____________________________________
Now starting branching with general disjunction
Current branching Node number: 514
LP objective value: 56667
Node lower bound: 56667
Node upper bound: 238334
gap to the primal bound: 4.58591
Preck submodel is infeasible, continue branching
General disjunction: No feasible solution found, use SCIP default branching rule
_____________________________________
Now starting branching with general disjunction
Current branching Node number: 1127
LP objective value: 93084.5
Node lower bound: 93084.5
Node upper bound: 238334
gap to the primal bound: 4.58591
Preck submodel is infeasible, continue branching
General disjunction: No feasible solution found, use SCIP default branching rule
_____________________________________
Now starting branching with general disjunction
Current branching Node number: 1129
LP objective value: 163500
Node lower bound: 163500
Node upper bound: 238334
gap to the primal bound: 4.58591
Preck submodel is infeasible, continue branching
General disjunction: No feasible solution found, use SCIP default branching rule
_____________________________________
Now starting branching with general disjunction
Current branching Node number: 1131
Relpscost reduced domain, skip general disjunction branching
_____________________________________
Now starting branching with general disjunction
Current branching Node number: 1131
LP objective value: 214193
Node lower bound: 214193
Node upper bound: 238334
gap to the primal bound: 4.58591
Preck submodel is infeasible, continue branching
General disjunction: No feasible solution found, use SCIP default branching rule
_____________________________________
Now starting branching with general disjunction
Current branching Node number: 1132
LP objective value: 214193
Node lower bound: 214193
Node upper bound: 238334
gap to the primal bound: 4.58591
Preck submodel is infeasible, continue branching
General disjunction: No feasible solution found, use SCIP default branching rule
_____________________________________
Now starting branching with general disjunction
Current branching Node number: 1134
LP objective value: 214193
Node lower bound: 214193
Node upper bound: 238334
gap to the primal bound: 4.58591
Preck submodel is infeasible, continue branching
General disjunction: No feasible solution found, use SCIP default branching rule
_____________________________________
Now starting branching with general disjunction
Current branching Node number: 450
LP objective value: 42667
Node lower bound: 42667
Node upper bound: 238334
gap to the primal bound: 4.58591
Preck submodel is infeasible, continue branching
General disjunction: No feasible solution found, use SCIP default branching rule
_____________________________________
Now starting branching with general disjunction
Current branching Node number: 1138
LP objective value: 42667
Node lower bound: 42667
Node upper bound: 238334
gap to the primal bound: 4.58591
Preck submodel is infeasible, continue branching
General disjunction: No feasible solution found, use SCIP default branching rule
_____________________________________
Now starting branching with general disjunction
Current branching Node number: 1140
LP objective value: 42667
Node lower bound: 42667
Node upper bound: 238334
gap to the primal bound: 4.58591
Preck submodel is infeasible, continue branching
General disjunction: No feasible solution found, use SCIP default branching rule
_____________________________________
Now starting branching with general disjunction
Current branching Node number: 1142
LP objective value: 45250
Node lower bound: 45250
Node upper bound: 238334
gap to the primal bound: 4.58591
Preck submodel is infeasible, continue branching
General disjunction: No feasible solution found, use SCIP default branching rule
_____________________________________
Now starting branching with general disjunction
Current branching Node number: 1145
LP objective value: 181000
Node lower bound: 181000
Node upper bound: 238334
gap to the primal bound: 4.58591
Preck submodel is infeasible, continue branching
General disjunction: No feasible solution found, use SCIP default branching rule
_____________________________________
Now starting branching with general disjunction
Current branching Node number: 1147
LP objective value: 181000
Node lower bound: 181000
Node upper bound: 238334
gap to the primal bound: 4.58591
Preck submodel is infeasible, continue branching
General disjunction: No feasible solution found, use SCIP default branching rule
_____________________________________
Now starting branching with general disjunction
Current branching Node number: 812
LP objective value: 51714.3
Node lower bound: 51714.3
Node upper bound: 238334
gap to the primal bound: 4.58591
Preck submodel is infeasible, continue branching
General disjunction: No feasible solution found, use SCIP default branching rule
_____________________________________
Now starting branching with general disjunction
Current branching Node number: 1150
LP objective value: 60333.3
Node lower bound: 60333.3
Node upper bound: 238334
gap to the primal bound: 4.58591
Preck submodel is infeasible, continue branching
General disjunction: No feasible solution found, use SCIP default branching rule
_____________________________________
Now starting branching with general disjunction
Current branching Node number: 1152
LP objective value: 72400
Node lower bound: 72400
Node upper bound: 238334
gap to the primal bound: 4.58591
Preck submodel is infeasible, continue branching
General disjunction: No feasible solution found, use SCIP default branching rule
_____________________________________
Now starting branching with general disjunction
Current branching Node number: 1154
LP objective value: 90500
Node lower bound: 90500
Node upper bound: 238334
gap to the primal bound: 4.58591
Preck submodel is infeasible, continue branching
General disjunction: No feasible solution found, use SCIP default branching rule
_____________________________________
Now starting branching with general disjunction
Current branching Node number: 685
LP objective value: 42667
Node lower bound: 42667
Node upper bound: 238334
gap to the primal bound: 4.58591
Preck submodel is infeasible, continue branching
General disjunction: No feasible solution found, use SCIP default branching rule
_____________________________________
Now starting branching with general disjunction
Current branching Node number: 1158
LP objective value: 45250
Node lower bound: 45250
Node upper bound: 238334
gap to the primal bound: 4.58591
Preck submodel is infeasible, continue branching
General disjunction: No feasible solution found, use SCIP default branching rule
_____________________________________
Now starting branching with general disjunction
Current branching Node number: 1160
LP objective value: 45250
Node lower bound: 45250
Node upper bound: 238334
gap to the primal bound: 4.58591
Preck submodel is infeasible, continue branching
General disjunction: No feasible solution found, use SCIP default branching rule
_____________________________________
Now starting branching with general disjunction
Current branching Node number: 1162
LP objective value: 51714.3
Node lower bound: 51714.3
Node upper bound: 238334
gap to the primal bound: 4.58591
Preck submodel is infeasible, continue branching
General disjunction: No feasible solution found, use SCIP default branching rule
_____________________________________
Now starting branching with general disjunction
Current branching Node number: 1165
LP objective value: 181000
Node lower bound: 181000
Node upper bound: 238334
gap to the primal bound: 4.58591
Preck submodel is infeasible, continue branching
General disjunction: No feasible solution found, use SCIP default branching rule
_____________________________________
Now starting branching with general disjunction
Current branching Node number: 1167
LP objective value: 181000
Node lower bound: 181000
Node upper bound: 238334
gap to the primal bound: 4.58591
Preck submodel is infeasible, continue branching
General disjunction: No feasible solution found, use SCIP default branching rule
_____________________________________
Now starting branching with general disjunction
Current branching Node number: 471
LP objective value: 56667
Node lower bound: 56667
Node upper bound: 238334
gap to the primal bound: 4.58591
Preck submodel is infeasible, continue branching
General disjunction: No feasible solution found, use SCIP default branching rule
_____________________________________
Now starting branching with general disjunction
Current branching Node number: 1171
LP objective value: 82000
Node lower bound: 82000
Node upper bound: 238334
gap to the primal bound: 4.58591
Preck submodel is infeasible, continue branching
General disjunction: No feasible solution found, use SCIP default branching rule
_____________________________________
Now starting branching with general disjunction
Current branching Node number: 1172
LP objective value: 82000
Node lower bound: 82000
Node upper bound: 238334
gap to the primal bound: 4.58591
Preck submodel is infeasible, continue branching
General disjunction: No feasible solution found, use SCIP default branching rule
_____________________________________
Now starting branching with general disjunction
Current branching Node number: 1174
LP objective value: 82000
Node lower bound: 82000
Node upper bound: 238334
gap to the primal bound: 4.58591
Preck submodel is infeasible, continue branching
General disjunction: No feasible solution found, use SCIP default branching rule
_____________________________________
Now starting branching with general disjunction
Current branching Node number: 1176
LP objective value: 90500
Node lower bound: 90500
Node upper bound: 238334
gap to the primal bound: 4.58591
Preck submodel is infeasible, continue branching
General disjunction: No feasible solution found, use SCIP default branching rule
_____________________________________
Now starting branching with general disjunction
Current branching Node number: 1178
LP objective value: 120667
Node lower bound: 120667
Node upper bound: 238334
gap to the primal bound: 4.58591
Preck submodel is infeasible, continue branching
General disjunction: No feasible solution found, use SCIP default branching rule
_____________________________________
Now starting branching with general disjunction
Current branching Node number: 687
LP objective value: 73500
Node lower bound: 73500
Node upper bound: 238334
gap to the primal bound: 4.58591
Preck submodel is infeasible, continue branching
General disjunction: No feasible solution found, use SCIP default branching rule
_____________________________________
Now starting branching with general disjunction
Current branching Node number: 1182
LP objective value: 73500
Node lower bound: 73500
Node upper bound: 238334
gap to the primal bound: 4.58591
Preck submodel is infeasible, continue branching
General disjunction: No feasible solution found, use SCIP default branching rule
_____________________________________
Now starting branching with general disjunction
Current branching Node number: 1184
LP objective value: 73500
Node lower bound: 73500
Node upper bound: 238334
gap to the primal bound: 4.58591
Preck submodel is infeasible, continue branching
General disjunction: No feasible solution found, use SCIP default branching rule
_____________________________________
Now starting branching with general disjunction
Current branching Node number: 1187
LP objective value: 181000
Node lower bound: 181000
Node upper bound: 238334
gap to the primal bound: 4.58591
Preck submodel is infeasible, continue branching
General disjunction: No feasible solution found, use SCIP default branching rule
_____________________________________
Now starting branching with general disjunction
Current branching Node number: 1189
LP objective value: 181000
Node lower bound: 181000
Node upper bound: 238334
gap to the primal bound: 4.58591
Preck submodel is infeasible, continue branching
General disjunction: No feasible solution found, use SCIP default branching rule
_____________________________________
Now starting branching with general disjunction
Current branching Node number: 1190
LP objective value: 181000
Node lower bound: 181000
Node upper bound: 238334
gap to the primal bound: 4.58591
Preck submodel is infeasible, continue branching
General disjunction: No feasible solution found, use SCIP default branching rule
_____________________________________
Now starting branching with general disjunction
Current branching Node number: 688
LP objective value: 42667
Node lower bound: 42667
Node upper bound: 238334
gap to the primal bound: 4.58591
Preck submodel is infeasible, continue branching
General disjunction: No feasible solution found, use SCIP default branching rule
_____________________________________
Now starting branching with general disjunction
Current branching Node number: 1194
LP objective value: 45250
Node lower bound: 45250
Node upper bound: 238334
gap to the primal bound: 4.58591
Preck submodel is infeasible, continue branching
General disjunction: No feasible solution found, use SCIP default branching rule
_____________________________________
Now starting branching with general disjunction
Current branching Node number: 1196
LP objective value: 51714.3
Node lower bound: 51714.3
Node upper bound: 238334
gap to the primal bound: 4.58591
Preck submodel is infeasible, continue branching
General disjunction: No feasible solution found, use SCIP default branching rule
_____________________________________
Now starting branching with general disjunction
Current branching Node number: 1199
LP objective value: 181000
Node lower bound: 181000
Node upper bound: 238334
gap to the primal bound: 4.58591
Preck submodel is infeasible, continue branching
General disjunction: No feasible solution found, use SCIP default branching rule
_____________________________________
Now starting branching with general disjunction
Current branching Node number: 1201
LP objective value: 181000
Node lower bound: 181000
Node upper bound: 238334
gap to the primal bound: 4.58591
Preck submodel is infeasible, continue branching
General disjunction: No feasible solution found, use SCIP default branching rule
_____________________________________
Now starting branching with general disjunction
Current branching Node number: 1203
LP objective value: 181000
Node lower bound: 181000
Node upper bound: 238334
gap to the primal bound: 4.58591
Preck submodel is infeasible, continue branching
Time limit exceeded (1235.65s), stopping submodel solve loop
General disjunction: No feasible solution found, use SCIP default branching rule
_____________________________________
Now starting branching with general disjunction
Current branching Node number: 553
LP objective value: 144858
Node lower bound: 144858
Node upper bound: 238334
gap to the primal bound: 4.58591
Preck submodel is infeasible, continue branching
General disjunction: No feasible solution found, use SCIP default branching rule
_____________________________________
Now starting branching with general disjunction
Current branching Node number: 1207
LP objective value: 144858
Node lower bound: 144858
Node upper bound: 238334
gap to the primal bound: 4.58591
Preck submodel is infeasible, continue branching
General disjunction: No feasible solution found, use SCIP default branching rule
_____________________________________
Now starting branching with general disjunction
Current branching Node number: 1208
LP objective value: 144858
Node lower bound: 144858
Node upper bound: 238334
gap to the primal bound: 4.58591
Preck submodel is infeasible, continue branching
General disjunction: No feasible solution found, use SCIP default branching rule
_____________________________________
Now starting branching with general disjunction
Current branching Node number: 1210
LP objective value: 144858
Node lower bound: 144858
Node upper bound: 238334
gap to the primal bound: 4.58591
Preck submodel is infeasible, continue branching
General disjunction: No feasible solution found, use SCIP default branching rule
_____________________________________
Now starting branching with general disjunction
Current branching Node number: 1212
LP objective value: 144858
Node lower bound: 144858
Node upper bound: 238334
gap to the primal bound: 4.58591
Preck submodel is infeasible, continue branching
General disjunction: No feasible solution found, use SCIP default branching rule
_____________________________________
Now starting branching with general disjunction
Current branching Node number: 1215
LP objective value: 144858
Node lower bound: 144858
Node upper bound: 238334
gap to the primal bound: 4.58591
Preck submodel is infeasible, continue branching
General disjunction: No feasible solution found, use SCIP default branching rule
_____________________________________
Now starting branching with general disjunction
Current branching Node number: 121
LP objective value: 56667
Node lower bound: 56667
Node upper bound: 238334
gap to the primal bound: 4.58591
Preck submodel is infeasible, continue branching
General disjunction: No feasible solution found, use SCIP default branching rule
_____________________________________
Now starting branching with general disjunction
Current branching Node number: 1218
LP objective value: 56667
Node lower bound: 56667
Node upper bound: 238334
gap to the primal bound: 4.58591
Preck submodel is infeasible, continue branching
General disjunction: No feasible solution found, use SCIP default branching rule
_____________________________________
Now starting branching with general disjunction
Current branching Node number: 1220
LP objective value: 60333.3
Node lower bound: 60333.3
Node upper bound: 238334
gap to the primal bound: 4.58591
Preck submodel is infeasible, continue branching
General disjunction: No feasible solution found, use SCIP default branching rule
_____________________________________
Now starting branching with general disjunction
Current branching Node number: 1222
LP objective value: 60333.3
Node lower bound: 60333.3
Node upper bound: 238334
gap to the primal bound: 4.58591
Preck submodel is infeasible, continue branching
General disjunction: No feasible solution found, use SCIP default branching rule
_____________________________________
Now starting branching with general disjunction
Current branching Node number: 1224
LP objective value: 72400
Node lower bound: 72400
Node upper bound: 238334
gap to the primal bound: 4.58591
Preck submodel is infeasible, continue branching
General disjunction: No feasible solution found, use SCIP default branching rule
_____________________________________
Now starting branching with general disjunction
Current branching Node number: 1226
LP objective value: 90500
Node lower bound: 90500
Node upper bound: 238334
gap to the primal bound: 4.58591
Preck submodel is infeasible, continue branching
General disjunction: No feasible solution found, use SCIP default branching rule
_____________________________________
Now starting branching with general disjunction
Current branching Node number: 690
LP objective value: 42667
Node lower bound: 42667
Node upper bound: 238334
gap to the primal bound: 4.58591
Preck submodel is infeasible, continue branching
General disjunction: No feasible solution found, use SCIP default branching rule
_____________________________________
Now starting branching with general disjunction
Current branching Node number: 1230
LP objective value: 45250
Node lower bound: 45250
Node upper bound: 238334
gap to the primal bound: 4.58591
Preck submodel is infeasible, continue branching
General disjunction: No feasible solution found, use SCIP default branching rule
_____________________________________
Now starting branching with general disjunction
Current branching Node number: 1232
LP objective value: 51714.3
Node lower bound: 51714.3
Node upper bound: 238334
gap to the primal bound: 4.58591
Preck submodel is infeasible, continue branching
General disjunction: No feasible solution found, use SCIP default branching rule
_____________________________________
Now starting branching with general disjunction
Current branching Node number: 1235
LP objective value: 181000
Node lower bound: 181000
Node upper bound: 238334
gap to the primal bound: 4.58591
Preck submodel is infeasible, continue branching
General disjunction: No feasible solution found, use SCIP default branching rule
_____________________________________
Now starting branching with general disjunction
Current branching Node number: 1237
LP objective value: 181000
Node lower bound: 181000
Node upper bound: 238334
gap to the primal bound: 4.58591
Preck submodel is infeasible, continue branching
General disjunction: No feasible solution found, use SCIP default branching rule
_____________________________________
Now starting branching with general disjunction
Current branching Node number: 1239
LP objective value: 181000
Node lower bound: 181000
Node upper bound: 238334
gap to the primal bound: 4.58591
Preck submodel is infeasible, continue branching
General disjunction: No feasible solution found, use SCIP default branching rule
_____________________________________
Now starting branching with general disjunction
Current branching Node number: 119
LP objective value: 56667
Node lower bound: 56667
Node upper bound: 238334
gap to the primal bound: 4.58591
Preck submodel is infeasible, continue branching
General disjunction: No feasible solution found, use SCIP default branching rule
_____________________________________
Now starting branching with general disjunction
Current branching Node number: 1242
LP objective value: 56667
Node lower bound: 56667
Node upper bound: 238334
gap to the primal bound: 4.58591
Preck submodel is infeasible, continue branching
General disjunction: No feasible solution found, use SCIP default branching rule
_____________________________________
Now starting branching with general disjunction
Current branching Node number: 1244
LP objective value: 60333.3
Node lower bound: 60333.3
Node upper bound: 238334
gap to the primal bound: 4.58591
Preck submodel is infeasible, continue branching
General disjunction: No feasible solution found, use SCIP default branching rule
_____________________________________
Now starting branching with general disjunction
Current branching Node number: 1246
LP objective value: 60333.3
Node lower bound: 60333.3
Node upper bound: 238334
gap to the primal bound: 4.58591
Preck submodel is infeasible, continue branching
General disjunction: No feasible solution found, use SCIP default branching rule
_____________________________________
Now starting branching with general disjunction
Current branching Node number: 1249
LP objective value: 60333.3
Node lower bound: 60333.3
Node upper bound: 238334
gap to the primal bound: 4.58591
Preck submodel is infeasible, continue branching
General disjunction: No feasible solution found, use SCIP default branching rule
_____________________________________
Now starting branching with general disjunction
Current branching Node number: 923
LP objective value: 181000
Node lower bound: 181000
Node upper bound: 238334
gap to the primal bound: 4.58591
Preck submodel is infeasible, continue branching
General disjunction: No feasible solution found, use SCIP default branching rule
_____________________________________
Now starting branching with general disjunction
Current branching Node number: 1252
LP objective value: 181000
Node lower bound: 181000
Node upper bound: 238334
gap to the primal bound: 4.58591
Preck submodel is infeasible, continue branching
General disjunction: No feasible solution found, use SCIP default branching rule
_____________________________________
Now starting branching with general disjunction
Current branching Node number: 1254
LP objective value: 181000
Node lower bound: 181000
Node upper bound: 238334
gap to the primal bound: 4.58591
Preck submodel is infeasible, continue branching
General disjunction: No feasible solution found, use SCIP default branching rule
_____________________________________
Now starting branching with general disjunction
Current branching Node number: 1257
LP objective value: 181000
Node lower bound: 181000
Node upper bound: 238334
gap to the primal bound: 4.58591
Preck submodel is infeasible, continue branching
General disjunction: No feasible solution found, use SCIP default branching rule
_____________________________________
Now starting branching with general disjunction
Current branching Node number: 1259
LP objective value: 181000
Node lower bound: 181000
Node upper bound: 238334
gap to the primal bound: 4.58591
Preck submodel is infeasible, continue branching
General disjunction: No feasible solution found, use SCIP default branching rule
_____________________________________
Now starting branching with general disjunction
Current branching Node number: 1260
LP objective value: 181000
Node lower bound: 181000
Node upper bound: 238334
gap to the primal bound: 4.58591
Preck submodel is infeasible, continue branching
General disjunction: No feasible solution found, use SCIP default branching rule
_____________________________________
Now starting branching with general disjunction
Current branching Node number: 564
LP objective value: 56667
Node lower bound: 56667
Node upper bound: 238334
gap to the primal bound: 4.58591
Preck submodel is infeasible, continue branching
General disjunction: No feasible solution found, use SCIP default branching rule
  731m|   700 |   565 | 66378 |  94.5 |    15M |  56 |1211 |1342 |1342 |   0 |  0 |   0 | 309 | 4.266700e+04 | 2.383340e+05 | 458.59%| unknown
_____________________________________
Now starting branching with general disjunction
Current branching Node number: 1265
LP objective value: 82000
Node lower bound: 82000
Node upper bound: 238334
gap to the primal bound: 4.58591
Preck submodel is infeasible, continue branching
General disjunction: No feasible solution found, use SCIP default branching rule
_____________________________________
Now starting branching with general disjunction
Current branching Node number: 1266
LP objective value: 82000
Node lower bound: 82000
Node upper bound: 238334
gap to the primal bound: 4.58591
Preck submodel is infeasible, continue branching
General disjunction: No feasible solution found, use SCIP default branching rule
_____________________________________
Now starting branching with general disjunction
Current branching Node number: 1268
LP objective value: 82000
Node lower bound: 82000
Node upper bound: 238334
gap to the primal bound: 4.58591
Preck submodel is infeasible, continue branching
General disjunction: No feasible solution found, use SCIP default branching rule
_____________________________________
Now starting branching with general disjunction
Current branching Node number: 1270
LP objective value: 90500
Node lower bound: 90500
Node upper bound: 238334
gap to the primal bound: 4.58591
Preck submodel is infeasible, continue branching
General disjunction: No feasible solution found, use SCIP default branching rule
_____________________________________
Now starting branching with general disjunction
Current branching Node number: 1272
LP objective value: 120667
Node lower bound: 120667
Node upper bound: 238334
gap to the primal bound: 4.58591
Preck submodel is infeasible, continue branching
General disjunction: No feasible solution found, use SCIP default branching rule
_____________________________________
Now starting branching with general disjunction
Current branching Node number: 179
LP objective value: 45250
Node lower bound: 45250
Node upper bound: 238334
gap to the primal bound: 4.58591
Preck submodel is infeasible, continue branching
General disjunction: No feasible solution found, use SCIP default branching rule
_____________________________________
Now starting branching with general disjunction
Current branching Node number: 1276
LP objective value: 45250
Node lower bound: 45250
Node upper bound: 238334
gap to the primal bound: 4.58591
Preck submodel is infeasible, continue branching
General disjunction: No feasible solution found, use SCIP default branching rule
_____________________________________
Now starting branching with general disjunction
Current branching Node number: 1278
LP objective value: 51714.3
Node lower bound: 51714.3
Node upper bound: 238334
gap to the primal bound: 4.58591
Preck submodel is infeasible, continue branching
General disjunction: No feasible solution found, use SCIP default branching rule
_____________________________________
Now starting branching with general disjunction
Current branching Node number: 1280
LP objective value: 60333.3
Node lower bound: 60333.3
Node upper bound: 238334
gap to the primal bound: 4.58591
Preck submodel is infeasible, continue branching
General disjunction: No feasible solution found, use SCIP default branching rule
_____________________________________
Now starting branching with general disjunction
Current branching Node number: 1282
LP objective value: 60333.3
Node lower bound: 60333.3
Node upper bound: 238334
gap to the primal bound: 4.58591
Preck submodel is infeasible, continue branching
General disjunction: No feasible solution found, use SCIP default branching rule
_____________________________________
Now starting branching with general disjunction
Current branching Node number: 1285
LP objective value: 60333.3
Node lower bound: 60333.3
Node upper bound: 238334
gap to the primal bound: 4.58591
Preck submodel is infeasible, continue branching
General disjunction: No feasible solution found, use SCIP default branching rule
_____________________________________
Now starting branching with general disjunction
Current branching Node number: 518
LP objective value: 56667
Node lower bound: 56667
Node upper bound: 238334
gap to the primal bound: 4.58591
Preck submodel is infeasible, continue branching
General disjunction: No feasible solution found, use SCIP default branching rule
_____________________________________
Now starting branching with general disjunction
Current branching Node number: 1289
LP objective value: 93084.5
Node lower bound: 93084.5
Node upper bound: 238334
gap to the primal bound: 4.58591
Preck submodel is infeasible, continue branching
General disjunction: No feasible solution found, use SCIP default branching rule
_____________________________________
Now starting branching with general disjunction
Current branching Node number: 1290
LP objective value: 93084.5
Node lower bound: 93084.5
Node upper bound: 238334
gap to the primal bound: 4.58591
Preck submodel is infeasible, continue branching
General disjunction: No feasible solution found, use SCIP default branching rule
_____________________________________
Now starting branching with general disjunction
Current branching Node number: 694
LP objective value: 42667
Node lower bound: 42667
Node upper bound: 238334
gap to the primal bound: 4.58591
Preck submodel is infeasible, continue branching
General disjunction: No feasible solution found, use SCIP default branching rule
_____________________________________
Now starting branching with general disjunction
Current branching Node number: 1294
LP objective value: 45250
Node lower bound: 45250
Node upper bound: 238334
gap to the primal bound: 4.58591
Preck submodel is infeasible, continue branching
General disjunction: No feasible solution found, use SCIP default branching rule
_____________________________________
Now starting branching with general disjunction
Current branching Node number: 1296
LP objective value: 51714.3
Node lower bound: 51714.3
Node upper bound: 238334
gap to the primal bound: 4.58591
Preck submodel is infeasible, continue branching
General disjunction: No feasible solution found, use SCIP default branching rule
_____________________________________
Now starting branching with general disjunction
Current branching Node number: 1299
LP objective value: 181000
Node lower bound: 181000
Node upper bound: 238334
gap to the primal bound: 4.58591
Preck submodel is infeasible, continue branching
General disjunction: No feasible solution found, use SCIP default branching rule
_____________________________________
Now starting branching with general disjunction
Current branching Node number: 1301
LP objective value: 181000
Node lower bound: 181000
Node upper bound: 238334
gap to the primal bound: 4.58591
Preck submodel is infeasible, continue branching
General disjunction: No feasible solution found, use SCIP default branching rule
_____________________________________
Now starting branching with general disjunction
Current branching Node number: 1303
LP objective value: 181000
Node lower bound: 181000
Node upper bound: 238334
gap to the primal bound: 4.58591
Preck submodel is infeasible, continue branching
General disjunction: No feasible solution found, use SCIP default branching rule
_____________________________________
Now starting branching with general disjunction
Current branching Node number: 561
LP objective value: 56667
Node lower bound: 56667
Node upper bound: 238334
gap to the primal bound: 4.58591
Preck submodel is infeasible, continue branching
General disjunction: No feasible solution found, use SCIP default branching rule
_____________________________________
Now starting branching with general disjunction
Current branching Node number: 1307
LP objective value: 82000
Node lower bound: 82000
Node upper bound: 238334
gap to the primal bound: 4.58591
Preck submodel is infeasible, continue branching
General disjunction: No feasible solution found, use SCIP default branching rule
_____________________________________
Now starting branching with general disjunction
Current branching Node number: 1308
LP objective value: 82000
Node lower bound: 82000
Node upper bound: 238334
gap to the primal bound: 4.58591
Preck submodel is infeasible, continue branching
General disjunction: No feasible solution found, use SCIP default branching rule
_____________________________________
Now starting branching with general disjunction
Current branching Node number: 1310
LP objective value: 82000
Node lower bound: 82000
Node upper bound: 238334
gap to the primal bound: 4.58591
Preck submodel is infeasible, continue branching
General disjunction: No feasible solution found, use SCIP default branching rule
_____________________________________
Now starting branching with general disjunction
Current branching Node number: 1312
LP objective value: 90500
Node lower bound: 90500
Node upper bound: 238334
gap to the primal bound: 4.58591
Preck submodel is infeasible, continue branching
General disjunction: No feasible solution found, use SCIP default branching rule
_____________________________________
Now starting branching with general disjunction
Current branching Node number: 1314
LP objective value: 120667
Node lower bound: 120667
Node upper bound: 238334
gap to the primal bound: 4.58591
Preck submodel is infeasible, continue branching
General disjunction: No feasible solution found, use SCIP default branching rule
_____________________________________
Now starting branching with general disjunction
Current branching Node number: 1159
LP objective value: 181000
Node lower bound: 181000
Node upper bound: 238334
gap to the primal bound: 4.58591
Preck submodel is infeasible, continue branching
General disjunction: No feasible solution found, use SCIP default branching rule
_____________________________________
Now starting branching with general disjunction
Current branching Node number: 1318
LP objective value: 181000
Node lower bound: 181000
Node upper bound: 238334
gap to the primal bound: 4.58591
Preck submodel is infeasible, continue branching
General disjunction: No feasible solution found, use SCIP default branching rule
_____________________________________
Now starting branching with general disjunction
Current branching Node number: 1321
LP objective value: 181000
Node lower bound: 181000
Node upper bound: 238334
gap to the primal bound: 4.58591
Preck submodel is infeasible, continue branching
General disjunction: No feasible solution found, use SCIP default branching rule
_____________________________________
Now starting branching with general disjunction
Current branching Node number: 1323
LP objective value: 181000
Node lower bound: 181000
Node upper bound: 238334
gap to the primal bound: 4.58591
Preck submodel is infeasible, continue branching
General disjunction: No feasible solution found, use SCIP default branching rule
_____________________________________
Now starting branching with general disjunction
Current branching Node number: 1324
LP objective value: 181000
Node lower bound: 181000
Node upper bound: 238334
gap to the primal bound: 4.58591
Preck submodel is infeasible, continue branching
General disjunction: No feasible solution found, use SCIP default branching rule
_____________________________________
Now starting branching with general disjunction
Current branching Node number: 1327
LP objective value: 181000
Node lower bound: 181000
Node upper bound: 238334
gap to the primal bound: 4.58591
Preck submodel is infeasible, continue branching
General disjunction: No feasible solution found, use SCIP default branching rule
_____________________________________
Now starting branching with general disjunction
Current branching Node number: 475
LP objective value: 56667
Node lower bound: 56667
Node upper bound: 238334
gap to the primal bound: 4.58591
Preck submodel is infeasible, continue branching
General disjunction: No feasible solution found, use SCIP default branching rule
_____________________________________
Now starting branching with general disjunction
Current branching Node number: 1331
LP objective value: 82000
Node lower bound: 82000
Node upper bound: 238334
gap to the primal bound: 4.58591
Preck submodel is infeasible, continue branching
General disjunction: No feasible solution found, use SCIP default branching rule
_____________________________________
Now starting branching with general disjunction
Current branching Node number: 1332
LP objective value: 82000
Node lower bound: 82000
Node upper bound: 238334
gap to the primal bound: 4.58591
Preck submodel is infeasible, continue branching
General disjunction: No feasible solution found, use SCIP default branching rule
_____________________________________
Now starting branching with general disjunction
Current branching Node number: 1334
LP objective value: 82000
Node lower bound: 82000
Node upper bound: 238334
gap to the primal bound: 4.58591
Preck submodel is infeasible, continue branching
General disjunction: No feasible solution found, use SCIP default branching rule
_____________________________________
Now starting branching with general disjunction
Current branching Node number: 1336
LP objective value: 90500
Node lower bound: 90500
Node upper bound: 238334
gap to the primal bound: 4.58591
Preck submodel is infeasible, continue branching
General disjunction: No feasible solution found, use SCIP default branching rule
_____________________________________
Now starting branching with general disjunction
Current branching Node number: 1338
LP objective value: 120667
Node lower bound: 120667
Node upper bound: 238334
gap to the primal bound: 4.58591
Preck submodel is infeasible, continue branching
General disjunction: No feasible solution found, use SCIP default branching rule
_____________________________________
Now starting branching with general disjunction
Current branching Node number: 137
LP objective value: 45250
Node lower bound: 45250
Node upper bound: 238334
gap to the primal bound: 4.58591
Preck submodel is infeasible, continue branching
General disjunction: No feasible solution found, use SCIP default branching rule
_____________________________________
Now starting branching with general disjunction
Current branching Node number: 1342
LP objective value: 45250
Node lower bound: 45250
Node upper bound: 238334
gap to the primal bound: 4.58591
Preck submodel is infeasible, continue branching
General disjunction: No feasible solution found, use SCIP default branching rule
_____________________________________
Now starting branching with general disjunction
Current branching Node number: 1344
LP objective value: 51714.3
Node lower bound: 51714.3
Node upper bound: 238334
gap to the primal bound: 4.58591
Preck submodel is infeasible, continue branching
General disjunction: No feasible solution found, use SCIP default branching rule
_____________________________________
Now starting branching with general disjunction
Current branching Node number: 1346
LP objective value: 51714.3
Node lower bound: 51714.3
Node upper bound: 238334
gap to the primal bound: 4.58591
Preck submodel is infeasible, continue branching
General disjunction: No feasible solution found, use SCIP default branching rule
_____________________________________
Now starting branching with general disjunction
Current branching Node number: 1349
LP objective value: 181000
Node lower bound: 181000
Node upper bound: 238334
gap to the primal bound: 4.58591
Preck submodel is infeasible, continue branching
General disjunction: No feasible solution found, use SCIP default branching rule
_____________________________________
Now starting branching with general disjunction
Current branching Node number: 1351
LP objective value: 181000
Node lower bound: 181000
Node upper bound: 238334
gap to the primal bound: 4.58591
Preck submodel is infeasible, continue branching
General disjunction: No feasible solution found, use SCIP default branching rule
_____________________________________
Now starting branching with general disjunction
Current branching Node number: 551
LP objective value: 120500
Node lower bound: 120500
Node upper bound: 238334
gap to the primal bound: 4.58591
Preck submodel is infeasible, continue branching
General disjunction: No feasible solution found, use SCIP default branching rule
_____________________________________
Now starting branching with general disjunction
Current branching Node number: 1355
LP objective value: 120500
Node lower bound: 120500
Node upper bound: 238334
gap to the primal bound: 4.58591
Preck submodel is infeasible, continue branching
General disjunction: No feasible solution found, use SCIP default branching rule
_____________________________________
Now starting branching with general disjunction
Current branching Node number: 1356
LP objective value: 120500
Node lower bound: 120500
Node upper bound: 238334
gap to the primal bound: 4.58591
Preck submodel is infeasible, continue branching
General disjunction: No feasible solution found, use SCIP default branching rule
_____________________________________
Now starting branching with general disjunction
Current branching Node number: 1358
LP objective value: 120500
Node lower bound: 120500
Node upper bound: 238334
gap to the primal bound: 4.58591
Preck submodel is infeasible, continue branching
General disjunction: No feasible solution found, use SCIP default branching rule
_____________________________________
Now starting branching with general disjunction
Current branching Node number: 1360
LP objective value: 120500
Node lower bound: 120500
Node upper bound: 238334
gap to the primal bound: 4.58591
Preck submodel is infeasible, continue branching
General disjunction: No feasible solution found, use SCIP default branching rule
_____________________________________
Now starting branching with general disjunction
Current branching Node number: 1363
LP objective value: 120500
Node lower bound: 120500
Node upper bound: 238334
gap to the primal bound: 4.58591
Preck submodel is infeasible, continue branching
General disjunction: No feasible solution found, use SCIP default branching rule
_____________________________________
Now starting branching with general disjunction
Current branching Node number: 495
LP objective value: 56667
Node lower bound: 56667
Node upper bound: 238334
gap to the primal bound: 4.58591
Preck submodel is infeasible, continue branching
General disjunction: No feasible solution found, use SCIP default branching rule
_____________________________________
Now starting branching with general disjunction
Current branching Node number: 1367
LP objective value: 82000
Node lower bound: 82000
Node upper bound: 238334
gap to the primal bound: 4.58591
Preck submodel is infeasible, continue branching
General disjunction: No feasible solution found, use SCIP default branching rule
_____________________________________
Now starting branching with general disjunction
Current branching Node number: 1368
LP objective value: 82000
Node lower bound: 82000
Node upper bound: 238334
gap to the primal bound: 4.58591
Preck submodel is infeasible, continue branching
General disjunction: No feasible solution found, use SCIP default branching rule
_____________________________________
Now starting branching with general disjunction
Current branching Node number: 1370
LP objective value: 82000
Node lower bound: 82000
Node upper bound: 238334
gap to the primal bound: 4.58591
Preck submodel is infeasible, continue branching
General disjunction: No feasible solution found, use SCIP default branching rule
_____________________________________
Now starting branching with general disjunction
Current branching Node number: 1372
LP objective value: 90500
Node lower bound: 90500
Node upper bound: 238334
gap to the primal bound: 4.58591
Preck submodel is infeasible, continue branching
General disjunction: No feasible solution found, use SCIP default branching rule
_____________________________________
Now starting branching with general disjunction
Current branching Node number: 1374
LP objective value: 120667
Node lower bound: 120667
Node upper bound: 238334
gap to the primal bound: 4.58591
Preck submodel is infeasible, continue branching
General disjunction: No feasible solution found, use SCIP default branching rule
_____________________________________
Now starting branching with general disjunction
Current branching Node number: 481
LP objective value: 56667
Node lower bound: 56667
Node upper bound: 238334
gap to the primal bound: 4.58591
Preck submodel is infeasible, continue branching
General disjunction: No feasible solution found, use SCIP default branching rule
_____________________________________
Now starting branching with general disjunction
Current branching Node number: 1379
LP objective value: 110095
Node lower bound: 110095
Node upper bound: 238334
gap to the primal bound: 4.58591
Preck submodel is infeasible, continue branching
General disjunction: No feasible solution found, use SCIP default branching rule
_____________________________________
Now starting branching with general disjunction
Current branching Node number: 1380
LP objective value: 110095
Node lower bound: 110095
Node upper bound: 238334
gap to the primal bound: 4.58591
Preck submodel is infeasible, continue branching
General disjunction: No feasible solution found, use SCIP default branching rule
_____________________________________
Now starting branching with general disjunction
Current branching Node number: 1382
LP objective value: 110095
Node lower bound: 110095
Node upper bound: 238334
gap to the primal bound: 4.58591
Preck submodel is infeasible, continue branching
General disjunction: No feasible solution found, use SCIP default branching rule
_____________________________________
Now starting branching with general disjunction
Current branching Node number: 1384
LP objective value: 110095
Node lower bound: 110095
Node upper bound: 238334
gap to the primal bound: 4.58591
Preck submodel is infeasible, continue branching
General disjunction: No feasible solution found, use SCIP default branching rule
_____________________________________
Now starting branching with general disjunction
Current branching Node number: 1387
LP objective value: 110095
Node lower bound: 110095
Node upper bound: 238334
gap to the primal bound: 4.58591
Preck submodel is infeasible, continue branching
Time limit exceeded (1003.52s), stopping submodel solve loop
General disjunction: No feasible solution found, use SCIP default branching rule
_____________________________________
Now starting branching with general disjunction
Current branching Node number: 692
LP objective value: 42667
Node lower bound: 42667
Node upper bound: 238334
gap to the primal bound: 4.58591
Preck submodel is infeasible, continue branching
General disjunction: No feasible solution found, use SCIP default branching rule
_____________________________________
Now starting branching with general disjunction
Current branching Node number: 1390
LP objective value: 45250
Node lower bound: 45250
Node upper bound: 238334
gap to the primal bound: 4.58591
Preck submodel is infeasible, continue branching
General disjunction: No feasible solution found, use SCIP default branching rule
_____________________________________
Now starting branching with general disjunction
Current branching Node number: 1392
LP objective value: 51714.3
Node lower bound: 51714.3
Node upper bound: 238334
gap to the primal bound: 4.58591
Preck submodel is infeasible, continue branching
General disjunction: No feasible solution found, use SCIP default branching rule
_____________________________________
Now starting branching with general disjunction
Current branching Node number: 1395
LP objective value: 181000
Node lower bound: 181000
Node upper bound: 238334
gap to the primal bound: 4.58591
Preck submodel is infeasible, continue branching
General disjunction: No feasible solution found, use SCIP default branching rule
_____________________________________
Now starting branching with general disjunction
Current branching Node number: 1396
LP objective value: 181000
Node lower bound: 181000
Node upper bound: 238334
gap to the primal bound: 4.58591
Preck submodel is infeasible, continue branching
General disjunction: No feasible solution found, use SCIP default branching rule
_____________________________________
Now starting branching with general disjunction
Current branching Node number: 1399
LP objective value: 181000
Node lower bound: 181000
Node upper bound: 238334
gap to the primal bound: 4.58591
Preck submodel is infeasible, continue branching
General disjunction: No feasible solution found, use SCIP default branching rule
_____________________________________
Now starting branching with general disjunction
Current branching Node number: 142
LP objective value: 45250
Node lower bound: 45250
Node upper bound: 238334
gap to the primal bound: 4.58591
Preck submodel is infeasible, continue branching
General disjunction: No feasible solution found, use SCIP default branching rule
_____________________________________
Now starting branching with general disjunction
Current branching Node number: 1402
LP objective value: 45250
Node lower bound: 45250
Node upper bound: 238334
gap to the primal bound: 4.58591
Preck submodel is infeasible, continue branching
General disjunction: No feasible solution found, use SCIP default branching rule
_____________________________________
Now starting branching with general disjunction
Current branching Node number: 1404
LP objective value: 51714.3
Node lower bound: 51714.3
Node upper bound: 238334
gap to the primal bound: 4.58591
Preck submodel is infeasible, continue branching
General disjunction: No feasible solution found, use SCIP default branching rule
_____________________________________
Now starting branching with general disjunction
Current branching Node number: 1406
LP objective value: 51714.3
Node lower bound: 51714.3
Node upper bound: 238334
gap to the primal bound: 4.58591
Preck submodel is infeasible, continue branching
General disjunction: No feasible solution found, use SCIP default branching rule
_____________________________________
Now starting branching with general disjunction
Current branching Node number: 1409
LP objective value: 181000
Node lower bound: 181000
Node upper bound: 238334
gap to the primal bound: 4.58591
Preck submodel is infeasible, continue branching
General disjunction: No feasible solution found, use SCIP default branching rule
_____________________________________
Now starting branching with general disjunction
Current branching Node number: 1410
LP objective value: 181000
Node lower bound: 181000
Node upper bound: 238334
gap to the primal bound: 4.58591
Preck submodel is infeasible, continue branching
General disjunction: No feasible solution found, use SCIP default branching rule
_____________________________________
Now starting branching with general disjunction
Current branching Node number: 432
LP objective value: 51714.3
Node lower bound: 51714.3
Node upper bound: 238334
gap to the primal bound: 4.58591
Preck submodel is infeasible, continue branching
General disjunction: No feasible solution found, use SCIP default branching rule
_____________________________________
Now starting branching with general disjunction
Current branching Node number: 1415
LP objective value: 51714.3
Node lower bound: 51714.3
Node upper bound: 238334
gap to the primal bound: 4.58591
Preck submodel is infeasible, continue branching
General disjunction: No feasible solution found, use SCIP default branching rule
_____________________________________
Now starting branching with general disjunction
Current branching Node number: 1416
LP objective value: 60333.3
Node lower bound: 60333.3
Node upper bound: 238334
gap to the primal bound: 4.58591
Preck submodel is infeasible, continue branching
General disjunction: No feasible solution found, use SCIP default branching rule
_____________________________________
Now starting branching with general disjunction
Current branching Node number: 1418
LP objective value: 60333.3
Node lower bound: 60333.3
Node upper bound: 238334
gap to the primal bound: 4.58591
Preck submodel is infeasible, continue branching
General disjunction: No feasible solution found, use SCIP default branching rule
_____________________________________
Now starting branching with general disjunction
Current branching Node number: 1420
LP objective value: 72400
Node lower bound: 72400
Node upper bound: 238334
gap to the primal bound: 4.58591
Preck submodel is infeasible, continue branching
General disjunction: No feasible solution found, use SCIP default branching rule
_____________________________________
Now starting branching with general disjunction
Current branching Node number: 1422
LP objective value: 90500
Node lower bound: 90500
Node upper bound: 238334
gap to the primal bound: 4.58591
Preck submodel is infeasible, continue branching
General disjunction: No feasible solution found, use SCIP default branching rule
_____________________________________
Now starting branching with general disjunction
Current branching Node number: 811
LP objective value: 51714.3
Node lower bound: 51714.3
Node upper bound: 238334
gap to the primal bound: 4.58591
Preck submodel is infeasible, continue branching
General disjunction: No feasible solution found, use SCIP default branching rule
_____________________________________
Now starting branching with general disjunction
Current branching Node number: 1426
LP objective value: 60333.3
Node lower bound: 60333.3
Node upper bound: 238334
gap to the primal bound: 4.58591
Preck submodel is infeasible, continue branching
General disjunction: No feasible solution found, use SCIP default branching rule
_____________________________________
Now starting branching with general disjunction
Current branching Node number: 236
LP objective value: 42667
Node lower bound: 42667
Node upper bound: 238334
gap to the primal bound: 4.58591
Preck submodel is infeasible, continue branching
General disjunction: No feasible solution found, use SCIP default branching rule
_____________________________________
Now starting branching with general disjunction
Current branching Node number: 1430
LP objective value: 42667
Node lower bound: 42667
Node upper bound: 238334
gap to the primal bound: 4.58591
Preck submodel is infeasible, continue branching
General disjunction: No feasible solution found, use SCIP default branching rule
_____________________________________
Now starting branching with general disjunction
Current branching Node number: 1432
LP objective value: 45250
Node lower bound: 45250
Node upper bound: 238334
gap to the primal bound: 4.58591
Preck submodel is infeasible, continue branching
General disjunction: No feasible solution found, use SCIP default branching rule
_____________________________________
Now starting branching with general disjunction
Current branching Node number: 1434
LP objective value: 51714.3
Node lower bound: 51714.3
Node upper bound: 238334
gap to the primal bound: 4.58591
Preck submodel is infeasible, continue branching
General disjunction: No feasible solution found, use SCIP default branching rule
  754m|   800 |   637 | 73185 |  91.2 |    15M |  56 |1211 |1342 |1342 |   0 |  1 |   0 | 309 | 4.266700e+04 | 2.383340e+05 | 458.59%| unknown
_____________________________________
Now starting branching with general disjunction
Current branching Node number: 1436
LP objective value: 51714.3
Node lower bound: 51714.3
Node upper bound: 238334
gap to the primal bound: 4.58591
Preck submodel is infeasible, continue branching
General disjunction: No feasible solution found, use SCIP default branching rule
_____________________________________
Now starting branching with general disjunction
Current branching Node number: 512
LP objective value: 56667
Node lower bound: 56667
Node upper bound: 238334
gap to the primal bound: 4.58591
Preck submodel is infeasible, continue branching
General disjunction: No feasible solution found, use SCIP default branching rule
_____________________________________
Now starting branching with general disjunction
Current branching Node number: 1441
LP objective value: 93084.5
Node lower bound: 93084.5
Node upper bound: 238334
gap to the primal bound: 4.58591
Preck submodel is infeasible, continue branching
General disjunction: No feasible solution found, use SCIP default branching rule
_____________________________________
Now starting branching with general disjunction
Current branching Node number: 1443
LP objective value: 188288
Node lower bound: 188288
Node upper bound: 238334
gap to the primal bound: 4.58591
Preck submodel is infeasible, continue branching
General disjunction: No feasible solution found, use SCIP default branching rule
_____________________________________
Now starting branching with general disjunction
Current branching Node number: 1445
Relpscost reduced domain, skip general disjunction branching
_____________________________________
Now starting branching with general disjunction
Current branching Node number: 1445
LP objective value: 214193
Node lower bound: 214193
Node upper bound: 238334
gap to the primal bound: 4.58591
Preck submodel is infeasible, continue branching
General disjunction: No feasible solution found, use SCIP default branching rule
_____________________________________
Now starting branching with general disjunction
Current branching Node number: 1446
LP objective value: 214193
Node lower bound: 214193
Node upper bound: 238334
gap to the primal bound: 4.58591
Preck submodel is infeasible, continue branching
General disjunction: No feasible solution found, use SCIP default branching rule
_____________________________________
Now starting branching with general disjunction
Current branching Node number: 1448
LP objective value: 214193
Node lower bound: 214193
Node upper bound: 238334
gap to the primal bound: 4.58591
Preck submodel is infeasible, continue branching
General disjunction: No feasible solution found, use SCIP default branching rule
_____________________________________
Now starting branching with general disjunction
Current branching Node number: 493
LP objective value: 191429
Node lower bound: 191429
Node upper bound: 238334
gap to the primal bound: 4.58591
Preck submodel is infeasible, continue branching
General disjunction: No feasible solution found, use SCIP default branching rule
_____________________________________
Now starting branching with general disjunction
Current branching Node number: 1453
LP objective value: 191429
Node lower bound: 191429
Node upper bound: 238334
gap to the primal bound: 4.58591
Preck submodel is infeasible, continue branching
General disjunction: No feasible solution found, use SCIP default branching rule
_____________________________________
Now starting branching with general disjunction
Current branching Node number: 1454
LP objective value: 191429
Node lower bound: 191429
Node upper bound: 238334
gap to the primal bound: 4.58591
Preck submodel is infeasible, continue branching
General disjunction: No feasible solution found, use SCIP default branching rule
_____________________________________
Now starting branching with general disjunction
Current branching Node number: 1456
Relpscost reduced domain, skip general disjunction branching
_____________________________________
Now starting branching with general disjunction
Current branching Node number: 477
LP objective value: 56667
Node lower bound: 56667
Node upper bound: 238334
gap to the primal bound: 4.58591
Preck submodel is infeasible, continue branching
General disjunction: No feasible solution found, use SCIP default branching rule
_____________________________________
Now starting branching with general disjunction
Current branching Node number: 1459
LP objective value: 82000
Node lower bound: 82000
Node upper bound: 238334
gap to the primal bound: 4.58591
Preck submodel is infeasible, continue branching
General disjunction: No feasible solution found, use SCIP default branching rule
_____________________________________
Now starting branching with general disjunction
Current branching Node number: 1460
LP objective value: 82000
Node lower bound: 82000
Node upper bound: 238334
gap to the primal bound: 4.58591
Preck submodel is infeasible, continue branching
General disjunction: No feasible solution found, use SCIP default branching rule
_____________________________________
Now starting branching with general disjunction
Current branching Node number: 1462
LP objective value: 90500
Node lower bound: 90500
Node upper bound: 238334
gap to the primal bound: 4.58591
Preck submodel is infeasible, continue branching
General disjunction: No feasible solution found, use SCIP default branching rule
_____________________________________
Now starting branching with general disjunction
Current branching Node number: 1464
LP objective value: 90500
Node lower bound: 90500
Node upper bound: 238334
gap to the primal bound: 4.58591
Preck submodel is infeasible, continue branching
General disjunction: No feasible solution found, use SCIP default branching rule
_____________________________________
Now starting branching with general disjunction
Current branching Node number: 1466
LP objective value: 120667
Node lower bound: 120667
Node upper bound: 238334
gap to the primal bound: 4.58591
Preck submodel is infeasible, continue branching
General disjunction: No feasible solution found, use SCIP default branching rule
_____________________________________
Now starting branching with general disjunction
Current branching Node number: 211
LP objective value: 51714.3
Node lower bound: 51714.3
Node upper bound: 238334
gap to the primal bound: 4.58591
Preck submodel is infeasible, continue branching
General disjunction: No feasible solution found, use SCIP default branching rule
_____________________________________
Now starting branching with general disjunction
Current branching Node number: 1471
LP objective value: 51714.3
Node lower bound: 51714.3
Node upper bound: 238334
gap to the primal bound: 4.58591
Preck submodel is infeasible, continue branching
General disjunction: No feasible solution found, use SCIP default branching rule
_____________________________________
Now starting branching with general disjunction
Current branching Node number: 1472
LP objective value: 51714.3
Node lower bound: 51714.3
Node upper bound: 238334
gap to the primal bound: 4.58591
Preck submodel is infeasible, continue branching
General disjunction: No feasible solution found, use SCIP default branching rule
_____________________________________
Now starting branching with general disjunction
Current branching Node number: 1474
LP objective value: 60333.3
Node lower bound: 60333.3
Node upper bound: 238334
gap to the primal bound: 4.58591
Preck submodel is infeasible, continue branching
General disjunction: No feasible solution found, use SCIP default branching rule
_____________________________________
Now starting branching with general disjunction
Current branching Node number: 1476
LP objective value: 72400
Node lower bound: 72400
Node upper bound: 238334
gap to the primal bound: 4.58591
Preck submodel is infeasible, continue branching
General disjunction: No feasible solution found, use SCIP default branching rule
_____________________________________
Now starting branching with general disjunction
Current branching Node number: 1478
LP objective value: 72400
Node lower bound: 72400
Node upper bound: 238334
gap to the primal bound: 4.58591
Preck submodel is infeasible, continue branching
General disjunction: No feasible solution found, use SCIP default branching rule
_____________________________________
Now starting branching with general disjunction
Current branching Node number: 1195
LP objective value: 181000
Node lower bound: 181000
Node upper bound: 238334
gap to the primal bound: 4.58591
Preck submodel is infeasible, continue branching
General disjunction: No feasible solution found, use SCIP default branching rule
_____________________________________
Now starting branching with general disjunction
Current branching Node number: 1483
LP objective value: 181000
Node lower bound: 181000
Node upper bound: 238334
gap to the primal bound: 4.58591
Preck submodel is infeasible, continue branching
General disjunction: No feasible solution found, use SCIP default branching rule
_____________________________________
Now starting branching with general disjunction
Current branching Node number: 1485
LP objective value: 181000
Node lower bound: 181000
Node upper bound: 238334
gap to the primal bound: 4.58591
Preck submodel is infeasible, continue branching
General disjunction: No feasible solution found, use SCIP default branching rule
_____________________________________
Now starting branching with general disjunction
Current branching Node number: 1487
LP objective value: 181000
Node lower bound: 181000
Node upper bound: 238334
gap to the primal bound: 4.58591
Preck submodel is infeasible, continue branching
General disjunction: No feasible solution found, use SCIP default branching rule
_____________________________________
Now starting branching with general disjunction
Current branching Node number: 1489
LP objective value: 181000
Node lower bound: 181000
Node upper bound: 238334
gap to the primal bound: 4.58591
Preck submodel is infeasible, continue branching
General disjunction: No feasible solution found, use SCIP default branching rule
_____________________________________
Now starting branching with general disjunction
Current branching Node number: 1491
LP objective value: 181000
Node lower bound: 181000
Node upper bound: 238334
gap to the primal bound: 4.58591
Preck submodel is infeasible, continue branching
General disjunction: No feasible solution found, use SCIP default branching rule
_____________________________________
Now starting branching with general disjunction
Current branching Node number: 479
LP objective value: 147500
Node lower bound: 147500
Node upper bound: 238334
gap to the primal bound: 4.58591
Preck submodel is infeasible, continue branching
General disjunction: No feasible solution found, use SCIP default branching rule
_____________________________________
Now starting branching with general disjunction
Current branching Node number: 1495
LP objective value: 147500
Node lower bound: 147500
Node upper bound: 238334
gap to the primal bound: 4.58591
Preck submodel is infeasible, continue branching
General disjunction: No feasible solution found, use SCIP default branching rule
_____________________________________
Now starting branching with general disjunction
Current branching Node number: 1496
LP objective value: 147500
Node lower bound: 147500
Node upper bound: 238334
gap to the primal bound: 4.58591
Preck submodel is infeasible, continue branching
General disjunction: No feasible solution found, use SCIP default branching rule
_____________________________________
Now starting branching with general disjunction
Current branching Node number: 1498
LP objective value: 147500
Node lower bound: 147500
Node upper bound: 238334
gap to the primal bound: 4.58591
Preck submodel is infeasible, continue branching
General disjunction: No feasible solution found, use SCIP default branching rule
_____________________________________
Now starting branching with general disjunction
Current branching Node number: 1500
LP objective value: 147500
Node lower bound: 147500
Node upper bound: 238334
gap to the primal bound: 4.58591
Preck submodel is infeasible, continue branching
General disjunction: No feasible solution found, use SCIP default branching rule
_____________________________________
Now starting branching with general disjunction
Current branching Node number: 1503
LP objective value: 147500
Node lower bound: 147500
Node upper bound: 238334
gap to the primal bound: 4.58591
Preck submodel is infeasible, continue branching
General disjunction: No feasible solution found, use SCIP default branching rule
_____________________________________
Now starting branching with general disjunction
Current branching Node number: 556
LP objective value: 56667
Node lower bound: 56667
Node upper bound: 238334
gap to the primal bound: 4.58591
Preck submodel is infeasible, continue branching
General disjunction: No feasible solution found, use SCIP default branching rule
_____________________________________
Now starting branching with general disjunction
Current branching Node number: 1507
LP objective value: 82000
Node lower bound: 82000
Node upper bound: 238334
gap to the primal bound: 4.58591
Preck submodel is infeasible, continue branching
General disjunction: No feasible solution found, use SCIP default branching rule
_____________________________________
Now starting branching with general disjunction
Current branching Node number: 1508
LP objective value: 82000
Node lower bound: 82000
Node upper bound: 238334
gap to the primal bound: 4.58591
Preck submodel is infeasible, continue branching
General disjunction: No feasible solution found, use SCIP default branching rule
_____________________________________
Now starting branching with general disjunction
Current branching Node number: 1510
LP objective value: 90500
Node lower bound: 90500
Node upper bound: 238334
gap to the primal bound: 4.58591
Preck submodel is infeasible, continue branching
General disjunction: No feasible solution found, use SCIP default branching rule
_____________________________________
Now starting branching with general disjunction
Current branching Node number: 1512
LP objective value: 90500
Node lower bound: 90500
Node upper bound: 238334
gap to the primal bound: 4.58591
Preck submodel is infeasible, continue branching
General disjunction: No feasible solution found, use SCIP default branching rule
_____________________________________
Now starting branching with general disjunction
Current branching Node number: 1514
LP objective value: 120667
Node lower bound: 120667
Node upper bound: 238334
gap to the primal bound: 4.58591
Preck submodel is infeasible, continue branching
General disjunction: No feasible solution found, use SCIP default branching rule
_____________________________________
Now starting branching with general disjunction
Current branching Node number: 1231
LP objective value: 181000
Node lower bound: 181000
Node upper bound: 238334
gap to the primal bound: 4.58591
Preck submodel is infeasible, continue branching
General disjunction: No feasible solution found, use SCIP default branching rule
_____________________________________
Now starting branching with general disjunction
Current branching Node number: 1519
LP objective value: 181000
Node lower bound: 181000
Node upper bound: 238334
gap to the primal bound: 4.58591
Preck submodel is infeasible, continue branching
General disjunction: No feasible solution found, use SCIP default branching rule
_____________________________________
Now starting branching with general disjunction
Current branching Node number: 1521
LP objective value: 181000
Node lower bound: 181000
Node upper bound: 238334
gap to the primal bound: 4.58591
Preck submodel is infeasible, continue branching
General disjunction: No feasible solution found, use SCIP default branching rule
_____________________________________
Now starting branching with general disjunction
Current branching Node number: 1523
LP objective value: 181000
Node lower bound: 181000
Node upper bound: 238334
gap to the primal bound: 4.58591
Preck submodel is infeasible, continue branching
General disjunction: No feasible solution found, use SCIP default branching rule
_____________________________________
Now starting branching with general disjunction
Current branching Node number: 1525
LP objective value: 181000
Node lower bound: 181000
Node upper bound: 238334
gap to the primal bound: 4.58591
Preck submodel is infeasible, continue branching
Time limit exceeded (1016s), stopping submodel solve loop
General disjunction: Only Left constraint added:
_____________________________________
Now starting branching with general disjunction
Current branching Node number: 1525
LP objective value: 215825
Node lower bound: 215825
Node upper bound: 238334
gap to the primal bound: 4.58591
Preck submodel is infeasible, continue branching
General disjunction: No feasible solution found, use SCIP default branching rule
_____________________________________
Now starting branching with general disjunction
Current branching Node number: 1527
LP objective value: 215825
Node lower bound: 215825
Node upper bound: 238334
gap to the primal bound: 4.58591
Preck submodel is infeasible, continue branching
General disjunction: No feasible solution found, use SCIP default branching rule
_____________________________________
Now starting branching with general disjunction
Current branching Node number: 167
LP objective value: 56667
Node lower bound: 56667
Node upper bound: 238334
gap to the primal bound: 4.58591
Preck submodel is infeasible, continue branching
General disjunction: No feasible solution found, use SCIP default branching rule
_____________________________________
Now starting branching with general disjunction
Current branching Node number: 1530
LP objective value: 56667
Node lower bound: 56667
Node upper bound: 238334
gap to the primal bound: 4.58591
Preck submodel is infeasible, continue branching
General disjunction: No feasible solution found, use SCIP default branching rule
_____________________________________
Now starting branching with general disjunction
Current branching Node number: 1532
LP objective value: 56667
Node lower bound: 56667
Node upper bound: 238334
gap to the primal bound: 4.58591
Preck submodel is infeasible, continue branching
General disjunction: No feasible solution found, use SCIP default branching rule
_____________________________________
Now starting branching with general disjunction
Current branching Node number: 1534
LP objective value: 60333.3
Node lower bound: 60333.3
Node upper bound: 238334
gap to the primal bound: 4.58591
Preck submodel is infeasible, continue branching
General disjunction: No feasible solution found, use SCIP default branching rule
_____________________________________
Now starting branching with general disjunction
Current branching Node number: 1536
LP objective value: 60333.3
Node lower bound: 60333.3
Node upper bound: 238334
gap to the primal bound: 4.58591
Preck submodel is infeasible, continue branching
General disjunction: No feasible solution found, use SCIP default branching rule
_____________________________________
Now starting branching with general disjunction
Current branching Node number: 1539
LP objective value: 181000
Node lower bound: 181000
Node upper bound: 238334
gap to the primal bound: 4.58591
Preck submodel is infeasible, continue branching
General disjunction: No feasible solution found, use SCIP default branching rule
_____________________________________
Now starting branching with general disjunction
Current branching Node number: 985
LP objective value: 181000
Node lower bound: 181000
Node upper bound: 238334
gap to the primal bound: 4.58591
Preck submodel is infeasible, continue branching
General disjunction: No feasible solution found, use SCIP default branching rule
_____________________________________
Now starting branching with general disjunction
Current branching Node number: 1542
LP objective value: 181000
Node lower bound: 181000
Node upper bound: 238334
gap to the primal bound: 4.58591
Preck submodel is infeasible, continue branching
General disjunction: No feasible solution found, use SCIP default branching rule
_____________________________________
Now starting branching with general disjunction
Current branching Node number: 1544
LP objective value: 181000
Node lower bound: 181000
Node upper bound: 238334
gap to the primal bound: 4.58591
Preck submodel is infeasible, continue branching
General disjunction: No feasible solution found, use SCIP default branching rule
_____________________________________
Now starting branching with general disjunction
Current branching Node number: 1547
LP objective value: 181000
Node lower bound: 181000
Node upper bound: 238334
gap to the primal bound: 4.58591
Preck submodel is infeasible, continue branching
General disjunction: No feasible solution found, use SCIP default branching rule
_____________________________________
Now starting branching with general disjunction
Current branching Node number: 1549
LP objective value: 181000
Node lower bound: 181000
Node upper bound: 238334
gap to the primal bound: 4.58591
Preck submodel is infeasible, continue branching
General disjunction: No feasible solution found, use SCIP default branching rule
_____________________________________
Now starting branching with general disjunction
Current branching Node number: 1550
LP objective value: 181000
Node lower bound: 181000
Node upper bound: 238334
gap to the primal bound: 4.58591
Preck submodel is infeasible, continue branching
General disjunction: No feasible solution found, use SCIP default branching rule
_____________________________________
Now starting branching with general disjunction
Current branching Node number: 730
LP objective value: 60333.3
Node lower bound: 60333.3
Node upper bound: 238334
gap to the primal bound: 4.58591
Preck submodel is infeasible, continue branching
General disjunction: No feasible solution found, use SCIP default branching rule
_____________________________________
Now starting branching with general disjunction
Current branching Node number: 846
LP objective value: 51714.3
Node lower bound: 51714.3
Node upper bound: 238334
gap to the primal bound: 4.58591
Preck submodel is infeasible, continue branching
General disjunction: No feasible solution found, use SCIP default branching rule
_____________________________________
Now starting branching with general disjunction
Current branching Node number: 1556
LP objective value: 60333.3
Node lower bound: 60333.3
Node upper bound: 238334
gap to the primal bound: 4.58591
Preck submodel is infeasible, continue branching
General disjunction: No feasible solution found, use SCIP default branching rule
_____________________________________
Now starting branching with general disjunction
Current branching Node number: 1558
LP objective value: 72400
Node lower bound: 72400
Node upper bound: 238334
gap to the primal bound: 4.58591
Preck submodel is infeasible, continue branching
General disjunction: No feasible solution found, use SCIP default branching rule
_____________________________________
Now starting branching with general disjunction
Current branching Node number: 1560
LP objective value: 90500
Node lower bound: 90500
Node upper bound: 238334
gap to the primal bound: 4.58591
Preck submodel is infeasible, continue branching
General disjunction: No feasible solution found, use SCIP default branching rule
_____________________________________
Now starting branching with general disjunction
Current branching Node number: 1562
LP objective value: 120667
Node lower bound: 120667
Node upper bound: 238334
gap to the primal bound: 4.58591
Preck submodel is infeasible, continue branching
General disjunction: No feasible solution found, use SCIP default branching rule
_____________________________________
Now starting branching with general disjunction
Current branching Node number: 1565
LP objective value: 120667
Node lower bound: 120667
Node upper bound: 238334
gap to the primal bound: 4.58591
Preck submodel is infeasible, continue branching
General disjunction: No feasible solution found, use SCIP default branching rule
_____________________________________
Now starting branching with general disjunction
Current branching Node number: 536
LP objective value: 56667
Node lower bound: 56667
Node upper bound: 238334
gap to the primal bound: 4.58591
Preck submodel is infeasible, continue branching
General disjunction: No feasible solution found, use SCIP default branching rule
_____________________________________
Now starting branching with general disjunction
Current branching Node number: 1295
LP objective value: 181000
Node lower bound: 181000
Node upper bound: 238334
gap to the primal bound: 4.58591
Preck submodel is infeasible, continue branching
General disjunction: No feasible solution found, use SCIP default branching rule
_____________________________________
Now starting branching with general disjunction
Current branching Node number: 1571
LP objective value: 181000
Node lower bound: 181000
Node upper bound: 238334
gap to the primal bound: 4.58591
Preck submodel is infeasible, continue branching
General disjunction: No feasible solution found, use SCIP default branching rule
_____________________________________
Now starting branching with general disjunction
Current branching Node number: 1573
LP objective value: 181000
Node lower bound: 181000
Node upper bound: 238334
gap to the primal bound: 4.58591
Preck submodel is infeasible, continue branching
General disjunction: No feasible solution found, use SCIP default branching rule
_____________________________________
Now starting branching with general disjunction
Current branching Node number: 1575
LP objective value: 181000
Node lower bound: 181000
Node upper bound: 238334
gap to the primal bound: 4.58591
Preck submodel is infeasible, continue branching
General disjunction: No feasible solution found, use SCIP default branching rule
_____________________________________
Now starting branching with general disjunction
Current branching Node number: 1577
LP objective value: 181000
Node lower bound: 181000
Node upper bound: 238334
gap to the primal bound: 4.58591
Preck submodel is infeasible, continue branching
General disjunction: No feasible solution found, use SCIP default branching rule
_____________________________________
Now starting branching with general disjunction
Current branching Node number: 1579
LP objective value: 181000
Node lower bound: 181000
Node upper bound: 238334
gap to the primal bound: 4.58591
Preck submodel is infeasible, continue branching
Time limit exceeded (1070.8s), stopping submodel solve loop
General disjunction: No feasible solution found, use SCIP default branching rule
_____________________________________
Now starting branching with general disjunction
Current branching Node number: 202
LP objective value: 51714.3
Node lower bound: 51714.3
Node upper bound: 238334
gap to the primal bound: 4.58591
Preck submodel is infeasible, continue branching
General disjunction: No feasible solution found, use SCIP default branching rule
_____________________________________
Now starting branching with general disjunction
Current branching Node number: 1582
LP objective value: 51714.3
Node lower bound: 51714.3
Node upper bound: 238334
gap to the primal bound: 4.58591
Preck submodel is infeasible, continue branching
General disjunction: No feasible solution found, use SCIP default branching rule
_____________________________________
Now starting branching with general disjunction
Current branching Node number: 1585
LP objective value: 51714.3
Node lower bound: 51714.3
Node upper bound: 238334
gap to the primal bound: 4.58591
Preck submodel is infeasible, continue branching
General disjunction: No feasible solution found, use SCIP default branching rule
_____________________________________
Now starting branching with general disjunction
Current branching Node number: 1586
LP objective value: 60333.3
Node lower bound: 60333.3
Node upper bound: 238334
gap to the primal bound: 4.58591
Preck submodel is infeasible, continue branching
General disjunction: No feasible solution found, use SCIP default branching rule
_____________________________________
Now starting branching with general disjunction
Current branching Node number: 1588
LP objective value: 72400
Node lower bound: 72400
Node upper bound: 238334
gap to the primal bound: 4.58591
Preck submodel is infeasible, continue branching
General disjunction: No feasible solution found, use SCIP default branching rule
_____________________________________
Now starting branching with general disjunction
Current branching Node number: 1590
LP objective value: 72400
Node lower bound: 72400
Node upper bound: 238334
gap to the primal bound: 4.58591
Preck submodel is infeasible, continue branching
General disjunction: No feasible solution found, use SCIP default branching rule
_____________________________________
Now starting branching with general disjunction
Current branching Node number: 485
LP objective value: 56667
Node lower bound: 56667
Node upper bound: 238334
gap to the primal bound: 4.58591
Preck submodel is infeasible, continue branching
General disjunction: No feasible solution found, use SCIP default branching rule
_____________________________________
Now starting branching with general disjunction
Current branching Node number: 1595
LP objective value: 82000
Node lower bound: 82000
Node upper bound: 238334
gap to the primal bound: 4.58591
Preck submodel is infeasible, continue branching
General disjunction: No feasible solution found, use SCIP default branching rule
_____________________________________
Now starting branching with general disjunction
Current branching Node number: 1596
LP objective value: 82000
Node lower bound: 82000
Node upper bound: 238334
gap to the primal bound: 4.58591
Preck submodel is infeasible, continue branching
General disjunction: No feasible solution found, use SCIP default branching rule
_____________________________________
Now starting branching with general disjunction
Current branching Node number: 1598
LP objective value: 90500
Node lower bound: 90500
Node upper bound: 238334
gap to the primal bound: 4.58591
Preck submodel is infeasible, continue branching
General disjunction: No feasible solution found, use SCIP default branching rule
_____________________________________
Now starting branching with general disjunction
Current branching Node number: 1600
LP objective value: 90500
Node lower bound: 90500
Node upper bound: 238334
gap to the primal bound: 4.58591
Preck submodel is infeasible, continue branching
General disjunction: No feasible solution found, use SCIP default branching rule
_____________________________________
Now starting branching with general disjunction
Current branching Node number: 1603
LP objective value: 90500
Node lower bound: 90500
Node upper bound: 238334
gap to the primal bound: 4.58591
Preck submodel is infeasible, continue branching
General disjunction: No feasible solution found, use SCIP default branching rule
_____________________________________
Now starting branching with general disjunction
Current branching Node number: 508
LP objective value: 56667
Node lower bound: 56667
Node upper bound: 238334
gap to the primal bound: 4.58591
Preck submodel is infeasible, continue branching
General disjunction: No feasible solution found, use SCIP default branching rule
  796m|   900 |   707 | 79241 |  87.8 |    15M |  56 |1211 |1342 |1342 |   0 |  1 |   0 | 338 | 4.266700e+04 | 2.383340e+05 | 458.59%| unknown
_____________________________________
Now starting branching with general disjunction
Current branching Node number: 1607
LP objective value: 93084.5
Node lower bound: 93084.5
Node upper bound: 238334
gap to the primal bound: 4.58591
Preck submodel is infeasible, continue branching
General disjunction: No feasible solution found, use SCIP default branching rule
_____________________________________
Now starting branching with general disjunction
Current branching Node number: 1608
LP objective value: 93084.5
Node lower bound: 93084.5
Node upper bound: 238334
gap to the primal bound: 4.58591
Preck submodel is infeasible, continue branching
General disjunction: No feasible solution found, use SCIP default branching rule
_____________________________________
Now starting branching with general disjunction
Current branching Node number: 1611
LP objective value: 188288
Node lower bound: 188288
Node upper bound: 238334
gap to the primal bound: 4.58591
Preck submodel is infeasible, continue branching
General disjunction: No feasible solution found, use SCIP default branching rule
_____________________________________
Now starting branching with general disjunction
Current branching Node number: 1613
Relpscost reduced domain, skip general disjunction branching
_____________________________________
Now starting branching with general disjunction
Current branching Node number: 1613
LP objective value: 214193
Node lower bound: 214193
Node upper bound: 238334
gap to the primal bound: 4.58591
Preck submodel is infeasible, continue branching
General disjunction: No feasible solution found, use SCIP default branching rule
_____________________________________
Now starting branching with general disjunction
Current branching Node number: 1614
LP objective value: 214193
Node lower bound: 214193
Node upper bound: 238334
gap to the primal bound: 4.58591
Preck submodel is infeasible, continue branching
General disjunction: No feasible solution found, use SCIP default branching rule
_____________________________________
Now starting branching with general disjunction
Current branching Node number: 506
LP objective value: 56667
Node lower bound: 56667
Node upper bound: 238334
gap to the primal bound: 4.58591
Preck submodel is infeasible, continue branching
General disjunction: No feasible solution found, use SCIP default branching rule
_____________________________________
Now starting branching with general disjunction
Current branching Node number: 1619
LP objective value: 93084.5
Node lower bound: 93084.5
Node upper bound: 238334
gap to the primal bound: 4.58591
Preck submodel is infeasible, continue branching
General disjunction: No feasible solution found, use SCIP default branching rule
_____________________________________
Now starting branching with general disjunction
Current branching Node number: 1620
LP objective value: 93084.5
Node lower bound: 93084.5
Node upper bound: 238334
gap to the primal bound: 4.58591
Preck submodel is infeasible, continue branching
General disjunction: No feasible solution found, use SCIP default branching rule
_____________________________________
Now starting branching with general disjunction
Current branching Node number: 1623
LP objective value: 188288
Node lower bound: 188288
Node upper bound: 238334
gap to the primal bound: 4.58591
Preck submodel is infeasible, continue branching
General disjunction: No feasible solution found, use SCIP default branching rule
_____________________________________
Now starting branching with general disjunction
Current branching Node number: 1624
LP objective value: 188288
Node lower bound: 188288
Node upper bound: 238334
gap to the primal bound: 4.58591
Preck submodel is infeasible, continue branching
General disjunction: No feasible solution found, use SCIP default branching rule
_____________________________________
Now starting branching with general disjunction
Current branching Node number: 1627
LP objective value: 188288
Node lower bound: 188288
Node upper bound: 238334
gap to the primal bound: 4.58591
Preck submodel is infeasible, continue branching
General disjunction: No feasible solution found, use SCIP default branching rule
_____________________________________
Now starting branching with general disjunction
Current branching Node number: 502
LP objective value: 56667
Node lower bound: 56667
Node upper bound: 238334
gap to the primal bound: 4.58591
Preck submodel is infeasible, continue branching
General disjunction: No feasible solution found, use SCIP default branching rule
_____________________________________
Now starting branching with general disjunction
Current branching Node number: 1631
LP objective value: 93084.5
Node lower bound: 93084.5
Node upper bound: 238334
gap to the primal bound: 4.58591
Preck submodel is infeasible, continue branching
General disjunction: No feasible solution found, use SCIP default branching rule
_____________________________________
Now starting branching with general disjunction
Current branching Node number: 1632
LP objective value: 93084.5
Node lower bound: 93084.5
Node upper bound: 238334
gap to the primal bound: 4.58591
Preck submodel is infeasible, continue branching
General disjunction: No feasible solution found, use SCIP default branching rule
_____________________________________
Now starting branching with general disjunction
Current branching Node number: 1635
LP objective value: 181000
Node lower bound: 181000
Node upper bound: 238334
gap to the primal bound: 4.58591
Preck submodel is infeasible, continue branching
General disjunction: No feasible solution found, use SCIP default branching rule
_____________________________________
Now starting branching with general disjunction
Current branching Node number: 1636
LP objective value: 181000
Node lower bound: 181000
Node upper bound: 238334
gap to the primal bound: 4.58591
Preck submodel is infeasible, continue branching
General disjunction: No feasible solution found, use SCIP default branching rule
_____________________________________
Now starting branching with general disjunction
Current branching Node number: 1638
LP objective value: 181000
Node lower bound: 181000
Node upper bound: 238334
gap to the primal bound: 4.58591
Preck submodel is infeasible, continue branching
General disjunction: No feasible solution found, use SCIP default branching rule
_____________________________________
Now starting branching with general disjunction
Current branching Node number: 761
LP objective value: 51714.3
Node lower bound: 51714.3
Node upper bound: 238334
gap to the primal bound: 4.58591
Preck submodel is infeasible, continue branching
General disjunction: No feasible solution found, use SCIP default branching rule
_____________________________________
Now starting branching with general disjunction
Current branching Node number: 1642
LP objective value: 60333.3
Node lower bound: 60333.3
Node upper bound: 238334
gap to the primal bound: 4.58591
Preck submodel is infeasible, continue branching
Time limit exceeded (1114.14s), stopping submodel solve loop
General disjunction: Both Children are added
_____________________________________
Now starting branching with general disjunction
Current branching Node number: 1644
LP objective value: 150334
Node lower bound: 150334
Node upper bound: 238334
gap to the primal bound: 4.58591
Preck submodel is infeasible, continue branching
Time limit exceeded (1006.97s), stopping submodel solve loop
General disjunction: No feasible solution found, use SCIP default branching rule
_____________________________________
Now starting branching with general disjunction
Current branching Node number: 1646
LP objective value: 150334
Node lower bound: 150334
Node upper bound: 238334
gap to the primal bound: 4.58591
Preck submodel is infeasible, continue branching
Time limit exceeded (1000.35s), stopping submodel solve loop
General disjunction: No feasible solution found, use SCIP default branching rule
_____________________________________
Now starting branching with general disjunction
Current branching Node number: 1649
LP objective value: 150334
Node lower bound: 150334
Node upper bound: 238334
gap to the primal bound: 4.58591
Preck submodel is infeasible, continue branching
Error in probing right side: 0
Time limit exceeded (1146.28s), stopping submodel solve loop
General disjunction: No feasible solution found, use SCIP default branching rule
_____________________________________
Now starting branching with general disjunction
Current branching Node number: 1651
LP objective value: 150334
Node lower bound: 150334
Node upper bound: 238334
gap to the primal bound: 4.58591
Preck submodel is infeasible, continue branching
Time limit exceeded (1037.65s), stopping submodel solve loop
General disjunction: Both Children are added
_____________________________________
Now starting branching with general disjunction
Current branching Node number: 1391
LP objective value: 181000
Node lower bound: 181000
Node upper bound: 238334
gap to the primal bound: 4.58591
Preck submodel is infeasible, continue branching
General disjunction: No feasible solution found, use SCIP default branching rule
_____________________________________
Now starting branching with general disjunction
Current branching Node number: 1655
LP objective value: 181000
Node lower bound: 181000
Node upper bound: 238334
gap to the primal bound: 4.58591
Preck submodel is infeasible, continue branching
General disjunction: No feasible solution found, use SCIP default branching rule
_____________________________________
Now starting branching with general disjunction
Current branching Node number: 1657
LP objective value: 181000
Node lower bound: 181000
Node upper bound: 238334
gap to the primal bound: 4.58591
Preck submodel is infeasible, continue branching
General disjunction: No feasible solution found, use SCIP default branching rule
_____________________________________
Now starting branching with general disjunction
Current branching Node number: 1659
LP objective value: 181000
Node lower bound: 181000
Node upper bound: 238334
gap to the primal bound: 4.58591
Preck submodel is infeasible, continue branching
General disjunction: No feasible solution found, use SCIP default branching rule
_____________________________________
Now starting branching with general disjunction
Current branching Node number: 1661
LP objective value: 181000
Node lower bound: 181000
Node upper bound: 238334
gap to the primal bound: 4.58591
Preck submodel is infeasible, continue branching
Time limit exceeded (1083.32s), stopping submodel solve loop
General disjunction: Only Right constraint added:
_____________________________________
Now starting branching with general disjunction
Current branching Node number: 1661
LP objective value: 202552
Node lower bound: 202552
Node upper bound: 238334
gap to the primal bound: 4.58591
Preck submodel is infeasible, continue branching
General disjunction: No feasible solution found, use SCIP default branching rule
_____________________________________
Now starting branching with general disjunction
Current branching Node number: 1663
LP objective value: 202552
Node lower bound: 202552
Node upper bound: 238334
gap to the primal bound: 4.58591
Preck submodel is infeasible, continue branching
General disjunction: No feasible solution found, use SCIP default branching rule
_____________________________________
Now starting branching with general disjunction
Current branching Node number: 759
LP objective value: 51714.3
Node lower bound: 51714.3
Node upper bound: 238334
gap to the primal bound: 4.58591
Preck submodel is infeasible, continue branching
General disjunction: No feasible solution found, use SCIP default branching rule
_____________________________________
Now starting branching with general disjunction
Current branching Node number: 1666
LP objective value: 60333.3
Node lower bound: 60333.3
Node upper bound: 238334
gap to the primal bound: 4.58591
Preck submodel is infeasible, continue branching
General disjunction: No feasible solution found, use SCIP default branching rule
_____________________________________
Now starting branching with general disjunction
Current branching Node number: 1668
LP objective value: 72400
Node lower bound: 72400
Node upper bound: 238334
gap to the primal bound: 4.58591
Preck submodel is infeasible, continue branching
General disjunction: No feasible solution found, use SCIP default branching rule
_____________________________________
Now starting branching with general disjunction
Current branching Node number: 1670
LP objective value: 90500
Node lower bound: 90500
Node upper bound: 238334
gap to the primal bound: 4.58591
Preck submodel is infeasible, continue branching
General disjunction: No feasible solution found, use SCIP default branching rule
_____________________________________
Now starting branching with general disjunction
Current branching Node number: 1672
LP objective value: 120667
Node lower bound: 120667
Node upper bound: 238334
gap to the primal bound: 4.58591
Preck submodel is infeasible, continue branching
General disjunction: No feasible solution found, use SCIP default branching rule
_____________________________________
Now starting branching with general disjunction
Current branching Node number: 1675
LP objective value: 120667
Node lower bound: 120667
Node upper bound: 238334
gap to the primal bound: 4.58591
Preck submodel is infeasible, continue branching
General disjunction: No feasible solution found, use SCIP default branching rule
_____________________________________
Now starting branching with general disjunction
Current branching Node number: 146
LP objective value: 45250
Node lower bound: 45250
Node upper bound: 238334
gap to the primal bound: 4.58591
Preck submodel is infeasible, continue branching
General disjunction: No feasible solution found, use SCIP default branching rule
_____________________________________
Now starting branching with general disjunction
Current branching Node number: 1678
LP objective value: 45250
Node lower bound: 45250
Node upper bound: 238334
gap to the primal bound: 4.58591
Preck submodel is infeasible, continue branching
General disjunction: No feasible solution found, use SCIP default branching rule
_____________________________________
Now starting branching with general disjunction
Current branching Node number: 1680
LP objective value: 51714.3
Node lower bound: 51714.3
Node upper bound: 238334
gap to the primal bound: 4.58591
Preck submodel is infeasible, continue branching
General disjunction: No feasible solution found, use SCIP default branching rule
_____________________________________
Now starting branching with general disjunction
Current branching Node number: 1682
LP objective value: 51714.3
Node lower bound: 51714.3
Node upper bound: 238334
gap to the primal bound: 4.58591
Preck submodel is infeasible, continue branching
General disjunction: No feasible solution found, use SCIP default branching rule
_____________________________________
Now starting branching with general disjunction
Current branching Node number: 1685
LP objective value: 181000
Node lower bound: 181000
Node upper bound: 238334
gap to the primal bound: 4.58591
Preck submodel is infeasible, continue branching
General disjunction: No feasible solution found, use SCIP default branching rule
_____________________________________
Now starting branching with general disjunction
Current branching Node number: 1687
LP objective value: 181000
Node lower bound: 181000
Node upper bound: 238334
gap to the primal bound: 4.58591
Preck submodel is infeasible, continue branching
General disjunction: No feasible solution found, use SCIP default branching rule
_____________________________________
Now starting branching with general disjunction
Current branching Node number: 101
LP objective value: 56667
Node lower bound: 56667
Node upper bound: 238334
gap to the primal bound: 4.58591
Preck submodel is infeasible, continue branching
General disjunction: No feasible solution found, use SCIP default branching rule
_____________________________________
Now starting branching with general disjunction
Current branching Node number: 1690
LP objective value: 56667
Node lower bound: 56667
Node upper bound: 238334
gap to the primal bound: 4.58591
Preck submodel is infeasible, continue branching
General disjunction: No feasible solution found, use SCIP default branching rule
_____________________________________
Now starting branching with general disjunction
Current branching Node number: 1692
LP objective value: 56667
Node lower bound: 56667
Node upper bound: 238334
gap to the primal bound: 4.58591
Preck submodel is infeasible, continue branching
General disjunction: No feasible solution found, use SCIP default branching rule
_____________________________________
Now starting branching with general disjunction
Current branching Node number: 1694
LP objective value: 60333.3
Node lower bound: 60333.3
Node upper bound: 238334
gap to the primal bound: 4.58591
Preck submodel is infeasible, continue branching
General disjunction: No feasible solution found, use SCIP default branching rule
_____________________________________
Now starting branching with general disjunction
Current branching Node number: 1696
LP objective value: 60333.3
Node lower bound: 60333.3
Node upper bound: 238334
gap to the primal bound: 4.58591
Preck submodel is infeasible, continue branching
General disjunction: No feasible solution found, use SCIP default branching rule
_____________________________________
Now starting branching with general disjunction
Current branching Node number: 1699
LP objective value: 60333.3
Node lower bound: 60333.3
Node upper bound: 238334
gap to the primal bound: 4.58591
Preck submodel is infeasible, continue branching
General disjunction: No feasible solution found, use SCIP default branching rule
_____________________________________
Now starting branching with general disjunction
Current branching Node number: 209
LP objective value: 51714.3
Node lower bound: 51714.3
Node upper bound: 238334
gap to the primal bound: 4.58591
Preck submodel is infeasible, continue branching
General disjunction: No feasible solution found, use SCIP default branching rule
_____________________________________
Now starting branching with general disjunction
Current branching Node number: 1702
LP objective value: 51714.3
Node lower bound: 51714.3
Node upper bound: 238334
gap to the primal bound: 4.58591
Preck submodel is infeasible, continue branching
General disjunction: No feasible solution found, use SCIP default branching rule
_____________________________________
Now starting branching with general disjunction
Current branching Node number: 1705
LP objective value: 51714.3
Node lower bound: 51714.3
Node upper bound: 238334
gap to the primal bound: 4.58591
Preck submodel is infeasible, continue branching
General disjunction: No feasible solution found, use SCIP default branching rule
_____________________________________
Now starting branching with general disjunction
Current branching Node number: 1706
LP objective value: 60333.3
Node lower bound: 60333.3
Node upper bound: 238334
gap to the primal bound: 4.58591
Preck submodel is infeasible, continue branching
General disjunction: No feasible solution found, use SCIP default branching rule
_____________________________________
Now starting branching with general disjunction
Current branching Node number: 1708
LP objective value: 72400
Node lower bound: 72400
Node upper bound: 238334
gap to the primal bound: 4.58591
Preck submodel is infeasible, continue branching
General disjunction: No feasible solution found, use SCIP default branching rule
_____________________________________
Now starting branching with general disjunction
Current branching Node number: 1710
LP objective value: 72400
Node lower bound: 72400
Node upper bound: 238334
gap to the primal bound: 4.58591
Preck submodel is infeasible, continue branching
General disjunction: No feasible solution found, use SCIP default branching rule
_____________________________________
Now starting branching with general disjunction
Current branching Node number: 1431
LP objective value: 42667
Node lower bound: 42667
Node upper bound: 238334
gap to the primal bound: 4.58591
Preck submodel is infeasible, continue branching
General disjunction: No feasible solution found, use SCIP default branching rule
_____________________________________
Now starting branching with general disjunction
Current branching Node number: 1714
LP objective value: 45250
Node lower bound: 45250
Node upper bound: 238334
gap to the primal bound: 4.58591
Preck submodel is infeasible, continue branching
General disjunction: No feasible solution found, use SCIP default branching rule
_____________________________________
Now starting branching with general disjunction
Current branching Node number: 1716
LP objective value: 51714.3
Node lower bound: 51714.3
Node upper bound: 238334
gap to the primal bound: 4.58591
Preck submodel is infeasible, continue branching
General disjunction: No feasible solution found, use SCIP default branching rule
_____________________________________
Now starting branching with general disjunction
Current branching Node number: 1718
LP objective value: 51714.3
Node lower bound: 51714.3
Node upper bound: 238334
gap to the primal bound: 4.58591
Preck submodel is infeasible, continue branching
General disjunction: No feasible solution found, use SCIP default branching rule
_____________________________________
Now starting branching with general disjunction
Current branching Node number: 1720
LP objective value: 60333.3
Node lower bound: 60333.3
Node upper bound: 238334
gap to the primal bound: 4.58591
Preck submodel is infeasible, continue branching
General disjunction: No feasible solution found, use SCIP default branching rule
_____________________________________
Now starting branching with general disjunction
Current branching Node number: 1723
LP objective value: 181000
Node lower bound: 181000
Node upper bound: 238334
gap to the primal bound: 4.58591
Preck submodel is infeasible, continue branching
General disjunction: No feasible solution found, use SCIP default branching rule
_____________________________________
Now starting branching with general disjunction
Current branching Node number: 446
LP objective value: 42667
Node lower bound: 42667
Node upper bound: 238334
gap to the primal bound: 4.58591
Preck submodel is infeasible, continue branching
General disjunction: No feasible solution found, use SCIP default branching rule
_____________________________________
Now starting branching with general disjunction
Current branching Node number: 1726
LP objective value: 42667
Node lower bound: 42667
Node upper bound: 238334
gap to the primal bound: 4.58591
Preck submodel is infeasible, continue branching
General disjunction: No feasible solution found, use SCIP default branching rule
_____________________________________
Now starting branching with general disjunction
Current branching Node number: 1728
LP objective value: 45250
Node lower bound: 45250
Node upper bound: 238334
gap to the primal bound: 4.58591
Preck submodel is infeasible, continue branching
General disjunction: No feasible solution found, use SCIP default branching rule
_____________________________________
Now starting branching with general disjunction
Current branching Node number: 1730
LP objective value: 51714.3
Node lower bound: 51714.3
Node upper bound: 238334
gap to the primal bound: 4.58591
Preck submodel is infeasible, continue branching
General disjunction: No feasible solution found, use SCIP default branching rule
_____________________________________
Now starting branching with general disjunction
Current branching Node number: 1732
LP objective value: 51714.3
Node lower bound: 51714.3
Node upper bound: 238334
gap to the primal bound: 4.58591
Preck submodel is infeasible, continue branching
General disjunction: No feasible solution found, use SCIP default branching rule
_____________________________________
Now starting branching with general disjunction
Current branching Node number: 1735
LP objective value: 181000
Node lower bound: 181000
Node upper bound: 238334
gap to the primal bound: 4.58591
Preck submodel is infeasible, continue branching
General disjunction: No feasible solution found, use SCIP default branching rule
_____________________________________
Now starting branching with general disjunction
Current branching Node number: 207
LP objective value: 51714.3
Node lower bound: 51714.3
Node upper bound: 238334
gap to the primal bound: 4.58591
Preck submodel is infeasible, continue branching
General disjunction: No feasible solution found, use SCIP default branching rule
_____________________________________
Now starting branching with general disjunction
Current branching Node number: 1739
LP objective value: 51714.3
Node lower bound: 51714.3
Node upper bound: 238334
gap to the primal bound: 4.58591
Preck submodel is infeasible, continue branching
Time limit exceeded (1065.21s), stopping submodel solve loop
General disjunction: Infeasible disjunction
_____________________________________
Now starting branching with general disjunction
Current branching Node number: 205
LP objective value: 51714.3
Node lower bound: 51714.3
Node upper bound: 238334
gap to the primal bound: 4.58591
Preck submodel is infeasible, continue branching
General disjunction: No feasible solution found, use SCIP default branching rule
_____________________________________
Now starting branching with general disjunction
Current branching Node number: 1740
LP objective value: 51714.3
Node lower bound: 51714.3
Node upper bound: 238334
gap to the primal bound: 4.58591
Preck submodel is infeasible, continue branching
General disjunction: No feasible solution found, use SCIP default branching rule
_____________________________________
Now starting branching with general disjunction
Current branching Node number: 1743
LP objective value: 51714.3
Node lower bound: 51714.3
Node upper bound: 238334
gap to the primal bound: 4.58591
Preck submodel is infeasible, continue branching
General disjunction: No feasible solution found, use SCIP default branching rule
_____________________________________
Now starting branching with general disjunction
Current branching Node number: 1744
LP objective value: 60333.3
Node lower bound: 60333.3
Node upper bound: 238334
gap to the primal bound: 4.58591
Preck submodel is infeasible, continue branching
General disjunction: No feasible solution found, use SCIP default branching rule
_____________________________________
Now starting branching with general disjunction
Current branching Node number: 1746
LP objective value: 72400
Node lower bound: 72400
Node upper bound: 238334
gap to the primal bound: 4.58591
Preck submodel is infeasible, continue branching
General disjunction: No feasible solution found, use SCIP default branching rule
_____________________________________
Now starting branching with general disjunction
Current branching Node number: 1748
LP objective value: 72400
Node lower bound: 72400
Node upper bound: 238334
gap to the primal bound: 4.58591
Preck submodel is infeasible, continue branching
General disjunction: No feasible solution found, use SCIP default branching rule
_____________________________________
Now starting branching with general disjunction
Current branching Node number: 763
LP objective value: 60333.3
Node lower bound: 60333.3
Node upper bound: 238334
gap to the primal bound: 4.58591
Preck submodel is infeasible, continue branching
General disjunction: No feasible solution found, use SCIP default branching rule
_____________________________________
Now starting branching with general disjunction
Current branching Node number: 1752
LP objective value: 72400
Node lower bound: 72400
Node upper bound: 238334
gap to the primal bound: 4.58591
Preck submodel is infeasible, continue branching
General disjunction: No feasible solution found, use SCIP default branching rule
_____________________________________
Now starting branching with general disjunction
Current branching Node number: 1754
LP objective value: 90500
Node lower bound: 90500
Node upper bound: 238334
gap to the primal bound: 4.58591
Preck submodel is infeasible, continue branching
General disjunction: No feasible solution found, use SCIP default branching rule
_____________________________________
Now starting branching with general disjunction
Current branching Node number: 1756
LP objective value: 120667
Node lower bound: 120667
Node upper bound: 238334
gap to the primal bound: 4.58591
Preck submodel is infeasible, continue branching
General disjunction: No feasible solution found, use SCIP default branching rule
_____________________________________
Now starting branching with general disjunction
Current branching Node number: 1758
LP objective value: 181000
Node lower bound: 181000
Node upper bound: 238334
gap to the primal bound: 4.58591
Preck submodel is infeasible, continue branching
General disjunction: No feasible solution found, use SCIP default branching rule
_____________________________________
Now starting branching with general disjunction
Current branching Node number: 1760
LP objective value: 181000
Node lower bound: 181000
Node upper bound: 238334
gap to the primal bound: 4.58591
Preck submodel is infeasible, continue branching
General disjunction: No feasible solution found, use SCIP default branching rule
_____________________________________
Now starting branching with general disjunction
Current branching Node number: 458
LP objective value: 45250
Node lower bound: 45250
Node upper bound: 238334
gap to the primal bound: 4.58591
Preck submodel is infeasible, continue branching
General disjunction: No feasible solution found, use SCIP default branching rule
_____________________________________
Now starting branching with general disjunction
Current branching Node number: 1764
LP objective value: 45250
Node lower bound: 45250
Node upper bound: 238334
gap to the primal bound: 4.58591
Preck submodel is infeasible, continue branching
General disjunction: No feasible solution found, use SCIP default branching rule
_____________________________________
Now starting branching with general disjunction
Current branching Node number: 1766
LP objective value: 51714.3
Node lower bound: 51714.3
Node upper bound: 238334
gap to the primal bound: 4.58591
Preck submodel is infeasible, continue branching
General disjunction: No feasible solution found, use SCIP default branching rule
_____________________________________
Now starting branching with general disjunction
Current branching Node number: 1768
LP objective value: 60333.3
Node lower bound: 60333.3
Node upper bound: 238334
gap to the primal bound: 4.58591
Preck submodel is infeasible, continue branching
General disjunction: No feasible solution found, use SCIP default branching rule
_____________________________________
Now starting branching with general disjunction
Current branching Node number: 1770
LP objective value: 60333.3
Node lower bound: 60333.3
Node upper bound: 238334
gap to the primal bound: 4.58591
Preck submodel is infeasible, continue branching
General disjunction: No feasible solution found, use SCIP default branching rule
_____________________________________
Now starting branching with general disjunction
Current branching Node number: 430
LP objective value: 51714.3
Node lower bound: 51714.3
Node upper bound: 238334
gap to the primal bound: 4.58591
Preck submodel is infeasible, continue branching
General disjunction: No feasible solution found, use SCIP default branching rule
_____________________________________
Now starting branching with general disjunction
Current branching Node number: 1775
LP objective value: 51714.3
Node lower bound: 51714.3
Node upper bound: 238334
gap to the primal bound: 4.58591
Preck submodel is infeasible, continue branching
General disjunction: No feasible solution found, use SCIP default branching rule
_____________________________________
Now starting branching with general disjunction
Current branching Node number: 1776
LP objective value: 60333.3
Node lower bound: 60333.3
Node upper bound: 238334
gap to the primal bound: 4.58591
Preck submodel is infeasible, continue branching
General disjunction: No feasible solution found, use SCIP default branching rule
_____________________________________
Now starting branching with general disjunction
Current branching Node number: 1778
LP objective value: 72400
Node lower bound: 72400
Node upper bound: 238334
gap to the primal bound: 4.58591
Preck submodel is infeasible, continue branching
General disjunction: No feasible solution found, use SCIP default branching rule
_____________________________________
Now starting branching with general disjunction
Current branching Node number: 1780
LP objective value: 72400
Node lower bound: 72400
Node upper bound: 238334
gap to the primal bound: 4.58591
Preck submodel is infeasible, continue branching
General disjunction: No feasible solution found, use SCIP default branching rule
  928m|  1000 |   783 | 87642 |  87.4 |    15M |  56 |1211 |1342 |1342 |   0 |  1 |   0 | 365 | 4.266700e+04 | 2.383340e+05 | 458.59%| unknown
_____________________________________
Now starting branching with general disjunction
Current branching Node number: 1782
LP objective value: 90500
Node lower bound: 90500
Node upper bound: 238334
gap to the primal bound: 4.58591
Preck submodel is infeasible, continue branching
General disjunction: No feasible solution found, use SCIP default branching rule
_____________________________________
Now starting branching with general disjunction
Current branching Node number: 1066
LP objective value: 51714.3
Node lower bound: 51714.3
Node upper bound: 238334
gap to the primal bound: 4.58591
Preck submodel is infeasible, continue branching
General disjunction: No feasible solution found, use SCIP default branching rule
_____________________________________
Now starting branching with general disjunction
Current branching Node number: 1786
LP objective value: 60333.3
Node lower bound: 60333.3
Node upper bound: 238334
gap to the primal bound: 4.58591
Preck submodel is infeasible, continue branching
General disjunction: No feasible solution found, use SCIP default branching rule
_____________________________________
Now starting branching with general disjunction
Current branching Node number: 1789
LP objective value: 181000
Node lower bound: 181000
Node upper bound: 238334
gap to the primal bound: 4.58591
Preck submodel is infeasible, continue branching
General disjunction: No feasible solution found, use SCIP default branching rule
_____________________________________
Now starting branching with general disjunction
Current branching Node number: 1790
LP objective value: 181000
Node lower bound: 181000
Node upper bound: 238334
gap to the primal bound: 4.58591
Preck submodel is infeasible, continue branching
General disjunction: No feasible solution found, use SCIP default branching rule
_____________________________________
Now starting branching with general disjunction
Current branching Node number: 1793
LP objective value: 181000
Node lower bound: 181000
Node upper bound: 238334
gap to the primal bound: 4.58591
Preck submodel is infeasible, continue branching
General disjunction: No feasible solution found, use SCIP default branching rule
_____________________________________
Now starting branching with general disjunction
Current branching Node number: 1795
LP objective value: 181000
Node lower bound: 181000
Node upper bound: 238334
gap to the primal bound: 4.58591
Preck submodel is infeasible, continue branching
Time limit exceeded (1010.18s), stopping submodel solve loop
General disjunction: Only Right constraint added:
_____________________________________
Now starting branching with general disjunction
Current branching Node number: 1795
LP objective value: 207111
Node lower bound: 207111
Node upper bound: 238334
gap to the primal bound: 4.58591
Preck submodel is infeasible, continue branching
General disjunction: No feasible solution found, use SCIP default branching rule
_____________________________________
Now starting branching with general disjunction
Current branching Node number: 526
LP objective value: 56667
Node lower bound: 56667
Node upper bound: 238334
gap to the primal bound: 4.58591
Preck submodel is infeasible, continue branching
General disjunction: No feasible solution found, use SCIP default branching rule
_____________________________________
Now starting branching with general disjunction
Current branching Node number: 504
LP objective value: 56667
Node lower bound: 56667
Node upper bound: 238334
gap to the primal bound: 4.58591
Preck submodel is infeasible, continue branching
General disjunction: No feasible solution found, use SCIP default branching rule
_____________________________________
Now starting branching with general disjunction
Current branching Node number: 1801
LP objective value: 93084.5
Node lower bound: 93084.5
Node upper bound: 238334
gap to the primal bound: 4.58591
Preck submodel is infeasible, continue branching
General disjunction: No feasible solution found, use SCIP default branching rule
_____________________________________
Now starting branching with general disjunction
Current branching Node number: 1802
LP objective value: 93084.5
Node lower bound: 93084.5
Node upper bound: 238334
gap to the primal bound: 4.58591
Preck submodel is infeasible, continue branching
General disjunction: No feasible solution found, use SCIP default branching rule
_____________________________________
Now starting branching with general disjunction
Current branching Node number: 1805
LP objective value: 188288
Node lower bound: 188288
Node upper bound: 238334
gap to the primal bound: 4.58591
Preck submodel is infeasible, continue branching
General disjunction: No feasible solution found, use SCIP default branching rule
_____________________________________
Now starting branching with general disjunction
Current branching Node number: 1806
LP objective value: 188288
Node lower bound: 188288
Node upper bound: 238334
gap to the primal bound: 4.58591
Preck submodel is infeasible, continue branching
General disjunction: No feasible solution found, use SCIP default branching rule
_____________________________________
Now starting branching with general disjunction
Current branching Node number: 1809
LP objective value: 188288
Node lower bound: 188288
Node upper bound: 238334
gap to the primal bound: 4.58591
Preck submodel is infeasible, continue branching
General disjunction: No feasible solution found, use SCIP default branching rule
_____________________________________
Now starting branching with general disjunction
Current branching Node number: 151
LP objective value: 45250
Node lower bound: 45250
Node upper bound: 238334
gap to the primal bound: 4.58591
Preck submodel is infeasible, continue branching
General disjunction: No feasible solution found, use SCIP default branching rule
_____________________________________
Now starting branching with general disjunction
Current branching Node number: 1812
LP objective value: 45250
Node lower bound: 45250
Node upper bound: 238334
gap to the primal bound: 4.58591
Preck submodel is infeasible, continue branching
General disjunction: No feasible solution found, use SCIP default branching rule
_____________________________________
Now starting branching with general disjunction
Current branching Node number: 1814
LP objective value: 51714.3
Node lower bound: 51714.3
Node upper bound: 238334
gap to the primal bound: 4.58591
Preck submodel is infeasible, continue branching
General disjunction: No feasible solution found, use SCIP default branching rule
_____________________________________
Now starting branching with general disjunction
Current branching Node number: 1817
LP objective value: 188667
Node lower bound: 188667
Node upper bound: 238334
gap to the primal bound: 4.58591
Preck submodel is infeasible, continue branching
General disjunction: No feasible solution found, use SCIP default branching rule
_____________________________________
Now starting branching with general disjunction
Current branching Node number: 1818
LP objective value: 188667
Node lower bound: 188667
Node upper bound: 238334
gap to the primal bound: 4.58591
Preck submodel is infeasible, continue branching
General disjunction: No feasible solution found, use SCIP default branching rule
_____________________________________
Now starting branching with general disjunction
Current branching Node number: 1821
LP objective value: 188667
Node lower bound: 188667
Node upper bound: 238334
gap to the primal bound: 4.58591
Preck submodel is infeasible, continue branching
General disjunction: No feasible solution found, use SCIP default branching rule
_____________________________________
Now starting branching with general disjunction
Current branching Node number: 220
LP objective value: 51714.3
Node lower bound: 51714.3
Node upper bound: 238334
gap to the primal bound: 4.58591
Preck submodel is infeasible, continue branching
General disjunction: No feasible solution found, use SCIP default branching rule
_____________________________________
Now starting branching with general disjunction
Current branching Node number: 1824
LP objective value: 51714.3
Node lower bound: 51714.3
Node upper bound: 238334
gap to the primal bound: 4.58591
Preck submodel is infeasible, continue branching
General disjunction: No feasible solution found, use SCIP default branching rule
_____________________________________
Now starting branching with general disjunction
Current branching Node number: 1827
LP objective value: 51714.3
Node lower bound: 51714.3
Node upper bound: 238334
gap to the primal bound: 4.58591
Preck submodel is infeasible, continue branching
General disjunction: No feasible solution found, use SCIP default branching rule
_____________________________________
Now starting branching with general disjunction
Current branching Node number: 1828
LP objective value: 60333.3
Node lower bound: 60333.3
Node upper bound: 238334
gap to the primal bound: 4.58591
Preck submodel is infeasible, continue branching
General disjunction: No feasible solution found, use SCIP default branching rule
_____________________________________
Now starting branching with general disjunction
Current branching Node number: 1830
LP objective value: 72400
Node lower bound: 72400
Node upper bound: 238334
gap to the primal bound: 4.58591
Preck submodel is infeasible, continue branching
General disjunction: No feasible solution found, use SCIP default branching rule
_____________________________________
Now starting branching with general disjunction
Current branching Node number: 1832
LP objective value: 72400
Node lower bound: 72400
Node upper bound: 238334
gap to the primal bound: 4.58591
Preck submodel is infeasible, continue branching
General disjunction: No feasible solution found, use SCIP default branching rule
_____________________________________
Now starting branching with general disjunction
Current branching Node number: 232
LP objective value: 42667
Node lower bound: 42667
Node upper bound: 238334
gap to the primal bound: 4.58591
Preck submodel is infeasible, continue branching
General disjunction: No feasible solution found, use SCIP default branching rule
_____________________________________
Now starting branching with general disjunction
Current branching Node number: 1836
LP objective value: 42667
Node lower bound: 42667
Node upper bound: 238334
gap to the primal bound: 4.58591
Preck submodel is infeasible, continue branching
General disjunction: No feasible solution found, use SCIP default branching rule
_____________________________________
Now starting branching with general disjunction
Current branching Node number: 1838
LP objective value: 45250
Node lower bound: 45250
Node upper bound: 238334
gap to the primal bound: 4.58591
Preck submodel is infeasible, continue branching
General disjunction: No feasible solution found, use SCIP default branching rule
_____________________________________
Now starting branching with general disjunction
Current branching Node number: 1840
LP objective value: 51714.3
Node lower bound: 51714.3
Node upper bound: 238334
gap to the primal bound: 4.58591
Preck submodel is infeasible, continue branching
General disjunction: No feasible solution found, use SCIP default branching rule
_____________________________________
Now starting branching with general disjunction
Current branching Node number: 1843
LP objective value: 181000
Node lower bound: 181000
Node upper bound: 238334
gap to the primal bound: 4.58591
Preck submodel is infeasible, continue branching
General disjunction: No feasible solution found, use SCIP default branching rule
_____________________________________
Now starting branching with general disjunction
Current branching Node number: 1844
LP objective value: 181000
Node lower bound: 181000
Node upper bound: 238334
gap to the primal bound: 4.58591
Preck submodel is infeasible, continue branching
General disjunction: No feasible solution found, use SCIP default branching rule
_____________________________________
Now starting branching with general disjunction
Current branching Node number: 855
LP objective value: 60333.3
Node lower bound: 60333.3
Node upper bound: 238334
gap to the primal bound: 4.58591
Preck submodel is infeasible, continue branching
General disjunction: No feasible solution found, use SCIP default branching rule
_____________________________________
Now starting branching with general disjunction
Current branching Node number: 223
LP objective value: 51714.3
Node lower bound: 51714.3
Node upper bound: 238334
gap to the primal bound: 4.58591
Preck submodel is infeasible, continue branching
General disjunction: No feasible solution found, use SCIP default branching rule
_____________________________________
Now starting branching with general disjunction
Current branching Node number: 1850
LP objective value: 51714.3
Node lower bound: 51714.3
Node upper bound: 238334
gap to the primal bound: 4.58591
Preck submodel is infeasible, continue branching
General disjunction: No feasible solution found, use SCIP default branching rule
_____________________________________
Now starting branching with general disjunction
Current branching Node number: 1853
LP objective value: 51714.3
Node lower bound: 51714.3
Node upper bound: 238334
gap to the primal bound: 4.58591
Preck submodel is infeasible, continue branching
General disjunction: No feasible solution found, use SCIP default branching rule
_____________________________________
Now starting branching with general disjunction
Current branching Node number: 1854
LP objective value: 60333.3
Node lower bound: 60333.3
Node upper bound: 238334
gap to the primal bound: 4.58591
Preck submodel is infeasible, continue branching
General disjunction: No feasible solution found, use SCIP default branching rule
_____________________________________
Now starting branching with general disjunction
Current branching Node number: 1856
LP objective value: 72400
Node lower bound: 72400
Node upper bound: 238334
gap to the primal bound: 4.58591
Preck submodel is infeasible, continue branching
General disjunction: No feasible solution found, use SCIP default branching rule
_____________________________________
Now starting branching with general disjunction
Current branching Node number: 1858
LP objective value: 72400
Node lower bound: 72400
Node upper bound: 238334
gap to the primal bound: 4.58591
Preck submodel is infeasible, continue branching
General disjunction: No feasible solution found, use SCIP default branching rule
_____________________________________
Now starting branching with general disjunction
Current branching Node number: 219
LP objective value: 51714.3
Node lower bound: 51714.3
Node upper bound: 238334
gap to the primal bound: 4.58591
Preck submodel is infeasible, continue branching
General disjunction: No feasible solution found, use SCIP default branching rule
_____________________________________
Now starting branching with general disjunction
Current branching Node number: 1862
LP objective value: 51714.3
Node lower bound: 51714.3
Node upper bound: 238334
gap to the primal bound: 4.58591
Preck submodel is infeasible, continue branching
General disjunction: No feasible solution found, use SCIP default branching rule
_____________________________________
Now starting branching with general disjunction
Current branching Node number: 1865
LP objective value: 51714.3
Node lower bound: 51714.3
Node upper bound: 238334
gap to the primal bound: 4.58591
Preck submodel is infeasible, continue branching
General disjunction: No feasible solution found, use SCIP default branching rule
_____________________________________
Now starting branching with general disjunction
Current branching Node number: 1866
LP objective value: 60333.3
Node lower bound: 60333.3
Node upper bound: 238334
gap to the primal bound: 4.58591
Preck submodel is infeasible, continue branching
General disjunction: No feasible solution found, use SCIP default branching rule
_____________________________________
Now starting branching with general disjunction
Current branching Node number: 1868
LP objective value: 72400
Node lower bound: 72400
Node upper bound: 238334
gap to the primal bound: 4.58591
Preck submodel is infeasible, continue branching
General disjunction: No feasible solution found, use SCIP default branching rule
_____________________________________
Now starting branching with general disjunction
Current branching Node number: 1870
LP objective value: 72400
Node lower bound: 72400
Node upper bound: 238334
gap to the primal bound: 4.58591
Preck submodel is infeasible, continue branching
General disjunction: No feasible solution found, use SCIP default branching rule
_____________________________________
Now starting branching with general disjunction
Current branching Node number: 376
LP objective value: 45250
Node lower bound: 45250
Node upper bound: 238334
gap to the primal bound: 4.58591
Preck submodel is infeasible, continue branching
General disjunction: No feasible solution found, use SCIP default branching rule
_____________________________________
Now starting branching with general disjunction
Current branching Node number: 1874
LP objective value: 45250
Node lower bound: 45250
Node upper bound: 238334
gap to the primal bound: 4.58591
Preck submodel is infeasible, continue branching
General disjunction: No feasible solution found, use SCIP default branching rule
_____________________________________
Now starting branching with general disjunction
Current branching Node number: 1876
LP objective value: 51714.3
Node lower bound: 51714.3
Node upper bound: 238334
gap to the primal bound: 4.58591
Preck submodel is infeasible, continue branching
General disjunction: No feasible solution found, use SCIP default branching rule
_____________________________________
Now starting branching with general disjunction
Current branching Node number: 1879
LP objective value: 181000
Node lower bound: 181000
Node upper bound: 238334
gap to the primal bound: 4.58591
Preck submodel is infeasible, continue branching
General disjunction: No feasible solution found, use SCIP default branching rule
_____________________________________
Now starting branching with general disjunction
Current branching Node number: 1880
LP objective value: 181000
Node lower bound: 181000
Node upper bound: 238334
gap to the primal bound: 4.58591
Preck submodel is infeasible, continue branching
General disjunction: No feasible solution found, use SCIP default branching rule
_____________________________________
Now starting branching with general disjunction
Current branching Node number: 1882
LP objective value: 181000
Node lower bound: 181000
Node upper bound: 238334
gap to the primal bound: 4.58591
Preck submodel is infeasible, continue branching
General disjunction: No feasible solution found, use SCIP default branching rule
_____________________________________
Now starting branching with general disjunction
Current branching Node number: 217
LP objective value: 51714.3
Node lower bound: 51714.3
Node upper bound: 238334
gap to the primal bound: 4.58591
Preck submodel is infeasible, continue branching
General disjunction: No feasible solution found, use SCIP default branching rule
_____________________________________
Now starting branching with general disjunction
Current branching Node number: 1886
LP objective value: 51714.3
Node lower bound: 51714.3
Node upper bound: 238334
gap to the primal bound: 4.58591
Preck submodel is infeasible, continue branching
Time limit exceeded (1012.45s), stopping submodel solve loop
General disjunction: Both Children are added
_____________________________________
Now starting branching with general disjunction
Current branching Node number: 1888
LP objective value: 141000
Node lower bound: 141000
Node upper bound: 238334
gap to the primal bound: 4.58591
Preck submodel is infeasible, continue branching
General disjunction: No feasible solution found, use SCIP default branching rule
_____________________________________
Now starting branching with general disjunction
Current branching Node number: 1890
LP objective value: 141000
Node lower bound: 141000
Node upper bound: 238334
gap to the primal bound: 4.58591
Preck submodel is infeasible, continue branching
General disjunction: No feasible solution found, use SCIP default branching rule
_____________________________________
Now starting branching with general disjunction
Current branching Node number: 1892
LP objective value: 141000
Node lower bound: 141000
Node upper bound: 238334
gap to the primal bound: 4.58591
Preck submodel is infeasible, continue branching
General disjunction: No feasible solution found, use SCIP default branching rule
_____________________________________
Now starting branching with general disjunction
Current branching Node number: 1894
LP objective value: 141000
Node lower bound: 141000
Node upper bound: 238334
gap to the primal bound: 4.58591
Preck submodel is infeasible, continue branching
General disjunction: No feasible solution found, use SCIP default branching rule
_____________________________________
Now starting branching with general disjunction
Current branching Node number: 212
LP objective value: 51714.3
Node lower bound: 51714.3
Node upper bound: 238334
gap to the primal bound: 4.58591
Preck submodel is infeasible, continue branching
General disjunction: No feasible solution found, use SCIP default branching rule
_____________________________________
Now starting branching with general disjunction
Current branching Node number: 1898
LP objective value: 51714.3
Node lower bound: 51714.3
Node upper bound: 238334
gap to the primal bound: 4.58591
Preck submodel is infeasible, continue branching
General disjunction: No feasible solution found, use SCIP default branching rule
_____________________________________
Now starting branching with general disjunction
Current branching Node number: 1900
LP objective value: 60333.3
Node lower bound: 60333.3
Node upper bound: 238334
gap to the primal bound: 4.58591
Preck submodel is infeasible, continue branching
General disjunction: No feasible solution found, use SCIP default branching rule
_____________________________________
Now starting branching with general disjunction
Current branching Node number: 1903
LP objective value: 60333.3
Node lower bound: 60333.3
Node upper bound: 238334
gap to the primal bound: 4.58591
Preck submodel is infeasible, continue branching
General disjunction: No feasible solution found, use SCIP default branching rule
_____________________________________
Now starting branching with general disjunction
Current branching Node number: 1904
LP objective value: 72400
Node lower bound: 72400
Node upper bound: 238334
gap to the primal bound: 4.58591
Preck submodel is infeasible, continue branching
General disjunction: No feasible solution found, use SCIP default branching rule
_____________________________________
Now starting branching with general disjunction
Current branching Node number: 1906
LP objective value: 72400
Node lower bound: 72400
Node upper bound: 238334
gap to the primal bound: 4.58591
Preck submodel is infeasible, continue branching
General disjunction: No feasible solution found, use SCIP default branching rule
_____________________________________
Now starting branching with general disjunction
Current branching Node number: 808
LP objective value: 51714.3
Node lower bound: 51714.3
Node upper bound: 238334
gap to the primal bound: 4.58591
Preck submodel is infeasible, continue branching
General disjunction: No feasible solution found, use SCIP default branching rule
_____________________________________
Now starting branching with general disjunction
Current branching Node number: 1910
LP objective value: 60333.3
Node lower bound: 60333.3
Node upper bound: 238334
gap to the primal bound: 4.58591
Preck submodel is infeasible, continue branching
General disjunction: No feasible solution found, use SCIP default branching rule
_____________________________________
Now starting branching with general disjunction
Current branching Node number: 153
LP objective value: 56667
Node lower bound: 56667
Node upper bound: 238334
gap to the primal bound: 4.58591
Preck submodel is infeasible, continue branching
General disjunction: No feasible solution found, use SCIP default branching rule
_____________________________________
Now starting branching with general disjunction
Current branching Node number: 1914
LP objective value: 56667
Node lower bound: 56667
Node upper bound: 238334
gap to the primal bound: 4.58591
Preck submodel is infeasible, continue branching
General disjunction: No feasible solution found, use SCIP default branching rule
_____________________________________
Now starting branching with general disjunction
Current branching Node number: 1916
LP objective value: 56667
Node lower bound: 56667
Node upper bound: 238334
gap to the primal bound: 4.58591
Preck submodel is infeasible, continue branching
General disjunction: No feasible solution found, use SCIP default branching rule
_____________________________________
Now starting branching with general disjunction
Current branching Node number: 1919
LP objective value: 181000
Node lower bound: 181000
Node upper bound: 238334
gap to the primal bound: 4.58591
Preck submodel is infeasible, continue branching
General disjunction: No feasible solution found, use SCIP default branching rule
_____________________________________
Now starting branching with general disjunction
Current branching Node number: 1921
LP objective value: 181000
Node lower bound: 181000
Node upper bound: 238334
gap to the primal bound: 4.58591
Preck submodel is infeasible, continue branching
General disjunction: No feasible solution found, use SCIP default branching rule
_____________________________________
Now starting branching with general disjunction
Current branching Node number: 1923
LP objective value: 181000
Node lower bound: 181000
Node upper bound: 238334
gap to the primal bound: 4.58591
Preck submodel is infeasible, continue branching
General disjunction: No feasible solution found, use SCIP default branching rule
_____________________________________
Now starting branching with general disjunction
Current branching Node number: 1103
LP objective value: 42667
Node lower bound: 42667
Node upper bound: 238334
gap to the primal bound: 4.58591
Preck submodel is infeasible, continue branching
General disjunction: No feasible solution found, use SCIP default branching rule
_____________________________________
Now starting branching with general disjunction
Current branching Node number: 1926
LP objective value: 45250
Node lower bound: 45250
Node upper bound: 238334
gap to the primal bound: 4.58591
Preck submodel is infeasible, continue branching
General disjunction: No feasible solution found, use SCIP default branching rule
_____________________________________
Now starting branching with general disjunction
Current branching Node number: 1928
LP objective value: 51714.3
Node lower bound: 51714.3
Node upper bound: 238334
gap to the primal bound: 4.58591
Preck submodel is infeasible, continue branching
General disjunction: No feasible solution found, use SCIP default branching rule
_____________________________________
Now starting branching with general disjunction
Current branching Node number: 1931
LP objective value: 181000
Node lower bound: 181000
Node upper bound: 238334
gap to the primal bound: 4.58591
Preck submodel is infeasible, continue branching
General disjunction: No feasible solution found, use SCIP default branching rule
_____________________________________
Now starting branching with general disjunction
Current branching Node number: 1933
LP objective value: 181000
Node lower bound: 181000
Node upper bound: 238334
gap to the primal bound: 4.58591
Preck submodel is infeasible, continue branching
General disjunction: No feasible solution found, use SCIP default branching rule
_____________________________________
Now starting branching with general disjunction
Current branching Node number: 1934
LP objective value: 181000
Node lower bound: 181000
Node upper bound: 238334
gap to the primal bound: 4.58591
Preck submodel is infeasible, continue branching
General disjunction: No feasible solution found, use SCIP default branching rule
_____________________________________
Now starting branching with general disjunction
Current branching Node number: 728
LP objective value: 60333.3
Node lower bound: 60333.3
Node upper bound: 238334
gap to the primal bound: 4.58591
Preck submodel is infeasible, continue branching
Time limit exceeded (1001.48s), stopping submodel solve loop
General disjunction: Infeasible disjunction
_____________________________________
Now starting branching with general disjunction
Current branching Node number: 200
LP objective value: 51714.3
Node lower bound: 51714.3
Node upper bound: 238334
gap to the primal bound: 4.58591
Preck submodel is infeasible, continue branching
General disjunction: No feasible solution found, use SCIP default branching rule
_____________________________________
Now starting branching with general disjunction
Current branching Node number: 1938
LP objective value: 51714.3
Node lower bound: 51714.3
Node upper bound: 238334
gap to the primal bound: 4.58591
Preck submodel is infeasible, continue branching
General disjunction: No feasible solution found, use SCIP default branching rule
_____________________________________
Now starting branching with general disjunction
Current branching Node number: 1940
LP objective value: 60333.3
Node lower bound: 60333.3
Node upper bound: 238334
gap to the primal bound: 4.58591
Preck submodel is infeasible, continue branching
General disjunction: No feasible solution found, use SCIP default branching rule
_____________________________________
Now starting branching with general disjunction
Current branching Node number: 1942
LP objective value: 72400
Node lower bound: 72400
Node upper bound: 238334
gap to the primal bound: 4.58591
Preck submodel is infeasible, continue branching
General disjunction: No feasible solution found, use SCIP default branching rule
_____________________________________
Now starting branching with general disjunction
Current branching Node number: 1944
LP objective value: 72400
Node lower bound: 72400
Node upper bound: 238334
gap to the primal bound: 4.58591
Preck submodel is infeasible, continue branching
General disjunction: No feasible solution found, use SCIP default branching rule
_____________________________________
Now starting branching with general disjunction
Current branching Node number: 584
LP objective value: 60333.3
Node lower bound: 60333.3
Node upper bound: 238334
gap to the primal bound: 4.58591
Preck submodel is infeasible, continue branching
General disjunction: No feasible solution found, use SCIP default branching rule
_____________________________________
Now starting branching with general disjunction
Current branching Node number: 1009
LP objective value: 181000
Node lower bound: 181000
Node upper bound: 238334
gap to the primal bound: 4.58591
Preck submodel is infeasible, continue branching
General disjunction: No feasible solution found, use SCIP default branching rule
_____________________________________
Now starting branching with general disjunction
Current branching Node number: 1950
LP objective value: 181000
Node lower bound: 181000
Node upper bound: 238334
gap to the primal bound: 4.58591
Preck submodel is infeasible, continue branching
General disjunction: No feasible solution found, use SCIP default branching rule
_____________________________________
Now starting branching with general disjunction
Current branching Node number: 1953
LP objective value: 181000
Node lower bound: 181000
Node upper bound: 238334
gap to the primal bound: 4.58591
Preck submodel is infeasible, continue branching
General disjunction: No feasible solution found, use SCIP default branching rule
  985m|  1100 |   855 | 92926 |  84.3 |    15M |  56 |1211 |1342 |1342 |   0 |  1 |   0 | 365 | 4.266700e+04 | 2.383340e+05 | 458.59%| unknown
_____________________________________
Now starting branching with general disjunction
Current branching Node number: 1954
LP objective value: 181000
Node lower bound: 181000
Node upper bound: 238334
gap to the primal bound: 4.58591
Preck submodel is infeasible, continue branching
General disjunction: No feasible solution found, use SCIP default branching rule
_____________________________________
Now starting branching with general disjunction
Current branching Node number: 1956
LP objective value: 181000
Node lower bound: 181000
Node upper bound: 238334
gap to the primal bound: 4.58591
Preck submodel is infeasible, continue branching
General disjunction: No feasible solution found, use SCIP default branching rule
_____________________________________
Now starting branching with general disjunction
Current branching Node number: 1958
LP objective value: 181000
Node lower bound: 181000
Node upper bound: 238334
gap to the primal bound: 4.58591
Preck submodel is infeasible, continue branching
General disjunction: No feasible solution found, use SCIP default branching rule
_____________________________________
Now starting branching with general disjunction
Current branching Node number: 734
LP objective value: 51714.3
Node lower bound: 51714.3
Node upper bound: 238334
gap to the primal bound: 4.58591
Preck submodel is infeasible, continue branching
General disjunction: No feasible solution found, use SCIP default branching rule
_____________________________________
Now starting branching with general disjunction
Current branching Node number: 1962
LP objective value: 60333.3
Node lower bound: 60333.3
Node upper bound: 238334
gap to the primal bound: 4.58591
Preck submodel is infeasible, continue branching
General disjunction: No feasible solution found, use SCIP default branching rule
_____________________________________
Now starting branching with general disjunction
Current branching Node number: 1964
LP objective value: 72400
Node lower bound: 72400
Node upper bound: 238334
gap to the primal bound: 4.58591
Preck submodel is infeasible, continue branching
General disjunction: No feasible solution found, use SCIP default branching rule
_____________________________________
Now starting branching with general disjunction
Current branching Node number: 1966
LP objective value: 90500
Node lower bound: 90500
Node upper bound: 238334
gap to the primal bound: 4.58591
Preck submodel is infeasible, continue branching
General disjunction: No feasible solution found, use SCIP default branching rule
_____________________________________
Now starting branching with general disjunction
Current branching Node number: 1968
LP objective value: 120667
Node lower bound: 120667
Node upper bound: 238334
gap to the primal bound: 4.58591
Preck submodel is infeasible, continue branching
General disjunction: No feasible solution found, use SCIP default branching rule
_____________________________________
Now starting branching with general disjunction
Current branching Node number: 1971
LP objective value: 165834
Node lower bound: 165834
Node upper bound: 238334
gap to the primal bound: 4.58591
Preck submodel is infeasible, continue branching
General disjunction: No feasible solution found, use SCIP default branching rule
_____________________________________
Now starting branching with general disjunction
Current branching Node number: 365
LP objective value: 165833
Node lower bound: 165833
Node upper bound: 238334
gap to the primal bound: 4.58591
Preck submodel is infeasible, continue branching
General disjunction: No feasible solution found, use SCIP default branching rule
_____________________________________
Now starting branching with general disjunction
Current branching Node number: 1974
LP objective value: 165834
Node lower bound: 165834
Node upper bound: 238334
gap to the primal bound: 4.58591
Preck submodel is infeasible, continue branching
General disjunction: No feasible solution found, use SCIP default branching rule
_____________________________________
Now starting branching with general disjunction
Current branching Node number: 1976
LP objective value: 165833
Node lower bound: 165834
Node upper bound: 238334
gap to the primal bound: 4.58591
Preck submodel is infeasible, continue branching
General disjunction: No feasible solution found, use SCIP default branching rule
_____________________________________
Now starting branching with general disjunction
Current branching Node number: 1979
LP objective value: 165834
Node lower bound: 165834
Node upper bound: 238334
gap to the primal bound: 4.58591
Preck submodel is infeasible, continue branching
Time limit exceeded (1055.86s), stopping submodel solve loop
General disjunction: No feasible solution found, use SCIP default branching rule
_____________________________________
Now starting branching with general disjunction
Current branching Node number: 1981
LP objective value: 165833
Node lower bound: 165834
Node upper bound: 238334
gap to the primal bound: 4.58591
Preck submodel is infeasible, continue branching
Time limit exceeded (1228.21s), stopping submodel solve loop
General disjunction: No feasible solution found, use SCIP default branching rule
_____________________________________
Now starting branching with general disjunction
Current branching Node number: 1983
LP objective value: 165833
Node lower bound: 165834
Node upper bound: 238334
gap to the primal bound: 4.58591
Preck submodel is infeasible, continue branching
Time limit exceeded (1118.22s), stopping submodel solve loop
General disjunction: No feasible solution found, use SCIP default branching rule
_____________________________________
Now starting branching with general disjunction
Current branching Node number: 449
LP objective value: 42667
Node lower bound: 42667
Node upper bound: 238334
gap to the primal bound: 4.58591
Preck submodel is infeasible, continue branching
General disjunction: No feasible solution found, use SCIP default branching rule
_____________________________________
Now starting branching with general disjunction
Current branching Node number: 1986
LP objective value: 42667
Node lower bound: 42667
Node upper bound: 238334
gap to the primal bound: 4.58591
Preck submodel is infeasible, continue branching
General disjunction: No feasible solution found, use SCIP default branching rule
_____________________________________
Now starting branching with general disjunction
Current branching Node number: 1988
LP objective value: 45250
Node lower bound: 45250
Node upper bound: 238334
gap to the primal bound: 4.58591
Preck submodel is infeasible, continue branching
General disjunction: No feasible solution found, use SCIP default branching rule
_____________________________________
Now starting branching with general disjunction
Current branching Node number: 1990
LP objective value: 51714.3
Node lower bound: 51714.3
Node upper bound: 238334
gap to the primal bound: 4.58591
Preck submodel is infeasible, continue branching
General disjunction: No feasible solution found, use SCIP default branching rule
_____________________________________
Now starting branching with general disjunction
Current branching Node number: 1993
LP objective value: 181000
Node lower bound: 181000
Node upper bound: 238334
gap to the primal bound: 4.58591
Preck submodel is infeasible, continue branching
General disjunction: No feasible solution found, use SCIP default branching rule
_____________________________________
Now starting branching with general disjunction
Current branching Node number: 1995
LP objective value: 181000
Node lower bound: 181000
Node upper bound: 238334
gap to the primal bound: 4.58591
Preck submodel is infeasible, continue branching
General disjunction: No feasible solution found, use SCIP default branching rule
_____________________________________
Now starting branching with general disjunction
Current branching Node number: 597
LP objective value: 70500
Node lower bound: 70500
Node upper bound: 238334
gap to the primal bound: 4.58591
Preck submodel is infeasible, continue branching
General disjunction: No feasible solution found, use SCIP default branching rule
_____________________________________
Now starting branching with general disjunction
Current branching Node number: 452
LP objective value: 42667
Node lower bound: 42667
Node upper bound: 238334
gap to the primal bound: 4.58591
Preck submodel is infeasible, continue branching
General disjunction: No feasible solution found, use SCIP default branching rule
_____________________________________
Now starting branching with general disjunction
Current branching Node number: 2000
LP objective value: 42667
Node lower bound: 42667
Node upper bound: 238334
gap to the primal bound: 4.58591
Preck submodel is infeasible, continue branching
General disjunction: No feasible solution found, use SCIP default branching rule
_____________________________________
Now starting branching with general disjunction
Current branching Node number: 2002
LP objective value: 45250
Node lower bound: 45250
Node upper bound: 238334
gap to the primal bound: 4.58591
Preck submodel is infeasible, continue branching
General disjunction: No feasible solution found, use SCIP default branching rule
_____________________________________
Now starting branching with general disjunction
Current branching Node number: 2004
LP objective value: 51714.3
Node lower bound: 51714.3
Node upper bound: 238334
gap to the primal bound: 4.58591
Preck submodel is infeasible, continue branching
General disjunction: No feasible solution found, use SCIP default branching rule
Restart triggered after 50 consecutive estimations that the remaining tree will be large
_____________________________________
Now starting branching with general disjunction
Current branching Node number: 699
LP objective value: 181000
Node lower bound: 181000
Node upper bound: 238334
gap to the primal bound: 4.58591
Preck submodel is infeasible, continue branching
General disjunction: No feasible solution found, use SCIP default branching rule
_____________________________________
Now starting branching with general disjunction
Current branching Node number: 2009
LP objective value: 181000
Node lower bound: 181000
Node upper bound: 238334
gap to the primal bound: 4.58591
Preck submodel is infeasible, continue branching
General disjunction: No feasible solution found, use SCIP default branching rule
_____________________________________
Now starting branching with general disjunction
Current branching Node number: 2011
LP objective value: 181000
Node lower bound: 181000
Node upper bound: 238334
gap to the primal bound: 4.58591
Preck submodel is infeasible, continue branching
General disjunction: No feasible solution found, use SCIP default branching rule
_____________________________________
Now starting branching with general disjunction
Current branching Node number: 2013
LP objective value: 181000
Node lower bound: 181000
Node upper bound: 238334
gap to the primal bound: 4.58591
Preck submodel is infeasible, continue branching
General disjunction: No feasible solution found, use SCIP default branching rule
_____________________________________
Now starting branching with general disjunction
Current branching Node number: 2015
LP objective value: 181000
Node lower bound: 181000
Node upper bound: 238334
gap to the primal bound: 4.58591
Preck submodel is infeasible, continue branching
Time limit exceeded (1089.55s), stopping submodel solve loop
General disjunction: No feasible solution found, use SCIP default branching rule
_____________________________________
Now starting branching with general disjunction
Current branching Node number: 2017
LP objective value: 181000
Node lower bound: 181000
Node upper bound: 238334
gap to the primal bound: 4.58591
Preck submodel is infeasible, continue branching
General disjunction: No feasible solution found, use SCIP default branching rule
_____________________________________
Now starting branching with general disjunction
Current branching Node number: 546
LP objective value: 56667
Node lower bound: 56667
Node upper bound: 238334
gap to the primal bound: 4.58591
Preck submodel is infeasible, continue branching
General disjunction: No feasible solution found, use SCIP default branching rule
_____________________________________
Now starting branching with general disjunction
Current branching Node number: 554
LP objective value: 56667
Node lower bound: 56667
Node upper bound: 238334
gap to the primal bound: 4.58591
Preck submodel is infeasible, continue branching
General disjunction: No feasible solution found, use SCIP default branching rule
_____________________________________
Now starting branching with general disjunction
Current branching Node number: 2023
LP objective value: 82000
Node lower bound: 82000
Node upper bound: 238334
gap to the primal bound: 4.58591
Preck submodel is infeasible, continue branching
General disjunction: No feasible solution found, use SCIP default branching rule
_____________________________________
Now starting branching with general disjunction
Current branching Node number: 2024
LP objective value: 82000
Node lower bound: 82000
Node upper bound: 238334
gap to the primal bound: 4.58591
Preck submodel is infeasible, continue branching
General disjunction: No feasible solution found, use SCIP default branching rule
_____________________________________
Now starting branching with general disjunction
Current branching Node number: 2026
LP objective value: 90500
Node lower bound: 90500
Node upper bound: 238334
gap to the primal bound: 4.58591
Preck submodel is infeasible, continue branching
General disjunction: No feasible solution found, use SCIP default branching rule
_____________________________________
Now starting branching with general disjunction
Current branching Node number: 2028
LP objective value: 90500
Node lower bound: 90500
Node upper bound: 238334
gap to the primal bound: 4.58591
Preck submodel is infeasible, continue branching
General disjunction: No feasible solution found, use SCIP default branching rule
_____________________________________
Now starting branching with general disjunction
Current branching Node number: 2030
LP objective value: 120667
Node lower bound: 120667
Node upper bound: 238334
gap to the primal bound: 4.58591
Preck submodel is infeasible, continue branching
General disjunction: No feasible solution found, use SCIP default branching rule
_____________________________________
Now starting branching with general disjunction
Current branching Node number: 852
LP objective value: 60333.3
Node lower bound: 60333.3
Node upper bound: 238334
gap to the primal bound: 4.58591
Preck submodel is infeasible, continue branching
General disjunction: No feasible solution found, use SCIP default branching rule
_____________________________________
Now starting branching with general disjunction
Current branching Node number: 2034
LP objective value: 72400
Node lower bound: 72400
Node upper bound: 238334
gap to the primal bound: 4.58591
Preck submodel is infeasible, continue branching
General disjunction: No feasible solution found, use SCIP default branching rule
_____________________________________
Now starting branching with general disjunction
Current branching Node number: 2036
LP objective value: 90500
Node lower bound: 90500
Node upper bound: 238334
gap to the primal bound: 4.58591
Preck submodel is infeasible, continue branching
General disjunction: No feasible solution found, use SCIP default branching rule
_____________________________________
Now starting branching with general disjunction
Current branching Node number: 2039
LP objective value: 181000
Node lower bound: 181000
Node upper bound: 238334
gap to the primal bound: 4.58591
Preck submodel is infeasible, continue branching
General disjunction: No feasible solution found, use SCIP default branching rule
_____________________________________
Now starting branching with general disjunction
Current branching Node number: 2040
LP objective value: 181000
Node lower bound: 181000
Node upper bound: 238334
gap to the primal bound: 4.58591
Preck submodel is infeasible, continue branching
General disjunction: No feasible solution found, use SCIP default branching rule
_____________________________________
Now starting branching with general disjunction
Current branching Node number: 2043
LP objective value: 181000
Node lower bound: 181000
Node upper bound: 238334
gap to the primal bound: 4.58591
Preck submodel is infeasible, continue branching
General disjunction: No feasible solution found, use SCIP default branching rule
_____________________________________
Now starting branching with general disjunction
Current branching Node number: 403
LP objective value: 51714.3
Node lower bound: 51714.3
Node upper bound: 238334
gap to the primal bound: 4.58591
Preck submodel is infeasible, continue branching
General disjunction: No feasible solution found, use SCIP default branching rule
_____________________________________
Now starting branching with general disjunction
Current branching Node number: 2046
LP objective value: 51714.3
Node lower bound: 51714.3
Node upper bound: 238334
gap to the primal bound: 4.58591
Preck submodel is infeasible, continue branching
General disjunction: No feasible solution found, use SCIP default branching rule
_____________________________________
Now starting branching with general disjunction
Current branching Node number: 405
LP objective value: 51714.3
Node lower bound: 51714.3
Node upper bound: 238334
gap to the primal bound: 4.58591
Preck submodel is infeasible, continue branching
Time limit exceeded (1100.83s), stopping submodel solve loop
General disjunction: Both Children are added
_____________________________________
Now starting branching with general disjunction
Current branching Node number: 2050
LP objective value: 157000
Node lower bound: 157000
Node upper bound: 238334
gap to the primal bound: 4.58591
Preck submodel is infeasible, continue branching
General disjunction: No feasible solution found, use SCIP default branching rule
_____________________________________
Now starting branching with general disjunction
Current branching Node number: 2052
LP objective value: 157000
Node lower bound: 157000
Node upper bound: 238334
gap to the primal bound: 4.58591
Preck submodel is infeasible, continue branching
General disjunction: No feasible solution found, use SCIP default branching rule
_____________________________________
Now starting branching with general disjunction
Current branching Node number: 873
LP objective value: 163500
Node lower bound: 163500
Node upper bound: 238334
gap to the primal bound: 4.58591
Preck submodel is infeasible, continue branching
General disjunction: No feasible solution found, use SCIP default branching rule
_____________________________________
Now starting branching with general disjunction
Current branching Node number: 2056
LP objective value: 163500
Node lower bound: 163500
Node upper bound: 238334
gap to the primal bound: 4.58591
Preck submodel is infeasible, continue branching
General disjunction: No feasible solution found, use SCIP default branching rule
_____________________________________
Now starting branching with general disjunction
Current branching Node number: 9
LP objective value: 43667
Node lower bound: 43667
Node upper bound: 238334
gap to the primal bound: 4.58591
Preck submodel is infeasible, continue branching
General disjunction: No feasible solution found, use SCIP default branching rule
_____________________________________
Now starting branching with general disjunction
Current branching Node number: 2060
LP objective value: 43667
Node lower bound: 43667
Node upper bound: 238334
gap to the primal bound: 4.58591
Preck submodel is infeasible, continue branching
General disjunction: No feasible solution found, use SCIP default branching rule
_____________________________________
Now starting branching with general disjunction
Current branching Node number: 2062
LP objective value: 45708.4
Node lower bound: 45708.4
Node upper bound: 238334
gap to the primal bound: 4.58591
Preck submodel is infeasible, continue branching
General disjunction: No feasible solution found, use SCIP default branching rule
_____________________________________
Now starting branching with general disjunction
Current branching Node number: 2064
LP objective value: 52238.1
Node lower bound: 52238.1
Node upper bound: 238334
gap to the primal bound: 4.58591
Preck submodel is infeasible, continue branching
General disjunction: No feasible solution found, use SCIP default branching rule
_____________________________________
Now starting branching with general disjunction
Current branching Node number: 2067
LP objective value: 182834
Node lower bound: 182834
Node upper bound: 238334
gap to the primal bound: 4.58591
Preck submodel is infeasible, continue branching
General disjunction: No feasible solution found, use SCIP default branching rule
_____________________________________
Now starting branching with general disjunction
Current branching Node number: 2069
LP objective value: 182834
Node lower bound: 182834
Node upper bound: 238334
gap to the primal bound: 4.58591
Preck submodel is infeasible, continue branching
Time limit exceeded (1045.92s), stopping submodel solve loop
General disjunction: No feasible solution found, use SCIP default branching rule
_____________________________________
Now starting branching with general disjunction
Current branching Node number: 226
LP objective value: 51714.4
Node lower bound: 51714.4
Node upper bound: 238334
gap to the primal bound: 4.58591
Preck submodel is infeasible, continue branching
General disjunction: No feasible solution found, use SCIP default branching rule
_____________________________________
Now starting branching with general disjunction
Current branching Node number: 2072
LP objective value: 51714.4
Node lower bound: 51714.4
Node upper bound: 238334
gap to the primal bound: 4.58591
Preck submodel is infeasible, continue branching
General disjunction: No feasible solution found, use SCIP default branching rule
_____________________________________
Now starting branching with general disjunction
Current branching Node number: 2074
LP objective value: 60333.3
Node lower bound: 60333.3
Node upper bound: 238334
gap to the primal bound: 4.58591
Preck submodel is infeasible, continue branching
General disjunction: No feasible solution found, use SCIP default branching rule
_____________________________________
Now starting branching with general disjunction
Current branching Node number: 2076
LP objective value: 72400
Node lower bound: 72400
Node upper bound: 238334
gap to the primal bound: 4.58591
Preck submodel is infeasible, continue branching
General disjunction: No feasible solution found, use SCIP default branching rule
_____________________________________
Now starting branching with general disjunction
Current branching Node number: 2078
LP objective value: 72400
Node lower bound: 72400
Node upper bound: 238334
gap to the primal bound: 4.58591
Preck submodel is infeasible, continue branching
General disjunction: No feasible solution found, use SCIP default branching rule
_____________________________________
Now starting branching with general disjunction
Current branching Node number: 19
LP objective value: 43667
Node lower bound: 43667
Node upper bound: 238334
gap to the primal bound: 4.58591
Preck submodel is infeasible, continue branching
General disjunction: No feasible solution found, use SCIP default branching rule
_____________________________________
Now starting branching with general disjunction
Current branching Node number: 2082
LP objective value: 43667
Node lower bound: 43667
Node upper bound: 238334
gap to the primal bound: 4.58591
Preck submodel is infeasible, continue branching
General disjunction: No feasible solution found, use SCIP default branching rule
_____________________________________
Now starting branching with general disjunction
Current branching Node number: 2084
LP objective value: 45708.4
Node lower bound: 45708.4
Node upper bound: 238334
gap to the primal bound: 4.58591
Preck submodel is infeasible, continue branching
General disjunction: No feasible solution found, use SCIP default branching rule
_____________________________________
Now starting branching with general disjunction
Current branching Node number: 2086
LP objective value: 52238.1
Node lower bound: 52238.1
Node upper bound: 238334
gap to the primal bound: 4.58591
Preck submodel is infeasible, continue branching
General disjunction: No feasible solution found, use SCIP default branching rule
_____________________________________
Now starting branching with general disjunction
Current branching Node number: 2088
LP objective value: 60944.5
Node lower bound: 60944.5
Node upper bound: 238334
gap to the primal bound: 4.58591
Preck submodel is infeasible, continue branching
Time limit exceeded (1140.06s), stopping submodel solve loop
General disjunction: No feasible solution found, use SCIP default branching rule
_____________________________________
Now starting branching with general disjunction
Current branching Node number: 532
LP objective value: 56667
Node lower bound: 56667
Node upper bound: 238334
gap to the primal bound: 4.58591
Preck submodel is infeasible, continue branching
General disjunction: No feasible solution found, use SCIP default branching rule
_____________________________________
Now starting branching with general disjunction
Current branching Node number: 215
LP objective value: 51714.3
Node lower bound: 51714.3
Node upper bound: 238334
gap to the primal bound: 4.58591
Preck submodel is infeasible, continue branching
General disjunction: No feasible solution found, use SCIP default branching rule
_____________________________________
Now starting branching with general disjunction
Current branching Node number: 2094
LP objective value: 51714.3
Node lower bound: 51714.3
Node upper bound: 238334
gap to the primal bound: 4.58591
Preck submodel is infeasible, continue branching
Time limit exceeded (1049.12s), stopping submodel solve loop
General disjunction: Infeasible disjunction
_____________________________________
Now starting branching with general disjunction
Current branching Node number: 2095
LP objective value: 51714.3
Node lower bound: 51714.3
Node upper bound: 238334
gap to the primal bound: 4.58591
Preck submodel is infeasible, continue branching
General disjunction: Infeasible disjunction
_____________________________________
Now starting branching with general disjunction
Current branching Node number: 739
LP objective value: 51714.3
Node lower bound: 51714.3
Node upper bound: 238334
gap to the primal bound: 4.58591
Preck submodel is infeasible, continue branching
General disjunction: No feasible solution found, use SCIP default branching rule
_____________________________________
Now starting branching with general disjunction
Current branching Node number: 2096
LP objective value: 60333.3
Node lower bound: 60333.3
Node upper bound: 238334
gap to the primal bound: 4.58591
Preck submodel is infeasible, continue branching
General disjunction: No feasible solution found, use SCIP default branching rule
_____________________________________
Now starting branching with general disjunction
Current branching Node number: 2098
LP objective value: 72400
Node lower bound: 72400
Node upper bound: 238334
gap to the primal bound: 4.58591
Preck submodel is infeasible, continue branching
General disjunction: No feasible solution found, use SCIP default branching rule
_____________________________________
Now starting branching with general disjunction
Current branching Node number: 2100
LP objective value: 90500
Node lower bound: 90500
Node upper bound: 238334
gap to the primal bound: 4.58591
Preck submodel is infeasible, continue branching
General disjunction: No feasible solution found, use SCIP default branching rule
_____________________________________
Now starting branching with general disjunction
Current branching Node number: 2103
LP objective value: 181000
Node lower bound: 181000
Node upper bound: 238334
gap to the primal bound: 4.58591
Preck submodel is infeasible, continue branching
General disjunction: No feasible solution found, use SCIP default branching rule
_____________________________________
Now starting branching with general disjunction
Current branching Node number: 24
LP objective value: 43667
Node lower bound: 43667
Node upper bound: 238334
gap to the primal bound: 4.58591
Preck submodel is infeasible, continue branching
General disjunction: No feasible solution found, use SCIP default branching rule
_____________________________________
Now starting branching with general disjunction
Current branching Node number: 2106
LP objective value: 43667
Node lower bound: 43667
Node upper bound: 238334
gap to the primal bound: 4.58591
Preck submodel is infeasible, continue branching
General disjunction: No feasible solution found, use SCIP default branching rule
 1155m|  1200 |   909 |105889 |  88.1 |    16M |  56 |1211 |1342 |1342 |   0 |  1 |   0 | 365 | 4.266700e+04 | 2.383340e+05 | 458.59%| unknown
_____________________________________
Now starting branching with general disjunction
Current branching Node number: 2108
LP objective value: 45708.4
Node lower bound: 45708.4
Node upper bound: 238334
gap to the primal bound: 4.58591
Preck submodel is infeasible, continue branching
General disjunction: No feasible solution found, use SCIP default branching rule
_____________________________________
Now starting branching with general disjunction
Current branching Node number: 2110
LP objective value: 52238.1
Node lower bound: 52238.1
Node upper bound: 238334
gap to the primal bound: 4.58591
Preck submodel is infeasible, continue branching
General disjunction: No feasible solution found, use SCIP default branching rule
_____________________________________
Now starting branching with general disjunction
Current branching Node number: 2112
LP objective value: 60944.5
Node lower bound: 60944.5
Node upper bound: 238334
gap to the primal bound: 4.58591
Preck submodel is infeasible, continue branching
General disjunction: No feasible solution found, use SCIP default branching rule
_____________________________________
Now starting branching with general disjunction
Current branching Node number: 806
LP objective value: 51714.3
Node lower bound: 51714.3
Node upper bound: 238334
gap to the primal bound: 4.58591
Preck submodel is infeasible, continue branching
General disjunction: No feasible solution found, use SCIP default branching rule
_____________________________________
Now starting branching with general disjunction
Current branching Node number: 2116
LP objective value: 60333.3
Node lower bound: 60333.3
Node upper bound: 238334
gap to the primal bound: 4.58591
Preck submodel is infeasible, continue branching
General disjunction: No feasible solution found, use SCIP default branching rule
_____________________________________
Now starting branching with general disjunction
Current branching Node number: 860
LP objective value: 72400
Node lower bound: 72400
Node upper bound: 238334
gap to the primal bound: 4.58591
Preck submodel is infeasible, continue branching
General disjunction: No feasible solution found, use SCIP default branching rule
_____________________________________
Now starting branching with general disjunction
Current branching Node number: 802
LP objective value: 51714.3
Node lower bound: 51714.3
Node upper bound: 238334
gap to the primal bound: 4.58591
Preck submodel is infeasible, continue branching
General disjunction: No feasible solution found, use SCIP default branching rule
_____________________________________
Now starting branching with general disjunction
Current branching Node number: 2122
LP objective value: 60333.3
Node lower bound: 60333.3
Node upper bound: 238334
gap to the primal bound: 4.58591
Preck submodel is infeasible, continue branching
General disjunction: No feasible solution found, use SCIP default branching rule
_____________________________________
Now starting branching with general disjunction
Current branching Node number: 2124
LP objective value: 72400
Node lower bound: 72400
Node upper bound: 238334
gap to the primal bound: 4.58591
Preck submodel is infeasible, continue branching
General disjunction: No feasible solution found, use SCIP default branching rule
_____________________________________
Now starting branching with general disjunction
Current branching Node number: 2126
LP objective value: 90500
Node lower bound: 90500
Node upper bound: 238334
gap to the primal bound: 4.58591
Preck submodel is infeasible, continue branching
General disjunction: No feasible solution found, use SCIP default branching rule
_____________________________________
Now starting branching with general disjunction
Current branching Node number: 2128
LP objective value: 120667
Node lower bound: 120667
Node upper bound: 238334
gap to the primal bound: 4.58591
Preck submodel is infeasible, continue branching
General disjunction: No feasible solution found, use SCIP default branching rule
_____________________________________
Now starting branching with general disjunction
Current branching Node number: 2131
LP objective value: 120667
Node lower bound: 120667
Node upper bound: 238334
gap to the primal bound: 4.58591
Preck submodel is infeasible, continue branching
General disjunction: No feasible solution found, use SCIP default branching rule
_____________________________________
Now starting branching with general disjunction
Current branching Node number: 1727
LP objective value: 42667
Node lower bound: 42667
Node upper bound: 238334
gap to the primal bound: 4.58591
Preck submodel is infeasible, continue branching
General disjunction: No feasible solution found, use SCIP default branching rule
_____________________________________
Now starting branching with general disjunction
Current branching Node number: 2134
LP objective value: 45250
Node lower bound: 45250
Node upper bound: 238334
gap to the primal bound: 4.58591
Preck submodel is infeasible, continue branching
General disjunction: No feasible solution found, use SCIP default branching rule
_____________________________________
Now starting branching with general disjunction
Current branching Node number: 2136
LP objective value: 51714.3
Node lower bound: 51714.3
Node upper bound: 238334
gap to the primal bound: 4.58591
Preck submodel is infeasible, continue branching
General disjunction: No feasible solution found, use SCIP default branching rule
_____________________________________
Now starting branching with general disjunction
Current branching Node number: 2139
LP objective value: 181000
Node lower bound: 181000
Node upper bound: 238334
gap to the primal bound: 4.58591
Preck submodel is infeasible, continue branching
General disjunction: No feasible solution found, use SCIP default branching rule
_____________________________________
Now starting branching with general disjunction
Current branching Node number: 2140
LP objective value: 181000
Node lower bound: 181000
Node upper bound: 238334
gap to the primal bound: 4.58591
Preck submodel is infeasible, continue branching
General disjunction: No feasible solution found, use SCIP default branching rule
_____________________________________
Now starting branching with general disjunction
Current branching Node number: 2143
LP objective value: 181000
Node lower bound: 181000
Node upper bound: 238334
gap to the primal bound: 4.58591
Preck submodel is infeasible, continue branching
General disjunction: No feasible solution found, use SCIP default branching rule
_____________________________________
Now starting branching with general disjunction
Current branching Node number: 225
LP objective value: 51714.4
Node lower bound: 51714.4
Node upper bound: 238334
gap to the primal bound: 4.58591
Preck submodel is infeasible, continue branching
General disjunction: No feasible solution found, use SCIP default branching rule
_____________________________________
Now starting branching with general disjunction
Current branching Node number: 2146
LP objective value: 51714.4
Node lower bound: 51714.4
Node upper bound: 238334
gap to the primal bound: 4.58591
Preck submodel is infeasible, continue branching
General disjunction: No feasible solution found, use SCIP default branching rule
_____________________________________
Now starting branching with general disjunction
Current branching Node number: 2148
LP objective value: 60333.3
Node lower bound: 60333.3
Node upper bound: 238334
gap to the primal bound: 4.58591
Preck submodel is infeasible, continue branching
General disjunction: No feasible solution found, use SCIP default branching rule
_____________________________________
Now starting branching with general disjunction
Current branching Node number: 2150
LP objective value: 72400
Node lower bound: 72400
Node upper bound: 238334
gap to the primal bound: 4.58591
Preck submodel is infeasible, continue branching
General disjunction: No feasible solution found, use SCIP default branching rule
_____________________________________
Now starting branching with general disjunction
Current branching Node number: 2152
LP objective value: 72400
Node lower bound: 72400
Node upper bound: 238334
gap to the primal bound: 4.58591
Preck submodel is infeasible, continue branching
General disjunction: No feasible solution found, use SCIP default branching rule
_____________________________________
Now starting branching with general disjunction
Current branching Node number: 582
LP objective value: 60333.3
Node lower bound: 60333.3
Node upper bound: 238334
gap to the primal bound: 4.58591
Preck submodel is infeasible, continue branching
General disjunction: No feasible solution found, use SCIP default branching rule
_____________________________________
Now starting branching with general disjunction
Current branching Node number: 580
LP objective value: 60333.3
Node lower bound: 60333.3
Node upper bound: 238334
gap to the primal bound: 4.58591
Preck submodel is infeasible, continue branching
General disjunction: No feasible solution found, use SCIP default branching rule
_____________________________________
Now starting branching with general disjunction
Current branching Node number: 740
LP objective value: 60333.3
Node lower bound: 60333.3
Node upper bound: 238334
gap to the primal bound: 4.58591
Preck submodel is infeasible, continue branching
General disjunction: No feasible solution found, use SCIP default branching rule
_____________________________________
Now starting branching with general disjunction
Current branching Node number: 2160
LP objective value: 72400
Node lower bound: 72400
Node upper bound: 238334
gap to the primal bound: 4.58591
Preck submodel is infeasible, continue branching
General disjunction: No feasible solution found, use SCIP default branching rule
_____________________________________
Now starting branching with general disjunction
Current branching Node number: 2162
LP objective value: 90500
Node lower bound: 90500
Node upper bound: 238334
gap to the primal bound: 4.58591
Preck submodel is infeasible, continue branching
General disjunction: No feasible solution found, use SCIP default branching rule
_____________________________________
Now starting branching with general disjunction
Current branching Node number: 2165
LP objective value: 181000
Node lower bound: 181000
Node upper bound: 238334
gap to the primal bound: 4.58591
Preck submodel is infeasible, continue branching
General disjunction: No feasible solution found, use SCIP default branching rule
_____________________________________
Now starting branching with general disjunction
Current branching Node number: 2166
LP objective value: 181000
Node lower bound: 181000
Node upper bound: 238334
gap to the primal bound: 4.58591
Preck submodel is infeasible, continue branching
General disjunction: No feasible solution found, use SCIP default branching rule
_____________________________________
Now starting branching with general disjunction
Current branching Node number: 2168
LP objective value: 181000
Node lower bound: 181000
Node upper bound: 238334
gap to the primal bound: 4.58591
Preck submodel is infeasible, continue branching
General disjunction: No feasible solution found, use SCIP default branching rule
_____________________________________
Now starting branching with general disjunction
Current branching Node number: 499
LP objective value: 56667
Node lower bound: 56667
Node upper bound: 238334
gap to the primal bound: 4.58591
Preck submodel is infeasible, continue branching
General disjunction: No feasible solution found, use SCIP default branching rule
_____________________________________
Now starting branching with general disjunction
Current branching Node number: 804
LP objective value: 51714.3
Node lower bound: 51714.3
Node upper bound: 238334
gap to the primal bound: 4.58591
Preck submodel is infeasible, continue branching
General disjunction: No feasible solution found, use SCIP default branching rule
_____________________________________
Now starting branching with general disjunction
Current branching Node number: 2174
LP objective value: 60333.3
Node lower bound: 60333.3
Node upper bound: 238334
gap to the primal bound: 4.58591
Preck submodel is infeasible, continue branching
General disjunction: No feasible solution found, use SCIP default branching rule
_____________________________________
Now starting branching with general disjunction
Current branching Node number: 401
LP objective value: 51714.3
Node lower bound: 51714.3
Node upper bound: 238334
gap to the primal bound: 4.58591
Preck submodel is infeasible, continue branching
General disjunction: No feasible solution found, use SCIP default branching rule
_____________________________________
Now starting branching with general disjunction
Current branching Node number: 2178
LP objective value: 51714.3
Node lower bound: 51714.3
Node upper bound: 238334
gap to the primal bound: 4.58591
Preck submodel is infeasible, continue branching
General disjunction: No feasible solution found, use SCIP default branching rule
_____________________________________
Now starting branching with general disjunction
Current branching Node number: 399
LP objective value: 51714.3
Node lower bound: 51714.3
Node upper bound: 238334
gap to the primal bound: 4.58591
Preck submodel is infeasible, continue branching
General disjunction: No feasible solution found, use SCIP default branching rule
_____________________________________
Now starting branching with general disjunction
Current branching Node number: 2182
LP objective value: 51714.3
Node lower bound: 51714.3
Node upper bound: 238334
gap to the primal bound: 4.58591
Preck submodel is infeasible, continue branching
General disjunction: No feasible solution found, use SCIP default branching rule
_____________________________________
Now starting branching with general disjunction
Current branching Node number: 320
LP objective value: 51714.3
Node lower bound: 51714.3
Node upper bound: 238334
gap to the primal bound: 4.58591
Preck submodel is infeasible, continue branching
General disjunction: No feasible solution found, use SCIP default branching rule
_____________________________________
Now starting branching with general disjunction
Current branching Node number: 2186
LP objective value: 51714.3
Node lower bound: 51714.3
Node upper bound: 238334
gap to the primal bound: 4.58591
Preck submodel is infeasible, continue branching
General disjunction: No feasible solution found, use SCIP default branching rule
_____________________________________
Now starting branching with general disjunction
Current branching Node number: 2188
LP objective value: 60333.3
Node lower bound: 60333.3
Node upper bound: 238334
gap to the primal bound: 4.58591
Preck submodel is infeasible, continue branching
General disjunction: No feasible solution found, use SCIP default branching rule
_____________________________________
Now starting branching with general disjunction
Current branching Node number: 2190
LP objective value: 72400
Node lower bound: 72400
Node upper bound: 238334
gap to the primal bound: 4.58591
Preck submodel is infeasible, continue branching
General disjunction: No feasible solution found, use SCIP default branching rule
_____________________________________
Now starting branching with general disjunction
Current branching Node number: 2192
LP objective value: 72400
Node lower bound: 72400
Node upper bound: 238334
gap to the primal bound: 4.58591
Preck submodel is infeasible, continue branching
General disjunction: No feasible solution found, use SCIP default branching rule
_____________________________________
Now starting branching with general disjunction
Current branching Node number: 2194
LP objective value: 90500
Node lower bound: 90500
Node upper bound: 238334
gap to the primal bound: 4.58591
Preck submodel is infeasible, continue branching
General disjunction: No feasible solution found, use SCIP default branching rule
_____________________________________
Now starting branching with general disjunction
Current branching Node number: 756
LP objective value: 51714.3
Node lower bound: 51714.3
Node upper bound: 238334
gap to the primal bound: 4.58591
Preck submodel is infeasible, continue branching
General disjunction: No feasible solution found, use SCIP default branching rule
_____________________________________
Now starting branching with general disjunction
Current branching Node number: 2198
LP objective value: 60333.3
Node lower bound: 60333.3
Node upper bound: 238334
gap to the primal bound: 4.58591
Preck submodel is infeasible, continue branching
General disjunction: No feasible solution found, use SCIP default branching rule
_____________________________________
Now starting branching with general disjunction
Current branching Node number: 2200
LP objective value: 72400
Node lower bound: 72400
Node upper bound: 238334
gap to the primal bound: 4.58591
Preck submodel is infeasible, continue branching
General disjunction: No feasible solution found, use SCIP default branching rule
_____________________________________
Now starting branching with general disjunction
Current branching Node number: 2202
LP objective value: 90500
Node lower bound: 90500
Node upper bound: 238334
gap to the primal bound: 4.58591
Preck submodel is infeasible, continue branching
General disjunction: No feasible solution found, use SCIP default branching rule
_____________________________________
Now starting branching with general disjunction
Current branching Node number: 2204
LP objective value: 120667
Node lower bound: 120667
Node upper bound: 238334
gap to the primal bound: 4.58591
Preck submodel is infeasible, continue branching
General disjunction: No feasible solution found, use SCIP default branching rule
_____________________________________
Now starting branching with general disjunction
Current branching Node number: 2206
LP objective value: 120667
Node lower bound: 120667
Node upper bound: 238334
gap to the primal bound: 4.58591
Preck submodel is infeasible, continue branching
General disjunction: No feasible solution found, use SCIP default branching rule
_____________________________________
Now starting branching with general disjunction
Current branching Node number: 426
LP objective value: 51714.3
Node lower bound: 51714.3
Node upper bound: 238334
gap to the primal bound: 4.58591
Preck submodel is infeasible, continue branching
General disjunction: No feasible solution found, use SCIP default branching rule
_____________________________________
Now starting branching with general disjunction
Current branching Node number: 2211
LP objective value: 51714.3
Node lower bound: 51714.3
Node upper bound: 238334
gap to the primal bound: 4.58591
Preck submodel is infeasible, continue branching
General disjunction: No feasible solution found, use SCIP default branching rule
_____________________________________
Now starting branching with general disjunction
Current branching Node number: 2212
LP objective value: 60333.3
Node lower bound: 60333.3
Node upper bound: 238334
gap to the primal bound: 4.58591
Preck submodel is infeasible, continue branching
General disjunction: No feasible solution found, use SCIP default branching rule
_____________________________________
Now starting branching with general disjunction
Current branching Node number: 2214
LP objective value: 72400
Node lower bound: 72400
Node upper bound: 238334
gap to the primal bound: 4.58591
Preck submodel is infeasible, continue branching
General disjunction: No feasible solution found, use SCIP default branching rule
_____________________________________
Now starting branching with general disjunction
Current branching Node number: 2216
LP objective value: 72400
Node lower bound: 72400
Node upper bound: 238334
gap to the primal bound: 4.58591
Preck submodel is infeasible, continue branching
General disjunction: No feasible solution found, use SCIP default branching rule
_____________________________________
Now starting branching with general disjunction
Current branching Node number: 2218
LP objective value: 90500
Node lower bound: 90500
Node upper bound: 238334
gap to the primal bound: 4.58591
Preck submodel is infeasible, continue branching
General disjunction: No feasible solution found, use SCIP default branching rule
_____________________________________
Now starting branching with general disjunction
Current branching Node number: 1729
LP objective value: 181000
Node lower bound: 181000
Node upper bound: 238334
gap to the primal bound: 4.58591
Preck submodel is infeasible, continue branching
General disjunction: No feasible solution found, use SCIP default branching rule
_____________________________________
Now starting branching with general disjunction
Current branching Node number: 2223
LP objective value: 181000
Node lower bound: 181000
Node upper bound: 238334
gap to the primal bound: 4.58591
Preck submodel is infeasible, continue branching
General disjunction: No feasible solution found, use SCIP default branching rule
_____________________________________
Now starting branching with general disjunction
Current branching Node number: 2225
LP objective value: 181000
Node lower bound: 181000
Node upper bound: 238334
gap to the primal bound: 4.58591
Preck submodel is infeasible, continue branching
General disjunction: No feasible solution found, use SCIP default branching rule
_____________________________________
Now starting branching with general disjunction
Current branching Node number: 2227
LP objective value: 181000
Node lower bound: 181000
Node upper bound: 238334
gap to the primal bound: 4.58591
Preck submodel is infeasible, continue branching
General disjunction: No feasible solution found, use SCIP default branching rule
_____________________________________
Now starting branching with general disjunction
Current branching Node number: 2229
LP objective value: 181000
Node lower bound: 181000
Node upper bound: 238334
gap to the primal bound: 4.58591
Preck submodel is infeasible, continue branching
General disjunction: No feasible solution found, use SCIP default branching rule
_____________________________________
Now starting branching with general disjunction
Current branching Node number: 2231
LP objective value: 181000
Node lower bound: 181000
Node upper bound: 238334
gap to the primal bound: 4.58591
Preck submodel is infeasible, continue branching
General disjunction: No feasible solution found, use SCIP default branching rule
_____________________________________
Now starting branching with general disjunction
Current branching Node number: 587
LP objective value: 60333.3
Node lower bound: 60333.3
Node upper bound: 238334
gap to the primal bound: 4.58591
Preck submodel is infeasible, continue branching
General disjunction: No feasible solution found, use SCIP default branching rule
_____________________________________
Now starting branching with general disjunction
Current branching Node number: 736
LP objective value: 51714.3
Node lower bound: 51714.3
Node upper bound: 238334
gap to the primal bound: 4.58591
Preck submodel is infeasible, continue branching
General disjunction: No feasible solution found, use SCIP default branching rule
_____________________________________
Now starting branching with general disjunction
Current branching Node number: 2236
LP objective value: 60333.3
Node lower bound: 60333.3
Node upper bound: 238334
gap to the primal bound: 4.58591
Preck submodel is infeasible, continue branching
General disjunction: No feasible solution found, use SCIP default branching rule
_____________________________________
Now starting branching with general disjunction
Current branching Node number: 2238
LP objective value: 72400
Node lower bound: 72400
Node upper bound: 238334
gap to the primal bound: 4.58591
Preck submodel is infeasible, continue branching
General disjunction: No feasible solution found, use SCIP default branching rule
_____________________________________
Now starting branching with general disjunction
Current branching Node number: 2240
LP objective value: 90500
Node lower bound: 90500
Node upper bound: 238334
gap to the primal bound: 4.58591
Preck submodel is infeasible, continue branching
General disjunction: No feasible solution found, use SCIP default branching rule
_____________________________________
Now starting branching with general disjunction
Current branching Node number: 2242
LP objective value: 120667
Node lower bound: 120667
Node upper bound: 238334
gap to the primal bound: 4.58591
Preck submodel is infeasible, continue branching
General disjunction: No feasible solution found, use SCIP default branching rule
_____________________________________
Now starting branching with general disjunction
Current branching Node number: 2244
LP objective value: 120667
Node lower bound: 120667
Node upper bound: 238334
gap to the primal bound: 4.58591
Preck submodel is infeasible, continue branching
General disjunction: No feasible solution found, use SCIP default branching rule
_____________________________________
Now starting branching with general disjunction
Current branching Node number: 714
LP objective value: 51714.3
Node lower bound: 51714.3
Node upper bound: 238334
gap to the primal bound: 4.58591
Preck submodel is infeasible, continue branching
General disjunction: No feasible solution found, use SCIP default branching rule
_____________________________________
Now starting branching with general disjunction
Current branching Node number: 2248
LP objective value: 60333.3
Node lower bound: 60333.3
Node upper bound: 238334
gap to the primal bound: 4.58591
Preck submodel is infeasible, continue branching
General disjunction: No feasible solution found, use SCIP default branching rule
_____________________________________
Now starting branching with general disjunction
Current branching Node number: 2251
LP objective value: 181000
Node lower bound: 181000
Node upper bound: 238334
gap to the primal bound: 4.58591
Preck submodel is infeasible, continue branching
General disjunction: No feasible solution found, use SCIP default branching rule
_____________________________________
Now starting branching with general disjunction
Current branching Node number: 2252
LP objective value: 181000
Node lower bound: 181000
Node upper bound: 238334
gap to the primal bound: 4.58591
Preck submodel is infeasible, continue branching
General disjunction: No feasible solution found, use SCIP default branching rule
 time | node  | left  |LP iter|LP it/n|mem/heur|mdpt |vars |cons |rows |cuts |sepa|confs|strbr|  dualbound   | primalbound  |  gap   | compl. 
 1161m|  1300 |   955 |109710 |  84.2 |    16M |  56 |1211 |1342 |1342 |   0 |  1 |   0 | 365 | 4.266700e+04 | 2.383340e+05 | 458.59%| unknown
_____________________________________
Now starting branching with general disjunction
Current branching Node number: 2255
LP objective value: 181000
Node lower bound: 181000
Node upper bound: 238334
gap to the primal bound: 4.58591
Preck submodel is infeasible, continue branching
General disjunction: No feasible solution found, use SCIP default branching rule
_____________________________________
Now starting branching with general disjunction
Current branching Node number: 2256
LP objective value: 181000
Node lower bound: 181000
Node upper bound: 238334
gap to the primal bound: 4.58591
Preck submodel is infeasible, continue branching
General disjunction: No feasible solution found, use SCIP default branching rule
_____________________________________
Now starting branching with general disjunction
Current branching Node number: 1078
LP objective value: 51714.3
Node lower bound: 51714.3
Node upper bound: 238334
gap to the primal bound: 4.58591
Preck submodel is infeasible, continue branching
General disjunction: No feasible solution found, use SCIP default branching rule
_____________________________________
Now starting branching with general disjunction
Current branching Node number: 2260
LP objective value: 60333.3
Node lower bound: 60333.3
Node upper bound: 238334
gap to the primal bound: 4.58591
Preck submodel is infeasible, continue branching
General disjunction: No feasible solution found, use SCIP default branching rule
_____________________________________
Now starting branching with general disjunction
Current branching Node number: 2263
LP objective value: 181000
Node lower bound: 181000
Node upper bound: 238334
gap to the primal bound: 4.58591
Preck submodel is infeasible, continue branching
General disjunction: No feasible solution found, use SCIP default branching rule
_____________________________________
Now starting branching with general disjunction
Current branching Node number: 2264
LP objective value: 181000
Node lower bound: 181000
Node upper bound: 238334
gap to the primal bound: 4.58591
Preck submodel is infeasible, continue branching
General disjunction: No feasible solution found, use SCIP default branching rule
_____________________________________
Now starting branching with general disjunction
Current branching Node number: 2267
LP objective value: 181000
Node lower bound: 181000
Node upper bound: 238334
gap to the primal bound: 4.58591
Preck submodel is infeasible, continue branching
General disjunction: No feasible solution found, use SCIP default branching rule
_____________________________________
Now starting branching with general disjunction
Current branching Node number: 2268
LP objective value: 181000
Node lower bound: 181000
Node upper bound: 238334
gap to the primal bound: 4.58591
Preck submodel is infeasible, continue branching
General disjunction: No feasible solution found, use SCIP default branching rule
_____________________________________
Now starting branching with general disjunction
Current branching Node number: 356
LP objective value: 51714.3
Node lower bound: 51714.3
Node upper bound: 238334
gap to the primal bound: 4.58591
Preck submodel is infeasible, continue branching
Time limit exceeded (1085.96s), stopping submodel solve loop
General disjunction: No feasible solution found, use SCIP default branching rule
_____________________________________
Now starting branching with general disjunction
Current branching Node number: 2272
LP objective value: 51714.3
Node lower bound: 51714.3
Node upper bound: 238334
gap to the primal bound: 4.58591
Preck submodel is infeasible, continue branching
General disjunction: No feasible solution found, use SCIP default branching rule
_____________________________________
Now starting branching with general disjunction
Current branching Node number: 2274
LP objective value: 60333.3
Node lower bound: 60333.3
Node upper bound: 238334
gap to the primal bound: 4.58591
Preck submodel is infeasible, continue branching
General disjunction: No feasible solution found, use SCIP default branching rule
_____________________________________
Now starting branching with general disjunction
Current branching Node number: 2276
LP objective value: 72400
Node lower bound: 72400
Node upper bound: 238334
gap to the primal bound: 4.58591
Preck submodel is infeasible, continue branching
General disjunction: No feasible solution found, use SCIP default branching rule
_____________________________________
Now starting branching with general disjunction
Current branching Node number: 2278
LP objective value: 72400
Node lower bound: 72400
Node upper bound: 238334
gap to the primal bound: 4.58591
Preck submodel is infeasible, continue branching
General disjunction: No feasible solution found, use SCIP default branching rule
_____________________________________
Now starting branching with general disjunction
Current branching Node number: 2280
LP objective value: 90500
Node lower bound: 90500
Node upper bound: 238334
gap to the primal bound: 4.58591
Preck submodel is infeasible, continue branching
General disjunction: No feasible solution found, use SCIP default branching rule
_____________________________________
Now starting branching with general disjunction
Current branching Node number: 1114
LP objective value: 51714.3
Node lower bound: 51714.3
Node upper bound: 238334
gap to the primal bound: 4.58591
Preck submodel is infeasible, continue branching
General disjunction: No feasible solution found, use SCIP default branching rule
_____________________________________
Now starting branching with general disjunction
Current branching Node number: 2284
LP objective value: 60333.3
Node lower bound: 60333.3
Node upper bound: 238334
gap to the primal bound: 4.58591
Preck submodel is infeasible, continue branching
General disjunction: No feasible solution found, use SCIP default branching rule
_____________________________________
Now starting branching with general disjunction
Current branching Node number: 2287
LP objective value: 181000
Node lower bound: 181000
Node upper bound: 238334
gap to the primal bound: 4.58591
Preck submodel is infeasible, continue branching
General disjunction: No feasible solution found, use SCIP default branching rule
_____________________________________
Now starting branching with general disjunction
Current branching Node number: 2288
LP objective value: 181000
Node lower bound: 181000
Node upper bound: 238334
gap to the primal bound: 4.58591
Preck submodel is infeasible, continue branching
General disjunction: No feasible solution found, use SCIP default branching rule
_____________________________________
Now starting branching with general disjunction
Current branching Node number: 2291
LP objective value: 181000
Node lower bound: 181000
Node upper bound: 238334
gap to the primal bound: 4.58591
Preck submodel is infeasible, continue branching
General disjunction: No feasible solution found, use SCIP default branching rule
_____________________________________
Now starting branching with general disjunction
Current branching Node number: 2292
LP objective value: 181000
Node lower bound: 181000
Node upper bound: 238334
gap to the primal bound: 4.58591
Preck submodel is infeasible, continue branching
General disjunction: No feasible solution found, use SCIP default branching rule
_____________________________________
Now starting branching with general disjunction
Current branching Node number: 51
LP objective value: 42667
Node lower bound: 42667
Node upper bound: 238334
gap to the primal bound: 4.58591
Preck submodel is infeasible, continue branching
General disjunction: No feasible solution found, use SCIP default branching rule
_____________________________________
Now starting branching with general disjunction
Current branching Node number: 2296
LP objective value: 42667
Node lower bound: 42667
Node upper bound: 238334
gap to the primal bound: 4.58591
Preck submodel is infeasible, continue branching
General disjunction: No feasible solution found, use SCIP default branching rule
_____________________________________
Now starting branching with general disjunction
Current branching Node number: 2298
LP objective value: 45250
Node lower bound: 45250
Node upper bound: 238334
gap to the primal bound: 4.58591
Preck submodel is infeasible, continue branching
General disjunction: No feasible solution found, use SCIP default branching rule
_____________________________________
Now starting branching with general disjunction
Current branching Node number: 2300
LP objective value: 51714.3
Node lower bound: 51714.3
Node upper bound: 238334
gap to the primal bound: 4.58591
Preck submodel is infeasible, continue branching
General disjunction: No feasible solution found, use SCIP default branching rule
_____________________________________
Now starting branching with general disjunction
Current branching Node number: 2303
LP objective value: 181000
Node lower bound: 181000
Node upper bound: 238334
gap to the primal bound: 4.58591
Preck submodel is infeasible, continue branching
General disjunction: No feasible solution found, use SCIP default branching rule
_____________________________________
Now starting branching with general disjunction
Current branching Node number: 2305
LP objective value: 181000
Node lower bound: 181000
Node upper bound: 238334
gap to the primal bound: 4.58591
Preck submodel is infeasible, continue branching
General disjunction: No feasible solution found, use SCIP default branching rule
_____________________________________
Now starting branching with general disjunction
Current branching Node number: 800
LP objective value: 51714.3
Node lower bound: 51714.3
Node upper bound: 238334
gap to the primal bound: 4.58591
Preck submodel is infeasible, continue branching
General disjunction: No feasible solution found, use SCIP default branching rule
_____________________________________
Now starting branching with general disjunction
Current branching Node number: 2308
LP objective value: 60333.3
Node lower bound: 60333.3
Node upper bound: 238334
gap to the primal bound: 4.58591
Preck submodel is infeasible, continue branching
General disjunction: No feasible solution found, use SCIP default branching rule
_____________________________________
Now starting branching with general disjunction
Current branching Node number: 2310
LP objective value: 72400
Node lower bound: 72400
Node upper bound: 238334
gap to the primal bound: 4.58591
Preck submodel is infeasible, continue branching
General disjunction: No feasible solution found, use SCIP default branching rule
_____________________________________
Now starting branching with general disjunction
Current branching Node number: 2312
LP objective value: 90500
Node lower bound: 90500
Node upper bound: 238334
gap to the primal bound: 4.58591
Preck submodel is infeasible, continue branching
General disjunction: No feasible solution found, use SCIP default branching rule
_____________________________________
Now starting branching with general disjunction
Current branching Node number: 2314
LP objective value: 120667
Node lower bound: 120667
Node upper bound: 238334
gap to the primal bound: 4.58591
Preck submodel is infeasible, continue branching
General disjunction: No feasible solution found, use SCIP default branching rule
_____________________________________
Now starting branching with general disjunction
Current branching Node number: 2316
LP objective value: 120667
Node lower bound: 120667
Node upper bound: 238334
gap to the primal bound: 4.58591
Preck submodel is infeasible, continue branching
General disjunction: No feasible solution found, use SCIP default branching rule
_____________________________________
Now starting branching with general disjunction
Current branching Node number: 489
LP objective value: 147500
Node lower bound: 147500
Node upper bound: 238334
gap to the primal bound: 4.58591
Preck submodel is infeasible, continue branching
General disjunction: No feasible solution found, use SCIP default branching rule
_____________________________________
Now starting branching with general disjunction
Current branching Node number: 2321
LP objective value: 147500
Node lower bound: 147500
Node upper bound: 238334
gap to the primal bound: 4.58591
Preck submodel is infeasible, continue branching
General disjunction: No feasible solution found, use SCIP default branching rule
_____________________________________
Now starting branching with general disjunction
Current branching Node number: 2322
LP objective value: 147500
Node lower bound: 147500
Node upper bound: 238334
gap to the primal bound: 4.58591
Preck submodel is infeasible, continue branching
General disjunction: No feasible solution found, use SCIP default branching rule
_____________________________________
Now starting branching with general disjunction
Current branching Node number: 2324
LP objective value: 147500
Node lower bound: 147500
Node upper bound: 238334
gap to the primal bound: 4.58591
Preck submodel is infeasible, continue branching
General disjunction: No feasible solution found, use SCIP default branching rule
_____________________________________
Now starting branching with general disjunction
Current branching Node number: 2326
LP objective value: 147500
Node lower bound: 147500
Node upper bound: 238334
gap to the primal bound: 4.58591
Preck submodel is infeasible, continue branching
General disjunction: No feasible solution found, use SCIP default branching rule
_____________________________________
Now starting branching with general disjunction
Current branching Node number: 2328
LP objective value: 147500
Node lower bound: 147500
Node upper bound: 238334
gap to the primal bound: 4.58591
Preck submodel is infeasible, continue branching
General disjunction: No feasible solution found, use SCIP default branching rule
_____________________________________
Now starting branching with general disjunction
Current branching Node number: 491
LP objective value: 147500
Node lower bound: 147500
Node upper bound: 238334
gap to the primal bound: 4.58591
Preck submodel is infeasible, continue branching
General disjunction: No feasible solution found, use SCIP default branching rule
_____________________________________
Now starting branching with general disjunction
Current branching Node number: 2333
LP objective value: 147500
Node lower bound: 147500
Node upper bound: 238334
gap to the primal bound: 4.58591
Preck submodel is infeasible, continue branching
General disjunction: No feasible solution found, use SCIP default branching rule
_____________________________________
Now starting branching with general disjunction
Current branching Node number: 2334
LP objective value: 147500
Node lower bound: 147500
Node upper bound: 238334
gap to the primal bound: 4.58591
Preck submodel is infeasible, continue branching
General disjunction: No feasible solution found, use SCIP default branching rule
_____________________________________
Now starting branching with general disjunction
Current branching Node number: 2336
LP objective value: 147500
Node lower bound: 147500
Node upper bound: 238334
gap to the primal bound: 4.58591
Preck submodel is infeasible, continue branching
General disjunction: No feasible solution found, use SCIP default branching rule
_____________________________________
Now starting branching with general disjunction
Current branching Node number: 2338
LP objective value: 147500
Node lower bound: 147500
Node upper bound: 238334
gap to the primal bound: 4.58591
Preck submodel is infeasible, continue branching
General disjunction: No feasible solution found, use SCIP default branching rule
_____________________________________
Now starting branching with general disjunction
Current branching Node number: 2340
LP objective value: 147500
Node lower bound: 147500
Node upper bound: 238334
gap to the primal bound: 4.58591
Preck submodel is infeasible, continue branching
General disjunction: No feasible solution found, use SCIP default branching rule
_____________________________________
Now starting branching with general disjunction
Current branching Node number: 429
LP objective value: 51714.3
Node lower bound: 51714.3
Node upper bound: 238334
gap to the primal bound: 4.58591
Preck submodel is infeasible, continue branching
General disjunction: No feasible solution found, use SCIP default branching rule
_____________________________________
Now starting branching with general disjunction
Current branching Node number: 2345
LP objective value: 51714.3
Node lower bound: 51714.3
Node upper bound: 238334
gap to the primal bound: 4.58591
Preck submodel is infeasible, continue branching
General disjunction: No feasible solution found, use SCIP default branching rule
_____________________________________
Now starting branching with general disjunction
Current branching Node number: 2346
LP objective value: 60333.3
Node lower bound: 60333.3
Node upper bound: 238334
gap to the primal bound: 4.58591
Preck submodel is infeasible, continue branching
General disjunction: No feasible solution found, use SCIP default branching rule
_____________________________________
Now starting branching with general disjunction
Current branching Node number: 2348
LP objective value: 72400
Node lower bound: 72400
Node upper bound: 238334
gap to the primal bound: 4.58591
Preck submodel is infeasible, continue branching
General disjunction: No feasible solution found, use SCIP default branching rule
_____________________________________
Now starting branching with general disjunction
Current branching Node number: 2350
LP objective value: 72400
Node lower bound: 72400
Node upper bound: 238334
gap to the primal bound: 4.58591
Preck submodel is infeasible, continue branching
General disjunction: No feasible solution found, use SCIP default branching rule
_____________________________________
Now starting branching with general disjunction
Current branching Node number: 2352
LP objective value: 90500
Node lower bound: 90500
Node upper bound: 238334
gap to the primal bound: 4.58591
Preck submodel is infeasible, continue branching
General disjunction: No feasible solution found, use SCIP default branching rule
_____________________________________
Now starting branching with general disjunction
Current branching Node number: 318
LP objective value: 51714.3
Node lower bound: 51714.3
Node upper bound: 238334
gap to the primal bound: 4.58591
Preck submodel is infeasible, continue branching
Time limit exceeded (1044.24s), stopping submodel solve loop
General disjunction: No feasible solution found, use SCIP default branching rule
_____________________________________
Now starting branching with general disjunction
Current branching Node number: 2356
LP objective value: 51714.3
Node lower bound: 51714.3
Node upper bound: 238334
gap to the primal bound: 4.58591
Preck submodel is infeasible, continue branching
Time limit exceeded (1104.5s), stopping submodel solve loop
General disjunction: Both Children are added
_____________________________________
Now starting branching with general disjunction
Current branching Node number: 2358
LP objective value: 181000
Node lower bound: 181000
Node upper bound: 238334
gap to the primal bound: 4.58591
Preck submodel is infeasible, continue branching
General disjunction: No feasible solution found, use SCIP default branching rule
_____________________________________
Now starting branching with general disjunction
Current branching Node number: 2360
LP objective value: 181000
Node lower bound: 181000
Node upper bound: 238334
gap to the primal bound: 4.58591
Preck submodel is infeasible, continue branching
General disjunction: No feasible solution found, use SCIP default branching rule
_____________________________________
Now starting branching with general disjunction
Current branching Node number: 2362
LP objective value: 181000
Node lower bound: 181000
Node upper bound: 238334
gap to the primal bound: 4.58591
Preck submodel is infeasible, continue branching
General disjunction: No feasible solution found, use SCIP default branching rule
_____________________________________
Now starting branching with general disjunction
Current branching Node number: 2364
LP objective value: 181000
Node lower bound: 181000
Node upper bound: 238334
gap to the primal bound: 4.58591
Preck submodel is infeasible, continue branching
General disjunction: No feasible solution found, use SCIP default branching rule
_____________________________________
Now starting branching with general disjunction
Current branching Node number: 2366
LP objective value: 181000
Node lower bound: 181000
Node upper bound: 238334
gap to the primal bound: 4.58591
Preck submodel is infeasible, continue branching
General disjunction: No feasible solution found, use SCIP default branching rule
_____________________________________
Now starting branching with general disjunction
Current branching Node number: 2368
LP objective value: 181000
Node lower bound: 181000
Node upper bound: 238334
gap to the primal bound: 4.58591
Preck submodel is infeasible, continue branching
General disjunction: No feasible solution found, use SCIP default branching rule
_____________________________________
Now starting branching with general disjunction
Current branching Node number: 134
LP objective value: 72400
Node lower bound: 72400
Node upper bound: 238334
gap to the primal bound: 4.58591
Preck submodel is infeasible, continue branching
General disjunction: No feasible solution found, use SCIP default branching rule
_____________________________________
Now starting branching with general disjunction
Current branching Node number: 2372
LP objective value: 72400
Node lower bound: 72400
Node upper bound: 238334
gap to the primal bound: 4.58591
Preck submodel is infeasible, continue branching
General disjunction: No feasible solution found, use SCIP default branching rule
_____________________________________
Now starting branching with general disjunction
Current branching Node number: 2374
LP objective value: 72400
Node lower bound: 72400
Node upper bound: 238334
gap to the primal bound: 4.58591
Preck submodel is infeasible, continue branching
General disjunction: No feasible solution found, use SCIP default branching rule
_____________________________________
Now starting branching with general disjunction
Current branching Node number: 2376
LP objective value: 90500
Node lower bound: 90500
Node upper bound: 238334
gap to the primal bound: 4.58591
Preck submodel is infeasible, continue branching
General disjunction: No feasible solution found, use SCIP default branching rule
_____________________________________
Now starting branching with general disjunction
Current branching Node number: 2379
LP objective value: 90500
Node lower bound: 90500
Node upper bound: 238334
gap to the primal bound: 4.58591
Preck submodel is infeasible, continue branching
General disjunction: No feasible solution found, use SCIP default branching rule
_____________________________________
Now starting branching with general disjunction
Current branching Node number: 2380
LP objective value: 90500
Node lower bound: 90500
Node upper bound: 238334
gap to the primal bound: 4.58591
Preck submodel is infeasible, continue branching
General disjunction: No feasible solution found, use SCIP default branching rule
_____________________________________
Now starting branching with general disjunction
Current branching Node number: 720
LP objective value: 51714.3
Node lower bound: 51714.3
Node upper bound: 238334
gap to the primal bound: 4.58591
Preck submodel is infeasible, continue branching
General disjunction: No feasible solution found, use SCIP default branching rule
_____________________________________
Now starting branching with general disjunction
Current branching Node number: 2384
LP objective value: 60333.3
Node lower bound: 60333.3
Node upper bound: 238334
gap to the primal bound: 4.58591
Preck submodel is infeasible, continue branching
General disjunction: No feasible solution found, use SCIP default branching rule
_____________________________________
Now starting branching with general disjunction
Current branching Node number: 2387
LP objective value: 181000
Node lower bound: 181000
Node upper bound: 238334
gap to the primal bound: 4.58591
Preck submodel is infeasible, continue branching
General disjunction: No feasible solution found, use SCIP default branching rule
_____________________________________
Now starting branching with general disjunction
Current branching Node number: 2388
LP objective value: 181000
Node lower bound: 181000
Node upper bound: 238334
gap to the primal bound: 4.58591
Preck submodel is infeasible, continue branching
General disjunction: No feasible solution found, use SCIP default branching rule
_____________________________________
Now starting branching with general disjunction
Current branching Node number: 2391
LP objective value: 181000
Node lower bound: 181000
Node upper bound: 238334
gap to the primal bound: 4.58591
Preck submodel is infeasible, continue branching
General disjunction: No feasible solution found, use SCIP default branching rule
_____________________________________
Now starting branching with general disjunction
Current branching Node number: 2393
LP objective value: 181000
Node lower bound: 181000
Node upper bound: 238334
gap to the primal bound: 4.58591
Preck submodel is infeasible, continue branching
General disjunction: No feasible solution found, use SCIP default branching rule
_____________________________________
Now starting branching with general disjunction
Current branching Node number: 727
LP objective value: 60333.3
Node lower bound: 60333.3
Node upper bound: 238334
gap to the primal bound: 4.58591
Preck submodel is infeasible, continue branching
General disjunction: No feasible solution found, use SCIP default branching rule
_____________________________________
Now starting branching with general disjunction
Current branching Node number: 2396
LP objective value: 72400
Node lower bound: 72400
Node upper bound: 238334
gap to the primal bound: 4.58591
Preck submodel is infeasible, continue branching
General disjunction: No feasible solution found, use SCIP default branching rule
_____________________________________
Now starting branching with general disjunction
Current branching Node number: 578
LP objective value: 60333.3
Node lower bound: 60333.3
Node upper bound: 238334
gap to the primal bound: 4.58591
Preck submodel is infeasible, continue branching
General disjunction: No feasible solution found, use SCIP default branching rule
_____________________________________
Now starting branching with general disjunction
Current branching Node number: 53
LP objective value: 42667
Node lower bound: 42667
Node upper bound: 238334
gap to the primal bound: 4.58591
Preck submodel is infeasible, continue branching
General disjunction: No feasible solution found, use SCIP default branching rule
_____________________________________
Now starting branching with general disjunction
Current branching Node number: 2402
LP objective value: 42667
Node lower bound: 42667
Node upper bound: 238334
gap to the primal bound: 4.58591
Preck submodel is infeasible, continue branching
General disjunction: No feasible solution found, use SCIP default branching rule
_____________________________________
Now starting branching with general disjunction
Current branching Node number: 2404
LP objective value: 45250
Node lower bound: 45250
Node upper bound: 238334
gap to the primal bound: 4.58591
Preck submodel is infeasible, continue branching
General disjunction: No feasible solution found, use SCIP default branching rule
_____________________________________
Now starting branching with general disjunction
Current branching Node number: 2406
LP objective value: 51714.3
Node lower bound: 51714.3
Node upper bound: 238334
gap to the primal bound: 4.58591
Preck submodel is infeasible, continue branching
General disjunction: No feasible solution found, use SCIP default branching rule
_____________________________________
Now starting branching with general disjunction
Current branching Node number: 2409
LP objective value: 188667
Node lower bound: 188667
Node upper bound: 238334
gap to the primal bound: 4.58591
Preck submodel is infeasible, continue branching
Time limit exceeded (1024.15s), stopping submodel solve loop
General disjunction: Both Children are added
_____________________________________
Now starting branching with general disjunction
Current branching Node number: 2410
LP objective value: 188667
Node lower bound: 188667
Node upper bound: 238334
gap to the primal bound: 4.58591
Preck submodel is infeasible, continue branching
General disjunction: No feasible solution found, use SCIP default branching rule
_____________________________________
Now starting branching with general disjunction
Current branching Node number: 77
LP objective value: 56667
Node lower bound: 56667
Node upper bound: 238334
gap to the primal bound: 4.58591
Preck submodel is infeasible, continue branching
General disjunction: No feasible solution found, use SCIP default branching rule
_____________________________________
Now starting branching with general disjunction
Current branching Node number: 2414
LP objective value: 56667
Node lower bound: 56667
Node upper bound: 238334
gap to the primal bound: 4.58591
Preck submodel is infeasible, continue branching
General disjunction: No feasible solution found, use SCIP default branching rule
_____________________________________
Now starting branching with general disjunction
Current branching Node number: 2416
LP objective value: 56667
Node lower bound: 56667
Node upper bound: 238334
gap to the primal bound: 4.58591
Preck submodel is infeasible, continue branching
General disjunction: No feasible solution found, use SCIP default branching rule
_____________________________________
Now starting branching with general disjunction
Current branching Node number: 2418
LP objective value: 56667
Node lower bound: 56667
Node upper bound: 238334
gap to the primal bound: 4.58591
Preck submodel is infeasible, continue branching
General disjunction: No feasible solution found, use SCIP default branching rule
_____________________________________
Now starting branching with general disjunction
Current branching Node number: 2420
LP objective value: 60333.3
Node lower bound: 60333.3
Node upper bound: 238334
gap to the primal bound: 4.58591
Preck submodel is infeasible, continue branching
General disjunction: No feasible solution found, use SCIP default branching rule
_____________________________________
Now starting branching with general disjunction
Current branching Node number: 593
LP objective value: 60333.3
Node lower bound: 60333.3
Node upper bound: 238334
gap to the primal bound: 4.58591
Preck submodel is infeasible, continue branching
General disjunction: No feasible solution found, use SCIP default branching rule
_____________________________________
Now starting branching with general disjunction
Current branching Node number: 15
LP objective value: 43667
Node lower bound: 43667
Node upper bound: 238334
gap to the primal bound: 4.58591
Preck submodel is infeasible, continue branching
General disjunction: No feasible solution found, use SCIP default branching rule
_____________________________________
Now starting branching with general disjunction
Current branching Node number: 2426
LP objective value: 43667
Node lower bound: 43667
Node upper bound: 238334
gap to the primal bound: 4.58591
Preck submodel is infeasible, continue branching
General disjunction: No feasible solution found, use SCIP default branching rule
 1253m|  1400 |  1029 |113277 |  80.7 |    16M |  56 |1211 |1342 |1342 |   0 |  1 |   0 | 365 | 4.266700e+04 | 2.383340e+05 | 458.59%| unknown
_____________________________________
Now starting branching with general disjunction
Current branching Node number: 2428
LP objective value: 45708.4
Node lower bound: 45708.4
Node upper bound: 238334
gap to the primal bound: 4.58591
Preck submodel is infeasible, continue branching
General disjunction: No feasible solution found, use SCIP default branching rule
_____________________________________
Now starting branching with general disjunction
Current branching Node number: 2430
LP objective value: 52238.1
Node lower bound: 52238.1
Node upper bound: 238334
gap to the primal bound: 4.58591
Preck submodel is infeasible, continue branching
General disjunction: No feasible solution found, use SCIP default branching rule
_____________________________________
Now starting branching with general disjunction
Current branching Node number: 2432
LP objective value: 60944.5
Node lower bound: 60944.5
Node upper bound: 238334
gap to the primal bound: 4.58591
Preck submodel is infeasible, continue branching
General disjunction: No feasible solution found, use SCIP default branching rule
_____________________________________
Now starting branching with general disjunction
Current branching Node number: 589
LP objective value: 60333.3
Node lower bound: 60333.3
Node upper bound: 238334
gap to the primal bound: 4.58591
Preck submodel is infeasible, continue branching
General disjunction: No feasible solution found, use SCIP default branching rule
_____________________________________
Now starting branching with general disjunction
Current branching Node number: 719
LP objective value: 51714.3
Node lower bound: 51714.3
Node upper bound: 238334
gap to the primal bound: 4.58591
Preck submodel is infeasible, continue branching
General disjunction: No feasible solution found, use SCIP default branching rule
_____________________________________
Now starting branching with general disjunction
Current branching Node number: 2439
LP objective value: 181000
Node lower bound: 181000
Node upper bound: 238334
gap to the primal bound: 4.58591
Preck submodel is infeasible, continue branching
Time limit exceeded (1072.92s), stopping submodel solve loop
General disjunction: Infeasible disjunction
_____________________________________
Now starting branching with general disjunction
Current branching Node number: 196
LP objective value: 51714.3
Node lower bound: 51714.3
Node upper bound: 238334
gap to the primal bound: 4.58591
Preck submodel is infeasible, continue branching
General disjunction: No feasible solution found, use SCIP default branching rule
_____________________________________
Now starting branching with general disjunction
Current branching Node number: 2440
LP objective value: 51714.3
Node lower bound: 51714.3
Node upper bound: 238334
gap to the primal bound: 4.58591
Preck submodel is infeasible, continue branching
General disjunction: No feasible solution found, use SCIP default branching rule
_____________________________________
Now starting branching with general disjunction
Current branching Node number: 2442
LP objective value: 60333.3
Node lower bound: 60333.3
Node upper bound: 238334
gap to the primal bound: 4.58591
Preck submodel is infeasible, continue branching
General disjunction: No feasible solution found, use SCIP default branching rule
_____________________________________
Now starting branching with general disjunction
Current branching Node number: 2444
LP objective value: 72400
Node lower bound: 72400
Node upper bound: 238334
gap to the primal bound: 4.58591
Preck submodel is infeasible, continue branching
General disjunction: No feasible solution found, use SCIP default branching rule
_____________________________________
Now starting branching with general disjunction
Current branching Node number: 2446
LP objective value: 72400
Node lower bound: 72400
Node upper bound: 238334
gap to the primal bound: 4.58591
Preck submodel is infeasible, continue branching
General disjunction: No feasible solution found, use SCIP default branching rule
_____________________________________
Now starting branching with general disjunction
Current branching Node number: 717
LP objective value: 51714.3
Node lower bound: 51714.3
Node upper bound: 238334
gap to the primal bound: 4.58591
Preck submodel is infeasible, continue branching
General disjunction: No feasible solution found, use SCIP default branching rule
_____________________________________
Now starting branching with general disjunction
Current branching Node number: 2451
LP objective value: 181000
Node lower bound: 181000
Node upper bound: 238334
gap to the primal bound: 4.58591
Preck submodel is infeasible, continue branching
Time limit exceeded (1071.95s), stopping submodel solve loop
General disjunction: Infeasible disjunction
_____________________________________
Now starting branching with general disjunction
Current branching Node number: 869
LP objective value: 42667
Node lower bound: 42667
Node upper bound: 238334
gap to the primal bound: 4.58591
Preck submodel is infeasible, continue branching
General disjunction: No feasible solution found, use SCIP default branching rule
_____________________________________
Now starting branching with general disjunction
Current branching Node number: 2452
LP objective value: 45250
Node lower bound: 45250
Node upper bound: 238334
gap to the primal bound: 4.58591
Preck submodel is infeasible, continue branching
General disjunction: No feasible solution found, use SCIP default branching rule
_____________________________________
Now starting branching with general disjunction
Current branching Node number: 2454
LP objective value: 51714.3
Node lower bound: 51714.3
Node upper bound: 238334
gap to the primal bound: 4.58591
Preck submodel is infeasible, continue branching
General disjunction: No feasible solution found, use SCIP default branching rule
_____________________________________
Now starting branching with general disjunction
Current branching Node number: 396
LP objective value: 51714.3
Node lower bound: 51714.3
Node upper bound: 238334
gap to the primal bound: 4.58591
Preck submodel is infeasible, continue branching
General disjunction: No feasible solution found, use SCIP default branching rule
_____________________________________
Now starting branching with general disjunction
Current branching Node number: 2458
LP objective value: 51714.3
Node lower bound: 51714.3
Node upper bound: 238334
gap to the primal bound: 4.58591
Preck submodel is infeasible, continue branching
General disjunction: No feasible solution found, use SCIP default branching rule
_____________________________________
Now starting branching with general disjunction
Current branching Node number: 2460
LP objective value: 60333.3
Node lower bound: 60333.3
Node upper bound: 238334
gap to the primal bound: 4.58591
Preck submodel is infeasible, continue branching
General disjunction: No feasible solution found, use SCIP default branching rule
_____________________________________
Now starting branching with general disjunction
Current branching Node number: 1837
LP objective value: 42667
Node lower bound: 42667
Node upper bound: 238334
gap to the primal bound: 4.58591
Preck submodel is infeasible, continue branching
General disjunction: No feasible solution found, use SCIP default branching rule
_____________________________________
Now starting branching with general disjunction
Current branching Node number: 2464
LP objective value: 45250
Node lower bound: 45250
Node upper bound: 238334
gap to the primal bound: 4.58591
Preck submodel is infeasible, continue branching
General disjunction: No feasible solution found, use SCIP default branching rule
_____________________________________
Now starting branching with general disjunction
Current branching Node number: 2466
LP objective value: 51714.3
Node lower bound: 51714.3
Node upper bound: 238334
gap to the primal bound: 4.58591
Preck submodel is infeasible, continue branching
General disjunction: No feasible solution found, use SCIP default branching rule
_____________________________________
Now starting branching with general disjunction
Current branching Node number: 2469
LP objective value: 181000
Node lower bound: 181000
Node upper bound: 238334
gap to the primal bound: 4.58591
Preck submodel is infeasible, continue branching
General disjunction: No feasible solution found, use SCIP default branching rule
_____________________________________
Now starting branching with general disjunction
Current branching Node number: 2470
LP objective value: 181000
Node lower bound: 181000
Node upper bound: 238334
gap to the primal bound: 4.58591
Preck submodel is infeasible, continue branching
General disjunction: No feasible solution found, use SCIP default branching rule
_____________________________________
Now starting branching with general disjunction
Current branching Node number: 2472
LP objective value: 181000
Node lower bound: 181000
Node upper bound: 238334
gap to the primal bound: 4.58591
Preck submodel is infeasible, continue branching
General disjunction: No feasible solution found, use SCIP default branching rule
_____________________________________
Now starting branching with general disjunction
Current branching Node number: 2475
LP objective value: 181000
Node lower bound: 181000
Node upper bound: 238334
gap to the primal bound: 4.58591
Preck submodel is infeasible, continue branching
General disjunction: No feasible solution found, use SCIP default branching rule
_____________________________________
Now starting branching with general disjunction
Current branching Node number: 702
LP objective value: 51714.3
Node lower bound: 51714.3
Node upper bound: 238334
gap to the primal bound: 4.58591
Preck submodel is infeasible, continue branching
General disjunction: No feasible solution found, use SCIP default branching rule
_____________________________________
Now starting branching with general disjunction
Current branching Node number: 2478
LP objective value: 60333.3
Node lower bound: 60333.3
Node upper bound: 238334
gap to the primal bound: 4.58591
Preck submodel is infeasible, continue branching
General disjunction: No feasible solution found, use SCIP default branching rule
_____________________________________
Now starting branching with general disjunction
Current branching Node number: 2480
LP objective value: 72400
Node lower bound: 72400
Node upper bound: 238334
gap to the primal bound: 4.58591
Preck submodel is infeasible, continue branching
General disjunction: No feasible solution found, use SCIP default branching rule
_____________________________________
Now starting branching with general disjunction
Current branching Node number: 2483
LP objective value: 72400
Node lower bound: 72400
Node upper bound: 238334
gap to the primal bound: 4.58591
Preck submodel is infeasible, continue branching
General disjunction: No feasible solution found, use SCIP default branching rule
_____________________________________
Now starting branching with general disjunction
Current branching Node number: 2484
LP objective value: 90500
Node lower bound: 90500
Node upper bound: 238334
gap to the primal bound: 4.58591
Preck submodel is infeasible, continue branching
General disjunction: No feasible solution found, use SCIP default branching rule
_____________________________________
Now starting branching with general disjunction
Current branching Node number: 2486
LP objective value: 120667
Node lower bound: 120667
Node upper bound: 238334
gap to the primal bound: 4.58591
Preck submodel is infeasible, continue branching
General disjunction: No feasible solution found, use SCIP default branching rule
_____________________________________
Now starting branching with general disjunction
Current branching Node number: 192
LP objective value: 51714.3
Node lower bound: 51714.3
Node upper bound: 238334
gap to the primal bound: 4.58591
Preck submodel is infeasible, continue branching
General disjunction: No feasible solution found, use SCIP default branching rule
_____________________________________
Now starting branching with general disjunction
Current branching Node number: 2490
LP objective value: 51714.3
Node lower bound: 51714.3
Node upper bound: 238334
gap to the primal bound: 4.58591
Preck submodel is infeasible, continue branching
General disjunction: No feasible solution found, use SCIP default branching rule
_____________________________________
Now starting branching with general disjunction
Current branching Node number: 2492
LP objective value: 60333.3
Node lower bound: 60333.3
Node upper bound: 238334
gap to the primal bound: 4.58591
Preck submodel is infeasible, continue branching
General disjunction: No feasible solution found, use SCIP default branching rule
_____________________________________
Now starting branching with general disjunction
Current branching Node number: 2494
LP objective value: 72400
Node lower bound: 72400
Node upper bound: 238334
gap to the primal bound: 4.58591
Preck submodel is infeasible, continue branching
General disjunction: No feasible solution found, use SCIP default branching rule
_____________________________________
Now starting branching with general disjunction
Current branching Node number: 2496
LP objective value: 72400
Node lower bound: 72400
Node upper bound: 238334
gap to the primal bound: 4.58591
Preck submodel is infeasible, continue branching
General disjunction: No feasible solution found, use SCIP default branching rule
_____________________________________
Now starting branching with general disjunction
Current branching Node number: 56
LP objective value: 42667
Node lower bound: 42667
Node upper bound: 238334
gap to the primal bound: 4.58591
Preck submodel is infeasible, continue branching
General disjunction: No feasible solution found, use SCIP default branching rule
_____________________________________
Now starting branching with general disjunction
Current branching Node number: 2500
LP objective value: 42667
Node lower bound: 42667
Node upper bound: 238334
gap to the primal bound: 4.58591
Preck submodel is infeasible, continue branching
General disjunction: No feasible solution found, use SCIP default branching rule
_____________________________________
Now starting branching with general disjunction
Current branching Node number: 2502
LP objective value: 45250
Node lower bound: 45250
Node upper bound: 238334
gap to the primal bound: 4.58591
Preck submodel is infeasible, continue branching
General disjunction: No feasible solution found, use SCIP default branching rule
_____________________________________
Now starting branching with general disjunction
Current branching Node number: 2505
LP objective value: 181000
Node lower bound: 181000
Node upper bound: 238334
gap to the primal bound: 4.58591
Preck submodel is infeasible, continue branching
General disjunction: No feasible solution found, use SCIP default branching rule
_____________________________________
Now starting branching with general disjunction
Current branching Node number: 2507
LP objective value: 181000
Node lower bound: 181000
Node upper bound: 238334
gap to the primal bound: 4.58591
Preck submodel is infeasible, continue branching
General disjunction: No feasible solution found, use SCIP default branching rule
_____________________________________
Now starting branching with general disjunction
Current branching Node number: 2509
LP objective value: 181000
Node lower bound: 181000
Node upper bound: 238334
gap to the primal bound: 4.58591
Preck submodel is infeasible, continue branching
General disjunction: No feasible solution found, use SCIP default branching rule
_____________________________________
Now starting branching with general disjunction
Current branching Node number: 2504
LP objective value: 51714.3
Node lower bound: 51714.3
Node upper bound: 238334
gap to the primal bound: 4.58591
Preck submodel is infeasible, continue branching
General disjunction: No feasible solution found, use SCIP default branching rule
_____________________________________
Now starting branching with general disjunction
Current branching Node number: 2512
LP objective value: 60333.3
Node lower bound: 60333.3
Node upper bound: 238334
gap to the primal bound: 4.58591
Preck submodel is infeasible, continue branching
General disjunction: No feasible solution found, use SCIP default branching rule
_____________________________________
Now starting branching with general disjunction
Current branching Node number: 2515
LP objective value: 181000
Node lower bound: 181000
Node upper bound: 238334
gap to the primal bound: 4.58591
Preck submodel is infeasible, continue branching
General disjunction: No feasible solution found, use SCIP default branching rule
_____________________________________
Now starting branching with general disjunction
Current branching Node number: 2516
LP objective value: 181000
Node lower bound: 181000
Node upper bound: 238334
gap to the primal bound: 4.58591
Preck submodel is infeasible, continue branching
General disjunction: No feasible solution found, use SCIP default branching rule
_____________________________________
Now starting branching with general disjunction
Current branching Node number: 2518
LP objective value: 181000
Node lower bound: 181000
Node upper bound: 238334
gap to the primal bound: 4.58591
Preck submodel is infeasible, continue branching
General disjunction: No feasible solution found, use SCIP default branching rule
_____________________________________
Now starting branching with general disjunction
Current branching Node number: 2521
LP objective value: 181000
Node lower bound: 181000
Node upper bound: 238334
gap to the primal bound: 4.58591
Preck submodel is infeasible, continue branching
General disjunction: No feasible solution found, use SCIP default branching rule
_____________________________________
Now starting branching with general disjunction
Current branching Node number: 194
LP objective value: 51714.3
Node lower bound: 51714.3
Node upper bound: 238334
gap to the primal bound: 4.58591
Preck submodel is infeasible, continue branching
General disjunction: No feasible solution found, use SCIP default branching rule
_____________________________________
Now starting branching with general disjunction
Current branching Node number: 2524
LP objective value: 51714.3
Node lower bound: 51714.3
Node upper bound: 238334
gap to the primal bound: 4.58591
Preck submodel is infeasible, continue branching
General disjunction: No feasible solution found, use SCIP default branching rule
_____________________________________
Now starting branching with general disjunction
Current branching Node number: 2526
LP objective value: 60333.3
Node lower bound: 60333.3
Node upper bound: 238334
gap to the primal bound: 4.58591
Preck submodel is infeasible, continue branching
General disjunction: No feasible solution found, use SCIP default branching rule
_____________________________________
Now starting branching with general disjunction
Current branching Node number: 2528
LP objective value: 72400
Node lower bound: 72400
Node upper bound: 238334
gap to the primal bound: 4.58591
Preck submodel is infeasible, continue branching
General disjunction: No feasible solution found, use SCIP default branching rule
_____________________________________
Now starting branching with general disjunction
Current branching Node number: 2530
LP objective value: 72400
Node lower bound: 72400
Node upper bound: 238334
gap to the primal bound: 4.58591
Preck submodel is infeasible, continue branching
General disjunction: No feasible solution found, use SCIP default branching rule
_____________________________________
Now starting branching with general disjunction
Current branching Node number: 524
LP objective value: 56667
Node lower bound: 56667
Node upper bound: 238334
gap to the primal bound: 4.58591
Preck submodel is infeasible, continue branching
General disjunction: No feasible solution found, use SCIP default branching rule
_____________________________________
Now starting branching with general disjunction
Current branching Node number: 2535
LP objective value: 93084.5
Node lower bound: 93084.5
Node upper bound: 238334
gap to the primal bound: 4.58591
Preck submodel is infeasible, continue branching
General disjunction: No feasible solution found, use SCIP default branching rule
_____________________________________
Now starting branching with general disjunction
Current branching Node number: 2536
LP objective value: 93084.5
Node lower bound: 93084.5
Node upper bound: 238334
gap to the primal bound: 4.58591
Preck submodel is infeasible, continue branching
General disjunction: No feasible solution found, use SCIP default branching rule
_____________________________________
Now starting branching with general disjunction
Current branching Node number: 7
LP objective value: 43667
Node lower bound: 43667
Node upper bound: 238334
gap to the primal bound: 4.58591
Preck submodel is infeasible, continue branching
General disjunction: No feasible solution found, use SCIP default branching rule
_____________________________________
Now starting branching with general disjunction
Current branching Node number: 2540
LP objective value: 43667
Node lower bound: 43667
Node upper bound: 238334
gap to the primal bound: 4.58591
Preck submodel is infeasible, continue branching
General disjunction: No feasible solution found, use SCIP default branching rule
_____________________________________
Now starting branching with general disjunction
Current branching Node number: 2542
LP objective value: 45708.4
Node lower bound: 45708.4
Node upper bound: 238334
gap to the primal bound: 4.58591
Preck submodel is infeasible, continue branching
General disjunction: No feasible solution found, use SCIP default branching rule
_____________________________________
Now starting branching with general disjunction
Current branching Node number: 2544
LP objective value: 52238.1
Node lower bound: 52238.1
Node upper bound: 238334
gap to the primal bound: 4.58591
Preck submodel is infeasible, continue branching
General disjunction: No feasible solution found, use SCIP default branching rule
_____________________________________
Now starting branching with general disjunction
Current branching Node number: 2547
LP objective value: 182834
Node lower bound: 182834
Node upper bound: 238334
gap to the primal bound: 4.58591
Preck submodel is infeasible, continue branching
General disjunction: No feasible solution found, use SCIP default branching rule
_____________________________________
Now starting branching with general disjunction
Current branching Node number: 2549
LP objective value: 182834
Node lower bound: 182834
Node upper bound: 238334
gap to the primal bound: 4.58591
Preck submodel is infeasible, continue branching
General disjunction: No feasible solution found, use SCIP default branching rule
_____________________________________
Now starting branching with general disjunction
Current branching Node number: 362
LP objective value: 51714.3
Node lower bound: 51714.3
Node upper bound: 238334
gap to the primal bound: 4.58591
Preck submodel is infeasible, continue branching
General disjunction: No feasible solution found, use SCIP default branching rule
_____________________________________
Now starting branching with general disjunction
Current branching Node number: 2552
LP objective value: 51714.3
Node lower bound: 51714.3
Node upper bound: 238334
gap to the primal bound: 4.58591
Preck submodel is infeasible, continue branching
General disjunction: No feasible solution found, use SCIP default branching rule
_____________________________________
Now starting branching with general disjunction
Current branching Node number: 2554
LP objective value: 60333.3
Node lower bound: 60333.3
Node upper bound: 238334
gap to the primal bound: 4.58591
Preck submodel is infeasible, continue branching
General disjunction: No feasible solution found, use SCIP default branching rule
_____________________________________
Now starting branching with general disjunction
Current branching Node number: 2556
LP objective value: 72400
Node lower bound: 72400
Node upper bound: 238334
gap to the primal bound: 4.58591
Preck submodel is infeasible, continue branching
General disjunction: No feasible solution found, use SCIP default branching rule
_____________________________________
Now starting branching with general disjunction
Current branching Node number: 2558
LP objective value: 72400
Node lower bound: 72400
Node upper bound: 238334
gap to the primal bound: 4.58591
Preck submodel is infeasible, continue branching
General disjunction: No feasible solution found, use SCIP default branching rule
_____________________________________
Now starting branching with general disjunction
Current branching Node number: 2560
LP objective value: 90500
Node lower bound: 90500
Node upper bound: 238334
gap to the primal bound: 4.58591
Preck submodel is infeasible, continue branching
General disjunction: No feasible solution found, use SCIP default branching rule
_____________________________________
Now starting branching with general disjunction
Current branching Node number: 708
LP objective value: 51714.3
Node lower bound: 51714.3
Node upper bound: 238334
gap to the primal bound: 4.58591
Preck submodel is infeasible, continue branching
General disjunction: No feasible solution found, use SCIP default branching rule
_____________________________________
Now starting branching with general disjunction
Current branching Node number: 2565
LP objective value: 181000
Node lower bound: 181000
Node upper bound: 238334
gap to the primal bound: 4.58591
Preck submodel is infeasible, continue branching
General disjunction: No feasible solution found, use SCIP default branching rule
_____________________________________
Now starting branching with general disjunction
Current branching Node number: 2566
LP objective value: 181000
Node lower bound: 181000
Node upper bound: 238334
gap to the primal bound: 4.58591
Preck submodel is infeasible, continue branching
General disjunction: No feasible solution found, use SCIP default branching rule
_____________________________________
Now starting branching with general disjunction
Current branching Node number: 2569
LP objective value: 181000
Node lower bound: 181000
Node upper bound: 238334
gap to the primal bound: 4.58591
Preck submodel is infeasible, continue branching
General disjunction: No feasible solution found, use SCIP default branching rule
_____________________________________
Now starting branching with general disjunction
Current branching Node number: 2570
LP objective value: 181000
Node lower bound: 181000
Node upper bound: 238334
gap to the primal bound: 4.58591
Preck submodel is infeasible, continue branching
General disjunction: No feasible solution found, use SCIP default branching rule
_____________________________________
Now starting branching with general disjunction
Current branching Node number: 2572
LP objective value: 181000
Node lower bound: 181000
Node upper bound: 238334
gap to the primal bound: 4.58591
Preck submodel is infeasible, continue branching
General disjunction: No feasible solution found, use SCIP default branching rule
_____________________________________
Now starting branching with general disjunction
Current branching Node number: 394
LP objective value: 51714.3
Node lower bound: 51714.3
Node upper bound: 238334
gap to the primal bound: 4.58591
Preck submodel is infeasible, continue branching
General disjunction: No feasible solution found, use SCIP default branching rule
_____________________________________
Now starting branching with general disjunction
Current branching Node number: 2576
LP objective value: 51714.3
Node lower bound: 51714.3
Node upper bound: 238334
gap to the primal bound: 4.58591
Preck submodel is infeasible, continue branching
General disjunction: No feasible solution found, use SCIP default branching rule
_____________________________________
Now starting branching with general disjunction
Current branching Node number: 2578
LP objective value: 60333.3
Node lower bound: 60333.3
Node upper bound: 238334
gap to the primal bound: 4.58591
Preck submodel is infeasible, continue branching
General disjunction: No feasible solution found, use SCIP default branching rule
_____________________________________
Now starting branching with general disjunction
Current branching Node number: 424
LP objective value: 51714.3
Node lower bound: 51714.3
Node upper bound: 238334
gap to the primal bound: 4.58591
Preck submodel is infeasible, continue branching
General disjunction: No feasible solution found, use SCIP default branching rule
 1295m|  1500 |  1083 |119202 |  79.3 |    16M |  56 |1211 |1342 |1342 |   0 |  1 |   0 | 365 | 4.266700e+04 | 2.383340e+05 | 458.59%| unknown
_____________________________________
Now starting branching with general disjunction
Current branching Node number: 2582
LP objective value: 51714.3
Node lower bound: 51714.3
Node upper bound: 238334
gap to the primal bound: 4.58591
Preck submodel is infeasible, continue branching
General disjunction: No feasible solution found, use SCIP default branching rule
_____________________________________
Now starting branching with general disjunction
Current branching Node number: 2584
LP objective value: 60333.3
Node lower bound: 60333.3
Node upper bound: 238334
gap to the primal bound: 4.58591
Preck submodel is infeasible, continue branching
General disjunction: No feasible solution found, use SCIP default branching rule
_____________________________________
Now starting branching with general disjunction
Current branching Node number: 2586
LP objective value: 72400
Node lower bound: 72400
Node upper bound: 238334
gap to the primal bound: 4.58591
Preck submodel is infeasible, continue branching
General disjunction: No feasible solution found, use SCIP default branching rule
_____________________________________
Now starting branching with general disjunction
Current branching Node number: 2588
LP objective value: 72400
Node lower bound: 72400
Node upper bound: 238334
gap to the primal bound: 4.58591
Preck submodel is infeasible, continue branching
General disjunction: No feasible solution found, use SCIP default branching rule
_____________________________________
Now starting branching with general disjunction
Current branching Node number: 2590
LP objective value: 90500
Node lower bound: 90500
Node upper bound: 238334
gap to the primal bound: 4.58591
Preck submodel is infeasible, continue branching
General disjunction: No feasible solution found, use SCIP default branching rule
_____________________________________
Now starting branching with general disjunction
Current branching Node number: 724
LP objective value: 60333.3
Node lower bound: 60333.3
Node upper bound: 238334
gap to the primal bound: 4.58591
Preck submodel is infeasible, continue branching
General disjunction: No feasible solution found, use SCIP default branching rule
_____________________________________
Now starting branching with general disjunction
Current branching Node number: 133
LP objective value: 81833.5
Node lower bound: 81833.5
Node upper bound: 238334
gap to the primal bound: 4.58591
Preck submodel is infeasible, continue branching
General disjunction: No feasible solution found, use SCIP default branching rule
_____________________________________
Now starting branching with general disjunction
Current branching Node number: 2596
LP objective value: 81833.5
Node lower bound: 81833.5
Node upper bound: 238334
gap to the primal bound: 4.58591
Preck submodel is infeasible, continue branching
General disjunction: No feasible solution found, use SCIP default branching rule
_____________________________________
Now starting branching with general disjunction
Current branching Node number: 2599
LP objective value: 81833.5
Node lower bound: 81833.5
Node upper bound: 238334
gap to the primal bound: 4.58591
Preck submodel is infeasible, continue branching
General disjunction: No feasible solution found, use SCIP default branching rule
_____________________________________
Now starting branching with general disjunction
Current branching Node number: 2601
LP objective value: 81833.5
Node lower bound: 81833.5
Node upper bound: 238334
gap to the primal bound: 4.58591
Preck submodel is infeasible, continue branching
General disjunction: No feasible solution found, use SCIP default branching rule
_____________________________________
Now starting branching with general disjunction
Current branching Node number: 2602
LP objective value: 81834
Node lower bound: 81834
Node upper bound: 238334
gap to the primal bound: 4.58591
Preck submodel is infeasible, continue branching
General disjunction: No feasible solution found, use SCIP default branching rule
_____________________________________
Now starting branching with general disjunction
Current branching Node number: 2604
LP objective value: 81834
Node lower bound: 81834
Node upper bound: 238334
gap to the primal bound: 4.58591
Preck submodel is infeasible, continue branching
General disjunction: No feasible solution found, use SCIP default branching rule
_____________________________________
Now starting branching with general disjunction
Current branching Node number: 135
LP objective value: 72400
Node lower bound: 72400
Node upper bound: 238334
gap to the primal bound: 4.58591
Preck submodel is infeasible, continue branching
Time limit exceeded (1117.82s), stopping submodel solve loop
General disjunction: Both Children are added
_____________________________________
Now starting branching with general disjunction
Current branching Node number: 2608
LP objective value: 147500
Node lower bound: 147500
Node upper bound: 238334
gap to the primal bound: 4.58591
Preck submodel is infeasible, continue branching
General disjunction: No feasible solution found, use SCIP default branching rule
_____________________________________
Now starting branching with general disjunction
Current branching Node number: 2610
LP objective value: 147500
Node lower bound: 147500
Node upper bound: 238334
gap to the primal bound: 4.58591
Preck submodel is infeasible, continue branching
General disjunction: No feasible solution found, use SCIP default branching rule
_____________________________________
Now starting branching with general disjunction
Current branching Node number: 2612
LP objective value: 147500
Node lower bound: 147500
Node upper bound: 238334
gap to the primal bound: 4.58591
Preck submodel is infeasible, continue branching
General disjunction: No feasible solution found, use SCIP default branching rule
_____________________________________
Now starting branching with general disjunction
Current branching Node number: 2614
LP objective value: 147500
Node lower bound: 147500
Node upper bound: 238334
gap to the primal bound: 4.58591
Preck submodel is infeasible, continue branching
General disjunction: No feasible solution found, use SCIP default branching rule
_____________________________________
Now starting branching with general disjunction
Current branching Node number: 2616
LP objective value: 147500
Node lower bound: 147500
Node upper bound: 238334
gap to the primal bound: 4.58591
Preck submodel is infeasible, continue branching
General disjunction: No feasible solution found, use SCIP default branching rule
_____________________________________
Now starting branching with general disjunction
Current branching Node number: 2465
LP objective value: 181000
Node lower bound: 181000
Node upper bound: 238334
gap to the primal bound: 4.58591
Preck submodel is infeasible, continue branching
General disjunction: No feasible solution found, use SCIP default branching rule
_____________________________________
Now starting branching with general disjunction
Current branching Node number: 2621
LP objective value: 181000
Node lower bound: 181000
Node upper bound: 238334
gap to the primal bound: 4.58591
Preck submodel is infeasible, continue branching
General disjunction: No feasible solution found, use SCIP default branching rule
_____________________________________
Now starting branching with general disjunction
Current branching Node number: 2623
LP objective value: 181000
Node lower bound: 181000
Node upper bound: 238334
gap to the primal bound: 4.58591
Preck submodel is infeasible, continue branching
General disjunction: No feasible solution found, use SCIP default branching rule
_____________________________________
Now starting branching with general disjunction
Current branching Node number: 2624
LP objective value: 181000
Node lower bound: 181000
Node upper bound: 238334
gap to the primal bound: 4.58591
Preck submodel is infeasible, continue branching
General disjunction: No feasible solution found, use SCIP default branching rule
_____________________________________
Now starting branching with general disjunction
Current branching Node number: 2626
LP objective value: 181000
Node lower bound: 181000
Node upper bound: 238334
gap to the primal bound: 4.58591
Preck submodel is infeasible, continue branching
General disjunction: No feasible solution found, use SCIP default branching rule
_____________________________________
Now starting branching with general disjunction
Current branching Node number: 2629
LP objective value: 181000
Node lower bound: 181000
Node upper bound: 238334
gap to the primal bound: 4.58591
Preck submodel is infeasible, continue branching
General disjunction: No feasible solution found, use SCIP default branching rule
_____________________________________
Now starting branching with general disjunction
Current branching Node number: 114
LP objective value: 51714.3
Node lower bound: 51714.3
Node upper bound: 238334
gap to the primal bound: 4.58591
Preck submodel is infeasible, continue branching
General disjunction: No feasible solution found, use SCIP default branching rule
_____________________________________
Now starting branching with general disjunction
Current branching Node number: 2632
LP objective value: 51714.3
Node lower bound: 51714.3
Node upper bound: 238334
gap to the primal bound: 4.58591
Preck submodel is infeasible, continue branching
General disjunction: No feasible solution found, use SCIP default branching rule
_____________________________________
Now starting branching with general disjunction
Current branching Node number: 2634
LP objective value: 60333.3
Node lower bound: 60333.3
Node upper bound: 238334
gap to the primal bound: 4.58591
Preck submodel is infeasible, continue branching
General disjunction: No feasible solution found, use SCIP default branching rule
_____________________________________
Now starting branching with general disjunction
Current branching Node number: 2637
LP objective value: 60333.3
Node lower bound: 60333.3
Node upper bound: 238334
gap to the primal bound: 4.58591
Preck submodel is infeasible, continue branching
General disjunction: No feasible solution found, use SCIP default branching rule
_____________________________________
Now starting branching with general disjunction
Current branching Node number: 2638
LP objective value: 72400
Node lower bound: 72400
Node upper bound: 238334
gap to the primal bound: 4.58591
Preck submodel is infeasible, continue branching
General disjunction: No feasible solution found, use SCIP default branching rule
_____________________________________
Now starting branching with general disjunction
Current branching Node number: 2640
LP objective value: 72400
Node lower bound: 72400
Node upper bound: 238334
gap to the primal bound: 4.58591
Preck submodel is infeasible, continue branching
General disjunction: No feasible solution found, use SCIP default branching rule
_____________________________________
Now starting branching with general disjunction
Current branching Node number: 591
LP objective value: 60333.3
Node lower bound: 60333.3
Node upper bound: 238334
gap to the primal bound: 4.58591
Preck submodel is infeasible, continue branching
General disjunction: No feasible solution found, use SCIP default branching rule
_____________________________________
Now starting branching with general disjunction
Current branching Node number: 131
LP objective value: 72400
Node lower bound: 72400
Node upper bound: 238334
gap to the primal bound: 4.58591
Preck submodel is infeasible, continue branching
General disjunction: No feasible solution found, use SCIP default branching rule
_____________________________________
Now starting branching with general disjunction
Current branching Node number: 2646
LP objective value: 72400
Node lower bound: 72400
Node upper bound: 238334
gap to the primal bound: 4.58591
Preck submodel is infeasible, continue branching
General disjunction: No feasible solution found, use SCIP default branching rule
_____________________________________
Now starting branching with general disjunction
Current branching Node number: 2648
LP objective value: 72400
Node lower bound: 72400
Node upper bound: 238334
gap to the primal bound: 4.58591
Preck submodel is infeasible, continue branching
General disjunction: No feasible solution found, use SCIP default branching rule
_____________________________________
Now starting branching with general disjunction
Current branching Node number: 2650
LP objective value: 90500
Node lower bound: 90500
Node upper bound: 238334
gap to the primal bound: 4.58591
Preck submodel is infeasible, continue branching
General disjunction: No feasible solution found, use SCIP default branching rule
_____________________________________
Now starting branching with general disjunction
Current branching Node number: 2652
LP objective value: 120667
Node lower bound: 120667
Node upper bound: 238334
gap to the primal bound: 4.58591
Preck submodel is infeasible, continue branching
General disjunction: No feasible solution found, use SCIP default branching rule
_____________________________________
Now starting branching with general disjunction
Current branching Node number: 2655
LP objective value: 120667
Node lower bound: 120667
Node upper bound: 238334
gap to the primal bound: 4.58591
Preck submodel is infeasible, continue branching
Time limit exceeded (1053.58s), stopping submodel solve loop
General disjunction: Both Children are added
_____________________________________
Now starting branching with general disjunction
Current branching Node number: 388
LP objective value: 51714.3
Node lower bound: 51714.3
Node upper bound: 238334
gap to the primal bound: 4.58591
Preck submodel is infeasible, continue branching
General disjunction: No feasible solution found, use SCIP default branching rule
_____________________________________
Now starting branching with general disjunction
Current branching Node number: 2658
LP objective value: 51714.3
Node lower bound: 51714.3
Node upper bound: 238334
gap to the primal bound: 4.58591
Preck submodel is infeasible, continue branching
General disjunction: No feasible solution found, use SCIP default branching rule
_____________________________________
Now starting branching with general disjunction
Current branching Node number: 2660
LP objective value: 60333.3
Node lower bound: 60333.3
Node upper bound: 238334
gap to the primal bound: 4.58591
Preck submodel is infeasible, continue branching
General disjunction: No feasible solution found, use SCIP default branching rule
_____________________________________
Now starting branching with general disjunction
Current branching Node number: 2663
LP objective value: 181000
Node lower bound: 181000
Node upper bound: 238334
gap to the primal bound: 4.58591
Preck submodel is infeasible, continue branching
General disjunction: No feasible solution found, use SCIP default branching rule
_____________________________________
Now starting branching with general disjunction
Current branching Node number: 2665
LP objective value: 181000
Node lower bound: 181000
Node upper bound: 238334
gap to the primal bound: 4.58591
Preck submodel is infeasible, continue branching
General disjunction: No feasible solution found, use SCIP default branching rule
_____________________________________
Now starting branching with general disjunction
Current branching Node number: 2666
LP objective value: 181000
Node lower bound: 181000
Node upper bound: 238334
gap to the primal bound: 4.58591
Preck submodel is infeasible, continue branching
General disjunction: No feasible solution found, use SCIP default branching rule
_____________________________________
Now starting branching with general disjunction
Current branching Node number: 496
LP objective value: 56667
Node lower bound: 56667
Node upper bound: 238334
gap to the primal bound: 4.58591
Preck submodel is infeasible, continue branching
General disjunction: No feasible solution found, use SCIP default branching rule
_____________________________________
Now starting branching with general disjunction
Current branching Node number: 2671
LP objective value: 82000
Node lower bound: 82000
Node upper bound: 238334
gap to the primal bound: 4.58591
Preck submodel is infeasible, continue branching
General disjunction: No feasible solution found, use SCIP default branching rule
_____________________________________
Now starting branching with general disjunction
Current branching Node number: 2672
LP objective value: 82000
Node lower bound: 82000
Node upper bound: 238334
gap to the primal bound: 4.58591
Preck submodel is infeasible, continue branching
General disjunction: No feasible solution found, use SCIP default branching rule
_____________________________________
Now starting branching with general disjunction
Current branching Node number: 2674
LP objective value: 90500
Node lower bound: 90500
Node upper bound: 238334
gap to the primal bound: 4.58591
Preck submodel is infeasible, continue branching
General disjunction: No feasible solution found, use SCIP default branching rule
_____________________________________
Now starting branching with general disjunction
Current branching Node number: 2676
LP objective value: 90500
Node lower bound: 90500
Node upper bound: 238334
gap to the primal bound: 4.58591
Preck submodel is infeasible, continue branching
General disjunction: No feasible solution found, use SCIP default branching rule
_____________________________________
Now starting branching with general disjunction
Current branching Node number: 2678
LP objective value: 120667
Node lower bound: 120667
Node upper bound: 238334
gap to the primal bound: 4.58591
Preck submodel is infeasible, continue branching
General disjunction: No feasible solution found, use SCIP default branching rule
_____________________________________
Now starting branching with general disjunction
Current branching Node number: 10
LP objective value: 43667
Node lower bound: 43667
Node upper bound: 238334
gap to the primal bound: 4.58591
Preck submodel is infeasible, continue branching
General disjunction: No feasible solution found, use SCIP default branching rule
_____________________________________
Now starting branching with general disjunction
Current branching Node number: 2682
LP objective value: 43667
Node lower bound: 43667
Node upper bound: 238334
gap to the primal bound: 4.58591
Preck submodel is infeasible, continue branching
General disjunction: No feasible solution found, use SCIP default branching rule
_____________________________________
Now starting branching with general disjunction
Current branching Node number: 2684
LP objective value: 45708.4
Node lower bound: 45708.4
Node upper bound: 238334
gap to the primal bound: 4.58591
Preck submodel is infeasible, continue branching
General disjunction: No feasible solution found, use SCIP default branching rule
_____________________________________
Now starting branching with general disjunction
Current branching Node number: 2686
LP objective value: 52238.1
Node lower bound: 52238.1
Node upper bound: 238334
gap to the primal bound: 4.58591
Preck submodel is infeasible, continue branching
General disjunction: No feasible solution found, use SCIP default branching rule
_____________________________________
Now starting branching with general disjunction
Current branching Node number: 2689
LP objective value: 182834
Node lower bound: 182834
Node upper bound: 238334
gap to the primal bound: 4.58591
Preck submodel is infeasible, continue branching
General disjunction: No feasible solution found, use SCIP default branching rule
_____________________________________
Now starting branching with general disjunction
Current branching Node number: 2691
LP objective value: 182834
Node lower bound: 182834
Node upper bound: 238334
gap to the primal bound: 4.58591
Preck submodel is infeasible, continue branching
Time limit exceeded (1036.85s), stopping submodel solve loop
General disjunction: Both Children are added
_____________________________________
Now starting branching with general disjunction
Current branching Node number: 127
LP objective value: 72400
Node lower bound: 72400
Node upper bound: 238334
gap to the primal bound: 4.58591
Preck submodel is infeasible, continue branching
General disjunction: No feasible solution found, use SCIP default branching rule
_____________________________________
Now starting branching with general disjunction
Current branching Node number: 2694
LP objective value: 72400
Node lower bound: 72400
Node upper bound: 238334
gap to the primal bound: 4.58591
Preck submodel is infeasible, continue branching
General disjunction: No feasible solution found, use SCIP default branching rule
_____________________________________
Now starting branching with general disjunction
Current branching Node number: 2696
LP objective value: 72400
Node lower bound: 72400
Node upper bound: 238334
gap to the primal bound: 4.58591
Preck submodel is infeasible, continue branching
General disjunction: No feasible solution found, use SCIP default branching rule
_____________________________________
Now starting branching with general disjunction
Current branching Node number: 2698
LP objective value: 90500
Node lower bound: 90500
Node upper bound: 238334
gap to the primal bound: 4.58591
Preck submodel is infeasible, continue branching
General disjunction: No feasible solution found, use SCIP default branching rule
_____________________________________
Now starting branching with general disjunction
Current branching Node number: 2700
LP objective value: 120667
Node lower bound: 120667
Node upper bound: 238334
gap to the primal bound: 4.58591
Preck submodel is infeasible, continue branching
General disjunction: No feasible solution found, use SCIP default branching rule
_____________________________________
Now starting branching with general disjunction
Current branching Node number: 2703
LP objective value: 120667
Node lower bound: 120667
Node upper bound: 238334
gap to the primal bound: 4.58591
Preck submodel is infeasible, continue branching
General disjunction: No feasible solution found, use SCIP default branching rule
_____________________________________
Now starting branching with general disjunction
Current branching Node number: 22
LP objective value: 43667
Node lower bound: 43667
Node upper bound: 238334
gap to the primal bound: 4.58591
Preck submodel is infeasible, continue branching
General disjunction: No feasible solution found, use SCIP default branching rule
_____________________________________
Now starting branching with general disjunction
Current branching Node number: 2706
LP objective value: 43667
Node lower bound: 43667
Node upper bound: 238334
gap to the primal bound: 4.58591
Preck submodel is infeasible, continue branching
General disjunction: No feasible solution found, use SCIP default branching rule
_____________________________________
Now starting branching with general disjunction
Current branching Node number: 2708
LP objective value: 45708.4
Node lower bound: 45708.4
Node upper bound: 238334
gap to the primal bound: 4.58591
Preck submodel is infeasible, continue branching
General disjunction: No feasible solution found, use SCIP default branching rule
_____________________________________
Now starting branching with general disjunction
Current branching Node number: 2710
LP objective value: 52238.1
Node lower bound: 52238.1
Node upper bound: 238334
gap to the primal bound: 4.58591
Preck submodel is infeasible, continue branching
General disjunction: No feasible solution found, use SCIP default branching rule
_____________________________________
Now starting branching with general disjunction
Current branching Node number: 2712
LP objective value: 60944.5
Node lower bound: 60944.5
Node upper bound: 238334
gap to the primal bound: 4.58591
Preck submodel is infeasible, continue branching
General disjunction: No feasible solution found, use SCIP default branching rule
_____________________________________
Now starting branching with general disjunction
Current branching Node number: 125
LP objective value: 72400
Node lower bound: 72400
Node upper bound: 238334
gap to the primal bound: 4.58591
Preck submodel is infeasible, continue branching
General disjunction: No feasible solution found, use SCIP default branching rule
_____________________________________
Now starting branching with general disjunction
Current branching Node number: 2716
LP objective value: 72400
Node lower bound: 72400
Node upper bound: 238334
gap to the primal bound: 4.58591
Preck submodel is infeasible, continue branching
General disjunction: No feasible solution found, use SCIP default branching rule
_____________________________________
Now starting branching with general disjunction
Current branching Node number: 2718
LP objective value: 90500
Node lower bound: 90500
Node upper bound: 238334
gap to the primal bound: 4.58591
Preck submodel is infeasible, continue branching
General disjunction: No feasible solution found, use SCIP default branching rule
_____________________________________
Now starting branching with general disjunction
Current branching Node number: 2720
LP objective value: 90500
Node lower bound: 90500
Node upper bound: 238334
gap to the primal bound: 4.58591
Preck submodel is infeasible, continue branching
General disjunction: No feasible solution found, use SCIP default branching rule
_____________________________________
Now starting branching with general disjunction
Current branching Node number: 2722
LP objective value: 120667
Node lower bound: 120667
Node upper bound: 238334
gap to the primal bound: 4.58591
Preck submodel is infeasible, continue branching
General disjunction: No feasible solution found, use SCIP default branching rule
_____________________________________
Now starting branching with general disjunction
Current branching Node number: 2724
LP objective value: 181000
Node lower bound: 181000
Node upper bound: 238334
gap to the primal bound: 4.58591
Preck submodel is infeasible, continue branching
General disjunction: No feasible solution found, use SCIP default branching rule
_____________________________________
Now starting branching with general disjunction
Current branching Node number: 2501
LP objective value: 42667
Node lower bound: 42667
Node upper bound: 238334
gap to the primal bound: 4.58591
Preck submodel is infeasible, continue branching
General disjunction: No feasible solution found, use SCIP default branching rule
_____________________________________
Now starting branching with general disjunction
Current branching Node number: 2728
LP objective value: 45250
Node lower bound: 45250
Node upper bound: 238334
gap to the primal bound: 4.58591
Preck submodel is infeasible, continue branching
General disjunction: No feasible solution found, use SCIP default branching rule
_____________________________________
Now starting branching with general disjunction
Current branching Node number: 2731
LP objective value: 181000
Node lower bound: 181000
Node upper bound: 238334
gap to the primal bound: 4.58591
Preck submodel is infeasible, continue branching
General disjunction: No feasible solution found, use SCIP default branching rule
_____________________________________
Now starting branching with general disjunction
Current branching Node number: 2733
LP objective value: 181000
Node lower bound: 181000
Node upper bound: 238334
gap to the primal bound: 4.58591
Preck submodel is infeasible, continue branching
General disjunction: No feasible solution found, use SCIP default branching rule
_____________________________________
Now starting branching with general disjunction
Current branching Node number: 2735
LP objective value: 181000
Node lower bound: 181000
Node upper bound: 238334
gap to the primal bound: 4.58591
Preck submodel is infeasible, continue branching
Time limit exceeded (1011.37s), stopping submodel solve loop
General disjunction: Only Left constraint added:
_____________________________________
Now starting branching with general disjunction
Current branching Node number: 2735
LP objective value: 215516
Node lower bound: 215516
Node upper bound: 238334
gap to the primal bound: 4.58591
Preck submodel is infeasible, continue branching
General disjunction: No feasible solution found, use SCIP default branching rule
_____________________________________
Now starting branching with general disjunction
Current branching Node number: 2737
LP objective value: 215516
Node lower bound: 215516
Node upper bound: 238334
gap to the primal bound: 4.58591
Preck submodel is infeasible, continue branching
General disjunction: No feasible solution found, use SCIP default branching rule
_____________________________________
Now starting branching with general disjunction
Current branching Node number: 711
LP objective value: 51714.3
Node lower bound: 51714.3
Node upper bound: 238334
gap to the primal bound: 4.58591
Preck submodel is infeasible, continue branching
General disjunction: No feasible solution found, use SCIP default branching rule
_____________________________________
Now starting branching with general disjunction
Current branching Node number: 2741
LP objective value: 181000
Node lower bound: 181000
Node upper bound: 238334
gap to the primal bound: 4.58591
Preck submodel is infeasible, continue branching
General disjunction: No feasible solution found, use SCIP default branching rule
_____________________________________
Now starting branching with general disjunction
Current branching Node number: 2742
LP objective value: 181000
Node lower bound: 181000
Node upper bound: 238334
gap to the primal bound: 4.58591
Preck submodel is infeasible, continue branching
General disjunction: No feasible solution found, use SCIP default branching rule
_____________________________________
Now starting branching with general disjunction
Current branching Node number: 2745
LP objective value: 181000
Node lower bound: 181000
Node upper bound: 238334
gap to the primal bound: 4.58591
Preck submodel is infeasible, continue branching
General disjunction: No feasible solution found, use SCIP default branching rule
_____________________________________
Now starting branching with general disjunction
Current branching Node number: 2746
LP objective value: 181000
Node lower bound: 181000
Node upper bound: 238334
gap to the primal bound: 4.58591
Preck submodel is infeasible, continue branching
General disjunction: No feasible solution found, use SCIP default branching rule
_____________________________________
Now starting branching with general disjunction
Current branching Node number: 2748
LP objective value: 181000
Node lower bound: 181000
Node upper bound: 238334
gap to the primal bound: 4.58591
Preck submodel is infeasible, continue branching
General disjunction: No feasible solution found, use SCIP default branching rule
_____________________________________
Now starting branching with general disjunction
Current branching Node number: 986
LP objective value: 51714.3
Node lower bound: 51714.3
Node upper bound: 238334
gap to the primal bound: 4.58591
Preck submodel is infeasible, continue branching
General disjunction: No feasible solution found, use SCIP default branching rule
_____________________________________
Now starting branching with general disjunction
Current branching Node number: 2752
LP objective value: 60333.3
Node lower bound: 60333.3
Node upper bound: 238334
gap to the primal bound: 4.58591
Preck submodel is infeasible, continue branching
General disjunction: No feasible solution found, use SCIP default branching rule
_____________________________________
Now starting branching with general disjunction
Current branching Node number: 2755
LP objective value: 199333
Node lower bound: 199333
Node upper bound: 238334
gap to the primal bound: 4.58591
Preck submodel is infeasible, continue branching
General disjunction: No feasible solution found, use SCIP default branching rule
_____________________________________
Now starting branching with general disjunction
Current branching Node number: 2757
LP objective value: 199333
Node lower bound: 199333
Node upper bound: 238334
gap to the primal bound: 4.58591
Preck submodel is infeasible, continue branching
General disjunction: No feasible solution found, use SCIP default branching rule
_____________________________________
Now starting branching with general disjunction
Current branching Node number: 2759
LP objective value: 199334
Node lower bound: 199334
Node upper bound: 238334
gap to the primal bound: 4.58591
Preck submodel is infeasible, continue branching
General disjunction: No feasible solution found, use SCIP default branching rule
_____________________________________
Now starting branching with general disjunction
Current branching Node number: 2760
LP objective value: 199334
Node lower bound: 199334
Node upper bound: 238334
gap to the primal bound: 4.58591
Preck submodel is infeasible, continue branching
General disjunction: No feasible solution found, use SCIP default branching rule
_____________________________________
Now starting branching with general disjunction
Current branching Node number: 706
LP objective value: 51714.3
Node lower bound: 51714.3
Node upper bound: 238334
gap to the primal bound: 4.58591
Preck submodel is infeasible, continue branching
General disjunction: No feasible solution found, use SCIP default branching rule
 1373m|  1600 |  1165 |127784 |  79.7 |    16M |  56 |1211 |1342 |1342 |   0 |  1 |   0 | 365 | 4.266700e+04 | 2.383340e+05 | 458.59%| unknown
_____________________________________
Now starting branching with general disjunction
Current branching Node number: 2765
LP objective value: 181000
Node lower bound: 181000
Node upper bound: 238334
gap to the primal bound: 4.58591
Preck submodel is infeasible, continue branching
General disjunction: No feasible solution found, use SCIP default branching rule
_____________________________________
Now starting branching with general disjunction
Current branching Node number: 2766
LP objective value: 181000
Node lower bound: 181000
Node upper bound: 238334
gap to the primal bound: 4.58591
Preck submodel is infeasible, continue branching
General disjunction: No feasible solution found, use SCIP default branching rule
_____________________________________
Now starting branching with general disjunction
Current branching Node number: 2769
LP objective value: 181000
Node lower bound: 181000
Node upper bound: 238334
gap to the primal bound: 4.58591
Preck submodel is infeasible, continue branching
General disjunction: No feasible solution found, use SCIP default branching rule
_____________________________________
Now starting branching with general disjunction
Current branching Node number: 2770
LP objective value: 181000
Node lower bound: 181000
Node upper bound: 238334
gap to the primal bound: 4.58591
Preck submodel is infeasible, continue branching
General disjunction: No feasible solution found, use SCIP default branching rule
_____________________________________
Now starting branching with general disjunction
Current branching Node number: 2772
LP objective value: 181000
Node lower bound: 181000
Node upper bound: 238334
gap to the primal bound: 4.58591
Preck submodel is infeasible, continue branching
General disjunction: No feasible solution found, use SCIP default branching rule
_____________________________________
Now starting branching with general disjunction
Current branching Node number: 108
LP objective value: 51714.3
Node lower bound: 51714.3
Node upper bound: 238334
gap to the primal bound: 4.58591
Preck submodel is infeasible, continue branching
General disjunction: No feasible solution found, use SCIP default branching rule
_____________________________________
Now starting branching with general disjunction
Current branching Node number: 2776
LP objective value: 51714.3
Node lower bound: 51714.3
Node upper bound: 238334
gap to the primal bound: 4.58591
Preck submodel is infeasible, continue branching
General disjunction: No feasible solution found, use SCIP default branching rule
_____________________________________
Now starting branching with general disjunction
Current branching Node number: 2778
LP objective value: 60333.3
Node lower bound: 60333.3
Node upper bound: 238334
gap to the primal bound: 4.58591
Preck submodel is infeasible, continue branching
General disjunction: No feasible solution found, use SCIP default branching rule
_____________________________________
Now starting branching with general disjunction
Current branching Node number: 2781
LP objective value: 60333.3
Node lower bound: 60333.3
Node upper bound: 238334
gap to the primal bound: 4.58591
Preck submodel is infeasible, continue branching
General disjunction: No feasible solution found, use SCIP default branching rule
_____________________________________
Now starting branching with general disjunction
Current branching Node number: 2782
LP objective value: 72400
Node lower bound: 72400
Node upper bound: 238334
gap to the primal bound: 4.58591
Preck submodel is infeasible, continue branching
General disjunction: No feasible solution found, use SCIP default branching rule
_____________________________________
Now starting branching with general disjunction
Current branching Node number: 2784
LP objective value: 72400
Node lower bound: 72400
Node upper bound: 238334
gap to the primal bound: 4.58591
Preck submodel is infeasible, continue branching
General disjunction: No feasible solution found, use SCIP default branching rule
_____________________________________
Now starting branching with general disjunction
Current branching Node number: 880
LP objective value: 51714.3
Node lower bound: 51714.3
Node upper bound: 238334
gap to the primal bound: 4.58591
Preck submodel is infeasible, continue branching
General disjunction: No feasible solution found, use SCIP default branching rule
_____________________________________
Now starting branching with general disjunction
Current branching Node number: 2788
LP objective value: 60333.3
Node lower bound: 60333.3
Node upper bound: 238334
gap to the primal bound: 4.58591
Preck submodel is infeasible, continue branching
General disjunction: No feasible solution found, use SCIP default branching rule
_____________________________________
Now starting branching with general disjunction
Current branching Node number: 392
LP objective value: 51714.3
Node lower bound: 51714.3
Node upper bound: 238334
gap to the primal bound: 4.58591
Preck submodel is infeasible, continue branching
General disjunction: No feasible solution found, use SCIP default branching rule
_____________________________________
Now starting branching with general disjunction
Current branching Node number: 2792
LP objective value: 51714.3
Node lower bound: 51714.3
Node upper bound: 238334
gap to the primal bound: 4.58591
Preck submodel is infeasible, continue branching
General disjunction: No feasible solution found, use SCIP default branching rule
_____________________________________
Now starting branching with general disjunction
Current branching Node number: 2794
LP objective value: 60333.3
Node lower bound: 60333.3
Node upper bound: 238334
gap to the primal bound: 4.58591
Preck submodel is infeasible, continue branching
General disjunction: No feasible solution found, use SCIP default branching rule
_____________________________________
Now starting branching with general disjunction
Current branching Node number: 2797
LP objective value: 181000
Node lower bound: 181000
Node upper bound: 238334
gap to the primal bound: 4.58591
Preck submodel is infeasible, continue branching
General disjunction: No feasible solution found, use SCIP default branching rule
_____________________________________
Now starting branching with general disjunction
Current branching Node number: 2798
LP objective value: 181000
Node lower bound: 181000
Node upper bound: 238334
gap to the primal bound: 4.58591
Preck submodel is infeasible, continue branching
General disjunction: No feasible solution found, use SCIP default branching rule
_____________________________________
Now starting branching with general disjunction
Current branching Node number: 2800
LP objective value: 181000
Node lower bound: 181000
Node upper bound: 238334
gap to the primal bound: 4.58591
Preck submodel is infeasible, continue branching
General disjunction: No feasible solution found, use SCIP default branching rule
_____________________________________
Now starting branching with general disjunction
Current branching Node number: 530
LP objective value: 56667
Node lower bound: 56667
Node upper bound: 238334
gap to the primal bound: 4.58591
Preck submodel is infeasible, continue branching
General disjunction: No feasible solution found, use SCIP default branching rule
_____________________________________
Now starting branching with general disjunction
Current branching Node number: 576
LP objective value: 60333.3
Node lower bound: 60333.3
Node upper bound: 238334
gap to the primal bound: 4.58591
Preck submodel is infeasible, continue branching
General disjunction: No feasible solution found, use SCIP default branching rule
_____________________________________
Now starting branching with general disjunction
Current branching Node number: 2503
LP objective value: 181000
Node lower bound: 181000
Node upper bound: 238334
gap to the primal bound: 4.58591
Preck submodel is infeasible, continue branching
General disjunction: No feasible solution found, use SCIP default branching rule
_____________________________________
Now starting branching with general disjunction
Current branching Node number: 2808
LP objective value: 181000
Node lower bound: 181000
Node upper bound: 238334
gap to the primal bound: 4.58591
Preck submodel is infeasible, continue branching
General disjunction: No feasible solution found, use SCIP default branching rule
_____________________________________
Now starting branching with general disjunction
Current branching Node number: 2810
LP objective value: 181000
Node lower bound: 181000
Node upper bound: 238334
gap to the primal bound: 4.58591
Preck submodel is infeasible, continue branching
General disjunction: No feasible solution found, use SCIP default branching rule
_____________________________________
Now starting branching with general disjunction
Current branching Node number: 2813
LP objective value: 181000
Node lower bound: 181000
Node upper bound: 238334
gap to the primal bound: 4.58591
Preck submodel is infeasible, continue branching
General disjunction: No feasible solution found, use SCIP default branching rule
_____________________________________
Now starting branching with general disjunction
Current branching Node number: 2814
LP objective value: 181000
Node lower bound: 181000
Node upper bound: 238334
gap to the primal bound: 4.58591
Preck submodel is infeasible, continue branching
General disjunction: No feasible solution found, use SCIP default branching rule
_____________________________________
Now starting branching with general disjunction
Current branching Node number: 2816
LP objective value: 181000
Node lower bound: 181000
Node upper bound: 238334
gap to the primal bound: 4.58591
Preck submodel is infeasible, continue branching
General disjunction: No feasible solution found, use SCIP default branching rule
_____________________________________
Now starting branching with general disjunction
Current branching Node number: 386
LP objective value: 51714.3
Node lower bound: 51714.3
Node upper bound: 238334
gap to the primal bound: 4.58591
Preck submodel is infeasible, continue branching
General disjunction: No feasible solution found, use SCIP default branching rule
_____________________________________
Now starting branching with general disjunction
Current branching Node number: 2820
LP objective value: 51714.3
Node lower bound: 51714.3
Node upper bound: 238334
gap to the primal bound: 4.58591
Preck submodel is infeasible, continue branching
General disjunction: No feasible solution found, use SCIP default branching rule
_____________________________________
Now starting branching with general disjunction
Current branching Node number: 2822
LP objective value: 60333.3
Node lower bound: 60333.3
Node upper bound: 238334
gap to the primal bound: 4.58591
Preck submodel is infeasible, continue branching
General disjunction: No feasible solution found, use SCIP default branching rule
_____________________________________
Now starting branching with general disjunction
Current branching Node number: 2825
LP objective value: 181000
Node lower bound: 181000
Node upper bound: 238334
gap to the primal bound: 4.58591
Preck submodel is infeasible, continue branching
General disjunction: No feasible solution found, use SCIP default branching rule
_____________________________________
Now starting branching with general disjunction
Current branching Node number: 2826
LP objective value: 181000
Node lower bound: 181000
Node upper bound: 238334
gap to the primal bound: 4.58591
Preck submodel is infeasible, continue branching
General disjunction: No feasible solution found, use SCIP default branching rule
_____________________________________
Now starting branching with general disjunction
Current branching Node number: 2828
LP objective value: 181000
Node lower bound: 181000
Node upper bound: 238334
gap to the primal bound: 4.58591
Preck submodel is infeasible, continue branching
General disjunction: No feasible solution found, use SCIP default branching rule
_____________________________________
Now starting branching with general disjunction
Current branching Node number: 865
LP objective value: 190222
Node lower bound: 190222
Node upper bound: 238334
gap to the primal bound: 4.58591
Preck submodel is infeasible, continue branching
General disjunction: No feasible solution found, use SCIP default branching rule
_____________________________________
Now starting branching with general disjunction
Current branching Node number: 391
LP objective value: 51714.3
Node lower bound: 51714.3
Node upper bound: 238334
gap to the primal bound: 4.58591
Preck submodel is infeasible, continue branching
General disjunction: No feasible solution found, use SCIP default branching rule
_____________________________________
Now starting branching with general disjunction
Current branching Node number: 2834
LP objective value: 51714.3
Node lower bound: 51714.3
Node upper bound: 238334
gap to the primal bound: 4.58591
Preck submodel is infeasible, continue branching
General disjunction: No feasible solution found, use SCIP default branching rule
_____________________________________
Now starting branching with general disjunction
Current branching Node number: 2836
LP objective value: 60333.3
Node lower bound: 60333.3
Node upper bound: 238334
gap to the primal bound: 4.58591
Preck submodel is infeasible, continue branching
General disjunction: No feasible solution found, use SCIP default branching rule
_____________________________________
Now starting branching with general disjunction
Current branching Node number: 2839
LP objective value: 181000
Node lower bound: 181000
Node upper bound: 238334
gap to the primal bound: 4.58591
Preck submodel is infeasible, continue branching
General disjunction: No feasible solution found, use SCIP default branching rule
_____________________________________
Now starting branching with general disjunction
Current branching Node number: 2841
LP objective value: 181000
Node lower bound: 181000
Node upper bound: 238334
gap to the primal bound: 4.58591
Preck submodel is infeasible, continue branching
General disjunction: No feasible solution found, use SCIP default branching rule
_____________________________________
Now starting branching with general disjunction
Current branching Node number: 2842
LP objective value: 181000
Node lower bound: 181000
Node upper bound: 238334
gap to the primal bound: 4.58591
Preck submodel is infeasible, continue branching
General disjunction: No feasible solution found, use SCIP default branching rule
_____________________________________
Now starting branching with general disjunction
Current branching Node number: 304
LP objective value: 51714.3
Node lower bound: 51714.3
Node upper bound: 238334
gap to the primal bound: 4.58591
Preck submodel is infeasible, continue branching
General disjunction: No feasible solution found, use SCIP default branching rule
_____________________________________
Now starting branching with general disjunction
Current branching Node number: 2846
LP objective value: 51714.3
Node lower bound: 51714.3
Node upper bound: 238334
gap to the primal bound: 4.58591
Preck submodel is infeasible, continue branching
General disjunction: No feasible solution found, use SCIP default branching rule
_____________________________________
Now starting branching with general disjunction
Current branching Node number: 2848
LP objective value: 60333.3
Node lower bound: 60333.3
Node upper bound: 238334
gap to the primal bound: 4.58591
Preck submodel is infeasible, continue branching
General disjunction: No feasible solution found, use SCIP default branching rule
_____________________________________
Now starting branching with general disjunction
Current branching Node number: 2850
LP objective value: 72400
Node lower bound: 72400
Node upper bound: 238334
gap to the primal bound: 4.58591
Preck submodel is infeasible, continue branching
General disjunction: No feasible solution found, use SCIP default branching rule
_____________________________________
Now starting branching with general disjunction
Current branching Node number: 2852
LP objective value: 72400
Node lower bound: 72400
Node upper bound: 238334
gap to the primal bound: 4.58591
Preck submodel is infeasible, continue branching
General disjunction: No feasible solution found, use SCIP default branching rule
_____________________________________
Now starting branching with general disjunction
Current branching Node number: 2854
LP objective value: 90500
Node lower bound: 90500
Node upper bound: 238334
gap to the primal bound: 4.58591
Preck submodel is infeasible, continue branching
General disjunction: No feasible solution found, use SCIP default branching rule
_____________________________________
Now starting branching with general disjunction
Current branching Node number: 306
LP objective value: 51714.3
Node lower bound: 51714.3
Node upper bound: 238334
gap to the primal bound: 4.58591
Preck submodel is infeasible, continue branching
General disjunction: No feasible solution found, use SCIP default branching rule
_____________________________________
Now starting branching with general disjunction
Current branching Node number: 2858
LP objective value: 51714.3
Node lower bound: 51714.3
Node upper bound: 238334
gap to the primal bound: 4.58591
Preck submodel is infeasible, continue branching
General disjunction: No feasible solution found, use SCIP default branching rule
_____________________________________
Now starting branching with general disjunction
Current branching Node number: 2860
LP objective value: 60333.3
Node lower bound: 60333.3
Node upper bound: 238334
gap to the primal bound: 4.58591
Preck submodel is infeasible, continue branching
General disjunction: No feasible solution found, use SCIP default branching rule
_____________________________________
Now starting branching with general disjunction
Current branching Node number: 2862
LP objective value: 72400
Node lower bound: 72400
Node upper bound: 238334
gap to the primal bound: 4.58591
Preck submodel is infeasible, continue branching
General disjunction: No feasible solution found, use SCIP default branching rule
_____________________________________
Now starting branching with general disjunction
Current branching Node number: 2864
LP objective value: 72400
Node lower bound: 72400
Node upper bound: 238334
gap to the primal bound: 4.58591
Preck submodel is infeasible, continue branching
General disjunction: No feasible solution found, use SCIP default branching rule
_____________________________________
Now starting branching with general disjunction
Current branching Node number: 2866
LP objective value: 90500
Node lower bound: 90500
Node upper bound: 238334
gap to the primal bound: 4.58591
Preck submodel is infeasible, continue branching
General disjunction: No feasible solution found, use SCIP default branching rule
_____________________________________
Now starting branching with general disjunction
Current branching Node number: 317
LP objective value: 51714.3
Node lower bound: 51714.3
Node upper bound: 238334
gap to the primal bound: 4.58591
Preck submodel is infeasible, continue branching
General disjunction: No feasible solution found, use SCIP default branching rule
_____________________________________
Now starting branching with general disjunction
Current branching Node number: 2870
LP objective value: 51714.3
Node lower bound: 51714.3
Node upper bound: 238334
gap to the primal bound: 4.58591
Preck submodel is infeasible, continue branching
General disjunction: No feasible solution found, use SCIP default branching rule
_____________________________________
Now starting branching with general disjunction
Current branching Node number: 2872
LP objective value: 60333.3
Node lower bound: 60333.3
Node upper bound: 238334
gap to the primal bound: 4.58591
Preck submodel is infeasible, continue branching
General disjunction: No feasible solution found, use SCIP default branching rule
_____________________________________
Now starting branching with general disjunction
Current branching Node number: 2874
LP objective value: 72400
Node lower bound: 72400
Node upper bound: 238334
gap to the primal bound: 4.58591
Preck submodel is infeasible, continue branching
General disjunction: No feasible solution found, use SCIP default branching rule
_____________________________________
Now starting branching with general disjunction
Current branching Node number: 2876
LP objective value: 72400
Node lower bound: 72400
Node upper bound: 238334
gap to the primal bound: 4.58591
Preck submodel is infeasible, continue branching
General disjunction: No feasible solution found, use SCIP default branching rule
_____________________________________
Now starting branching with general disjunction
Current branching Node number: 2878
LP objective value: 90500
Node lower bound: 90500
Node upper bound: 238334
gap to the primal bound: 4.58591
Preck submodel is infeasible, continue branching
General disjunction: No feasible solution found, use SCIP default branching rule
_____________________________________
Now starting branching with general disjunction
Current branching Node number: 327
LP objective value: 51714.3
Node lower bound: 51714.3
Node upper bound: 238334
gap to the primal bound: 4.58591
Preck submodel is infeasible, continue branching
Time limit exceeded (1129.93s), stopping submodel solve loop
General disjunction: Both Children are added
_____________________________________
Now starting branching with general disjunction
Current branching Node number: 2882
LP objective value: 119500
Node lower bound: 119500
Node upper bound: 238334
gap to the primal bound: 4.58591
Preck submodel is infeasible, continue branching
General disjunction: No feasible solution found, use SCIP default branching rule
_____________________________________
Now starting branching with general disjunction
Current branching Node number: 2884
LP objective value: 119500
Node lower bound: 119500
Node upper bound: 238334
gap to the primal bound: 4.58591
Preck submodel is infeasible, continue branching
General disjunction: No feasible solution found, use SCIP default branching rule
_____________________________________
Now starting branching with general disjunction
Current branching Node number: 2886
LP objective value: 119500
Node lower bound: 119500
Node upper bound: 238334
gap to the primal bound: 4.58591
Preck submodel is infeasible, continue branching
General disjunction: No feasible solution found, use SCIP default branching rule
_____________________________________
Now starting branching with general disjunction
Current branching Node number: 2888
LP objective value: 119500
Node lower bound: 119500
Node upper bound: 238334
gap to the primal bound: 4.58591
Preck submodel is infeasible, continue branching
General disjunction: No feasible solution found, use SCIP default branching rule
_____________________________________
Now starting branching with general disjunction
Current branching Node number: 2890
LP objective value: 119500
Node lower bound: 119500
Node upper bound: 238334
gap to the primal bound: 4.58591
Preck submodel is infeasible, continue branching
General disjunction: No feasible solution found, use SCIP default branching rule
_____________________________________
Now starting branching with general disjunction
Current branching Node number: 106
LP objective value: 51714.3
Node lower bound: 51714.3
Node upper bound: 238334
gap to the primal bound: 4.58591
Preck submodel is infeasible, continue branching
General disjunction: No feasible solution found, use SCIP default branching rule
_____________________________________
Now starting branching with general disjunction
Current branching Node number: 2894
LP objective value: 51714.3
Node lower bound: 51714.3
Node upper bound: 238334
gap to the primal bound: 4.58591
Preck submodel is infeasible, continue branching
General disjunction: No feasible solution found, use SCIP default branching rule
_____________________________________
Now starting branching with general disjunction
Current branching Node number: 2897
LP objective value: 51714.3
Node lower bound: 51714.3
Node upper bound: 238334
gap to the primal bound: 4.58591
Preck submodel is infeasible, continue branching
General disjunction: No feasible solution found, use SCIP default branching rule
_____________________________________
Now starting branching with general disjunction
Current branching Node number: 2898
LP objective value: 60333.3
Node lower bound: 60333.3
Node upper bound: 238334
gap to the primal bound: 4.58591
Preck submodel is infeasible, continue branching
General disjunction: No feasible solution found, use SCIP default branching rule
_____________________________________
Now starting branching with general disjunction
Current branching Node number: 2901
LP objective value: 181000
Node lower bound: 181000
Node upper bound: 238334
gap to the primal bound: 4.58591
Preck submodel is infeasible, continue branching
General disjunction: No feasible solution found, use SCIP default branching rule
_____________________________________
Now starting branching with general disjunction
Current branching Node number: 2903
LP objective value: 181000
Node lower bound: 181000
Node upper bound: 238334
gap to the primal bound: 4.58591
Preck submodel is infeasible, continue branching
General disjunction: No feasible solution found, use SCIP default branching rule
_____________________________________
Now starting branching with general disjunction
Current branching Node number: 315
LP objective value: 51714.3
Node lower bound: 51714.3
Node upper bound: 238334
gap to the primal bound: 4.58591
Preck submodel is infeasible, continue branching
Time limit exceeded (1043.64s), stopping submodel solve loop
General disjunction: Only Left constraint added:
_____________________________________
Now starting branching with general disjunction
Current branching Node number: 315
LP objective value: 80786
Node lower bound: 80786
Node upper bound: 238334
gap to the primal bound: 4.58591
Preck submodel is infeasible, continue branching
General disjunction: No feasible solution found, use SCIP default branching rule
_____________________________________
Now starting branching with general disjunction
Current branching Node number: 2906
LP objective value: 80786
Node lower bound: 80786
Node upper bound: 238334
gap to the primal bound: 4.58591
Preck submodel is infeasible, continue branching
General disjunction: No feasible solution found, use SCIP default branching rule
_____________________________________
Now starting branching with general disjunction
Current branching Node number: 2908
LP objective value: 80786
Node lower bound: 80786
Node upper bound: 238334
gap to the primal bound: 4.58591
Preck submodel is infeasible, continue branching
General disjunction: No feasible solution found, use SCIP default branching rule
_____________________________________
Now starting branching with general disjunction
Current branching Node number: 2910
LP objective value: 80786
Node lower bound: 80786
Node upper bound: 238334
gap to the primal bound: 4.58591
Preck submodel is infeasible, continue branching
General disjunction: No feasible solution found, use SCIP default branching rule
_____________________________________
Now starting branching with general disjunction
Current branching Node number: 2912
LP objective value: 80786
Node lower bound: 80786
Node upper bound: 238334
gap to the primal bound: 4.58591
Preck submodel is infeasible, continue branching
General disjunction: No feasible solution found, use SCIP default branching rule
_____________________________________
Now starting branching with general disjunction
Current branching Node number: 2914
LP objective value: 80786
Node lower bound: 80786
Node upper bound: 238334
gap to the primal bound: 4.58591
Preck submodel is infeasible, continue branching
General disjunction: No feasible solution found, use SCIP default branching rule
_____________________________________
Now starting branching with general disjunction
Current branching Node number: 309
LP objective value: 51714.3
Node lower bound: 51714.3
Node upper bound: 238334
gap to the primal bound: 4.58591
Preck submodel is infeasible, continue branching
General disjunction: No feasible solution found, use SCIP default branching rule
_____________________________________
Now starting branching with general disjunction
Current branching Node number: 2918
LP objective value: 51714.3
Node lower bound: 51714.3
Node upper bound: 238334
gap to the primal bound: 4.58591
Preck submodel is infeasible, continue branching
General disjunction: No feasible solution found, use SCIP default branching rule
_____________________________________
Now starting branching with general disjunction
Current branching Node number: 2920
LP objective value: 60333.3
Node lower bound: 60333.3
Node upper bound: 238334
gap to the primal bound: 4.58591
Preck submodel is infeasible, continue branching
General disjunction: No feasible solution found, use SCIP default branching rule
_____________________________________
Now starting branching with general disjunction
Current branching Node number: 2922
LP objective value: 72400
Node lower bound: 72400
Node upper bound: 238334
gap to the primal bound: 4.58591
Preck submodel is infeasible, continue branching
General disjunction: No feasible solution found, use SCIP default branching rule
_____________________________________
Now starting branching with general disjunction
Current branching Node number: 2924
LP objective value: 72400
Node lower bound: 72400
Node upper bound: 238334
gap to the primal bound: 4.58591
Preck submodel is infeasible, continue branching
General disjunction: No feasible solution found, use SCIP default branching rule
_____________________________________
Now starting branching with general disjunction
Current branching Node number: 2926
LP objective value: 90500
Node lower bound: 90500
Node upper bound: 238334
gap to the primal bound: 4.58591
Preck submodel is infeasible, continue branching
General disjunction: No feasible solution found, use SCIP default branching rule
_____________________________________
Now starting branching with general disjunction
Current branching Node number: 352
LP objective value: 51714.3
Node lower bound: 51714.3
Node upper bound: 238334
gap to the primal bound: 4.58591
Preck submodel is infeasible, continue branching
General disjunction: No feasible solution found, use SCIP default branching rule
_____________________________________
Now starting branching with general disjunction
Current branching Node number: 2930
LP objective value: 51714.3
Node lower bound: 51714.3
Node upper bound: 238334
gap to the primal bound: 4.58591
Preck submodel is infeasible, continue branching
General disjunction: No feasible solution found, use SCIP default branching rule
_____________________________________
Now starting branching with general disjunction
Current branching Node number: 2932
LP objective value: 60333.3
Node lower bound: 60333.3
Node upper bound: 238334
gap to the primal bound: 4.58591
Preck submodel is infeasible, continue branching
General disjunction: No feasible solution found, use SCIP default branching rule
_____________________________________
Now starting branching with general disjunction
Current branching Node number: 2934
LP objective value: 72400
Node lower bound: 72400
Node upper bound: 238334
gap to the primal bound: 4.58591
Preck submodel is infeasible, continue branching
General disjunction: No feasible solution found, use SCIP default branching rule
_____________________________________
Now starting branching with general disjunction
Current branching Node number: 2936
LP objective value: 72400
Node lower bound: 72400
Node upper bound: 238334
gap to the primal bound: 4.58591
Preck submodel is infeasible, continue branching
General disjunction: No feasible solution found, use SCIP default branching rule
_____________________________________
Now starting branching with general disjunction
Current branching Node number: 2938
LP objective value: 90500
Node lower bound: 90500
Node upper bound: 238334
gap to the primal bound: 4.58591
Preck submodel is infeasible, continue branching
General disjunction: No feasible solution found, use SCIP default branching rule
_____________________________________
Now starting branching with general disjunction
Current branching Node number: 876
LP objective value: 51714.3
Node lower bound: 51714.3
Node upper bound: 238334
gap to the primal bound: 4.58591
Preck submodel is infeasible, continue branching
General disjunction: No feasible solution found, use SCIP default branching rule
 1416m|  1700 |  1243 |132422 |  77.8 |    16M |  56 |1211 |1342 |1342 |   0 |  1 |   0 | 365 | 4.266700e+04 | 2.383340e+05 | 458.59%| unknown
_____________________________________
Now starting branching with general disjunction
Current branching Node number: 2942
LP objective value: 60333.3
Node lower bound: 60333.3
Node upper bound: 238334
gap to the primal bound: 4.58591
Preck submodel is infeasible, continue branching
General disjunction: No feasible solution found, use SCIP default branching rule
_____________________________________
Now starting branching with general disjunction
Current branching Node number: 16
LP objective value: 43667
Node lower bound: 43667
Node upper bound: 238334
gap to the primal bound: 4.58591
Preck submodel is infeasible, continue branching
General disjunction: No feasible solution found, use SCIP default branching rule
_____________________________________
Now starting branching with general disjunction
Current branching Node number: 2946
LP objective value: 43667
Node lower bound: 43667
Node upper bound: 238334
gap to the primal bound: 4.58591
Preck submodel is infeasible, continue branching
General disjunction: No feasible solution found, use SCIP default branching rule
_____________________________________
Now starting branching with general disjunction
Current branching Node number: 2948
LP objective value: 45708.4
Node lower bound: 45708.4
Node upper bound: 238334
gap to the primal bound: 4.58591
Preck submodel is infeasible, continue branching
General disjunction: No feasible solution found, use SCIP default branching rule
_____________________________________
Now starting branching with general disjunction
Current branching Node number: 2950
LP objective value: 52238.1
Node lower bound: 52238.1
Node upper bound: 238334
gap to the primal bound: 4.58591
Preck submodel is infeasible, continue branching
General disjunction: No feasible solution found, use SCIP default branching rule
_____________________________________
Now starting branching with general disjunction
Current branching Node number: 2952
LP objective value: 60944.5
Node lower bound: 60944.5
Node upper bound: 238334
gap to the primal bound: 4.58591
Preck submodel is infeasible, continue branching
General disjunction: No feasible solution found, use SCIP default branching rule
_____________________________________
Now starting branching with general disjunction
Current branching Node number: 925
LP objective value: 45250
Node lower bound: 45250
Node upper bound: 238334
gap to the primal bound: 4.58591
Preck submodel is infeasible, continue branching
General disjunction: No feasible solution found, use SCIP default branching rule
_____________________________________
Now starting branching with general disjunction
Current branching Node number: 2957
LP objective value: 181000
Node lower bound: 181000
Node upper bound: 238334
gap to the primal bound: 4.58591
Preck submodel is infeasible, continue branching
General disjunction: No feasible solution found, use SCIP default branching rule
_____________________________________
Now starting branching with general disjunction
Current branching Node number: 2959
LP objective value: 181000
Node lower bound: 181000
Node upper bound: 238334
gap to the primal bound: 4.58591
Preck submodel is infeasible, continue branching
General disjunction: No feasible solution found, use SCIP default branching rule
_____________________________________
Now starting branching with general disjunction
Current branching Node number: 2961
LP objective value: 181000
Node lower bound: 181000
Node upper bound: 238334
gap to the primal bound: 4.58591
Preck submodel is infeasible, continue branching
General disjunction: No feasible solution found, use SCIP default branching rule
_____________________________________
Now starting branching with general disjunction
Current branching Node number: 2963
LP objective value: 181000
Node lower bound: 181000
Node upper bound: 238334
gap to the primal bound: 4.58591
Preck submodel is infeasible, continue branching
General disjunction: No feasible solution found, use SCIP default branching rule
_____________________________________
Now starting branching with general disjunction
Current branching Node number: 2965
LP objective value: 181000
Node lower bound: 181000
Node upper bound: 238334
gap to the primal bound: 4.58591
Preck submodel is infeasible, continue branching
Time limit exceeded (1309.76s), stopping submodel solve loop
General disjunction: Only Left constraint added:
_____________________________________
Now starting branching with general disjunction
Current branching Node number: 2965
LP objective value: 218753
Node lower bound: 218753
Node upper bound: 238334
gap to the primal bound: 4.58591
Preck submodel is infeasible, continue branching
General disjunction: No feasible solution found, use SCIP default branching rule
_____________________________________
Now starting branching with general disjunction
Current branching Node number: 129
LP objective value: 81833.5
Node lower bound: 81833.5
Node upper bound: 238334
gap to the primal bound: 4.58591
Preck submodel is infeasible, continue branching
General disjunction: No feasible solution found, use SCIP default branching rule
_____________________________________
Now starting branching with general disjunction
Current branching Node number: 2968
LP objective value: 81833.5
Node lower bound: 81833.5
Node upper bound: 238334
gap to the primal bound: 4.58591
Preck submodel is infeasible, continue branching
General disjunction: No feasible solution found, use SCIP default branching rule
_____________________________________
Now starting branching with general disjunction
Current branching Node number: 2971
LP objective value: 81833.5
Node lower bound: 81833.5
Node upper bound: 238334
gap to the primal bound: 4.58591
Preck submodel is infeasible, continue branching
General disjunction: No feasible solution found, use SCIP default branching rule
_____________________________________
Now starting branching with general disjunction
Current branching Node number: 2972
LP objective value: 81833.5
Node lower bound: 81833.5
Node upper bound: 238334
gap to the primal bound: 4.58591
Preck submodel is infeasible, continue branching
General disjunction: No feasible solution found, use SCIP default branching rule
_____________________________________
Now starting branching with general disjunction
Current branching Node number: 2974
LP objective value: 81833.5
Node lower bound: 81833.5
Node upper bound: 238334
gap to the primal bound: 4.58591
Preck submodel is infeasible, continue branching
General disjunction: No feasible solution found, use SCIP default branching rule
_____________________________________
Now starting branching with general disjunction
Current branching Node number: 2977
LP objective value: 81834
Node lower bound: 81834
Node upper bound: 238334
gap to the primal bound: 4.58591
Preck submodel is infeasible, continue branching
General disjunction: No feasible solution found, use SCIP default branching rule
_____________________________________
Now starting branching with general disjunction
Current branching Node number: 113
LP objective value: 51714.3
Node lower bound: 51714.3
Node upper bound: 238334
gap to the primal bound: 4.58591
Preck submodel is infeasible, continue branching
General disjunction: No feasible solution found, use SCIP default branching rule
_____________________________________
Now starting branching with general disjunction
Current branching Node number: 2980
LP objective value: 51714.3
Node lower bound: 51714.3
Node upper bound: 238334
gap to the primal bound: 4.58591
Preck submodel is infeasible, continue branching
General disjunction: No feasible solution found, use SCIP default branching rule
_____________________________________
Now starting branching with general disjunction
Current branching Node number: 2983
LP objective value: 51714.3
Node lower bound: 51714.3
Node upper bound: 238334
gap to the primal bound: 4.58591
Preck submodel is infeasible, continue branching
General disjunction: No feasible solution found, use SCIP default branching rule
_____________________________________
Now starting branching with general disjunction
Current branching Node number: 117
LP objective value: 51714.3
Node lower bound: 51714.3
Node upper bound: 238334
gap to the primal bound: 4.58591
Preck submodel is infeasible, continue branching
Time limit exceeded (1117.54s), stopping submodel solve loop
General disjunction: No feasible solution found, use SCIP default branching rule

SCIP Status        : solving was interrupted [time limit reached]
Solving Time (sec) : 87506.24
Solving Nodes      : 1729
Primal Bound       : +2.38334000000000e+05 (1 solutions)
Dual Bound         : +4.26670000000000e+04
Gap                : 458.59 %

primal solution:
================

objective value:                               238334
z                                              238334 	(obj:1)
x#1#2                                               1 	(obj:0)
x#1#6                                               1 	(obj:0)
x#2#3                                               1 	(obj:0)
x#2#7                                               1 	(obj:0)
x#3#5                                               1 	(obj:0)
x#3#11                                              1 	(obj:0)
x#4#2                                               1 	(obj:0)
x#4#1                                               1 	(obj:0)
x#5#6                                               1 	(obj:0)
x#5#7                                               1 	(obj:0)
x#6#4                                               1 	(obj:0)
x#6#8                                               1 	(obj:0)
x#7#9                                               1 	(obj:0)
x#7#11                                              1 	(obj:0)
x#8#9                                               1 	(obj:0)
x#8#10                                              1 	(obj:0)
x#9#5                                               1 	(obj:0)
x#9#10                                              1 	(obj:0)
x#10#3                                              1 	(obj:0)
x#10#4                                              1 	(obj:0)
x#11#8                                              1 	(obj:0)
x#11#1                                              1 	(obj:0)
f#1#1#2                                        164998 	(obj:0)
f#1#1#6                                         89002 	(obj:0)
f#1#2#3                                         64000 	(obj:0)
f#1#2#7                                         76998 	(obj:0)
f#1#3#5                                         21000 	(obj:0)
f#1#6#4                                         23000 	(obj:0)
f#1#6#8                                         25002 	(obj:0)
f#1#7#9                                         15998 	(obj:0)
f#1#8#9                                          4002 	(obj:0)
f#2#2#3                                         95334 	(obj:0)
f#2#2#7                                         45666 	(obj:0)
f#2#3#5                                         39000 	(obj:0)
f#2#3#11                                        56334 	(obj:0)
f#2#5#6                                         18000 	(obj:0)
f#2#7#11                                         6666 	(obj:0)
f#2#11#8                                        23000 	(obj:0)
f#3#3#5                                        106000 	(obj:0)
f#3#3#11                                        58000 	(obj:0)
f#3#5#6                                         20000 	(obj:0)
f#3#5#7                                         42000 	(obj:0)
f#3#6#4                                         20000 	(obj:0)
f#3#8#9                                         20000 	(obj:0)
f#3#11#8                                        42000 	(obj:0)
f#3#11#1                                        16000 	(obj:0)
f#4#1#6                                         99000 	(obj:0)
f#4#2#3                                         58000 	(obj:0)
f#4#2#7                                         62000 	(obj:0)
f#4#3#5                                         40000 	(obj:0)
f#4#4#2                                        140000 	(obj:0)
f#4#4#1                                        141000 	(obj:0)
f#4#6#8                                         42000 	(obj:0)
f#4#7#11                                        19000 	(obj:0)
f#5#5#6                                        134332 	(obj:0)
f#5#5#7                                        129668 	(obj:0)
f#5#6#4                                         40000 	(obj:0)
f#5#6#8                                         11332 	(obj:0)
f#5#7#9                                         32668 	(obj:0)
f#5#7#11                                        37000 	(obj:0)
f#5#8#9                                         11332 	(obj:0)
f#6#2#7                                         21000 	(obj:0)
f#6#4#2                                         39000 	(obj:0)
f#6#4#1                                         60000 	(obj:0)
f#6#6#4                                        136000 	(obj:0)
f#6#6#8                                        121000 	(obj:0)
f#6#8#9                                         41000 	(obj:0)
f#6#8#10                                        39000 	(obj:0)
f#6#9#5                                         18000 	(obj:0)
f#7#4#1                                          3335 	(obj:0)
f#7#7#9                                        119332 	(obj:0)
f#7#7#11                                       175668 	(obj:0)
f#7#8#10                                            3 	(obj:0)
f#7#9#10                                        83332 	(obj:0)
f#7#10#4                                         3335 	(obj:0)
f#7#11#8                                        61003 	(obj:0)
f#7#11#1                                        18665 	(obj:0)
f#8#1#6                                         12999 	(obj:0)
f#8#3#11                                        61000 	(obj:0)
f#8#4#1                                         12999 	(obj:0)
f#8#5#6                                          7001 	(obj:0)
f#8#5#7                                         40000 	(obj:0)
f#8#8#9                                         64001 	(obj:0)
f#8#8#10                                       172999 	(obj:0)
f#8#9#5                                         64001 	(obj:0)
f#8#10#3                                        81000 	(obj:0)
f#8#10#4                                        31999 	(obj:0)
f#9#2#7                                         13334 	(obj:0)
f#9#3#11                                        22000 	(obj:0)
f#9#4#2                                         35334 	(obj:0)
f#9#4#1                                         21000 	(obj:0)
f#9#5#6                                         59000 	(obj:0)
f#9#5#7                                         26666 	(obj:0)
f#9#6#8                                         39000 	(obj:0)
f#9#9#5                                        129666 	(obj:0)
f#9#9#10                                       152334 	(obj:0)
f#9#10#3                                        60000 	(obj:0)
f#9#10#4                                        56334 	(obj:0)
f#10#3#5                                        20000 	(obj:0)
f#10#3#11                                       41000 	(obj:0)
f#10#4#2                                        24000 	(obj:0)
f#10#10#3                                       84000 	(obj:0)
f#10#10#4                                       63000 	(obj:0)
f#10#11#8                                       41000 	(obj:0)
f#11#1#2                                        73000 	(obj:0)
f#11#2#7                                        16000 	(obj:0)
f#11#8#9                                        16000 	(obj:0)
f#11#9#5                                        16000 	(obj:0)
f#11#11#8                                       53000 	(obj:0)
f#11#11#1                                      133000 	(obj:0)

Statistics
==========

SCIP Status        : solving was interrupted [time limit reached]
Total Time         :   87506.26
  solving          :   87506.24
  presolving       :       0.04 (included in solving)
  reading          :       0.03
  copying          :       0.00 (0 times copied the problem)
Original Problem   :
  Problem name     : /scratch/htc/yzhou/qoblib/qoblib-quantum-optimization-benchmarking-library/08-network/models/integer_lp/additional/network11.lp
  Variables        : 1211 (0 binary, 1211 integer, 0 implicit integer, 0 continuous)
  Constraints      : 1342 initial, 1342 maximal
  Objective        : minimize, 1 non-zeros (abs.min = 1, abs.max = 1)
Presolved Problem  :
  Problem name     : t_/scratch/htc/yzhou/qoblib/qoblib-quantum-optimization-benchmarking-library/08-network/models/integer_lp/additional/network11.lp
  Variables        : 1211 (110 binary, 1101 integer, 0 implicit integer, 0 continuous)
  Constraints      : 1342 initial, 1342 maximal
  Objective        : minimize, 1 non-zeros (abs.min = 1, abs.max = 1)
  Nonzeros         : 5720 constraint, 0 clique table
Presolvers         :   ExecTime  SetupTime  Calls  FixedVars   AggrVars   ChgTypes  ChgBounds   AddHoles    DelCons    AddCons   ChgSides   ChgCoefs
  boundshift       :       0.00       0.00      0          0          0          0          0          0          0          0          0          0
  convertinttobin  :       0.00       0.00      0          0          0          0          0          0          0          0          0          0
  domcol           :       0.00       0.00      1          0          0          0          0          0          0          0          0          0
  dualagg          :       0.00       0.00      0          0          0          0          0          0          0          0          0          0
  dualcomp         :       0.00       0.00      0          0          0          0          0          0          0          0          0          0
  dualinfer        :       0.00       0.00      0          0          0          0          0          0          0          0          0          0
  dualsparsify     :       0.00       0.00      1          0          0          0          0          0          0          0          0          0
  gateextraction   :       0.00       0.00      0          0          0          0          0          0          0          0          0          0
  implics          :       0.00       0.00      2          0          0          0          0          0          0          0          0          0
  inttobinary      :       0.00       0.00      4          0          0          0          0          0          0          0          0          0
  qpkktref         :       0.00       0.00      0          0          0          0          0          0          0          0          0          0
  redvub           :       0.00       0.00      0          0          0          0          0          0          0          0          0          0
  sparsify         :       0.01       0.00      1          0          0          0          0          0          0          0          0          0
  stuffing         :       0.00       0.00      0          0          0          0          0          0          0          0          0          0
  trivial          :       0.00       0.00      4          0          0          0          0          0          0          0          0          0
  tworowbnd        :       0.00       0.00      0          0          0          0          0          0          0          0          0          0
  dualfix          :       0.00       0.00      4          0          0          0          0          0          0          0          0          0
  genvbounds       :       0.00       0.00      0          0          0          0          0          0          0          0          0          0
  probing          :       0.00       0.00      1          0          0          0          0          0          0          0          0          0
  pseudoobj        :       0.00       0.00      1          0          0          0          1          0          0          0          0          0
  symmetry         :       0.00       0.00      1          0          0          0          0          0          0          0          0          0
  vbounds          :       0.00       0.00      0          0          0          0          0          0          0          0          0          0
  varbound         :       0.00       0.00      2          0          0          0          0          0          0          0          0          0
  linear           :       0.02       0.00      6          0          0          0       1100          0          0          0          0       1100
  benders          :       0.00       0.00      0          0          0          0          0          0          0          0          0          0
  components       :       0.00       0.00      1          0          0          0          0          0          0          0          0          0
  root node        :          -          -      -          0          -          -          1          -          -          -          -          -
Constraints        :     Number  MaxNumber  #Separate #Propagate    #EnfoLP    #EnfoRelax  #EnfoPS    #Check   #ResProp    Cutoffs    DomReds       Cuts    Applied      Conss   Children
  benderslp        :          0          0          0          0       1525          0          0          2          0          0          0          0          0          0          0
  integral         :          0          0          0          0       1525          0          0          2          0          9         27          0          0         13       2986
  varbound         :       1100       1100          0        102          0          0          0          0          0          0          0          0          0          0          0
  linear           :        242+       245          0        102          0          0          0          0          0          0          0          0          0          0          0
  benders          :          0          0          0          0          0          0          0          1          0          0          0          0          0          0          0
  fixedvar         :          0          0          0          0          0          0          0          1          0          0          0          0          0          0          0
  countsols        :          0          0          0          0          0          0          0          1          0          0          0          0          0          0          0
  components       :          0          0          0          0          0          0          0          0          0          0          0          0          0          0          0
Constraint Timings :  TotalTime  SetupTime   Separate  Propagate     EnfoLP     EnfoPS     EnfoRelax   Check    ResProp    SB-Prop
  benderslp        :       0.00       0.00       0.00       0.00       0.00       0.00       0.00       0.00       0.00       0.00
  integral         :   87501.02       0.00       0.00       0.00   87501.02       0.00       0.00       0.00       0.00       0.00
  varbound         :       0.00       0.00       0.00       0.00       0.00       0.00       0.00       0.00       0.00       0.00
  linear           :       0.00       0.00       0.00       0.00       0.00       0.00       0.00       0.00       0.00       0.00
  benders          :       0.00       0.00       0.00       0.00       0.00       0.00       0.00       0.00       0.00       0.00
  fixedvar         :       0.00       0.00       0.00       0.00       0.00       0.00       0.00       0.00       0.00       0.00
  countsols        :       0.00       0.00       0.00       0.00       0.00       0.00       0.00       0.00       0.00       0.00
  components       :       0.00       0.00       0.00       0.00       0.00       0.00       0.00       0.00       0.00       0.00
Propagators        : #Propagate   #ResProp    Cutoffs    DomReds
  dualfix          :          2          0          0          0
  genvbounds       :          0          0          0          0
  nlobbt           :          0          0          0          0
  obbt             :          0          0          0          0
  probing          :          0          0          0          0
  pseudoobj        :          6          0          0          1
  redcost          :          2          0          0          0
  rootredcost      :          0          0          0          0
  symmetry         :          0          0          0          0
  vbounds          :          0          0          0          0
Propagator Timings :  TotalTime  SetupTime   Presolve  Propagate    ResProp    SB-Prop
  dualfix          :       0.00       0.00       0.00       0.00       0.00       0.00
  genvbounds       :       0.00       0.00       0.00       0.00       0.00       0.00
  nlobbt           :       0.00       0.00       0.00       0.00       0.00       0.00
  obbt             :       0.00       0.00       0.00       0.00       0.00       0.00
  probing          :       0.00       0.00       0.00       0.00       0.00       0.00
  pseudoobj        :       0.00       0.00       0.00       0.00       0.00       0.00
  redcost          :       0.00       0.00       0.00       0.00       0.00       0.00
  rootredcost      :       0.00       0.00       0.00       0.00       0.00       0.00
  symmetry         :       0.00       0.00       0.00       0.00       0.00       0.00
  vbounds          :       0.00       0.00       0.00       0.00       0.00       0.00
Symmetry           :
  orbitopal red.   :          0 reductions applied,          0 cutoffs
  orbital reduction:          0 reductions applied,          0 cutoffs
  lexicographic red:          0 reductions applied,          0 cutoffs
  shadow tree time :       0.00 s
Conflict Analysis  :       Time      Calls    Success    DomReds  Conflicts   Literals    Reconvs ReconvLits   Dualrays   Nonzeros   LP Iters   (pool size: [--,--])
  propagation      :       0.00          0          0          -          0        0.0          0        0.0          -          -          -
  infeasible LP    :       0.00          0          0          -          0        0.0          0        0.0          0        0.0          0
  bound exceed. LP :       0.00          0          0          -          0        0.0          0        0.0          0        0.0          0
  strong branching :       0.00          0          0          -          0        0.0          0        0.0          -          -          0
  pseudo solution  :       0.00          0          0          -          0        0.0          0        0.0          -          -          -
  applied globally :       0.00          -          -          0          0        0.0          -          -          0          -          -
  applied locally  :          -          -          -          0          0        0.0          -          -          0          -          -
Separators         :   ExecTime  SetupTime      Calls  RootCalls    Cutoffs    DomReds  FoundCuts ViaPoolAdd  DirectAdd    Applied ViaPoolApp  DirectApp      Conss
  cut pool         :       0.00          -          0          0          -          -          0          0          -          -          -          -          -    (maximal pool size:          0)
  aggregation      :       0.00       0.00          0          0          0          0          0          0          0          0          0          0          0
  > cmir           :          -          -          -          -          -          -          -          0          0          0          0          0          -
  > flowcover      :          -          -          -          -          -          -          -          0          0          0          0          0          -
  > knapsackcover  :          -          -          -          -          -          -          -          0          0          0          0          0          -
  cgmip            :       0.00       0.00          0          0          0          0          0          0          0          0          0          0          0
  clique           :       0.00       0.00          0          0          0          0          0          0          0          0          0          0          0
  closecuts        :       0.00       0.00          0          0          0          0          0          0          0          0          0          0          0
  convexproj       :       0.00       0.00          0          0          0          0          0          0          0          0          0          0          0
  disjunctive      :       0.00       0.00          0          0          0          0          0          0          0          0          0          0          0
  eccuts           :       0.00       0.00          0          0          0          0          0          0          0          0          0          0          0
  gauge            :       0.00       0.00          0          0          0          0          0          0          0          0          0          0          0
  gomory           :       0.00       0.00          0          0          0          0          0          0          0          0          0          0          0
  > gomorymi       :          -          -          -          -          -          -          -          0          0          0          0          0          -
  > strongcg       :          -          -          -          -          -          -          -          0          0          0          0          0          -
  impliedbounds    :       0.00       0.00          0          0          0          0          0          0          0          0          0          0          0
  interminor       :       0.00       0.00          0          0          0          0          0          0          0          0          0          0          0
  intobj           :       0.00       0.00          0          0          0          0          0          0          0          0          0          0          0
  lagromory        :       0.00       0.00          0          0          0          0          0          0          0          0          0          0          0
  mcf              :       0.00       0.00          0          0          0          0          0          0          0          0          0          0          0
  minor            :       0.00       0.00          0          0          0          0          0          0          0          0          0          0          0
  mixing           :       0.00       0.00          0          0          0          0          0          0          0          0          0          0          0
  oddcycle         :       0.00       0.00          0          0          0          0          0          0          0          0          0          0          0
  rapidlearning    :       0.00       0.00          0          0          0          0          0          0          0          0          0          0          0
  rlt              :       0.00       0.00          0          0          0          0          0          0          0          0          0          0          0
  zerohalf         :       0.00       0.00          0          0          0          0          0          0          0          0          0          0          0
Cutselectors       :   ExecTime  SetupTime      Calls  RootCalls   Selected     Forced   Filtered  RootSelec   RootForc   RootFilt 
  hybrid           :       0.00       0.00          0          0          0          0          0          0          0          0
  ensemble         :       0.00       0.00          0          0          0          0          0          0          0          0
  dynamic          :       0.00       0.00          0          0          0          0          0          0          0          0
Pricers            :   ExecTime  SetupTime      Calls       Vars
  problem variables:       0.00          -          0          0
Branching Rules    :   ExecTime  SetupTime   BranchLP  BranchExt   BranchPS    Cutoffs    DomReds       Cuts      Conss   Children
  allfullstrong    :       0.00       0.00          0          0          0          0          0          0          0          0
  cloud            :       0.00       0.00          0          0          0          0          0          0          0          0
  distribution     :       0.00       0.00          0          0          0          0          0          0          0          0
  fullstrong       :       0.00       0.00          0          0          0          0          0          0          0          0
  general_disjuncti:   87500.78       0.00       1525          0          0          9         26          0         13         36
  GeneralDisjunction(extra): subMILPs=47169 fairNodes of all MILPs=342261 probingLPs=206
  gomory           :       0.00       0.00          0          0          0          0          0          0          0          0
  inference        :       0.00       0.00          0          0          0          0          0          0          0          0
  leastinf         :       0.00       0.00          0          0          0          0          0          0          0          0
  lookahead        :       0.00       0.00          0          0          0          0          0          0          0          0
  mostinf          :       0.00       0.00          0          0          0          0          0          0          0          0
  multaggr         :       0.00       0.00          0          0          0          0          0          0          0          0
  nodereopt        :       0.00       0.00          0          0          0          0          0          0          0          0
  pscost           :       0.00       0.00          0          0          0          0          0          0          0          0
  random           :       0.00       0.00          0          0          0          0          0          0          0          0
  relpscost        :       0.24       0.00       1476          0          0          0          1          0          0       2950
  vanillafullstrong:       0.00       0.00          0          0          0          0          0          0          0          0
Primal Heuristics  :   ExecTime  SetupTime      Calls      Found       Best
  LP solutions     :       0.00          -          -          0          0
  relax solutions  :       0.00          -          -          0          0
  pseudo solutions :       0.00          -          -          0          0
  strong branching :       0.00          -          -          0          0
  actconsdiving    :       0.00       0.00          0          0          0
  adaptivediving   :       0.00       0.00          0          0          0
  alns             :       0.00       0.00          0          0          0
  bound            :       0.00       0.00          0          0          0
  clique           :       0.00       0.00          0          0          0
  coefdiving       :       0.00       0.00          0          0          0
  completesol      :       0.00       0.00          0          0          0
  conflictdiving   :       0.00       0.00          0          0          0
  crossover        :       0.00       0.00          0          0          0
  dins             :       0.00       0.00          0          0          0
  distributiondivin:       0.00       0.00          0          0          0
  dps              :       0.00       0.00          0          0          0
  dualval          :       0.00       0.00          0          0          0
  farkasdiving     :       0.00       0.00          0          0          0
  feaspump         :       0.00       0.00          0          0          0
  fixandinfer      :       0.00       0.00          0          0          0
  fracdiving       :       0.00       0.00          0          0          0
  gins             :       0.00       0.00          0          0          0
  guideddiving     :       0.00       0.00          0          0          0
  indicator        :       0.00       0.00          0          0          0
  indicatordiving  :       0.00       0.00          0          0          0
  intdiving        :       0.00       0.00          0          0          0
  intshifting      :       0.00       0.00          0          0          0
  linesearchdiving :       0.00       0.00          0          0          0
  localbranching   :       0.00       0.00          0          0          0
  locks            :       0.00       0.00          0          0          0
  lpface           :       0.00       0.00          0          0          0
  mpec             :       0.00       0.00          0          0          0
  multistart       :       0.00       0.00          0          0          0
  mutation         :       0.00       0.00          0          0          0
  nlpdiving        :       0.00       0.00          0          0          0
  objpscostdiving  :       0.00       0.00          0          0          0
  octane           :       0.00       0.00          0          0          0
  ofins            :       0.00       0.00          0          0          0
  oneopt           :       0.00       0.00          0          0          0
  padm             :       0.00       0.00          0          0          0
  proximity        :       0.00       0.00          0          0          0
  pscostdiving     :       0.00       0.00          0          0          0
  randrounding     :       0.00       0.00          0          0          0
  rens             :       0.00       0.00          0          0          0
  reoptsols        :       0.00       0.00          0          0          0
  repair           :       0.00       0.00          0          0          0
  rins             :       0.00       0.00          0          0          0
  rootsoldiving    :       0.00       0.00          0          0          0
  rounding         :       0.00       0.00          0          0          0
  scheduler        :       0.00       0.00          0          0          0
  shiftandpropagate:       0.00       0.00          0          0          0
  shifting         :       0.00       0.00          0          0          0
  simplerounding   :       0.00       0.00          0          0          0
  subnlp           :       0.00       0.00          0          0          0
  trivial          :       0.00       0.00          0          0          0
  trivialnegation  :       0.00       0.00          0          0          0
  trustregion      :       0.00       0.00          0          0          0
  trysol           :       0.00       0.00          0          0          0
  twoopt           :       0.00       0.00          0          0          0
  undercover       :       0.00       0.00          0          0          0
  vbounds          :       0.00       0.00          0          0          0
  veclendiving     :       0.00       0.00          0          0          0
  zeroobj          :       0.00       0.00          0          0          0
  zirounding       :       0.00       0.00          0          0          0
  other solutions  :          -          -          -          1          -
LNS (Scheduler)    :      Calls  SetupTime  SolveTime SolveNodes       Sols       Best       Exp3    Exp3-IX  EpsGreedy        UCB TgtFixRate  Opt  Inf Node Stal  Sol  Usr Othr Actv
  rens             :          0       0.00       0.00          0          0          0    0.00000    0.12500   -1.00000    1.00000      0.900    0    0    0    0    0    0    0    1
  rins             :          0       0.00       0.00          0          0          0    0.00000    0.12500   -1.00000    1.00000      0.900    0    0    0    0    0    0    0    1
  mutation         :          0       0.00       0.00          0          0          0    0.00000    0.12500   -1.00000    1.00000      0.900    0    0    0    0    0    0    0    1
  localbranching   :          0       0.00       0.00          0          0          0    0.00000    0.12500   -1.00000    1.00000      0.900    0    0    0    0    0    0    0    1
  crossover        :          0       0.00       0.00          0          0          0    0.00000    0.12500   -1.00000    1.00000      0.900    0    0    0    0    0    0    0    1
  proximity        :          0       0.00       0.00          0          0          0    0.00000    0.12500   -1.00000    1.00000      0.900    0    0    0    0    0    0    0    1
  zeroobjective    :          0       0.00       0.00          0          0          0    0.00000    0.12500   -1.00000    1.00000      0.900    0    0    0    0    0    0    0    1
  dins             :          0       0.00       0.00          0          0          0    0.00000    0.12500   -1.00000    1.00000      0.900    0    0    0    0    0    0    0    1
  trustregion      :          0       0.00       0.00          0          0          0    0.00000    0.00000   -1.00000    1.00000      0.900    0    0    0    0    0    0    0    0
LP                 :       Time      Calls Iterations  Iter/call   Iter/sec  Time-0-It Calls-0-It    ItLimit
  primal LP        :       0.00          0          0       0.00          -       0.00          0
  dual LP          :       4.75       1753     115948      67.96   24414.07       0.01         47
  lex dual LP      :       0.00          0          0       0.00          -
  barrier LP       :       0.00          0          0       0.00          -       0.00          0
  resolve instable :       0.00          0          0       0.00          -
  diving/probing LP:       0.79        164      21149     128.96   26817.66
  strong branching :       0.55        365       9908      27.15   18138.58          -          -         20
    (at root node) :          -         56       3634      64.89          -
  conflict analysis:       0.00          0          0       0.00          -
B&B Tree           :
  number of runs   :          1
  nodes            :       1729 (1493 internal, 236 leaves)
  feasible leaves  :          0
  infeas. leaves   :        233
  objective leaves :          3
  nodes (total)    :       1729 (1493 internal, 236 leaves)
  nodes left       :       1258
  max depth        :         56
  max depth (total):         56
  backtracks       :        275 (15.9%)
  early backtracks :          0 (0.0%)
  nodes exc. ref.  :          0 (0.0%)
  delayed cutoffs  :          0
  repropagations   :          0 (0 domain reductions, 0 cutoffs)
  avg switch length:       5.64
  switching time   :       0.03
Root Node          :
  First LP value   : +3.62000000000000e+04
  First LP Iters   :        316 (28389.18 Iter/sec)
  First LP Time    :       0.01
  Final Dual Bound : +4.02222222222222e+04
  Final Root Iters :        316
  Root LP Estimate : +8.33657882226242e+04
Solution           :
  Solutions found  :          1 (1 improvements)
  First Solution   : +2.38334000000000e+05   (in run 0, after 0 nodes, 0.00 seconds, depth -1, found by <initial>)
  Gap First Sol.   :   infinite
  Gap Last Sol.    :   infinite
  Primal Bound     : +2.38334000000000e+05   (in run 0, after 0 nodes, 0.00 seconds, depth -1, found by <initial>)
  Dual Bound       : +4.26670000000000e+04
  Gap              :     458.59 %
Integrals          :      Total       Avg%
  primal-dual      : 7184304.40      82.10
  primal-ref       :          -          - (not evaluated)
  dual-ref         :          -          - (not evaluated)
