SCIP version 9.2.2 [precision: 8 byte] [memory: block] [mode: optimized] [LP solver: CPLEX 12.10.0.0] [GitHash: 416226a4f8]
Copyright (c) 2002-2025 Zuse Institute Berlin (ZIB)

reading parameter file </scratch/htc/yzhou/exp_scipmip/settings/sandbox_gendj.set>

read problem </scratch/htc/yzhou/exp_scipmip/instances/tests/roll3000.mps>
============

original problem has 1166 variables (246 bin, 492 int, 0 impl, 428 cont) and 2295 constraints
   2295 constraints of type <linear>
Reading Time: 0.02

read solution </scratch/htc/yzhou/solutions/roll3000.sol>
============

primal solution from solution file </scratch/htc/yzhou/solutions/roll3000.sol> was accepted as candidate, will be checked when solving starts
original problem has 1166 variables (246 bin, 492 int, 0 impl, 428 cont) and 2295 constraints
   2295 constraints of type <linear>
Reading Time: 0.02
solve problem
=============
LP Solver <CPLEX 12.10.0.0>: fastmip setting not available -- SCIP parameter has no effect
LP Solver <CPLEX 12.10.0.0>: clock type cannot be set
LP Solver <CPLEX 12.10.0.0>: row representation of the basis not available -- SCIP parameter lp/rowrepswitch has no effect
LP Solver <CPLEX 12.10.0.0>: solution polishing not available -- SCIP parameter lp/solutionpolishing has no effect
LP Solver <CPLEX 12.10.0.0>: refactorization interval not available -- SCIP parameter lp/refactorinterval has no effect
1/1 feasible solution given by solution candidate storage, new primal bound 1.289000e+04

transformed problem has 1166 variables (246 bin, 492 int, 0 impl, 428 cont) and 2295 constraints
   2295 constraints of type <linear>

original problem has 29386 active (1.09814%) nonzeros and 29386 (1.09814%) check nonzeros

presolving:
(round 1, fast)       290 del vars, 591 del conss, 1 add conss, 629 chg bounds, 63 chg sides, 1754 chg coeffs, 0 upgd conss, 0 impls, 396 clqs
(round 2, fast)       290 del vars, 594 del conss, 1 add conss, 629 chg bounds, 164 chg sides, 2272 chg coeffs, 0 upgd conss, 0 impls, 396 clqs
(round 3, fast)       304 del vars, 594 del conss, 1 add conss, 629 chg bounds, 164 chg sides, 2272 chg coeffs, 0 upgd conss, 0 impls, 396 clqs
(round 4, exhaustive) 304 del vars, 914 del conss, 1 add conss, 629 chg bounds, 307 chg sides, 2272 chg coeffs, 0 upgd conss, 0 impls, 396 clqs
(round 5, exhaustive) 304 del vars, 914 del conss, 1 add conss, 629 chg bounds, 307 chg sides, 2272 chg coeffs, 565 upgd conss, 0 impls, 396 clqs
(round 6, medium)     304 del vars, 1073 del conss, 160 add conss, 629 chg bounds, 307 chg sides, 2272 chg coeffs, 565 upgd conss, 0 impls, 872 clqs
(round 7, exhaustive) 304 del vars, 1391 del conss, 319 add conss, 629 chg bounds, 307 chg sides, 2272 chg coeffs, 565 upgd conss, 0 impls, 872 clqs
(round 8, medium)     314 del vars, 1401 del conss, 319 add conss, 629 chg bounds, 307 chg sides, 2302 chg coeffs, 565 upgd conss, 0 impls, 842 clqs
(round 9, exhaustive) 314 del vars, 1415 del conss, 319 add conss, 629 chg bounds, 307 chg sides, 2302 chg coeffs, 565 upgd conss, 0 impls, 852 clqs
(round 10, exhaustive) 314 del vars, 1415 del conss, 319 add conss, 629 chg bounds, 307 chg sides, 2302 chg coeffs, 595 upgd conss, 0 impls, 852 clqs
(round 11, medium)     314 del vars, 1445 del conss, 349 add conss, 629 chg bounds, 307 chg sides, 2302 chg coeffs, 595 upgd conss, 0 impls, 942 clqs
(round 12, exhaustive) 314 del vars, 1505 del conss, 379 add conss, 629 chg bounds, 307 chg sides, 2302 chg coeffs, 595 upgd conss, 0 impls, 942 clqs
(round 13, medium)     344 del vars, 1505 del conss, 379 add conss, 629 chg bounds, 337 chg sides, 2332 chg coeffs, 595 upgd conss, 0 impls, 877 clqs
(round 14, fast)       344 del vars, 1510 del conss, 379 add conss, 629 chg bounds, 337 chg sides, 2332 chg coeffs, 595 upgd conss, 0 impls, 877 clqs
(round 15, exhaustive) 344 del vars, 1535 del conss, 379 add conss, 629 chg bounds, 337 chg sides, 2332 chg coeffs, 595 upgd conss, 0 impls, 877 clqs
   (0.1s) probing: 100/584 (17.1%) - 0 fixings, 0 aggregations, 846 implications, 0 bound changes
   (0.1s) probing: 200/584 (34.2%) - 0 fixings, 0 aggregations, 1522 implications, 0 bound changes
   (0.1s) probing: 300/584 (51.4%) - 0 fixings, 0 aggregations, 2235 implications, 0 bound changes
   (0.1s) probing: 400/584 (68.5%) - 0 fixings, 0 aggregations, 3615 implications, 0 bound changes
   (0.1s) probing: 500/584 (85.6%) - 0 fixings, 0 aggregations, 4708 implications, 0 bound changes
   (0.1s) probing cycle finished: starting next cycle
   (0.1s) symmetry computation started: requiring (bin +, int +, cont +), (fixed: bin -, int -, cont -)
   (0.2s) no symmetry present (symcode time: 0.00)
clique table cleanup detected 0 bound changes

presolved problem has 21330 active (2.27822%) nonzeros and 21330 (2.27822%) check nonzeros

presolving (16 rounds: 16 fast, 12 medium, 8 exhaustive):
 344 deleted vars, 1535 deleted constraints, 379 added constraints, 629 tightened bounds, 0 added holes, 337 changed sides, 2332 changed coefficients
 2862 implications, 3585 cliques
presolved problem has 822 variables (584 bin, 114 int, 104 impl, 20 cont) and 1139 constraints
    307 constraints of type <setppc>
    787 constraints of type <linear>
     45 constraints of type <logicor>
transformed objective value is always integral (scale: 1)
Presolving Time: 0.14
transformed 1/1 original solutions to the transformed problem space

 time | node  | left  |LP iter|LP it/n|mem/heur|mdpt |vars |cons |rows |cuts |sepa|confs|strbr|  dualbound   | primalbound  |  gap   | compl. 
  0.2s|     1 |     0 |   587 |     - |    21M |   0 | 822 |1139 |1139 |   0 |  0 |   0 |   0 | 1.109805e+04 | 1.289000e+04 |  16.15%| unknown
_____________________________________
Now starting branching with general disjunction
Current branching Node number: 1
LP objective value: 11098
Node lower bound: 11100.6
Node upper bound: 12890
gap to the primal bound: 0.1612
Preck submodel is infeasible, continue branching
Time limit exceeded (1000.11s), stopping submodel solve loop
General disjunction: No feasible solution found, use SCIP default branching rule
 1000s|     1 |     2 |   587 |     - |    21M |   0 | 822 |1139 |1139 |   0 |  1 |   0 |  42 | 1.110058e+04 | 1.289000e+04 |  16.12%| unknown
_____________________________________
Now starting branching with general disjunction
Current branching Node number: 3
LP objective value: 11316
Node lower bound: 11320
Node upper bound: 12890
gap to the primal bound: 0.1612
Preck submodel is infeasible, continue branching
Time limit exceeded (1000.1s), stopping submodel solve loop
General disjunction: No feasible solution found, use SCIP default branching rule
_____________________________________
Now starting branching with general disjunction
Current branching Node number: 5
Relpscost reduced domain, skip general disjunction branching
_____________________________________
Now starting branching with general disjunction
Current branching Node number: 5
Relpscost reduced domain, skip general disjunction branching
_____________________________________
Now starting branching with general disjunction
Current branching Node number: 5
LP objective value: 11967.8
Node lower bound: 11971.7
Node upper bound: 12890
gap to the primal bound: 0.1612
Preck submodel is infeasible, continue branching
Time limit exceeded (1000.1s), stopping submodel solve loop
General disjunction: No feasible solution found, use SCIP default branching rule
_____________________________________
Now starting branching with general disjunction
Current branching Node number: 7
LP objective value: 12065.1
Node lower bound: 12068.4
Node upper bound: 12890
gap to the primal bound: 0.1612
Preck submodel is infeasible, continue branching
Time limit exceeded (1000.09s), stopping submodel solve loop
General disjunction: No feasible solution found, use SCIP default branching rule
_____________________________________
Now starting branching with general disjunction
Current branching Node number: 7
LP objective value: 12065.4
Node lower bound: 12070.4
Node upper bound: 12890
gap to the primal bound: 0.1612
Preck submodel is infeasible, continue branching
Time limit exceeded (1000.1s), stopping submodel solve loop
General disjunction: No feasible solution found, use SCIP default branching rule
_____________________________________
Now starting branching with general disjunction
Current branching Node number: 7
Relpscost reduced domain, skip general disjunction branching
_____________________________________
Now starting branching with general disjunction
Current branching Node number: 7
Relpscost reduced domain, skip general disjunction branching
_____________________________________
Now starting branching with general disjunction
Current branching Node number: 7
LP objective value: 12070.4
Node lower bound: 12072.2
Node upper bound: 12890
gap to the primal bound: 0.1612
Preck submodel is infeasible, continue branching
Time limit exceeded (1000.1s), stopping submodel solve loop
General disjunction: No feasible solution found, use SCIP default branching rule
_____________________________________
Now starting branching with general disjunction
Current branching Node number: 9
Relpscost reduced domain, skip general disjunction branching
_____________________________________
Now starting branching with general disjunction
Current branching Node number: 9
Relpscost reduced domain, skip general disjunction branching
_____________________________________
Now starting branching with general disjunction
Current branching Node number: 9
Relpscost reduced domain, skip general disjunction branching
_____________________________________
Now starting branching with general disjunction
Current branching Node number: 9
Relpscost reduced domain, skip general disjunction branching
_____________________________________
Now starting branching with general disjunction
Current branching Node number: 9
Relpscost reduced domain, skip general disjunction branching
_____________________________________
Now starting branching with general disjunction
Current branching Node number: 9
Relpscost reduced domain, skip general disjunction branching
_____________________________________
Now starting branching with general disjunction
Current branching Node number: 9
LP objective value: 12214.7
Node lower bound: 12219.6
Node upper bound: 12890
gap to the primal bound: 0.1612
Preck submodel is infeasible, continue branching
Time limit exceeded (1000.09s), stopping submodel solve loop
General disjunction: No feasible solution found, use SCIP default branching rule
_____________________________________
Now starting branching with general disjunction
Current branching Node number: 11
Relpscost reduced domain, skip general disjunction branching
_____________________________________
Now starting branching with general disjunction
Current branching Node number: 11
Relpscost reduced domain, skip general disjunction branching
_____________________________________
Now starting branching with general disjunction
Current branching Node number: 11
Relpscost reduced domain, skip general disjunction branching
_____________________________________
Now starting branching with general disjunction
Current branching Node number: 11
Relpscost reduced domain, skip general disjunction branching
_____________________________________
Now starting branching with general disjunction
Current branching Node number: 10
LP objective value: 12216.7
Node lower bound: 12219.6
Node upper bound: 12890
gap to the primal bound: 0.1612
Preck submodel is infeasible, continue branching
Time limit exceeded (1000.09s), stopping submodel solve loop
General disjunction: No feasible solution found, use SCIP default branching rule
_____________________________________
Now starting branching with general disjunction
Current branching Node number: 13
Relpscost reduced domain, skip general disjunction branching
_____________________________________
Now starting branching with general disjunction
Current branching Node number: 13
Relpscost reduced domain, skip general disjunction branching
_____________________________________
Now starting branching with general disjunction
Current branching Node number: 13
Relpscost reduced domain, skip general disjunction branching
_____________________________________
Now starting branching with general disjunction
Current branching Node number: 13
Relpscost reduced domain, skip general disjunction branching
_____________________________________
Now starting branching with general disjunction
Current branching Node number: 13
Relpscost reduced domain, skip general disjunction branching
_____________________________________
Now starting branching with general disjunction
Current branching Node number: 13
LP objective value: 12559.9
Node lower bound: 12559.9
Node upper bound: 12890
gap to the primal bound: 0.1612
Preck submodel is infeasible, continue branching
Time limit exceeded (1000.09s), stopping submodel solve loop
General disjunction: No feasible solution found, use SCIP default branching rule
_____________________________________
Now starting branching with general disjunction
Current branching Node number: 14
Relpscost reduced domain, skip general disjunction branching
_____________________________________
Now starting branching with general disjunction
Current branching Node number: 14
Relpscost reduced domain, skip general disjunction branching
_____________________________________
Now starting branching with general disjunction
Current branching Node number: 14
LP objective value: 12567.1
Node lower bound: 12567.1
Node upper bound: 12890
gap to the primal bound: 0.1612
Preck submodel is infeasible, continue branching
Time limit exceeded (1000.09s), stopping submodel solve loop
General disjunction: No feasible solution found, use SCIP default branching rule
_____________________________________
Now starting branching with general disjunction
Current branching Node number: 17
LP objective value: 12881.1
Node lower bound: 12881.6
Node upper bound: 12890
gap to the primal bound: 0.1612
Preck submodel is infeasible, continue branching
Time limit exceeded (1000.09s), stopping submodel solve loop
General disjunction: No feasible solution found, use SCIP default branching rule
_____________________________________
Now starting branching with general disjunction
Current branching Node number: 17
Relpscost reduced domain, skip general disjunction branching
_____________________________________
Now starting branching with general disjunction
Current branching Node number: 17
Relpscost reduced domain, skip general disjunction branching
_____________________________________
Now starting branching with general disjunction
Current branching Node number: 17
Relpscost reduced domain, skip general disjunction branching
_____________________________________
Now starting branching with general disjunction
Current branching Node number: 17
Relpscost reduced domain, skip general disjunction branching
_____________________________________
Now starting branching with general disjunction
Current branching Node number: 16
Relpscost reduced domain, skip general disjunction branching
_____________________________________
Now starting branching with general disjunction
Current branching Node number: 16
Relpscost reduced domain, skip general disjunction branching
_____________________________________
Now starting branching with general disjunction
Current branching Node number: 2
Relpscost reduced domain, skip general disjunction branching
_____________________________________
Now starting branching with general disjunction
Current branching Node number: 2
LP objective value: 11099.2
Node lower bound: 11111
Node upper bound: 12890
gap to the primal bound: 0.160107
Preck submodel is infeasible, continue branching
Time limit exceeded (1000.09s), stopping submodel solve loop
General disjunction: No feasible solution found, use SCIP default branching rule
_____________________________________
Now starting branching with general disjunction
Current branching Node number: 19
LP objective value: 11318.8
Node lower bound: 11319.5
Node upper bound: 12890
gap to the primal bound: 0.160107
Preck submodel is infeasible, continue branching
Time limit exceeded (1000.09s), stopping submodel solve loop
General disjunction: No feasible solution found, use SCIP default branching rule
_____________________________________
Now starting branching with general disjunction
Current branching Node number: 21
Relpscost reduced domain, skip general disjunction branching
_____________________________________
Now starting branching with general disjunction
Current branching Node number: 21
Relpscost reduced domain, skip general disjunction branching
_____________________________________
Now starting branching with general disjunction
Current branching Node number: 21
Relpscost reduced domain, skip general disjunction branching
_____________________________________
Now starting branching with general disjunction
Current branching Node number: 21
LP objective value: 11970.7
Node lower bound: 11975.8
Node upper bound: 12890
gap to the primal bound: 0.160107
Preck submodel is infeasible, continue branching
Time limit exceeded (1000.09s), stopping submodel solve loop
General disjunction: No feasible solution found, use SCIP default branching rule
_____________________________________
Now starting branching with general disjunction
Current branching Node number: 23
Relpscost reduced domain, skip general disjunction branching
_____________________________________
Now starting branching with general disjunction
Current branching Node number: 23
Relpscost reduced domain, skip general disjunction branching
_____________________________________
Now starting branching with general disjunction
Current branching Node number: 23
Relpscost reduced domain, skip general disjunction branching
_____________________________________
Now starting branching with general disjunction
Current branching Node number: 23
Relpscost reduced domain, skip general disjunction branching
_____________________________________
Now starting branching with general disjunction
Current branching Node number: 23
Relpscost reduced domain, skip general disjunction branching
_____________________________________
Now starting branching with general disjunction
Current branching Node number: 23
Relpscost reduced domain, skip general disjunction branching
_____________________________________
Now starting branching with general disjunction
Current branching Node number: 23
Relpscost reduced domain, skip general disjunction branching
_____________________________________
Now starting branching with general disjunction
Current branching Node number: 23
Relpscost reduced domain, skip general disjunction branching
_____________________________________
Now starting branching with general disjunction
Current branching Node number: 23
Relpscost reduced domain, skip general disjunction branching
_____________________________________
Now starting branching with general disjunction
Current branching Node number: 23
LP objective value: 12119.7
Node lower bound: 12119.9
Node upper bound: 12890
gap to the primal bound: 0.160107
Preck submodel is infeasible, continue branching
Time limit exceeded (1000.09s), stopping submodel solve loop
General disjunction: No feasible solution found, use SCIP default branching rule
_____________________________________
Now starting branching with general disjunction
Current branching Node number: 25
LP objective value: 12213.4
Node lower bound: 12213.5
Node upper bound: 12890
gap to the primal bound: 0.160107
Preck submodel is infeasible, continue branching
Time limit exceeded (1000.16s), stopping submodel solve loop
General disjunction: No feasible solution found, use SCIP default branching rule
_____________________________________
Now starting branching with general disjunction
Current branching Node number: 27
Relpscost reduced domain, skip general disjunction branching
_____________________________________
Now starting branching with general disjunction
Current branching Node number: 27
Relpscost reduced domain, skip general disjunction branching
_____________________________________
Now starting branching with general disjunction
Current branching Node number: 27
LP objective value: 12554.3
Node lower bound: 12554.6
Node upper bound: 12890
gap to the primal bound: 0.160107
Preck submodel is infeasible, continue branching
Time limit exceeded (1000.09s), stopping submodel solve loop
General disjunction: No feasible solution found, use SCIP default branching rule
_____________________________________
Now starting branching with general disjunction
Current branching Node number: 28
Relpscost reduced domain, skip general disjunction branching
_____________________________________
Now starting branching with general disjunction
Current branching Node number: 28
Relpscost reduced domain, skip general disjunction branching
_____________________________________
Now starting branching with general disjunction
Current branching Node number: 28
Relpscost reduced domain, skip general disjunction branching
_____________________________________
Now starting branching with general disjunction
Current branching Node number: 28
Relpscost reduced domain, skip general disjunction branching
_____________________________________
Now starting branching with general disjunction
Current branching Node number: 28
Relpscost reduced domain, skip general disjunction branching
_____________________________________
Now starting branching with general disjunction
Current branching Node number: 28
LP objective value: 12555.4
Node lower bound: 12555.4
Node upper bound: 12890
gap to the primal bound: 0.160107
Preck submodel is infeasible, continue branching
Time limit exceeded (1000.09s), stopping submodel solve loop
General disjunction: No feasible solution found, use SCIP default branching rule
_____________________________________
Now starting branching with general disjunction
Current branching Node number: 30
Relpscost reduced domain, skip general disjunction branching
_____________________________________
Now starting branching with general disjunction
Current branching Node number: 30
LP objective value: 12561.4
Node lower bound: 12561.5
Node upper bound: 12890
gap to the primal bound: 0.160107
Preck submodel is infeasible, continue branching
Time limit exceeded (1000.08s), stopping submodel solve loop
General disjunction: No feasible solution found, use SCIP default branching rule
_____________________________________
Now starting branching with general disjunction
Current branching Node number: 33
Relpscost reduced domain, skip general disjunction branching
_____________________________________
Now starting branching with general disjunction
Current branching Node number: 33
Relpscost reduced domain, skip general disjunction branching
_____________________________________
Now starting branching with general disjunction
Current branching Node number: 33
LP objective value: 12887.6
Node lower bound: 12887.6
Node upper bound: 12890
gap to the primal bound: 0.160107
Preck submodel is infeasible, continue branching
Time limit exceeded (1000.09s), stopping submodel solve loop
General disjunction: No feasible solution found, use SCIP default branching rule
_____________________________________
Now starting branching with general disjunction
Current branching Node number: 34
LP objective value: 12888.2
Node lower bound: 12888.2
Node upper bound: 12890
gap to the primal bound: 0.160107
Preck submodel is infeasible, continue branching
Time limit exceeded (1000.09s), stopping submodel solve loop
General disjunction: No feasible solution found, use SCIP default branching rule
_____________________________________
Now starting branching with general disjunction
Current branching Node number: 18
Relpscost reduced domain, skip general disjunction branching
_____________________________________
Now starting branching with general disjunction
Current branching Node number: 18
LP objective value: 11111.5
Node lower bound: 11112.2
Node upper bound: 12890
gap to the primal bound: 0.159987
Preck submodel is infeasible, continue branching
Time limit exceeded (1000.09s), stopping submodel solve loop
General disjunction: No feasible solution found, use SCIP default branching rule
_____________________________________
Now starting branching with general disjunction
Current branching Node number: 39
Relpscost reduced domain, skip general disjunction branching
_____________________________________
Now starting branching with general disjunction
Current branching Node number: 39
Relpscost reduced domain, skip general disjunction branching
_____________________________________
Now starting branching with general disjunction
Current branching Node number: 39
Relpscost reduced domain, skip general disjunction branching
_____________________________________
Now starting branching with general disjunction
Current branching Node number: 39
Relpscost reduced domain, skip general disjunction branching
_____________________________________
Now starting branching with general disjunction
Current branching Node number: 39
LP objective value: 11762.3
Node lower bound: 11762.4
Node upper bound: 12890
gap to the primal bound: 0.159987
Preck submodel is infeasible, continue branching
Time limit exceeded (1000.09s), stopping submodel solve loop
General disjunction: No feasible solution found, use SCIP default branching rule
_____________________________________
Now starting branching with general disjunction
Current branching Node number: 41
LP objective value: 11863.6
Node lower bound: 11863.7
Node upper bound: 12890
gap to the primal bound: 0.159987
Preck submodel is infeasible, continue branching
Time limit exceeded (1000.09s), stopping submodel solve loop
General disjunction: No feasible solution found, use SCIP default branching rule
_____________________________________
Now starting branching with general disjunction
Current branching Node number: 43
LP objective value: 11991
Node lower bound: 11991
Node upper bound: 12890
gap to the primal bound: 0.159987
Preck submodel is infeasible, continue branching
Time limit exceeded (1000.09s), stopping submodel solve loop
General disjunction: No feasible solution found, use SCIP default branching rule
_____________________________________
Now starting branching with general disjunction
Current branching Node number: 45
LP objective value: 12340.4
Node lower bound: 12340.7
Node upper bound: 12890
gap to the primal bound: 0.159987
Preck submodel is infeasible, continue branching
Time limit exceeded (1000.08s), stopping submodel solve loop
General disjunction: No feasible solution found, use SCIP default branching rule
_____________________________________
Now starting branching with general disjunction
Current branching Node number: 47
Relpscost reduced domain, skip general disjunction branching
_____________________________________
Now starting branching with general disjunction
Current branching Node number: 47
LP objective value: 12681.8
Node lower bound: 12681.9
Node upper bound: 12890
gap to the primal bound: 0.159987
Preck submodel is infeasible, continue branching
Time limit exceeded (1000.09s), stopping submodel solve loop
General disjunction: No feasible solution found, use SCIP default branching rule
_____________________________________
Now starting branching with general disjunction
Current branching Node number: 49
Relpscost reduced domain, skip general disjunction branching
_____________________________________
Now starting branching with general disjunction
Current branching Node number: 49
Relpscost reduced domain, skip general disjunction branching
_____________________________________
Now starting branching with general disjunction
Current branching Node number: 49
LP objective value: 12743.7
Node lower bound: 12743.9
Node upper bound: 12890
gap to the primal bound: 0.159987
Preck submodel is infeasible, continue branching
Time limit exceeded (1000.09s), stopping submodel solve loop
General disjunction: No feasible solution found, use SCIP default branching rule
_____________________________________
Now starting branching with general disjunction
Current branching Node number: 51
LP objective value: 12744.7
Node lower bound: 12744.8
Node upper bound: 12890
gap to the primal bound: 0.159987
Preck submodel is infeasible, continue branching
Time limit exceeded (1000.09s), stopping submodel solve loop
General disjunction: No feasible solution found, use SCIP default branching rule
_____________________________________
Now starting branching with general disjunction
Current branching Node number: 52
Relpscost reduced domain, skip general disjunction branching
_____________________________________
Now starting branching with general disjunction
Current branching Node number: 52
LP objective value: 12746.7
Node lower bound: 12746.9
Node upper bound: 12890
gap to the primal bound: 0.159987
Preck submodel is infeasible, continue branching
Time limit exceeded (1000.08s), stopping submodel solve loop
General disjunction: No feasible solution found, use SCIP default branching rule
_____________________________________
Now starting branching with general disjunction
Current branching Node number: 54
LP objective value: 12765.6
Node lower bound: 12765.8
Node upper bound: 12890
gap to the primal bound: 0.159987
Preck submodel is infeasible, continue branching
Time limit exceeded (1000.08s), stopping submodel solve loop
General disjunction: No feasible solution found, use SCIP default branching rule
_____________________________________
Now starting branching with general disjunction
Current branching Node number: 57
Relpscost reduced domain, skip general disjunction branching
_____________________________________
Now starting branching with general disjunction
Current branching Node number: 57
LP objective value: 12777
Node lower bound: 12780.6
Node upper bound: 12890
gap to the primal bound: 0.159987
Preck submodel is infeasible, continue branching
Time limit exceeded (1000.08s), stopping submodel solve loop
General disjunction: No feasible solution found, use SCIP default branching rule
_____________________________________
Now starting branching with general disjunction
Current branching Node number: 59
Relpscost reduced domain, skip general disjunction branching
_____________________________________
Now starting branching with general disjunction
Current branching Node number: 59
LP objective value: 12848.6
Node lower bound: 12850.6
Node upper bound: 12890
gap to the primal bound: 0.159987
Preck submodel is infeasible, continue branching
Time limit exceeded (1000.08s), stopping submodel solve loop
General disjunction: No feasible solution found, use SCIP default branching rule
_____________________________________
Now starting branching with general disjunction
Current branching Node number: 38
LP objective value: 11112.5
Node lower bound: 11113.2
Node upper bound: 12890
gap to the primal bound: 0.159885
Preck submodel is infeasible, continue branching
Time limit exceeded (1000.08s), stopping submodel solve loop
General disjunction: No feasible solution found, use SCIP default branching rule
_____________________________________
Now starting branching with general disjunction
Current branching Node number: 63
LP objective value: 11240.5
Node lower bound: 11241.1
Node upper bound: 12890
gap to the primal bound: 0.159885
Preck submodel is infeasible, continue branching
Time limit exceeded (1000.08s), stopping submodel solve loop
General disjunction: No feasible solution found, use SCIP default branching rule
_____________________________________
Now starting branching with general disjunction
Current branching Node number: 65
LP objective value: 12221.1
Node lower bound: 12221.3
Node upper bound: 12890
gap to the primal bound: 0.159885
Preck submodel is infeasible, continue branching
Time limit exceeded (1000.11s), stopping submodel solve loop
General disjunction: No feasible solution found, use SCIP default branching rule
_____________________________________
Now starting branching with general disjunction
Current branching Node number: 67
Relpscost reduced domain, skip general disjunction branching
_____________________________________
Now starting branching with general disjunction
Current branching Node number: 67
Relpscost reduced domain, skip general disjunction branching
_____________________________________
Now starting branching with general disjunction
Current branching Node number: 67
LP objective value: 12785.7
Node lower bound: 12785.8
Node upper bound: 12890
gap to the primal bound: 0.159885
Preck submodel is infeasible, continue branching
Time limit exceeded (1000.1s), stopping submodel solve loop
General disjunction: No feasible solution found, use SCIP default branching rule
_____________________________________
Now starting branching with general disjunction
Current branching Node number: 68
Relpscost reduced domain, skip general disjunction branching
_____________________________________
Now starting branching with general disjunction
Current branching Node number: 68
Relpscost reduced domain, skip general disjunction branching
_____________________________________
Now starting branching with general disjunction
Current branching Node number: 68
Relpscost reduced domain, skip general disjunction branching
_____________________________________
Now starting branching with general disjunction
Current branching Node number: 68
Relpscost reduced domain, skip general disjunction branching
_____________________________________
Now starting branching with general disjunction
Current branching Node number: 68
Relpscost reduced domain, skip general disjunction branching
_____________________________________
Now starting branching with general disjunction
Current branching Node number: 68
Relpscost reduced domain, skip general disjunction branching
_____________________________________
Now starting branching with general disjunction
Current branching Node number: 68
LP objective value: 12795.5
Node lower bound: 12795.5
Node upper bound: 12890
gap to the primal bound: 0.159885
Preck submodel is infeasible, continue branching
Time limit exceeded (1000.11s), stopping submodel solve loop
General disjunction: No feasible solution found, use SCIP default branching rule
_____________________________________
Now starting branching with general disjunction
Current branching Node number: 71
Relpscost reduced domain, skip general disjunction branching
_____________________________________
Now starting branching with general disjunction
Current branching Node number: 71
Relpscost reduced domain, skip general disjunction branching
_____________________________________
Now starting branching with general disjunction
Current branching Node number: 71
LP objective value: 12814
Node lower bound: 12815.3
Node upper bound: 12890
gap to the primal bound: 0.159885
Preck submodel is infeasible, continue branching
Time limit exceeded (1000.14s), stopping submodel solve loop
General disjunction: No feasible solution found, use SCIP default branching rule
_____________________________________
Now starting branching with general disjunction
Current branching Node number: 73
Relpscost reduced domain, skip general disjunction branching
_____________________________________
Now starting branching with general disjunction
Current branching Node number: 73
LP objective value: 12868
Node lower bound: 12868.3
Node upper bound: 12890
gap to the primal bound: 0.159885
Preck submodel is infeasible, continue branching
Time limit exceeded (1000.15s), stopping submodel solve loop
General disjunction: No feasible solution found, use SCIP default branching rule
_____________________________________
Now starting branching with general disjunction
Current branching Node number: 74
Relpscost reduced domain, skip general disjunction branching
_____________________________________
Now starting branching with general disjunction
Current branching Node number: 74
LP objective value: 12869.4
Node lower bound: 12876.1
Node upper bound: 12890
gap to the primal bound: 0.159885
Preck submodel is infeasible, continue branching
Time limit exceeded (1000.13s), stopping submodel solve loop
General disjunction: No feasible solution found, use SCIP default branching rule
_____________________________________
Now starting branching with general disjunction
Current branching Node number: 74
Relpscost reduced domain, skip general disjunction branching
_____________________________________
Now starting branching with general disjunction
Current branching Node number: 74
Relpscost reduced domain, skip general disjunction branching
_____________________________________
Now starting branching with general disjunction
Current branching Node number: 74
Relpscost reduced domain, skip general disjunction branching
_____________________________________
Now starting branching with general disjunction
Current branching Node number: 74
Relpscost reduced domain, skip general disjunction branching
_____________________________________
Now starting branching with general disjunction
Current branching Node number: 74
Relpscost reduced domain, skip general disjunction branching
_____________________________________
Now starting branching with general disjunction
Current branching Node number: 74
Relpscost reduced domain, skip general disjunction branching
_____________________________________
Now starting branching with general disjunction
Current branching Node number: 74
Relpscost reduced domain, skip general disjunction branching
_____________________________________
Now starting branching with general disjunction
Current branching Node number: 74
Relpscost reduced domain, skip general disjunction branching
_____________________________________
Now starting branching with general disjunction
Current branching Node number: 62
LP objective value: 11113.8
Node lower bound: 11114.8
Node upper bound: 12890
gap to the primal bound: 0.159718
Preck submodel is infeasible, continue branching
Time limit exceeded (1000.08s), stopping submodel solve loop
General disjunction: No feasible solution found, use SCIP default branching rule
_____________________________________
Now starting branching with general disjunction
Current branching Node number: 77
Relpscost reduced domain, skip general disjunction branching
_____________________________________
Now starting branching with general disjunction
Current branching Node number: 77
LP objective value: 11768.2
Node lower bound: 11770
Node upper bound: 12890
gap to the primal bound: 0.159718
Preck submodel is infeasible, continue branching
Time limit exceeded (1000.08s), stopping submodel solve loop
General disjunction: No feasible solution found, use SCIP default branching rule
_____________________________________
Now starting branching with general disjunction
Current branching Node number: 79
Relpscost reduced domain, skip general disjunction branching
_____________________________________
Now starting branching with general disjunction
Current branching Node number: 79
LP objective value: 11771.5
Node lower bound: 11783.8
Node upper bound: 12890
gap to the primal bound: 0.159718
Preck submodel is infeasible, continue branching
Time limit exceeded (1000.1s), stopping submodel solve loop
General disjunction: No feasible solution found, use SCIP default branching rule
_____________________________________
Now starting branching with general disjunction
Current branching Node number: 81
Relpscost reduced domain, skip general disjunction branching
_____________________________________
Now starting branching with general disjunction
Current branching Node number: 81
LP objective value: 11917.1
Node lower bound: 11917.7
Node upper bound: 12890
gap to the primal bound: 0.159718
Preck submodel is infeasible, continue branching
Time limit exceeded (1000.14s), stopping submodel solve loop
General disjunction: No feasible solution found, use SCIP default branching rule
_____________________________________
Now starting branching with general disjunction
Current branching Node number: 83
LP objective value: 12018.1
Node lower bound: 12018.2
Node upper bound: 12890
gap to the primal bound: 0.159718
Preck submodel is infeasible, continue branching
Time limit exceeded (1000.13s), stopping submodel solve loop
General disjunction: No feasible solution found, use SCIP default branching rule
_____________________________________
Now starting branching with general disjunction
Current branching Node number: 85
Relpscost reduced domain, skip general disjunction branching
_____________________________________
Now starting branching with general disjunction
Current branching Node number: 85
Relpscost reduced domain, skip general disjunction branching
_____________________________________
Now starting branching with general disjunction
Current branching Node number: 85
Relpscost reduced domain, skip general disjunction branching
_____________________________________
Now starting branching with general disjunction
Current branching Node number: 85
Relpscost reduced domain, skip general disjunction branching
_____________________________________
Now starting branching with general disjunction
Current branching Node number: 85
Relpscost reduced domain, skip general disjunction branching
_____________________________________
Now starting branching with general disjunction
Current branching Node number: 85
Relpscost reduced domain, skip general disjunction branching
_____________________________________
Now starting branching with general disjunction
Current branching Node number: 85
Relpscost reduced domain, skip general disjunction branching
_____________________________________
Now starting branching with general disjunction
Current branching Node number: 85
Relpscost reduced domain, skip general disjunction branching
_____________________________________
Now starting branching with general disjunction
Current branching Node number: 85
LP objective value: 12859.1
Node lower bound: 12861.5
Node upper bound: 12890
gap to the primal bound: 0.159718
Preck submodel is infeasible, continue branching
Time limit exceeded (1000.1s), stopping submodel solve loop
General disjunction: No feasible solution found, use SCIP default branching rule
_____________________________________
Now starting branching with general disjunction
Current branching Node number: 86
Relpscost reduced domain, skip general disjunction branching
_____________________________________
Now starting branching with general disjunction
Current branching Node number: 86
Relpscost reduced domain, skip general disjunction branching
_____________________________________
Now starting branching with general disjunction
Current branching Node number: 86
Relpscost reduced domain, skip general disjunction branching
_____________________________________
Now starting branching with general disjunction
Current branching Node number: 86
Relpscost reduced domain, skip general disjunction branching
_____________________________________
Now starting branching with general disjunction
Current branching Node number: 86
Relpscost reduced domain, skip general disjunction branching
_____________________________________
Now starting branching with general disjunction
Current branching Node number: 86
Relpscost reduced domain, skip general disjunction branching
_____________________________________
Now starting branching with general disjunction
Current branching Node number: 86
Relpscost reduced domain, skip general disjunction branching
_____________________________________
Now starting branching with general disjunction
Current branching Node number: 86
LP objective value: 12878.6
Node lower bound: 12878.6
Node upper bound: 12890
gap to the primal bound: 0.159718
Preck submodel is infeasible, continue branching
Time limit exceeded (1000.11s), stopping submodel solve loop
General disjunction: No feasible solution found, use SCIP default branching rule
_____________________________________
Now starting branching with general disjunction
Current branching Node number: 88
Relpscost reduced domain, skip general disjunction branching
_____________________________________
Now starting branching with general disjunction
Current branching Node number: 88
Relpscost reduced domain, skip general disjunction branching
_____________________________________
Now starting branching with general disjunction
Current branching Node number: 88
Relpscost reduced domain, skip general disjunction branching
_____________________________________
Now starting branching with general disjunction
Current branching Node number: 88
Relpscost reduced domain, skip general disjunction branching
_____________________________________
Now starting branching with general disjunction
Current branching Node number: 88
Relpscost reduced domain, skip general disjunction branching
_____________________________________
Now starting branching with general disjunction
Current branching Node number: 88
Relpscost reduced domain, skip general disjunction branching
_____________________________________
Now starting branching with general disjunction
Current branching Node number: 88
Relpscost reduced domain, skip general disjunction branching
_____________________________________
Now starting branching with general disjunction
Current branching Node number: 76
LP objective value: 11114.3
Node lower bound: 11115.5
Node upper bound: 12890
gap to the primal bound: 0.159643
Preck submodel is infeasible, continue branching
Time limit exceeded (1000.1s), stopping submodel solve loop
General disjunction: No feasible solution found, use SCIP default branching rule
_____________________________________
Now starting branching with general disjunction
Current branching Node number: 91
Relpscost reduced domain, skip general disjunction branching
_____________________________________
Now starting branching with general disjunction
Current branching Node number: 91
LP objective value: 11448.2
Node lower bound: 11452.2
Node upper bound: 12890
gap to the primal bound: 0.159643
Preck submodel is infeasible, continue branching
Time limit exceeded (1000.11s), stopping submodel solve loop
General disjunction: No feasible solution found, use SCIP default branching rule
_____________________________________
Now starting branching with general disjunction
Current branching Node number: 91
LP objective value: 11448.9
Node lower bound: 11452.2
Node upper bound: 12890
gap to the primal bound: 0.159643
Preck submodel is infeasible, continue branching
Time limit exceeded (1000.12s), stopping submodel solve loop
General disjunction: No feasible solution found, use SCIP default branching rule
_____________________________________
Now starting branching with general disjunction
Current branching Node number: 93
Relpscost reduced domain, skip general disjunction branching
_____________________________________
Now starting branching with general disjunction
Current branching Node number: 93
Relpscost reduced domain, skip general disjunction branching
_____________________________________
Now starting branching with general disjunction
Current branching Node number: 93
Relpscost reduced domain, skip general disjunction branching
_____________________________________
Now starting branching with general disjunction
Current branching Node number: 93
Relpscost reduced domain, skip general disjunction branching
_____________________________________
Now starting branching with general disjunction
Current branching Node number: 93
LP objective value: 12778.7
Node lower bound: 12778.9
Node upper bound: 12890
gap to the primal bound: 0.159643
Preck submodel is infeasible, continue branching
Time limit exceeded (1000.1s), stopping submodel solve loop
General disjunction: No feasible solution found, use SCIP default branching rule
_____________________________________
Now starting branching with general disjunction
Current branching Node number: 94
Relpscost reduced domain, skip general disjunction branching
_____________________________________
Now starting branching with general disjunction
Current branching Node number: 94
Relpscost reduced domain, skip general disjunction branching
_____________________________________
Now starting branching with general disjunction
Current branching Node number: 94
Relpscost reduced domain, skip general disjunction branching
_____________________________________
Now starting branching with general disjunction
Current branching Node number: 94
Relpscost reduced domain, skip general disjunction branching
_____________________________________
Now starting branching with general disjunction
Current branching Node number: 94
Relpscost reduced domain, skip general disjunction branching
_____________________________________
Now starting branching with general disjunction
Current branching Node number: 94
LP objective value: 12825.5
Node lower bound: 12825.5
Node upper bound: 12890
gap to the primal bound: 0.159643
Preck submodel is infeasible, continue branching
Time limit exceeded (1000.09s), stopping submodel solve loop
General disjunction: No feasible solution found, use SCIP default branching rule
_____________________________________
Now starting branching with general disjunction
Current branching Node number: 97
Relpscost reduced domain, skip general disjunction branching
_____________________________________
Now starting branching with general disjunction
Current branching Node number: 97
Relpscost reduced domain, skip general disjunction branching
_____________________________________
Now starting branching with general disjunction
Current branching Node number: 97
LP objective value: 12884.2
Node lower bound: 12884.2
Node upper bound: 12890
gap to the primal bound: 0.159643
Preck submodel is infeasible, continue branching
Time limit exceeded (1000.08s), stopping submodel solve loop
General disjunction: No feasible solution found, use SCIP default branching rule
_____________________________________
Now starting branching with general disjunction
Current branching Node number: 99
LP objective value: 12884.2
Node lower bound: 12884.2
Node upper bound: 12890
gap to the primal bound: 0.159643
Preck submodel is infeasible, continue branching
Time limit exceeded (1000.09s), stopping submodel solve loop
General disjunction: No feasible solution found, use SCIP default branching rule
_____________________________________
Now starting branching with general disjunction
Current branching Node number: 100
Relpscost reduced domain, skip general disjunction branching
_____________________________________
Now starting branching with general disjunction
Current branching Node number: 100
LP objective value: 12884.3
Node lower bound: 12884.3
Node upper bound: 12890
gap to the primal bound: 0.159643
Preck submodel is infeasible, continue branching
Time limit exceeded (1000.08s), stopping submodel solve loop
General disjunction: No feasible solution found, use SCIP default branching rule
_____________________________________
Now starting branching with general disjunction
Current branching Node number: 102
LP objective value: 12884.3
Node lower bound: 12884.3
Node upper bound: 12890
gap to the primal bound: 0.159643
Preck submodel is infeasible, continue branching
Time limit exceeded (1000.08s), stopping submodel solve loop
General disjunction: No feasible solution found, use SCIP default branching rule
_____________________________________
Now starting branching with general disjunction
Current branching Node number: 104
Relpscost reduced domain, skip general disjunction branching
_____________________________________
Now starting branching with general disjunction
Current branching Node number: 104
Relpscost reduced domain, skip general disjunction branching
_____________________________________
Now starting branching with general disjunction
Current branching Node number: 90
Relpscost reduced domain, skip general disjunction branching
_____________________________________
Now starting branching with general disjunction
Current branching Node number: 90
Relpscost reduced domain, skip general disjunction branching
_____________________________________
Now starting branching with general disjunction
Current branching Node number: 90
LP objective value: 11115.6
Node lower bound: 11117.3
Node upper bound: 12890
gap to the primal bound: 0.159453
Preck submodel is infeasible, continue branching
Time limit exceeded (1000.1s), stopping submodel solve loop
General disjunction: No feasible solution found, use SCIP default branching rule
_____________________________________
Now starting branching with general disjunction
Current branching Node number: 107
LP objective value: 11120.7
Node lower bound: 11122.2
Node upper bound: 12890
gap to the primal bound: 0.159453
Preck submodel is infeasible, continue branching
Time limit exceeded (1000.09s), stopping submodel solve loop
General disjunction: No feasible solution found, use SCIP default branching rule
_____________________________________
Now starting branching with general disjunction
Current branching Node number: 109
Relpscost reduced domain, skip general disjunction branching
_____________________________________
Now starting branching with general disjunction
Current branching Node number: 109
Relpscost reduced domain, skip general disjunction branching
_____________________________________
Now starting branching with general disjunction
Current branching Node number: 109
Relpscost reduced domain, skip general disjunction branching
_____________________________________
Now starting branching with general disjunction
Current branching Node number: 109
LP objective value: 11442.7
Node lower bound: 11443.1
Node upper bound: 12890
gap to the primal bound: 0.159453
Preck submodel is infeasible, continue branching
Time limit exceeded (1000.09s), stopping submodel solve loop
General disjunction: No feasible solution found, use SCIP default branching rule
_____________________________________
Now starting branching with general disjunction
Current branching Node number: 111
Relpscost reduced domain, skip general disjunction branching
_____________________________________
Now starting branching with general disjunction
Current branching Node number: 111
LP objective value: 12692.6
Node lower bound: 12692.6
Node upper bound: 12890
gap to the primal bound: 0.159453
Preck submodel is infeasible, continue branching
Time limit exceeded (1000.21s), stopping submodel solve loop
General disjunction: No feasible solution found, use SCIP default branching rule
_____________________________________
Now starting branching with general disjunction
Current branching Node number: 112
Relpscost reduced domain, skip general disjunction branching
_____________________________________
Now starting branching with general disjunction
Current branching Node number: 112
Relpscost reduced domain, skip general disjunction branching
_____________________________________
Now starting branching with general disjunction
Current branching Node number: 112
Relpscost reduced domain, skip general disjunction branching
_____________________________________
Now starting branching with general disjunction
Current branching Node number: 112
Relpscost reduced domain, skip general disjunction branching
_____________________________________
Now starting branching with general disjunction
Current branching Node number: 112
Relpscost reduced domain, skip general disjunction branching
_____________________________________
Now starting branching with general disjunction
Current branching Node number: 112
Relpscost reduced domain, skip general disjunction branching
_____________________________________
Now starting branching with general disjunction
Current branching Node number: 112
LP objective value: 12701.8
Node lower bound: 12701.8
Node upper bound: 12890
gap to the primal bound: 0.159453
Preck submodel is infeasible, continue branching
Time limit exceeded (1000.09s), stopping submodel solve loop
General disjunction: No feasible solution found, use SCIP default branching rule
_____________________________________
Now starting branching with general disjunction
Current branching Node number: 115
Relpscost reduced domain, skip general disjunction branching
_____________________________________
Now starting branching with general disjunction
Current branching Node number: 115
Relpscost reduced domain, skip general disjunction branching
_____________________________________
Now starting branching with general disjunction
Current branching Node number: 115
Relpscost reduced domain, skip general disjunction branching
_____________________________________
Now starting branching with general disjunction
Current branching Node number: 115
Relpscost reduced domain, skip general disjunction branching
_____________________________________
Now starting branching with general disjunction
Current branching Node number: 115
LP objective value: 12764.1
Node lower bound: 12767.1
Node upper bound: 12890
gap to the primal bound: 0.159453
Preck submodel is infeasible, continue branching
Time limit exceeded (1000.09s), stopping submodel solve loop
General disjunction: No feasible solution found, use SCIP default branching rule
_____________________________________
Now starting branching with general disjunction
Current branching Node number: 116
LP objective value: 12764.7
Node lower bound: 12767.7
Node upper bound: 12890
gap to the primal bound: 0.159453
Preck submodel is infeasible, continue branching
Time limit exceeded (1000.08s), stopping submodel solve loop
General disjunction: No feasible solution found, use SCIP default branching rule
_____________________________________
Now starting branching with general disjunction
Current branching Node number: 116
Relpscost reduced domain, skip general disjunction branching
_____________________________________
Now starting branching with general disjunction
Current branching Node number: 108
LP objective value: 11122
Node lower bound: 11125.1
Node upper bound: 12890
gap to the primal bound: 0.159453
Preck submodel is infeasible, continue branching
Time limit exceeded (1000.08s), stopping submodel solve loop
General disjunction: No feasible solution found, use SCIP default branching rule
_____________________________________
Now starting branching with general disjunction
Current branching Node number: 119
LP objective value: 11445.1
Node lower bound: 11445.8
Node upper bound: 12890
gap to the primal bound: 0.159453
Preck submodel is infeasible, continue branching
Time limit exceeded (1000.08s), stopping submodel solve loop
General disjunction: No feasible solution found, use SCIP default branching rule
_____________________________________
Now starting branching with general disjunction
Current branching Node number: 120
LP objective value: 11447.2
Node lower bound: 11447.2
Node upper bound: 12890
gap to the primal bound: 0.159453
Preck submodel is infeasible, continue branching
Time limit exceeded (1000.09s), stopping submodel solve loop
General disjunction: No feasible solution found, use SCIP default branching rule
_____________________________________
Now starting branching with general disjunction
Current branching Node number: 123
Relpscost reduced domain, skip general disjunction branching
_____________________________________
Now starting branching with general disjunction
Current branching Node number: 123
LP objective value: 12694.1
Node lower bound: 12694.1
Node upper bound: 12890
gap to the primal bound: 0.159453
Preck submodel is infeasible, continue branching
Time limit exceeded (1000.09s), stopping submodel solve loop
General disjunction: No feasible solution found, use SCIP default branching rule
_____________________________________
Now starting branching with general disjunction
Current branching Node number: 124
Relpscost reduced domain, skip general disjunction branching
_____________________________________
Now starting branching with general disjunction
Current branching Node number: 124
Relpscost reduced domain, skip general disjunction branching
_____________________________________
Now starting branching with general disjunction
Current branching Node number: 124
Relpscost reduced domain, skip general disjunction branching
_____________________________________
Now starting branching with general disjunction
Current branching Node number: 124
Relpscost reduced domain, skip general disjunction branching
_____________________________________
Now starting branching with general disjunction
Current branching Node number: 124
Relpscost reduced domain, skip general disjunction branching
_____________________________________
Now starting branching with general disjunction
Current branching Node number: 124
Relpscost reduced domain, skip general disjunction branching
_____________________________________
Now starting branching with general disjunction
Current branching Node number: 124
LP objective value: 12703.3
Node lower bound: 12704.3
Node upper bound: 12890
gap to the primal bound: 0.159453
Preck submodel is infeasible, continue branching
Time limit exceeded (1000.08s), stopping submodel solve loop
General disjunction: No feasible solution found, use SCIP default branching rule
_____________________________________
Now starting branching with general disjunction
Current branching Node number: 127
Relpscost reduced domain, skip general disjunction branching
_____________________________________
Now starting branching with general disjunction
Current branching Node number: 127
Relpscost reduced domain, skip general disjunction branching
_____________________________________
Now starting branching with general disjunction
Current branching Node number: 127
Relpscost reduced domain, skip general disjunction branching
_____________________________________
Now starting branching with general disjunction
Current branching Node number: 127
Relpscost reduced domain, skip general disjunction branching
_____________________________________
Now starting branching with general disjunction
Current branching Node number: 127
LP objective value: 12767.2
Node lower bound: 12767.2
Node upper bound: 12890
gap to the primal bound: 0.159453
Preck submodel is infeasible, continue branching
Time limit exceeded (1000.09s), stopping submodel solve loop
General disjunction: No feasible solution found, use SCIP default branching rule
_____________________________________
Now starting branching with general disjunction
Current branching Node number: 128
Relpscost reduced domain, skip general disjunction branching
_____________________________________
Now starting branching with general disjunction
Current branching Node number: 128
Relpscost reduced domain, skip general disjunction branching
_____________________________________
Now starting branching with general disjunction
Current branching Node number: 106
LP objective value: 11122.9
Node lower bound: 11123
Node upper bound: 12890
gap to the primal bound: 0.15886
Preck submodel is infeasible, continue branching
Time limit exceeded (1000.09s), stopping submodel solve loop
General disjunction: No feasible solution found, use SCIP default branching rule
_____________________________________
Now starting branching with general disjunction
Current branching Node number: 131
LP objective value: 11125.5
Node lower bound: 11129.7
Node upper bound: 12890
gap to the primal bound: 0.15886
Preck submodel is infeasible, continue branching
Time limit exceeded (1000.09s), stopping submodel solve loop
General disjunction: No feasible solution found, use SCIP default branching rule
_____________________________________
Now starting branching with general disjunction
Current branching Node number: 133
LP objective value: 11130.4
Node lower bound: 11134.6
Node upper bound: 12890
gap to the primal bound: 0.15886
Preck submodel is infeasible, continue branching
Time limit exceeded (1000.1s), stopping submodel solve loop
General disjunction: No feasible solution found, use SCIP default branching rule
_____________________________________
Now starting branching with general disjunction
Current branching Node number: 133
LP objective value: 11142.2
Node lower bound: 11142.2
Node upper bound: 12890
gap to the primal bound: 0.15886
Preck submodel is infeasible, continue branching
Time limit exceeded (1000.11s), stopping submodel solve loop
General disjunction: No feasible solution found, use SCIP default branching rule
_____________________________________
Now starting branching with general disjunction
Current branching Node number: 135
LP objective value: 12080.6
Node lower bound: 12082.7
Node upper bound: 12890
gap to the primal bound: 0.15886
Preck submodel is infeasible, continue branching
Time limit exceeded (1000.11s), stopping submodel solve loop
General disjunction: No feasible solution found, use SCIP default branching rule
_____________________________________
Now starting branching with general disjunction
Current branching Node number: 137
Relpscost reduced domain, skip general disjunction branching
_____________________________________
Now starting branching with general disjunction
Current branching Node number: 137
Relpscost reduced domain, skip general disjunction branching
_____________________________________
Now starting branching with general disjunction
Current branching Node number: 137
LP objective value: 12645.5
Node lower bound: 12646.4
Node upper bound: 12890
gap to the primal bound: 0.15886
Preck submodel is infeasible, continue branching
Time limit exceeded (1000.1s), stopping submodel solve loop
General disjunction: No feasible solution found, use SCIP default branching rule
_____________________________________
Now starting branching with general disjunction
Current branching Node number: 138
Relpscost reduced domain, skip general disjunction branching
_____________________________________
Now starting branching with general disjunction
Current branching Node number: 138
Relpscost reduced domain, skip general disjunction branching
_____________________________________
Now starting branching with general disjunction
Current branching Node number: 138
Relpscost reduced domain, skip general disjunction branching
_____________________________________
Now starting branching with general disjunction
Current branching Node number: 138
LP objective value: 12686
Node lower bound: 12686
Node upper bound: 12890
gap to the primal bound: 0.15886
Preck submodel is infeasible, continue branching
Time limit exceeded (1000.08s), stopping submodel solve loop
General disjunction: No feasible solution found, use SCIP default branching rule
 1284m|   100 |    41 |  6218 |  56.9 |    21M |  14 | 822 |1139 |1139 |   0 |  4 |   0 |1672 | 1.112300e+04 | 1.289000e+04 |  15.89%|   3.51%
_____________________________________
Now starting branching with general disjunction
Current branching Node number: 141
Relpscost reduced domain, skip general disjunction branching
_____________________________________
Now starting branching with general disjunction
Current branching Node number: 141
LP objective value: 12734.3
Node lower bound: 12734.3
Node upper bound: 12890
gap to the primal bound: 0.15886
Preck submodel is infeasible, continue branching
Time limit exceeded (1000.09s), stopping submodel solve loop
General disjunction: No feasible solution found, use SCIP default branching rule
_____________________________________
Now starting branching with general disjunction
Current branching Node number: 143
Relpscost reduced domain, skip general disjunction branching
_____________________________________
Now starting branching with general disjunction
Current branching Node number: 143
Relpscost reduced domain, skip general disjunction branching
_____________________________________
Now starting branching with general disjunction
Current branching Node number: 142
LP objective value: 12735.9
Node lower bound: 12735.9
Node upper bound: 12890
gap to the primal bound: 0.15886
Preck submodel is infeasible, continue branching
Time limit exceeded (1000.1s), stopping submodel solve loop
General disjunction: No feasible solution found, use SCIP default branching rule
_____________________________________
Now starting branching with general disjunction
Current branching Node number: 144
Relpscost reduced domain, skip general disjunction branching
_____________________________________
Now starting branching with general disjunction
Current branching Node number: 144
Relpscost reduced domain, skip general disjunction branching
_____________________________________
Now starting branching with general disjunction
Current branching Node number: 144
Relpscost reduced domain, skip general disjunction branching
_____________________________________
Now starting branching with general disjunction
Current branching Node number: 144
LP objective value: 12748
Node lower bound: 12752.1
Node upper bound: 12890
gap to the primal bound: 0.15886
Preck submodel is infeasible, continue branching
Time limit exceeded (1000.09s), stopping submodel solve loop
General disjunction: No feasible solution found, use SCIP default branching rule
_____________________________________
Now starting branching with general disjunction
Current branching Node number: 144
Relpscost reduced domain, skip general disjunction branching
_____________________________________
Now starting branching with general disjunction
Current branching Node number: 132
LP objective value: 11125.8
Node lower bound: 11129.7
Node upper bound: 12890
gap to the primal bound: 0.15886
Preck submodel is infeasible, continue branching
Time limit exceeded (1000.07s), stopping submodel solve loop
General disjunction: No feasible solution found, use SCIP default branching rule
_____________________________________
Now starting branching with general disjunction
Current branching Node number: 147
Relpscost reduced domain, skip general disjunction branching
_____________________________________
Now starting branching with general disjunction
Current branching Node number: 147
LP objective value: 12583.3
Node lower bound: 12584.4
Node upper bound: 12890
gap to the primal bound: 0.15886
Preck submodel is infeasible, continue branching
Time limit exceeded (1000.07s), stopping submodel solve loop
General disjunction: No feasible solution found, use SCIP default branching rule
_____________________________________
Now starting branching with general disjunction
Current branching Node number: 149
Relpscost reduced domain, skip general disjunction branching
_____________________________________
Now starting branching with general disjunction
Current branching Node number: 149
LP objective value: 12586.4
Node lower bound: 12586.4
Node upper bound: 12890
gap to the primal bound: 0.15886
Preck submodel is infeasible, continue branching
Time limit exceeded (1000.08s), stopping submodel solve loop
General disjunction: No feasible solution found, use SCIP default branching rule
_____________________________________
Now starting branching with general disjunction
Current branching Node number: 151
Relpscost reduced domain, skip general disjunction branching
_____________________________________
Now starting branching with general disjunction
Current branching Node number: 151
LP objective value: 12633.3
Node lower bound: 12633.3
Node upper bound: 12890
gap to the primal bound: 0.15886
Preck submodel is infeasible, continue branching
Time limit exceeded (1000.08s), stopping submodel solve loop
General disjunction: No feasible solution found, use SCIP default branching rule
_____________________________________
Now starting branching with general disjunction
Current branching Node number: 152
LP objective value: 12634.8
Node lower bound: 12634.8
Node upper bound: 12890
gap to the primal bound: 0.15886
Preck submodel is infeasible, continue branching
Time limit exceeded (1000.08s), stopping submodel solve loop
General disjunction: No feasible solution found, use SCIP default branching rule
_____________________________________
Now starting branching with general disjunction
Current branching Node number: 154
Relpscost reduced domain, skip general disjunction branching
_____________________________________
Now starting branching with general disjunction
Current branching Node number: 154
LP objective value: 12636.8
Node lower bound: 12636.8
Node upper bound: 12890
gap to the primal bound: 0.15886
Preck submodel is infeasible, continue branching
Time limit exceeded (1000.09s), stopping submodel solve loop
General disjunction: No feasible solution found, use SCIP default branching rule
_____________________________________
Now starting branching with general disjunction
Current branching Node number: 156
LP objective value: 12639
Node lower bound: 12639
Node upper bound: 12890
gap to the primal bound: 0.15886
Preck submodel is infeasible, continue branching
Time limit exceeded (1000.08s), stopping submodel solve loop
General disjunction: No feasible solution found, use SCIP default branching rule

SCIP Status        : solving was interrupted [time limit reached]
Solving Time (sec) : 87015.62
Solving Nodes      : 115
Primal Bound       : +1.28900000000000e+04 (1 solutions)
Dual Bound         : +1.11229981187202e+04
Gap                : 15.89 %

primal solution:
================

objective value:                                12890
x973                                                1 	(obj:0)
x966                                                1 	(obj:0)
x963                                                1 	(obj:0)
x961                                                1 	(obj:0)
x955                                                1 	(obj:0)
x953                                                1 	(obj:0)
x949                                                1 	(obj:0)
x946                                                1 	(obj:0)
x944                                                1 	(obj:0)
x940                                                1 	(obj:0)
x938                                                1 	(obj:0)
x934                                                1 	(obj:0)
x931                                                1 	(obj:0)
x929                                                1 	(obj:0)
x925                                                1 	(obj:0)
x923                                                1 	(obj:0)
x920                                                1 	(obj:0)
x919                                                1 	(obj:0)
x914                                                1 	(obj:0)
x913                                                1 	(obj:0)
x910                                                1 	(obj:0)
x907                                                1 	(obj:0)
x902                                                1 	(obj:0)
x900                                                1 	(obj:0)
x894                                                1 	(obj:0)
x890                                                1 	(obj:0)
x884                                                1 	(obj:0)
x882                                                1 	(obj:0)
x871                                                1 	(obj:0)
x862                                                1 	(obj:0)
x859                                                1 	(obj:0)
x855                                                1 	(obj:0)
x850                                                1 	(obj:0)
x846                                                1 	(obj:0)
x842                                                1 	(obj:0)
x838                                                1 	(obj:0)
x833                                                1 	(obj:0)
x830                                                1 	(obj:0)
x823                                                1 	(obj:0)
x822                                                1 	(obj:0)
x821                                                1 	(obj:0)
x816                                                1 	(obj:0)
x807                                                1 	(obj:0)
x795                                                1 	(obj:0)
x791                                                1 	(obj:0)
x787                                                1 	(obj:0)
x780                                                1 	(obj:0)
x772                                                1 	(obj:0)
x771                                                1 	(obj:0)
x759                                                1 	(obj:0)
x755                                                1 	(obj:0)
x742                                                1 	(obj:0)
x741                                                1 	(obj:0)
x717                                                1 	(obj:0)
x703                                                1 	(obj:0)
x696                                                1 	(obj:0)
x693                                                1 	(obj:0)
x686                                                1 	(obj:0)
x682                                                1 	(obj:0)
x675                                                1 	(obj:0)
x669                                                1 	(obj:0)
x665                                                1 	(obj:0)
x656                                                1 	(obj:0)
x653                                                1 	(obj:0)
x645                                                1 	(obj:0)
x638                                                1 	(obj:0)
x635                                                1 	(obj:0)
x627                                                1 	(obj:0)
x622                                                1 	(obj:0)
x617                                                1 	(obj:0)
x615                                                1 	(obj:0)
x604                                                1 	(obj:0)
x602                                                1 	(obj:0)
x596                                                1 	(obj:0)
x591                                                1 	(obj:0)
x580                                                1 	(obj:0)
x576                                                1 	(obj:0)
x565                                                1 	(obj:0)
x556                                                1 	(obj:0)
x544                                                1 	(obj:0)
x540                                                1 	(obj:0)
x519                                                1 	(obj:0)
x500                                                1 	(obj:0)
x495                                                1 	(obj:0)
x486                                                1 	(obj:0)
x477                                                1 	(obj:0)
x469                                                1 	(obj:0)
x461                                                1 	(obj:0)
x453                                                1 	(obj:0)
x442                                                1 	(obj:0)
x436                                                1 	(obj:0)
x422                                                1 	(obj:0)
x420                                                1 	(obj:0)
x418                                                1 	(obj:0)
x408                                                1 	(obj:0)
x391                                                1 	(obj:0)
x367                                                1 	(obj:0)
x359                                                1 	(obj:0)
x351                                                1 	(obj:0)
x336                                                1 	(obj:0)
x320                                                1 	(obj:0)
x319                                                1 	(obj:0)
x294                                                1 	(obj:0)
x286                                                1 	(obj:0)
x261                                                1 	(obj:0)
x259                                                1 	(obj:0)
x23                                                 5 	(obj:0)
x63                                                10 	(obj:0)
x87                                                 7 	(obj:0)
x119                                               11 	(obj:0)
x138                                 3.00000000000004 	(obj:0)
x139                                               30 	(obj:0)
x142                                               67 	(obj:0)
x152                                               74 	(obj:0)
x159                                              152 	(obj:0)
x163                                              199 	(obj:0)
x169                                              280 	(obj:0)
x173                                              187 	(obj:0)
x174                                               32 	(obj:0)
x181                                              144 	(obj:0)
x182                                              212 	(obj:0)
x193                                              138 	(obj:0)
x202                                              162 	(obj:0)
x211                                              197 	(obj:0)
x215                                 15.0000000000002 	(obj:0)
x220                                              337 	(obj:0)
x224                                               30 	(obj:0)
x229                                              238 	(obj:0)
x233                                 10.0000000000001 	(obj:0)
x238                                               95 	(obj:0)
x1                                              12890 	(obj:1)
x2                                              12890 	(obj:0)
x3                                                 33 	(obj:0)
x4                                               2602 	(obj:0)
x5                                               2218 	(obj:0)
x982                                                4 	(obj:0)
x983                                                4 	(obj:0)
x986                                                1 	(obj:0)
x987                                                1 	(obj:0)
x988                                                3 	(obj:0)
x989                                                3 	(obj:0)
x991                                                5 	(obj:0)
x992                                                1 	(obj:0)
x993                                                3 	(obj:0)
x994                                                3 	(obj:0)
x996                                                1 	(obj:0)
x997                                                3 	(obj:0)
x999                                                1 	(obj:0)
x1000                                               4 	(obj:0)
x1001                                               2 	(obj:0)
x1003                                               1 	(obj:0)
x1004                                               3 	(obj:0)
x1006                                               1 	(obj:0)
x1007                                               4 	(obj:0)
x1008                                               1 	(obj:0)
x1010                                               1 	(obj:0)
x1014                                               4 	(obj:0)
x1015                                               4 	(obj:0)
x1016                                               1 	(obj:0)
x1018                                               1 	(obj:0)
x1019                                               1 	(obj:0)
x1021                                               5 	(obj:0)
x1022                                               2 	(obj:0)
x1025                                               2 	(obj:0)
x1026                                               1 	(obj:0)
x1028                                               5 	(obj:0)
x1032                                               2 	(obj:0)
x1033                                               2 	(obj:0)
x1035                                               5 	(obj:0)
x1037                                               1 	(obj:0)
x1040                                               2 	(obj:0)
x1041                                               3 	(obj:0)
x1042                                               3 	(obj:0)
x1046                                               3 	(obj:0)
x1047                                               2 	(obj:0)
x1048                                               3 	(obj:0)
x1049                                               1 	(obj:0)
x1052                                               3 	(obj:0)
x1053                                               1 	(obj:0)
x1054                                               3 	(obj:0)
x1055                                               2 	(obj:0)
x1058                                               3 	(obj:0)
x1059                                               1 	(obj:0)
x1060                                               2 	(obj:0)
x1061                                               2 	(obj:0)
x1062                                               1 	(obj:0)
x1065                                               2 	(obj:0)
x1066                                               3 	(obj:0)
x1067                                               5 	(obj:0)
x1068                                               6 	(obj:0)
x1069                                               3 	(obj:0)
x1073                                               3 	(obj:0)
x1074                                               4 	(obj:0)
x1076                                               8 	(obj:0)
x1078                                               2 	(obj:0)
x1079                                               3 	(obj:0)
x1080                                               3 	(obj:0)
x1082                                               2 	(obj:0)
x1085                                               2 	(obj:0)
x1086                                               1 	(obj:0)
x1087                                               2 	(obj:0)
x1088                                               1 	(obj:0)
x1092                                               2 	(obj:0)
x1093                                               1 	(obj:0)
x1094                                               2 	(obj:0)
x1095                                               1 	(obj:0)
x1097                                               1 	(obj:0)
x1099                                               3 	(obj:0)
x1100                                               3 	(obj:0)
x1102                                               1 	(obj:0)
x1103                                               2 	(obj:0)
x1104                                               1 	(obj:0)
x1106                                               3 	(obj:0)
x1107                                               2 	(obj:0)
x1110                                               2 	(obj:0)
x1111                                               2 	(obj:0)
x1113                                               4 	(obj:0)
x1117                                               3 	(obj:0)
x1118                                               2 	(obj:0)
x1120                                               5 	(obj:0)
x1125                                               3 	(obj:0)
x1126                                               8 	(obj:0)
x1127                                               2 	(obj:0)
x1131                                               3 	(obj:0)
x1132                                               7 	(obj:0)
x1133                                               2 	(obj:0)
x1135                                               1 	(obj:0)
x1137                                               3 	(obj:0)
x1138                                               5 	(obj:0)
x1139                                               1 	(obj:0)
x1141                                               2 	(obj:0)
x1143                                               3 	(obj:0)
x1144                                               2 	(obj:0)
x1145                                               1 	(obj:0)
x1146                                               1 	(obj:0)
x1147                                               2 	(obj:0)
x1151                                               1 	(obj:0)
x1152                                               5 	(obj:0)
x1153                                               1 	(obj:0)
x1154                                               1 	(obj:0)
x1155                                               7 	(obj:0)
x1157                                               5 	(obj:0)
x1158                                               1 	(obj:0)
x1159                                               2 	(obj:0)
x1160                                               9 	(obj:0)
x1161                                               1 	(obj:0)
x1162                                               2 	(obj:0)
x1163                                               2 	(obj:0)
x1164                                               2 	(obj:0)
x1165                                               2 	(obj:0)
x1166                                               2 	(obj:0)

Statistics
==========

SCIP Status        : solving was interrupted [time limit reached]
Total Time         :   87015.64
  solving          :   87015.62
  presolving       :       0.14 (included in solving)
  reading          :       0.02
  copying          :       0.00 (0 times copied the problem)
Original Problem   :
  Problem name     : roll3000
  Variables        : 1166 (246 binary, 492 integer, 0 implicit integer, 428 continuous)
  Constraints      : 2295 initial, 2295 maximal
  Objective        : minimize, 1 non-zeros (abs.min = 1, abs.max = 1)
Presolved Problem  :
  Problem name     : t_roll3000
  Variables        : 822 (584 binary, 114 integer, 104 implicit integer, 20 continuous)
  Constraints      : 1139 initial, 1139 maximal
  Objective        : minimize, 594 non-zeros (abs.min = 4, abs.max = 112)
  Nonzeros         : 21330 constraint, 7641 clique table
Presolvers         :   ExecTime  SetupTime  Calls  FixedVars   AggrVars   ChgTypes  ChgBounds   AddHoles    DelCons    AddCons   ChgSides   ChgCoefs
  boundshift       :       0.00       0.00      0          0          0          0          0          0          0          0          0          0
  convertinttobin  :       0.00       0.00      0          0          0          0          0          0          0          0          0          0
  domcol           :       0.00       0.00      1          0          0          0          0          0          0          0          0          0
  dualagg          :       0.00       0.00      0          0          0          0          0          0          0          0          0          0
  dualcomp         :       0.00       0.00      1          0          0          0          0          0          0          0          0          0
  dualinfer        :       0.00       0.00      0          0          0          0          0          0          0          0          0          0
  dualsparsify     :       0.01       0.00      1          0          0          0          0          0          0          0          0          0
  gateextraction   :       0.00       0.00      6          0          0          0          0          0        378        189          0          0
  implics          :       0.00       0.00     12          0          0          0          0          0          0          0          0          0
  inttobinary      :       0.00       0.00     16          0          0          0          0          0          0          0          0          0
  qpkktref         :       0.00       0.00      0          0          0          0          0          0          0          0          0          0
  redvub           :       0.00       0.00      0          0          0          0          0          0          0          0          0          0
  sparsify         :       0.01       0.00      1          0          0          0          0          0          0          0          0          0
  stuffing         :       0.00       0.00      0          0          0          0          0          0          0          0          0          0
  trivial          :       0.00       0.00     16          0          0          0          0          0          0          0          0          0
  tworowbnd        :       0.00       0.00      0          0          0          0          0          0          0          0          0          0
  dualfix          :       0.00       0.00     16         19          0          0          0          0          0          0          0          0
  genvbounds       :       0.00       0.00      0          0          0          0          0          0          0          0          0          0
  probing          :       0.07       0.00      1          0          0          0          0          0          0          0          0          0
  pseudoobj        :       0.00       0.00      1          0          0          0          0          0          0          0          0          0
  symmetry         :       0.01       0.00      1          0          0          0          0          0          0          0          0          0
  vbounds          :       0.00       0.00      3          0          0          0          0          0          0          0          0          0
  knapsack         :       0.00       0.00      4          0          0          0          0          0        189        189          0          0
  setppc           :       0.00       0.00     25          0         40          0          0          0         54          0         30         30
  linear           :       0.04       0.00     20        120        165        104        629          0        914          1        307       2272
  logicor          :       0.00       0.00     22          0          0          0          0          0          0          0          0         30
  benders          :       0.00       0.00      0          0          0          0          0          0          0          0          0          0
  components       :       0.00       0.00      1          0          0          0          0          0          0          0          0          0
  root node        :          -          -      -          0          -          -          0          -          -          -          -          -
Constraints        :     Number  MaxNumber  #Separate #Propagate    #EnfoLP    #EnfoRelax  #EnfoPS    #Check   #ResProp    Cutoffs    DomReds       Cuts    Applied      Conss   Children
  benderslp        :          0          0          0          0        254          0          0          3          0          0          0          0          0          0          0
  integral         :          0          0          0          0        254          0          0          3          0          0        424          0          0          0        158
  setppc           :        307        307          0       1940          0          0          0          1          0          0          0          0          0          0          0
  linear           :        787        787          0       1940          0          0          0          1          0          0          0          0          0          0          0
  logicor          :         45         45          0        659          0          0          0          1          0          0          0          0          0          0          0
  benders          :          0          0          0          0          0          0          0          2          0          0          0          0          0          0          0
  fixedvar         :          0          0          0          0          0          0          0          2          0          0          0          0          0          0          0
  countsols        :          0          0          0          0          0          0          0          2          0          0          0          0          0          0          0
  components       :          0          0          0          0          0          0          0          0          0          0          0          0          0          0          0
Constraint Timings :  TotalTime  SetupTime   Separate  Propagate     EnfoLP     EnfoPS     EnfoRelax   Check    ResProp    SB-Prop
  benderslp        :       0.00       0.00       0.00       0.00       0.00       0.00       0.00       0.00       0.00       0.00
  integral         :   87014.88       0.00       0.00       0.00   87014.88       0.00       0.00       0.00       0.00       0.00
  setppc           :       0.01       0.00       0.00       0.01       0.00       0.00       0.00       0.00       0.00       0.00
  linear           :       0.02       0.00       0.00       0.01       0.00       0.00       0.00       0.00       0.00       0.00
  logicor          :       0.00       0.00       0.00       0.00       0.00       0.00       0.00       0.00       0.00       0.00
  benders          :       0.00       0.00       0.00       0.00       0.00       0.00       0.00       0.00       0.00       0.00
  fixedvar         :       0.00       0.00       0.00       0.00       0.00       0.00       0.00       0.00       0.00       0.00
  countsols        :       0.00       0.00       0.00       0.00       0.00       0.00       0.00       0.00       0.00       0.00
  components       :       0.00       0.00       0.00       0.00       0.00       0.00       0.00       0.00       0.00       0.00
Propagators        : #Propagate   #ResProp    Cutoffs    DomReds
  dualfix          :          1          0          0          0
  genvbounds       :          0          0          0          0
  nlobbt           :          0          0          0          0
  obbt             :          0          0          0          0
  probing          :          0          0          0          0
  pseudoobj        :          3          0          0          0
  redcost          :          2          0          0          0
  rootredcost      :          0          0          0          0
  symmetry         :          0          0          0          0
  vbounds          :          0          0          0          0
Propagator Timings :  TotalTime  SetupTime   Presolve  Propagate    ResProp    SB-Prop
  dualfix          :       0.00       0.00       0.00       0.00       0.00       0.00
  genvbounds       :       0.00       0.00       0.00       0.00       0.00       0.00
  nlobbt           :       0.00       0.00       0.00       0.00       0.00       0.00
  obbt             :       0.00       0.00       0.00       0.00       0.00       0.00
  probing          :       0.07       0.00       0.07       0.00       0.00       0.00
  pseudoobj        :       0.00       0.00       0.00       0.00       0.00       0.00
  redcost          :       0.00       0.00       0.00       0.00       0.00       0.00
  rootredcost      :       0.00       0.00       0.00       0.00       0.00       0.00
  symmetry         :       0.01       0.00       0.01       0.00       0.00       0.00
  vbounds          :       0.00       0.00       0.00       0.00       0.00       0.00
Symmetry           :
  orbitopal red.   :          0 reductions applied,          0 cutoffs
  orbital reduction:          0 reductions applied,          0 cutoffs
  lexicographic red:          0 reductions applied,          0 cutoffs
  shadow tree time :       0.00 s
Conflict Analysis  :       Time      Calls    Success    DomReds  Conflicts   Literals    Reconvs ReconvLits   Dualrays   Nonzeros   LP Iters   (pool size: [--,--])
  propagation      :       0.00          0          0          -          0        0.0          0        0.0          -          -          -
  infeasible LP    :       0.00          0          0          -          0        0.0          0        0.0          0        0.0          0
  bound exceed. LP :       0.00          0          0          -          0        0.0          0        0.0          0        0.0          0
  strong branching :       0.00          0          0          -          0        0.0          0        0.0          -          -          0
  pseudo solution  :       0.00          0          0          -          0        0.0          0        0.0          -          -          -
  applied globally :       0.00          -          -          0          0        0.0          -          -          0          -          -
  applied locally  :          -          -          -          0          0        0.0          -          -          0          -          -
Separators         :   ExecTime  SetupTime      Calls  RootCalls    Cutoffs    DomReds  FoundCuts ViaPoolAdd  DirectAdd    Applied ViaPoolApp  DirectApp      Conss
  cut pool         :       0.00          -          0          0          -          -          0          0          -          -          -          -          -    (maximal pool size:          0)
  aggregation      :       0.00       0.00          0          0          0          0          0          0          0          0          0          0          0
  > cmir           :          -          -          -          -          -          -          -          0          0          0          0          0          -
  > flowcover      :          -          -          -          -          -          -          -          0          0          0          0          0          -
  > knapsackcover  :          -          -          -          -          -          -          -          0          0          0          0          0          -
  cgmip            :       0.00       0.00          0          0          0          0          0          0          0          0          0          0          0
  clique           :       0.00       0.00          0          0          0          0          0          0          0          0          0          0          0
  closecuts        :       0.00       0.00          0          0          0          0          0          0          0          0          0          0          0
  convexproj       :       0.00       0.00          0          0          0          0          0          0          0          0          0          0          0
  disjunctive      :       0.00       0.00          0          0          0          0          0          0          0          0          0          0          0
  eccuts           :       0.00       0.00          0          0          0          0          0          0          0          0          0          0          0
  gauge            :       0.00       0.00          0          0          0          0          0          0          0          0          0          0          0
  gomory           :       0.00       0.00          0          0          0          0          0          0          0          0          0          0          0
  > gomorymi       :          -          -          -          -          -          -          -          0          0          0          0          0          -
  > strongcg       :          -          -          -          -          -          -          -          0          0          0          0          0          -
  impliedbounds    :       0.00       0.00          0          0          0          0          0          0          0          0          0          0          0
  interminor       :       0.00       0.00          0          0          0          0          0          0          0          0          0          0          0
  intobj           :       0.00       0.00          0          0          0          0          0          0          0          0          0          0          0
  lagromory        :       0.00       0.00          0          0          0          0          0          0          0          0          0          0          0
  mcf              :       0.00       0.00          0          0          0          0          0          0          0          0          0          0          0
  minor            :       0.00       0.00          0          0          0          0          0          0          0          0          0          0          0
  mixing           :       0.00       0.00          0          0          0          0          0          0          0          0          0          0          0
  oddcycle         :       0.00       0.00          0          0          0          0          0          0          0          0          0          0          0
  rapidlearning    :       0.00       0.00          0          0          0          0          0          0          0          0          0          0          0
  rlt              :       0.00       0.00          0          0          0          0          0          0          0          0          0          0          0
  zerohalf         :       0.00       0.00          0          0          0          0          0          0          0          0          0          0          0
Cutselectors       :   ExecTime  SetupTime      Calls  RootCalls   Selected     Forced   Filtered  RootSelec   RootForc   RootFilt 
  hybrid           :       0.00       0.00          0          0          0          0          0          0          0          0
  ensemble         :       0.00       0.00          0          0          0          0          0          0          0          0
  dynamic          :       0.00       0.00          0          0          0          0          0          0          0          0
Pricers            :   ExecTime  SetupTime      Calls       Vars
  problem variables:       0.00          -          0          0
Branching Rules    :   ExecTime  SetupTime   BranchLP  BranchExt   BranchPS    Cutoffs    DomReds       Cuts      Conss   Children
  allfullstrong    :       0.00       0.00          0          0          0          0          0          0          0          0
  cloud            :       0.00       0.00          0          0          0          0          0          0          0          0
  distribution     :       0.00       0.00          0          0          0          0          0          0          0          0
  fullstrong       :       0.00       0.00          0          0          0          0          0          0          0          0
  general_disjuncti:   87013.79       0.00        254          0          0          0        408          0          0          0
  GeneralDisjunction(extra): subMILPs=174 fairNodes of all MILPs=1551364 probingLPs=0
  gomory           :       0.00       0.00          0          0          0          0          0          0          0          0
  inference        :       0.00       0.00          0          0          0          0          0          0          0          0
  leastinf         :       0.00       0.00          0          0          0          0          0          0          0          0
  lookahead        :       0.00       0.00          0          0          0          0          0          0          0          0
  mostinf          :       0.00       0.00          0          0          0          0          0          0          0          0
  multaggr         :       0.00       0.00          0          0          0          0          0          0          0          0
  nodereopt        :       0.00       0.00          0          0          0          0          0          0          0          0
  pscost           :       0.00       0.00          0          0          0          0          0          0          0          0
  random           :       0.00       0.00          0          0          0          0          0          0          0          0
  relpscost        :       1.09       0.00         87          0          0          0         16          0          0        158
  vanillafullstrong:       0.00       0.00          0          0          0          0          0          0          0          0
Primal Heuristics  :   ExecTime  SetupTime      Calls      Found       Best
  LP solutions     :       0.00          -          -          0          0
  relax solutions  :       0.00          -          -          0          0
  pseudo solutions :       0.00          -          -          0          0
  strong branching :       0.01          -          -          0          0
  actconsdiving    :       0.00       0.00          0          0          0
  adaptivediving   :       0.00       0.00          0          0          0
  alns             :       0.00       0.00          0          0          0
  bound            :       0.00       0.00          0          0          0
  clique           :       0.00       0.00          0          0          0
  coefdiving       :       0.00       0.00          0          0          0
  completesol      :       0.00       0.00          0          0          0
  conflictdiving   :       0.00       0.00          0          0          0
  crossover        :       0.00       0.00          0          0          0
  dins             :       0.00       0.00          0          0          0
  distributiondivin:       0.00       0.00          0          0          0
  dps              :       0.00       0.00          0          0          0
  dualval          :       0.00       0.00          0          0          0
  farkasdiving     :       0.00       0.00          0          0          0
  feaspump         :       0.00       0.00          0          0          0
  fixandinfer      :       0.00       0.00          0          0          0
  fracdiving       :       0.00       0.00          0          0          0
  gins             :       0.00       0.00          0          0          0
  guideddiving     :       0.00       0.00          0          0          0
  indicator        :       0.00       0.00          0          0          0
  indicatordiving  :       0.00       0.00          0          0          0
  intdiving        :       0.00       0.00          0          0          0
  intshifting      :       0.00       0.00          0          0          0
  linesearchdiving :       0.00       0.00          0          0          0
  localbranching   :       0.00       0.00          0          0          0
  locks            :       0.00       0.00          0          0          0
  lpface           :       0.00       0.00          0          0          0
  mpec             :       0.00       0.00          0          0          0
  multistart       :       0.00       0.00          0          0          0
  mutation         :       0.00       0.00          0          0          0
  nlpdiving        :       0.00       0.00          0          0          0
  objpscostdiving  :       0.00       0.00          0          0          0
  octane           :       0.00       0.00          0          0          0
  ofins            :       0.00       0.00          0          0          0
  oneopt           :       0.00       0.00          0          0          0
  padm             :       0.00       0.00          0          0          0
  proximity        :       0.00       0.00          0          0          0
  pscostdiving     :       0.00       0.00          0          0          0
  randrounding     :       0.00       0.00          0          0          0
  rens             :       0.00       0.00          0          0          0
  reoptsols        :       0.00       0.00          0          0          0
  repair           :       0.00       0.00          0          0          0
  rins             :       0.00       0.00          0          0          0
  rootsoldiving    :       0.00       0.00          0          0          0
  rounding         :       0.00       0.00          0          0          0
  scheduler        :       0.00       0.00          0          0          0
  shiftandpropagate:       0.00       0.00          0          0          0
  shifting         :       0.00       0.00          0          0          0
  simplerounding   :       0.00       0.00          0          0          0
  subnlp           :       0.00       0.00          0          0          0
  trivial          :       0.00       0.00          0          0          0
  trivialnegation  :       0.00       0.00          0          0          0
  trustregion      :       0.00       0.00          0          0          0
  trysol           :       0.00       0.00          0          0          0
  twoopt           :       0.00       0.00          0          0          0
  undercover       :       0.00       0.00          0          0          0
  vbounds          :       0.00       0.00          0          0          0
  veclendiving     :       0.00       0.00          0          0          0
  zeroobj          :       0.00       0.00          0          0          0
  zirounding       :       0.00       0.00          0          0          0
  other solutions  :          -          -          -          1          -
LNS (Scheduler)    :      Calls  SetupTime  SolveTime SolveNodes       Sols       Best       Exp3    Exp3-IX  EpsGreedy        UCB TgtFixRate  Opt  Inf Node Stal  Sol  Usr Othr Actv
  rens             :          0       0.00       0.00          0          0          0    0.00000    0.12500   -1.00000    1.00000      0.900    0    0    0    0    0    0    0    1
  rins             :          0       0.00       0.00          0          0          0    0.00000    0.12500   -1.00000    1.00000      0.900    0    0    0    0    0    0    0    1
  mutation         :          0       0.00       0.00          0          0          0    0.00000    0.12500   -1.00000    1.00000      0.900    0    0    0    0    0    0    0    1
  localbranching   :          0       0.00       0.00          0          0          0    0.00000    0.12500   -1.00000    1.00000      0.900    0    0    0    0    0    0    0    1
  crossover        :          0       0.00       0.00          0          0          0    0.00000    0.12500   -1.00000    1.00000      0.900    0    0    0    0    0    0    0    1
  proximity        :          0       0.00       0.00          0          0          0    0.00000    0.12500   -1.00000    1.00000      0.900    0    0    0    0    0    0    0    1
  zeroobjective    :          0       0.00       0.00          0          0          0    0.00000    0.12500   -1.00000    1.00000      0.900    0    0    0    0    0    0    0    1
  dins             :          0       0.00       0.00          0          0          0    0.00000    0.12500   -1.00000    1.00000      0.900    0    0    0    0    0    0    0    1
  trustregion      :          0       0.00       0.00          0          0          0    0.00000    0.00000   -1.00000    1.00000      0.900    0    0    0    0    0    0    0    0
LP                 :       Time      Calls Iterations  Iter/call   Iter/sec  Time-0-It Calls-0-It    ItLimit
  primal LP        :       0.00          0          0       0.00          -       0.00          0
  dual LP          :       0.51        290       6707      23.13   13133.62       0.00          0
  lex dual LP      :       0.00          0          0       0.00          -
  barrier LP       :       0.00          0          0       0.00          -       0.00          0
  resolve instable :       0.00          0          0       0.00          -
  diving/probing LP:       0.14          0          0       0.00       0.00
  strong branching :       5.11       1750      72514      41.44   14202.02          -          -        146
    (at root node) :          -         42       3300      78.57          -
  conflict analysis:       0.00          0          0       0.00          -
B&B Tree           :
  number of runs   :          1
  nodes            :        115 (79 internal, 36 leaves)
  feasible leaves  :          0
  infeas. leaves   :          3
  objective leaves :         33
  nodes (total)    :        115 (79 internal, 36 leaves)
  nodes left       :         44
  max depth        :         15
  max depth (total):         15
  backtracks       :          9 (7.8%)
  early backtracks :          0 (0.0%)
  nodes exc. ref.  :          0 (0.0%)
  delayed cutoffs  :          0
  repropagations   :          0 (0 domain reductions, 0 cutoffs)
  avg switch length:       1.86
  switching time   :       0.00
Root Node          :
  First LP value   : +1.10980496899149e+04
  First LP Iters   :        587 (21508.92 Iter/sec)
  First LP Time    :       0.03
  Final Dual Bound : +1.11005828921918e+04
  Final Root Iters :        587
  Root LP Estimate : +1.12264345263154e+04
Solution           :
  Solutions found  :          1 (1 improvements)
  First Solution   : +1.28900000000000e+04   (in run 0, after 0 nodes, 0.00 seconds, depth -1, found by <initial>)
  Gap First Sol.   :   infinite
  Gap Last Sol.    :   infinite
  Primal Bound     : +1.28900000000000e+04   (in run 0, after 0 nodes, 0.00 seconds, depth -1, found by <initial>)
  Dual Bound       : +1.11229981187202e+04
  Gap              :      15.89 %
Integrals          :      Total       Avg%
  primal-dual      : 1198855.98      13.78
  primal-ref       :          -          - (not evaluated)
  dual-ref         :          -          - (not evaluated)
