SCIP version 9.2.2 [precision: 8 byte] [memory: block] [mode: optimized] [LP solver: CPLEX 12.10.0.0] [GitHash: 416226a4f8]
Copyright (c) 2002-2025 Zuse Institute Berlin (ZIB)

reading parameter file </scratch/htc/yzhou/exp_scipmip/settings/settings_gap/sandbox_gendj_gap0.136_swath2.set>

read problem </scratch/htc/yzhou/exp_scipmip/instances/tests/swath2.mps>
============

original problem has 6805 variables (2406 bin, 0 int, 0 impl, 4399 cont) and 884 constraints
    884 constraints of type <linear>
Reading Time: 0.05

read solution </scratch/htc/yzhou/solutions/swath2.sol>
============

primal solution from solution file </scratch/htc/yzhou/solutions/swath2.sol> was accepted as candidate, will be checked when solving starts
original problem has 6805 variables (2406 bin, 0 int, 0 impl, 4399 cont) and 884 constraints
    884 constraints of type <linear>
Reading Time: 0.06
solve problem
=============
LP Solver <CPLEX 12.10.0.0>: fastmip setting not available -- SCIP parameter has no effect
LP Solver <CPLEX 12.10.0.0>: clock type cannot be set
LP Solver <CPLEX 12.10.0.0>: row representation of the basis not available -- SCIP parameter lp/rowrepswitch has no effect
LP Solver <CPLEX 12.10.0.0>: solution polishing not available -- SCIP parameter lp/solutionpolishing has no effect
LP Solver <CPLEX 12.10.0.0>: refactorization interval not available -- SCIP parameter lp/refactorinterval has no effect
1/1 feasible solution given by solution candidate storage, new primal bound 3.851997e+02

transformed problem has 6805 variables (2406 bin, 0 int, 0 impl, 4399 cont) and 884 constraints
    884 constraints of type <linear>

original problem has 34965 active (0.581237%) nonzeros and 34965 (0.581237%) check nonzeros

presolving:
(round 1, fast)       402 del vars, 402 del conss, 0 add conss, 403 chg bounds, 0 chg sides, 0 chg coeffs, 0 upgd conss, 0 impls, 21 clqs
(round 2, fast)       485 del vars, 402 del conss, 0 add conss, 403 chg bounds, 0 chg sides, 0 chg coeffs, 0 upgd conss, 0 impls, 21 clqs
(round 3, exhaustive) 545 del vars, 402 del conss, 0 add conss, 403 chg bounds, 0 chg sides, 0 chg coeffs, 0 upgd conss, 0 impls, 21 clqs
   (0.2s) probing: 100/2184 (4.6%) - 0 fixings, 0 aggregations, 31666 implications, 0 bound changes
   (0.2s) probing: 200/2184 (9.2%) - 0 fixings, 0 aggregations, 74828 implications, 0 bound changes
   (0.3s) probing: 300/2184 (13.7%) - 0 fixings, 0 aggregations, 117963 implications, 0 bound changes
   (0.4s) probing: 400/2184 (18.3%) - 0 fixings, 0 aggregations, 161139 implications, 0 bound changes
   (0.4s) probing: 500/2184 (22.9%) - 0 fixings, 0 aggregations, 204264 implications, 0 bound changes
   (0.5s) probing: 600/2184 (27.5%) - 0 fixings, 0 aggregations, 247384 implications, 0 bound changes
   (0.6s) probing: 700/2184 (32.1%) - 0 fixings, 0 aggregations, 290575 implications, 0 bound changes
   (0.7s) probing: 800/2184 (36.6%) - 0 fixings, 0 aggregations, 333708 implications, 0 bound changes
   (0.8s) probing: 900/2184 (41.2%) - 0 fixings, 0 aggregations, 376817 implications, 0 bound changes
   (0.8s) probing: 1000/2184 (45.8%) - 0 fixings, 0 aggregations, 419965 implications, 0 bound changes
   (0.8s) probing: 1001/2184 (45.8%) - 0 fixings, 0 aggregations, 420393 implications, 0 bound changes
   (0.8s) probing aborted: 1000/1000 successive useless probings
   (0.9s) symmetry computation started: requiring (bin +, int +, cont +), (fixed: bin -, int -, cont -)
   (0.9s) no symmetry present (symcode time: 0.00)
clique table cleanup detected 0 bound changes

presolved problem has 25480 active (0.844458%) nonzeros and 25480 (0.844458%) check nonzeros

presolving (4 rounds: 4 fast, 2 medium, 2 exhaustive):
 545 deleted vars, 402 deleted constraints, 0 added constraints, 403 tightened bounds, 0 added holes, 0 changed sides, 0 changed coefficients
 347911 implications, 33894 cliques
presolved problem has 6260 variables (2184 bin, 0 int, 0 impl, 4076 cont) and 482 constraints
    482 constraints of type <linear>
Presolving Time: 0.85

 time | node  | left  |LP iter|LP it/n|mem/heur|mdpt |vars |cons |rows |cuts |sepa|confs|strbr|  dualbound   | primalbound  |  gap   | compl. 
  0.9s|     1 |     0 |   118 |     - |   103M |   0 |6260 | 482 | 482 |   0 |  0 |   0 |   0 | 3.344969e+02 | 3.851997e+02 |  15.16%| unknown
  0.9s|     1 |     0 |   118 |     - |   103M |   0 |6260 | 482 | 482 |   0 |  0 |   0 |   0 | 3.344969e+02 | 3.851997e+02 |  15.16%| unknown
_____________________________________
Now starting branching with general disjunction
Current branching Node number: 1
LP objective value: 334.497
Node lower bound: 334.656
Node upper bound: 385.2
gap to the primal bound: 0.151033
Preck submodel is infeasible, continue branching
Time limit exceeded (1000.38s), stopping submodel solve loop
General disjunction: No feasible solution found, use SCIP default branching rule
 1001s|     1 |     2 |   118 |     - |   103M |   0 |6260 | 482 | 482 |   0 |  1 |   0 |  14 | 3.346558e+02 | 3.851997e+02 |  15.10%| unknown
_____________________________________
Now starting branching with general disjunction
Current branching Node number: 3
LP objective value: 340.759
Node lower bound: 344.666
Node upper bound: 385.2
gap to the primal bound: 0.151033
Preck submodel is infeasible, continue branching
Time limit exceeded (1687.84s), stopping submodel solve loop
General disjunction: No feasible solution found, use SCIP default branching rule
_____________________________________
Now starting branching with general disjunction
Current branching Node number: 5
Relpscost reduced domain, skip general disjunction branching
_____________________________________
Now starting branching with general disjunction
Current branching Node number: 5
Relpscost reduced domain, skip general disjunction branching
_____________________________________
Now starting branching with general disjunction
Current branching Node number: 5
Relpscost reduced domain, skip general disjunction branching
_____________________________________
Now starting branching with general disjunction
Current branching Node number: 5
Relpscost reduced domain, skip general disjunction branching
_____________________________________
Now starting branching with general disjunction
Current branching Node number: 5
Relpscost reduced domain, skip general disjunction branching
_____________________________________
Now starting branching with general disjunction
Current branching Node number: 5
Relpscost reduced domain, skip general disjunction branching
_____________________________________
Now starting branching with general disjunction
Current branching Node number: 5
Relpscost reduced domain, skip general disjunction branching
_____________________________________
Now starting branching with general disjunction
Current branching Node number: 5
Relpscost reduced domain, skip general disjunction branching
_____________________________________
Now starting branching with general disjunction
Current branching Node number: 5
Relpscost reduced domain, skip general disjunction branching
_____________________________________
Now starting branching with general disjunction
Current branching Node number: 5
Relpscost reduced domain, skip general disjunction branching
_____________________________________
Now starting branching with general disjunction
Current branching Node number: 5
Relpscost reduced domain, skip general disjunction branching
_____________________________________
Now starting branching with general disjunction
Current branching Node number: 5
Relpscost reduced domain, skip general disjunction branching
_____________________________________
Now starting branching with general disjunction
Current branching Node number: 5
Relpscost reduced domain, skip general disjunction branching
_____________________________________
Now starting branching with general disjunction
Current branching Node number: 5
Relpscost reduced domain, skip general disjunction branching
_____________________________________
Now starting branching with general disjunction
Current branching Node number: 5
Relpscost reduced domain, skip general disjunction branching
_____________________________________
Now starting branching with general disjunction
Current branching Node number: 5
Relpscost reduced domain, skip general disjunction branching
_____________________________________
Now starting branching with general disjunction
Current branching Node number: 5
Relpscost reduced domain, skip general disjunction branching
_____________________________________
Now starting branching with general disjunction
Current branching Node number: 5
Relpscost reduced domain, skip general disjunction branching
_____________________________________
Now starting branching with general disjunction
Current branching Node number: 5
Relpscost reduced domain, skip general disjunction branching
_____________________________________
Now starting branching with general disjunction
Current branching Node number: 5
Relpscost reduced domain, skip general disjunction branching
_____________________________________
Now starting branching with general disjunction
Current branching Node number: 5
Relpscost reduced domain, skip general disjunction branching
_____________________________________
Now starting branching with general disjunction
Current branching Node number: 5
Relpscost reduced domain, skip general disjunction branching
_____________________________________
Now starting branching with general disjunction
Current branching Node number: 5
Relpscost reduced domain, skip general disjunction branching
_____________________________________
Now starting branching with general disjunction
Current branching Node number: 5
Relpscost reduced domain, skip general disjunction branching
_____________________________________
Now starting branching with general disjunction
Current branching Node number: 5
Relpscost reduced domain, skip general disjunction branching
_____________________________________
Now starting branching with general disjunction
Current branching Node number: 5
Relpscost reduced domain, skip general disjunction branching
_____________________________________
Now starting branching with general disjunction
Current branching Node number: 5
Relpscost reduced domain, skip general disjunction branching
_____________________________________
Now starting branching with general disjunction
Current branching Node number: 5
Relpscost reduced domain, skip general disjunction branching
_____________________________________
Now starting branching with general disjunction
Current branching Node number: 5
Relpscost reduced domain, skip general disjunction branching
_____________________________________
Now starting branching with general disjunction
Current branching Node number: 5
Relpscost reduced domain, skip general disjunction branching
_____________________________________
Now starting branching with general disjunction
Current branching Node number: 5
Relpscost reduced domain, skip general disjunction branching
_____________________________________
Now starting branching with general disjunction
Current branching Node number: 5
Relpscost reduced domain, skip general disjunction branching
_____________________________________
Now starting branching with general disjunction
Current branching Node number: 5
Relpscost reduced domain, skip general disjunction branching
_____________________________________
Now starting branching with general disjunction
Current branching Node number: 5
Relpscost reduced domain, skip general disjunction branching
_____________________________________
Now starting branching with general disjunction
Current branching Node number: 5
Relpscost reduced domain, skip general disjunction branching
_____________________________________
Now starting branching with general disjunction
Current branching Node number: 4
LP objective value: 344.666
Node lower bound: 344.855
Node upper bound: 385.2
gap to the primal bound: 0.151033
Preck submodel is infeasible, continue branching
Time limit exceeded (1383.4s), stopping submodel solve loop
General disjunction: No feasible solution found, use SCIP default branching rule
_____________________________________
Now starting branching with general disjunction
Current branching Node number: 7
Relpscost reduced domain, skip general disjunction branching
_____________________________________
Now starting branching with general disjunction
Current branching Node number: 7
LP objective value: 350.263
Node lower bound: 354.584
Node upper bound: 385.2
gap to the primal bound: 0.151033
Preck submodel is infeasible, continue branching
Time limit exceeded (1021.49s), stopping submodel solve loop
General disjunction: No feasible solution found, use SCIP default branching rule
_____________________________________
Now starting branching with general disjunction
Current branching Node number: 9
Relpscost reduced domain, skip general disjunction branching
_____________________________________
Now starting branching with general disjunction
Current branching Node number: 8
LP objective value: 369.253
Node lower bound: 373.544
Node upper bound: 385.2
gap to the primal bound: 0.151033
Preck submodel is infeasible, continue branching
Time limit exceeded (1455.85s), stopping submodel solve loop
General disjunction: No feasible solution found, use SCIP default branching rule
_____________________________________
Now starting branching with general disjunction
Current branching Node number: 11
Relpscost reduced domain, skip general disjunction branching
_____________________________________
Now starting branching with general disjunction
Current branching Node number: 11
Relpscost reduced domain, skip general disjunction branching
_____________________________________
Now starting branching with general disjunction
Current branching Node number: 11
Relpscost reduced domain, skip general disjunction branching
_____________________________________
Now starting branching with general disjunction
Current branching Node number: 11
Relpscost reduced domain, skip general disjunction branching
_____________________________________
Now starting branching with general disjunction
Current branching Node number: 11
Relpscost reduced domain, skip general disjunction branching
_____________________________________
Now starting branching with general disjunction
Current branching Node number: 11
Relpscost reduced domain, skip general disjunction branching
_____________________________________
Now starting branching with general disjunction
Current branching Node number: 11
Relpscost reduced domain, skip general disjunction branching
_____________________________________
Now starting branching with general disjunction
Current branching Node number: 11
Relpscost reduced domain, skip general disjunction branching
_____________________________________
Now starting branching with general disjunction
Current branching Node number: 11
Relpscost reduced domain, skip general disjunction branching
_____________________________________
Now starting branching with general disjunction
Current branching Node number: 11
Relpscost reduced domain, skip general disjunction branching
_____________________________________
Now starting branching with general disjunction
Current branching Node number: 11
Relpscost reduced domain, skip general disjunction branching
_____________________________________
Now starting branching with general disjunction
Current branching Node number: 11
Relpscost reduced domain, skip general disjunction branching
_____________________________________
Now starting branching with general disjunction
Current branching Node number: 11
Relpscost reduced domain, skip general disjunction branching
_____________________________________
Now starting branching with general disjunction
Current branching Node number: 11
Relpscost reduced domain, skip general disjunction branching
_____________________________________
Now starting branching with general disjunction
Current branching Node number: 11
Relpscost reduced domain, skip general disjunction branching
_____________________________________
Now starting branching with general disjunction
Current branching Node number: 11
Relpscost reduced domain, skip general disjunction branching
_____________________________________
Now starting branching with general disjunction
Current branching Node number: 11
Relpscost reduced domain, skip general disjunction branching
_____________________________________
Now starting branching with general disjunction
Current branching Node number: 11
Relpscost reduced domain, skip general disjunction branching
_____________________________________
Now starting branching with general disjunction
Current branching Node number: 11
Relpscost reduced domain, skip general disjunction branching
_____________________________________
Now starting branching with general disjunction
Current branching Node number: 11
Relpscost reduced domain, skip general disjunction branching
_____________________________________
Now starting branching with general disjunction
Current branching Node number: 11
Relpscost reduced domain, skip general disjunction branching
_____________________________________
Now starting branching with general disjunction
Current branching Node number: 11
Relpscost reduced domain, skip general disjunction branching
_____________________________________
Now starting branching with general disjunction
Current branching Node number: 11
Relpscost reduced domain, skip general disjunction branching
_____________________________________
Now starting branching with general disjunction
Current branching Node number: 11
Relpscost reduced domain, skip general disjunction branching
_____________________________________
Now starting branching with general disjunction
Current branching Node number: 11
Relpscost reduced domain, skip general disjunction branching
_____________________________________
Now starting branching with general disjunction
Current branching Node number: 11
Relpscost reduced domain, skip general disjunction branching
_____________________________________
Now starting branching with general disjunction
Current branching Node number: 11
Relpscost reduced domain, skip general disjunction branching
_____________________________________
Now starting branching with general disjunction
Current branching Node number: 11
Relpscost reduced domain, skip general disjunction branching
_____________________________________
Now starting branching with general disjunction
Current branching Node number: 11
Relpscost reduced domain, skip general disjunction branching
_____________________________________
Now starting branching with general disjunction
Current branching Node number: 11
Relpscost reduced domain, skip general disjunction branching
_____________________________________
Now starting branching with general disjunction
Current branching Node number: 11
Relpscost reduced domain, skip general disjunction branching
_____________________________________
Now starting branching with general disjunction
Current branching Node number: 11
Relpscost reduced domain, skip general disjunction branching
_____________________________________
Now starting branching with general disjunction
Current branching Node number: 11
Relpscost reduced domain, skip general disjunction branching
_____________________________________
Now starting branching with general disjunction
Current branching Node number: 11
Relpscost reduced domain, skip general disjunction branching
_____________________________________
Now starting branching with general disjunction
Current branching Node number: 11
Relpscost reduced domain, skip general disjunction branching
_____________________________________
Now starting branching with general disjunction
Current branching Node number: 10
Relpscost reduced domain, skip general disjunction branching
_____________________________________
Now starting branching with general disjunction
Current branching Node number: 10
Relpscost reduced domain, skip general disjunction branching
_____________________________________
Now starting branching with general disjunction
Current branching Node number: 10
Relpscost reduced domain, skip general disjunction branching
_____________________________________
Now starting branching with general disjunction
Current branching Node number: 10
Relpscost reduced domain, skip general disjunction branching
_____________________________________
Now starting branching with general disjunction
Current branching Node number: 10
Relpscost reduced domain, skip general disjunction branching
_____________________________________
Now starting branching with general disjunction
Current branching Node number: 10
Relpscost reduced domain, skip general disjunction branching
_____________________________________
Now starting branching with general disjunction
Current branching Node number: 10
Relpscost reduced domain, skip general disjunction branching
_____________________________________
Now starting branching with general disjunction
Current branching Node number: 10
Relpscost reduced domain, skip general disjunction branching
_____________________________________
Now starting branching with general disjunction
Current branching Node number: 10
Relpscost reduced domain, skip general disjunction branching
_____________________________________
Now starting branching with general disjunction
Current branching Node number: 10
Relpscost reduced domain, skip general disjunction branching
_____________________________________
Now starting branching with general disjunction
Current branching Node number: 10
Relpscost reduced domain, skip general disjunction branching
_____________________________________
Now starting branching with general disjunction
Current branching Node number: 10
Relpscost reduced domain, skip general disjunction branching
_____________________________________
Now starting branching with general disjunction
Current branching Node number: 10
Relpscost reduced domain, skip general disjunction branching
_____________________________________
Now starting branching with general disjunction
Current branching Node number: 10
Relpscost reduced domain, skip general disjunction branching
_____________________________________
Now starting branching with general disjunction
Current branching Node number: 10
Relpscost reduced domain, skip general disjunction branching
_____________________________________
Now starting branching with general disjunction
Current branching Node number: 10
Relpscost reduced domain, skip general disjunction branching
_____________________________________
Now starting branching with general disjunction
Current branching Node number: 10
Relpscost reduced domain, skip general disjunction branching
_____________________________________
Now starting branching with general disjunction
Current branching Node number: 10
Relpscost reduced domain, skip general disjunction branching
_____________________________________
Now starting branching with general disjunction
Current branching Node number: 10
Relpscost reduced domain, skip general disjunction branching
_____________________________________
Now starting branching with general disjunction
Current branching Node number: 10
Relpscost reduced domain, skip general disjunction branching
_____________________________________
Now starting branching with general disjunction
Current branching Node number: 10
Relpscost reduced domain, skip general disjunction branching
_____________________________________
Now starting branching with general disjunction
Current branching Node number: 10
Relpscost reduced domain, skip general disjunction branching
_____________________________________
Now starting branching with general disjunction
Current branching Node number: 10
Relpscost reduced domain, skip general disjunction branching
_____________________________________
Now starting branching with general disjunction
Current branching Node number: 10
Relpscost reduced domain, skip general disjunction branching
_____________________________________
Now starting branching with general disjunction
Current branching Node number: 10
Relpscost reduced domain, skip general disjunction branching
_____________________________________
Now starting branching with general disjunction
Current branching Node number: 10
Relpscost reduced domain, skip general disjunction branching
_____________________________________
Now starting branching with general disjunction
Current branching Node number: 10
Relpscost reduced domain, skip general disjunction branching
_____________________________________
Now starting branching with general disjunction
Current branching Node number: 10
Relpscost reduced domain, skip general disjunction branching
_____________________________________
Now starting branching with general disjunction
Current branching Node number: 10
Relpscost reduced domain, skip general disjunction branching
_____________________________________
Now starting branching with general disjunction
Current branching Node number: 10
Relpscost reduced domain, skip general disjunction branching
_____________________________________
Now starting branching with general disjunction
Current branching Node number: 10
Relpscost reduced domain, skip general disjunction branching
_____________________________________
Now starting branching with general disjunction
Current branching Node number: 10
Relpscost reduced domain, skip general disjunction branching
_____________________________________
Now starting branching with general disjunction
Current branching Node number: 10
Relpscost reduced domain, skip general disjunction branching
_____________________________________
Now starting branching with general disjunction
Current branching Node number: 10
Relpscost reduced domain, skip general disjunction branching
_____________________________________
Now starting branching with general disjunction
Current branching Node number: 10
Relpscost reduced domain, skip general disjunction branching
_____________________________________
Now starting branching with general disjunction
Current branching Node number: 10
Relpscost reduced domain, skip general disjunction branching
_____________________________________
Now starting branching with general disjunction
Current branching Node number: 10
Relpscost reduced domain, skip general disjunction branching
_____________________________________
Now starting branching with general disjunction
Current branching Node number: 10
Relpscost reduced domain, skip general disjunction branching
_____________________________________
Now starting branching with general disjunction
Current branching Node number: 2
LP objective value: 334.656
Node lower bound: 334.685
Node upper bound: 385.2
gap to the primal bound: 0.150931
Preck submodel is infeasible, continue branching
Time limit exceeded (1000.37s), stopping submodel solve loop
General disjunction: No feasible solution found, use SCIP default branching rule
_____________________________________
Now starting branching with general disjunction
Current branching Node number: 13
LP objective value: 346.516
Node lower bound: 347.989
Node upper bound: 385.2
gap to the primal bound: 0.150931
Preck submodel is infeasible, continue branching
Time limit exceeded (1982.34s), stopping submodel solve loop
General disjunction: No feasible solution found, use SCIP default branching rule
_____________________________________
Now starting branching with general disjunction
Current branching Node number: 15
Relpscost reduced domain, skip general disjunction branching
_____________________________________
Now starting branching with general disjunction
Current branching Node number: 15
Relpscost reduced domain, skip general disjunction branching
_____________________________________
Now starting branching with general disjunction
Current branching Node number: 15
Relpscost reduced domain, skip general disjunction branching
_____________________________________
Now starting branching with general disjunction
Current branching Node number: 15
Relpscost reduced domain, skip general disjunction branching
_____________________________________
Now starting branching with general disjunction
Current branching Node number: 15
Relpscost reduced domain, skip general disjunction branching
_____________________________________
Now starting branching with general disjunction
Current branching Node number: 15
Relpscost reduced domain, skip general disjunction branching
_____________________________________
Now starting branching with general disjunction
Current branching Node number: 15
Relpscost reduced domain, skip general disjunction branching
_____________________________________
Now starting branching with general disjunction
Current branching Node number: 15
Relpscost reduced domain, skip general disjunction branching
_____________________________________
Now starting branching with general disjunction
Current branching Node number: 15
Relpscost reduced domain, skip general disjunction branching
_____________________________________
Now starting branching with general disjunction
Current branching Node number: 15
Relpscost reduced domain, skip general disjunction branching
_____________________________________
Now starting branching with general disjunction
Current branching Node number: 15
Relpscost reduced domain, skip general disjunction branching
_____________________________________
Now starting branching with general disjunction
Current branching Node number: 15
Relpscost reduced domain, skip general disjunction branching
_____________________________________
Now starting branching with general disjunction
Current branching Node number: 15
Relpscost reduced domain, skip general disjunction branching
_____________________________________
Now starting branching with general disjunction
Current branching Node number: 15
Relpscost reduced domain, skip general disjunction branching
_____________________________________
Now starting branching with general disjunction
Current branching Node number: 15
Relpscost reduced domain, skip general disjunction branching
_____________________________________
Now starting branching with general disjunction
Current branching Node number: 15
Relpscost reduced domain, skip general disjunction branching
_____________________________________
Now starting branching with general disjunction
Current branching Node number: 15
Relpscost reduced domain, skip general disjunction branching
_____________________________________
Now starting branching with general disjunction
Current branching Node number: 15
Relpscost reduced domain, skip general disjunction branching
_____________________________________
Now starting branching with general disjunction
Current branching Node number: 15
Relpscost reduced domain, skip general disjunction branching
_____________________________________
Now starting branching with general disjunction
Current branching Node number: 15
Relpscost reduced domain, skip general disjunction branching
_____________________________________
Now starting branching with general disjunction
Current branching Node number: 15
Relpscost reduced domain, skip general disjunction branching
_____________________________________
Now starting branching with general disjunction
Current branching Node number: 15
Relpscost reduced domain, skip general disjunction branching
_____________________________________
Now starting branching with general disjunction
Current branching Node number: 15
Relpscost reduced domain, skip general disjunction branching
_____________________________________
Now starting branching with general disjunction
Current branching Node number: 15
Relpscost reduced domain, skip general disjunction branching
_____________________________________
Now starting branching with general disjunction
Current branching Node number: 15
Relpscost reduced domain, skip general disjunction branching
_____________________________________
Now starting branching with general disjunction
Current branching Node number: 15
Relpscost reduced domain, skip general disjunction branching
_____________________________________
Now starting branching with general disjunction
Current branching Node number: 15
Relpscost reduced domain, skip general disjunction branching
_____________________________________
Now starting branching with general disjunction
Current branching Node number: 15
Relpscost reduced domain, skip general disjunction branching
_____________________________________
Now starting branching with general disjunction
Current branching Node number: 15
Relpscost reduced domain, skip general disjunction branching
_____________________________________
Now starting branching with general disjunction
Current branching Node number: 15
Relpscost reduced domain, skip general disjunction branching
_____________________________________
Now starting branching with general disjunction
Current branching Node number: 15
Relpscost reduced domain, skip general disjunction branching
_____________________________________
Now starting branching with general disjunction
Current branching Node number: 15
Relpscost reduced domain, skip general disjunction branching
_____________________________________
Now starting branching with general disjunction
Current branching Node number: 15
Relpscost reduced domain, skip general disjunction branching
_____________________________________
Now starting branching with general disjunction
Current branching Node number: 15
Relpscost reduced domain, skip general disjunction branching
_____________________________________
Now starting branching with general disjunction
Current branching Node number: 15
Relpscost reduced domain, skip general disjunction branching
_____________________________________
Now starting branching with general disjunction
Current branching Node number: 15
Relpscost reduced domain, skip general disjunction branching
_____________________________________
Now starting branching with general disjunction
Current branching Node number: 15
Relpscost reduced domain, skip general disjunction branching
_____________________________________
Now starting branching with general disjunction
Current branching Node number: 15
Relpscost reduced domain, skip general disjunction branching
_____________________________________
Now starting branching with general disjunction
Current branching Node number: 15
Relpscost reduced domain, skip general disjunction branching
_____________________________________
Now starting branching with general disjunction
Current branching Node number: 15
Relpscost reduced domain, skip general disjunction branching
_____________________________________
Now starting branching with general disjunction
Current branching Node number: 15
Relpscost reduced domain, skip general disjunction branching
_____________________________________
Now starting branching with general disjunction
Current branching Node number: 15
Relpscost reduced domain, skip general disjunction branching
_____________________________________
Now starting branching with general disjunction
Current branching Node number: 15
Relpscost reduced domain, skip general disjunction branching
_____________________________________
Now starting branching with general disjunction
Current branching Node number: 15
Relpscost reduced domain, skip general disjunction branching
_____________________________________
Now starting branching with general disjunction
Current branching Node number: 15
Relpscost reduced domain, skip general disjunction branching
_____________________________________
Now starting branching with general disjunction
Current branching Node number: 15
Relpscost reduced domain, skip general disjunction branching
_____________________________________
Now starting branching with general disjunction
Current branching Node number: 14
LP objective value: 347.989
Node lower bound: 352.174
Node upper bound: 385.2
gap to the primal bound: 0.150931
Preck submodel is infeasible, continue branching
Time limit exceeded (1844s), stopping submodel solve loop
General disjunction: No feasible solution found, use SCIP default branching rule
_____________________________________
Now starting branching with general disjunction
Current branching Node number: 17
Relpscost reduced domain, skip general disjunction branching
_____________________________________
Now starting branching with general disjunction
Current branching Node number: 17
Relpscost reduced domain, skip general disjunction branching
_____________________________________
Now starting branching with general disjunction
Current branching Node number: 17
Relpscost reduced domain, skip general disjunction branching
_____________________________________
Now starting branching with general disjunction
Current branching Node number: 17
Relpscost reduced domain, skip general disjunction branching
_____________________________________
Now starting branching with general disjunction
Current branching Node number: 17
Relpscost reduced domain, skip general disjunction branching
_____________________________________
Now starting branching with general disjunction
Current branching Node number: 17
Relpscost reduced domain, skip general disjunction branching
_____________________________________
Now starting branching with general disjunction
Current branching Node number: 17
Relpscost reduced domain, skip general disjunction branching
_____________________________________
Now starting branching with general disjunction
Current branching Node number: 17
Relpscost reduced domain, skip general disjunction branching
_____________________________________
Now starting branching with general disjunction
Current branching Node number: 17
Relpscost reduced domain, skip general disjunction branching
_____________________________________
Now starting branching with general disjunction
Current branching Node number: 17
Relpscost reduced domain, skip general disjunction branching
_____________________________________
Now starting branching with general disjunction
Current branching Node number: 17
Relpscost reduced domain, skip general disjunction branching
_____________________________________
Now starting branching with general disjunction
Current branching Node number: 17
Relpscost reduced domain, skip general disjunction branching
_____________________________________
Now starting branching with general disjunction
Current branching Node number: 17
Relpscost reduced domain, skip general disjunction branching
_____________________________________
Now starting branching with general disjunction
Current branching Node number: 17
Relpscost reduced domain, skip general disjunction branching
_____________________________________
Now starting branching with general disjunction
Current branching Node number: 17
Relpscost reduced domain, skip general disjunction branching
_____________________________________
Now starting branching with general disjunction
Current branching Node number: 17
Relpscost reduced domain, skip general disjunction branching
_____________________________________
Now starting branching with general disjunction
Current branching Node number: 17
Relpscost reduced domain, skip general disjunction branching
_____________________________________
Now starting branching with general disjunction
Current branching Node number: 17
Relpscost reduced domain, skip general disjunction branching
_____________________________________
Now starting branching with general disjunction
Current branching Node number: 17
Relpscost reduced domain, skip general disjunction branching
_____________________________________
Now starting branching with general disjunction
Current branching Node number: 17
Relpscost reduced domain, skip general disjunction branching
_____________________________________
Now starting branching with general disjunction
Current branching Node number: 17
Relpscost reduced domain, skip general disjunction branching
_____________________________________
Now starting branching with general disjunction
Current branching Node number: 17
Relpscost reduced domain, skip general disjunction branching
_____________________________________
Now starting branching with general disjunction
Current branching Node number: 17
Relpscost reduced domain, skip general disjunction branching
_____________________________________
Now starting branching with general disjunction
Current branching Node number: 17
Relpscost reduced domain, skip general disjunction branching
_____________________________________
Now starting branching with general disjunction
Current branching Node number: 17
Relpscost reduced domain, skip general disjunction branching
_____________________________________
Now starting branching with general disjunction
Current branching Node number: 17
Relpscost reduced domain, skip general disjunction branching
_____________________________________
Now starting branching with general disjunction
Current branching Node number: 17
Relpscost reduced domain, skip general disjunction branching
_____________________________________
Now starting branching with general disjunction
Current branching Node number: 17
Relpscost reduced domain, skip general disjunction branching
_____________________________________
Now starting branching with general disjunction
Current branching Node number: 17
Relpscost reduced domain, skip general disjunction branching
_____________________________________
Now starting branching with general disjunction
Current branching Node number: 17
Relpscost reduced domain, skip general disjunction branching
_____________________________________
Now starting branching with general disjunction
Current branching Node number: 17
Relpscost reduced domain, skip general disjunction branching
_____________________________________
Now starting branching with general disjunction
Current branching Node number: 17
Relpscost reduced domain, skip general disjunction branching
_____________________________________
Now starting branching with general disjunction
Current branching Node number: 17
Relpscost reduced domain, skip general disjunction branching
_____________________________________
Now starting branching with general disjunction
Current branching Node number: 17
Relpscost reduced domain, skip general disjunction branching
_____________________________________
Now starting branching with general disjunction
Current branching Node number: 17
Relpscost reduced domain, skip general disjunction branching
_____________________________________
Now starting branching with general disjunction
Current branching Node number: 16
Relpscost reduced domain, skip general disjunction branching
_____________________________________
Now starting branching with general disjunction
Current branching Node number: 16
Relpscost reduced domain, skip general disjunction branching
_____________________________________
Now starting branching with general disjunction
Current branching Node number: 16
LP objective value: 363.84
Node lower bound: 363.965
Node upper bound: 385.2
gap to the primal bound: 0.150931
Preck submodel is infeasible, continue branching
Time limit exceeded (1769.56s), stopping submodel solve loop
General disjunction: No feasible solution found, use SCIP default branching rule
_____________________________________
Now starting branching with general disjunction
Current branching Node number: 19
Relpscost reduced domain, skip general disjunction branching
_____________________________________
Now starting branching with general disjunction
Current branching Node number: 19
Relpscost reduced domain, skip general disjunction branching
_____________________________________
Now starting branching with general disjunction
Current branching Node number: 19
Relpscost reduced domain, skip general disjunction branching
_____________________________________
Now starting branching with general disjunction
Current branching Node number: 19
Relpscost reduced domain, skip general disjunction branching
_____________________________________
Now starting branching with general disjunction
Current branching Node number: 19
Relpscost reduced domain, skip general disjunction branching
_____________________________________
Now starting branching with general disjunction
Current branching Node number: 19
Relpscost reduced domain, skip general disjunction branching
_____________________________________
Now starting branching with general disjunction
Current branching Node number: 19
Relpscost reduced domain, skip general disjunction branching
_____________________________________
Now starting branching with general disjunction
Current branching Node number: 19
Relpscost reduced domain, skip general disjunction branching
_____________________________________
Now starting branching with general disjunction
Current branching Node number: 19
Relpscost reduced domain, skip general disjunction branching
_____________________________________
Now starting branching with general disjunction
Current branching Node number: 19
Relpscost reduced domain, skip general disjunction branching
_____________________________________
Now starting branching with general disjunction
Current branching Node number: 19
Relpscost reduced domain, skip general disjunction branching
_____________________________________
Now starting branching with general disjunction
Current branching Node number: 19
Relpscost reduced domain, skip general disjunction branching
_____________________________________
Now starting branching with general disjunction
Current branching Node number: 19
Relpscost reduced domain, skip general disjunction branching
_____________________________________
Now starting branching with general disjunction
Current branching Node number: 19
Relpscost reduced domain, skip general disjunction branching
_____________________________________
Now starting branching with general disjunction
Current branching Node number: 19
Relpscost reduced domain, skip general disjunction branching
_____________________________________
Now starting branching with general disjunction
Current branching Node number: 19
Relpscost reduced domain, skip general disjunction branching
_____________________________________
Now starting branching with general disjunction
Current branching Node number: 19
Relpscost reduced domain, skip general disjunction branching
_____________________________________
Now starting branching with general disjunction
Current branching Node number: 19
Relpscost reduced domain, skip general disjunction branching
_____________________________________
Now starting branching with general disjunction
Current branching Node number: 19
Relpscost reduced domain, skip general disjunction branching
_____________________________________
Now starting branching with general disjunction
Current branching Node number: 19
Relpscost reduced domain, skip general disjunction branching
_____________________________________
Now starting branching with general disjunction
Current branching Node number: 19
Relpscost reduced domain, skip general disjunction branching
_____________________________________
Now starting branching with general disjunction
Current branching Node number: 19
Relpscost reduced domain, skip general disjunction branching
_____________________________________
Now starting branching with general disjunction
Current branching Node number: 19
Relpscost reduced domain, skip general disjunction branching
_____________________________________
Now starting branching with general disjunction
Current branching Node number: 19
Relpscost reduced domain, skip general disjunction branching
_____________________________________
Now starting branching with general disjunction
Current branching Node number: 19
Relpscost reduced domain, skip general disjunction branching
_____________________________________
Now starting branching with general disjunction
Current branching Node number: 19
Relpscost reduced domain, skip general disjunction branching
_____________________________________
Now starting branching with general disjunction
Current branching Node number: 19
Relpscost reduced domain, skip general disjunction branching
_____________________________________
Now starting branching with general disjunction
Current branching Node number: 19
Relpscost reduced domain, skip general disjunction branching
_____________________________________
Now starting branching with general disjunction
Current branching Node number: 19
Relpscost reduced domain, skip general disjunction branching
_____________________________________
Now starting branching with general disjunction
Current branching Node number: 19
Relpscost reduced domain, skip general disjunction branching
_____________________________________
Now starting branching with general disjunction
Current branching Node number: 19
Relpscost reduced domain, skip general disjunction branching
_____________________________________
Now starting branching with general disjunction
Current branching Node number: 19
Relpscost reduced domain, skip general disjunction branching
_____________________________________
Now starting branching with general disjunction
Current branching Node number: 19
Relpscost reduced domain, skip general disjunction branching
_____________________________________
Now starting branching with general disjunction
Current branching Node number: 19
Relpscost reduced domain, skip general disjunction branching
_____________________________________
Now starting branching with general disjunction
Current branching Node number: 19
Relpscost reduced domain, skip general disjunction branching
_____________________________________
Now starting branching with general disjunction
Current branching Node number: 19
Relpscost reduced domain, skip general disjunction branching
_____________________________________
Now starting branching with general disjunction
Current branching Node number: 19
Relpscost reduced domain, skip general disjunction branching
_____________________________________
Now starting branching with general disjunction
Current branching Node number: 19
Relpscost reduced domain, skip general disjunction branching
_____________________________________
Now starting branching with general disjunction
Current branching Node number: 18
Relpscost reduced domain, skip general disjunction branching
_____________________________________
Now starting branching with general disjunction
Current branching Node number: 18
Relpscost reduced domain, skip general disjunction branching
_____________________________________
Now starting branching with general disjunction
Current branching Node number: 18
Relpscost reduced domain, skip general disjunction branching
_____________________________________
Now starting branching with general disjunction
Current branching Node number: 18
LP objective value: 367.768
Node lower bound: 369.398
Node upper bound: 385.2
gap to the primal bound: 0.150931
Preck submodel is infeasible, continue branching
Time limit exceeded (1684.47s), stopping submodel solve loop
General disjunction: No feasible solution found, use SCIP default branching rule
_____________________________________
Now starting branching with general disjunction
Current branching Node number: 21
Relpscost reduced domain, skip general disjunction branching
_____________________________________
Now starting branching with general disjunction
Current branching Node number: 21
Relpscost reduced domain, skip general disjunction branching
_____________________________________
Now starting branching with general disjunction
Current branching Node number: 21
Relpscost reduced domain, skip general disjunction branching
_____________________________________
Now starting branching with general disjunction
Current branching Node number: 21
Relpscost reduced domain, skip general disjunction branching
_____________________________________
Now starting branching with general disjunction
Current branching Node number: 21
Relpscost reduced domain, skip general disjunction branching
_____________________________________
Now starting branching with general disjunction
Current branching Node number: 21
Relpscost reduced domain, skip general disjunction branching
_____________________________________
Now starting branching with general disjunction
Current branching Node number: 21
Relpscost reduced domain, skip general disjunction branching
_____________________________________
Now starting branching with general disjunction
Current branching Node number: 21
Relpscost reduced domain, skip general disjunction branching
_____________________________________
Now starting branching with general disjunction
Current branching Node number: 21
Relpscost reduced domain, skip general disjunction branching
_____________________________________
Now starting branching with general disjunction
Current branching Node number: 21
Relpscost reduced domain, skip general disjunction branching
_____________________________________
Now starting branching with general disjunction
Current branching Node number: 21
Relpscost reduced domain, skip general disjunction branching
_____________________________________
Now starting branching with general disjunction
Current branching Node number: 21
Relpscost reduced domain, skip general disjunction branching
_____________________________________
Now starting branching with general disjunction
Current branching Node number: 21
Relpscost reduced domain, skip general disjunction branching
_____________________________________
Now starting branching with general disjunction
Current branching Node number: 21
Relpscost reduced domain, skip general disjunction branching
_____________________________________
Now starting branching with general disjunction
Current branching Node number: 21
Relpscost reduced domain, skip general disjunction branching
_____________________________________
Now starting branching with general disjunction
Current branching Node number: 21
Relpscost reduced domain, skip general disjunction branching
_____________________________________
Now starting branching with general disjunction
Current branching Node number: 21
Relpscost reduced domain, skip general disjunction branching
_____________________________________
Now starting branching with general disjunction
Current branching Node number: 21
Relpscost reduced domain, skip general disjunction branching
_____________________________________
Now starting branching with general disjunction
Current branching Node number: 21
Relpscost reduced domain, skip general disjunction branching
_____________________________________
Now starting branching with general disjunction
Current branching Node number: 21
Relpscost reduced domain, skip general disjunction branching
_____________________________________
Now starting branching with general disjunction
Current branching Node number: 21
Relpscost reduced domain, skip general disjunction branching
_____________________________________
Now starting branching with general disjunction
Current branching Node number: 21
Relpscost reduced domain, skip general disjunction branching
_____________________________________
Now starting branching with general disjunction
Current branching Node number: 21
Relpscost reduced domain, skip general disjunction branching
_____________________________________
Now starting branching with general disjunction
Current branching Node number: 21
Relpscost reduced domain, skip general disjunction branching
_____________________________________
Now starting branching with general disjunction
Current branching Node number: 21
Relpscost reduced domain, skip general disjunction branching
_____________________________________
Now starting branching with general disjunction
Current branching Node number: 21
Relpscost reduced domain, skip general disjunction branching
_____________________________________
Now starting branching with general disjunction
Current branching Node number: 21
Relpscost reduced domain, skip general disjunction branching
_____________________________________
Now starting branching with general disjunction
Current branching Node number: 21
Relpscost reduced domain, skip general disjunction branching
_____________________________________
Now starting branching with general disjunction
Current branching Node number: 21
Relpscost reduced domain, skip general disjunction branching
_____________________________________
Now starting branching with general disjunction
Current branching Node number: 21
Relpscost reduced domain, skip general disjunction branching
_____________________________________
Now starting branching with general disjunction
Current branching Node number: 21
Relpscost reduced domain, skip general disjunction branching
_____________________________________
Now starting branching with general disjunction
Current branching Node number: 21
Relpscost reduced domain, skip general disjunction branching
_____________________________________
Now starting branching with general disjunction
Current branching Node number: 21
Relpscost reduced domain, skip general disjunction branching
_____________________________________
Now starting branching with general disjunction
Current branching Node number: 21
Relpscost reduced domain, skip general disjunction branching
_____________________________________
Now starting branching with general disjunction
Current branching Node number: 20
LP objective value: 370.201
Node lower bound: 372.319
Node upper bound: 385.2
gap to the primal bound: 0.150931
Preck submodel is infeasible, continue branching
Time limit exceeded (1572.25s), stopping submodel solve loop
General disjunction: No feasible solution found, use SCIP default branching rule
_____________________________________
Now starting branching with general disjunction
Current branching Node number: 23
Relpscost reduced domain, skip general disjunction branching
_____________________________________
Now starting branching with general disjunction
Current branching Node number: 23
Relpscost reduced domain, skip general disjunction branching
_____________________________________
Now starting branching with general disjunction
Current branching Node number: 23
Relpscost reduced domain, skip general disjunction branching
_____________________________________
Now starting branching with general disjunction
Current branching Node number: 22
LP objective value: 371.517
Node lower bound: 372.319
Node upper bound: 385.2
gap to the primal bound: 0.150931
Preck submodel is infeasible, continue branching
Time limit exceeded (1609.35s), stopping submodel solve loop
General disjunction: No feasible solution found, use SCIP default branching rule
_____________________________________
Now starting branching with general disjunction
Current branching Node number: 25
Relpscost reduced domain, skip general disjunction branching
_____________________________________
Now starting branching with general disjunction
Current branching Node number: 25
Relpscost reduced domain, skip general disjunction branching
_____________________________________
Now starting branching with general disjunction
Current branching Node number: 25
Relpscost reduced domain, skip general disjunction branching
_____________________________________
Now starting branching with general disjunction
Current branching Node number: 25
Relpscost reduced domain, skip general disjunction branching
_____________________________________
Now starting branching with general disjunction
Current branching Node number: 25
Relpscost reduced domain, skip general disjunction branching
_____________________________________
Now starting branching with general disjunction
Current branching Node number: 25
Relpscost reduced domain, skip general disjunction branching
_____________________________________
Now starting branching with general disjunction
Current branching Node number: 25
Relpscost reduced domain, skip general disjunction branching
_____________________________________
Now starting branching with general disjunction
Current branching Node number: 25
Relpscost reduced domain, skip general disjunction branching
_____________________________________
Now starting branching with general disjunction
Current branching Node number: 25
Relpscost reduced domain, skip general disjunction branching
_____________________________________
Now starting branching with general disjunction
Current branching Node number: 25
Relpscost reduced domain, skip general disjunction branching
_____________________________________
Now starting branching with general disjunction
Current branching Node number: 25
Relpscost reduced domain, skip general disjunction branching
_____________________________________
Now starting branching with general disjunction
Current branching Node number: 25
Relpscost reduced domain, skip general disjunction branching
_____________________________________
Now starting branching with general disjunction
Current branching Node number: 25
Relpscost reduced domain, skip general disjunction branching
_____________________________________
Now starting branching with general disjunction
Current branching Node number: 25
Relpscost reduced domain, skip general disjunction branching
_____________________________________
Now starting branching with general disjunction
Current branching Node number: 25
Relpscost reduced domain, skip general disjunction branching
_____________________________________
Now starting branching with general disjunction
Current branching Node number: 25
Relpscost reduced domain, skip general disjunction branching
_____________________________________
Now starting branching with general disjunction
Current branching Node number: 25
Relpscost reduced domain, skip general disjunction branching
_____________________________________
Now starting branching with general disjunction
Current branching Node number: 25
Relpscost reduced domain, skip general disjunction branching
_____________________________________
Now starting branching with general disjunction
Current branching Node number: 25
Relpscost reduced domain, skip general disjunction branching
_____________________________________
Now starting branching with general disjunction
Current branching Node number: 25
Relpscost reduced domain, skip general disjunction branching
_____________________________________
Now starting branching with general disjunction
Current branching Node number: 25
Relpscost reduced domain, skip general disjunction branching
_____________________________________
Now starting branching with general disjunction
Current branching Node number: 25
Relpscost reduced domain, skip general disjunction branching
_____________________________________
Now starting branching with general disjunction
Current branching Node number: 24
Relpscost reduced domain, skip general disjunction branching
_____________________________________
Now starting branching with general disjunction
Current branching Node number: 24
Relpscost reduced domain, skip general disjunction branching
_____________________________________
Now starting branching with general disjunction
Current branching Node number: 24
LP objective value: 373.411
Node lower bound: 379.962
Node upper bound: 385.2
gap to the primal bound: 0.150931
Preck submodel is infeasible, continue branching
Time limit exceeded (1466.62s), stopping submodel solve loop
General disjunction: No feasible solution found, use SCIP default branching rule
_____________________________________
Now starting branching with general disjunction
Current branching Node number: 27
Relpscost reduced domain, skip general disjunction branching
_____________________________________
Now starting branching with general disjunction
Current branching Node number: 27
Relpscost reduced domain, skip general disjunction branching
_____________________________________
Now starting branching with general disjunction
Current branching Node number: 27
Relpscost reduced domain, skip general disjunction branching
_____________________________________
Now starting branching with general disjunction
Current branching Node number: 27
Relpscost reduced domain, skip general disjunction branching
_____________________________________
Now starting branching with general disjunction
Current branching Node number: 27
Relpscost reduced domain, skip general disjunction branching
_____________________________________
Now starting branching with general disjunction
Current branching Node number: 27
Relpscost reduced domain, skip general disjunction branching
_____________________________________
Now starting branching with general disjunction
Current branching Node number: 26
Relpscost reduced domain, skip general disjunction branching
_____________________________________
Now starting branching with general disjunction
Current branching Node number: 12
LP objective value: 334.685
Node lower bound: 334.685
Node upper bound: 385.2
gap to the primal bound: 0.15093
Preck submodel is infeasible, continue branching
Time limit exceeded (1000.39s), stopping submodel solve loop
General disjunction: No feasible solution found, use SCIP default branching rule
_____________________________________
Now starting branching with general disjunction
Current branching Node number: 29
LP objective value: 335.062
Node lower bound: 336.721
Node upper bound: 385.2
gap to the primal bound: 0.15093
Preck submodel is infeasible, continue branching
Time limit exceeded (1000.4s), stopping submodel solve loop
General disjunction: No feasible solution found, use SCIP default branching rule
_____________________________________
Now starting branching with general disjunction
Current branching Node number: 29
LP objective value: 345.487
Node lower bound: 345.651
Node upper bound: 385.2
gap to the primal bound: 0.15093
Preck submodel is infeasible, continue branching
Time limit exceeded (1865.65s), stopping submodel solve loop
General disjunction: No feasible solution found, use SCIP default branching rule
_____________________________________
Now starting branching with general disjunction
Current branching Node number: 31
Relpscost reduced domain, skip general disjunction branching
_____________________________________
Now starting branching with general disjunction
Current branching Node number: 31
Relpscost reduced domain, skip general disjunction branching
_____________________________________
Now starting branching with general disjunction
Current branching Node number: 31
Relpscost reduced domain, skip general disjunction branching
_____________________________________
Now starting branching with general disjunction
Current branching Node number: 31
Relpscost reduced domain, skip general disjunction branching
_____________________________________
Now starting branching with general disjunction
Current branching Node number: 31
Relpscost reduced domain, skip general disjunction branching
_____________________________________
Now starting branching with general disjunction
Current branching Node number: 31
Relpscost reduced domain, skip general disjunction branching
_____________________________________
Now starting branching with general disjunction
Current branching Node number: 31
Relpscost reduced domain, skip general disjunction branching
_____________________________________
Now starting branching with general disjunction
Current branching Node number: 31
Relpscost reduced domain, skip general disjunction branching
_____________________________________
Now starting branching with general disjunction
Current branching Node number: 31
Relpscost reduced domain, skip general disjunction branching
_____________________________________
Now starting branching with general disjunction
Current branching Node number: 31
Relpscost reduced domain, skip general disjunction branching
_____________________________________
Now starting branching with general disjunction
Current branching Node number: 31
Relpscost reduced domain, skip general disjunction branching
_____________________________________
Now starting branching with general disjunction
Current branching Node number: 31
Relpscost reduced domain, skip general disjunction branching
_____________________________________
Now starting branching with general disjunction
Current branching Node number: 31
Relpscost reduced domain, skip general disjunction branching
_____________________________________
Now starting branching with general disjunction
Current branching Node number: 31
Relpscost reduced domain, skip general disjunction branching
_____________________________________
Now starting branching with general disjunction
Current branching Node number: 31
Relpscost reduced domain, skip general disjunction branching
_____________________________________
Now starting branching with general disjunction
Current branching Node number: 31
Relpscost reduced domain, skip general disjunction branching
_____________________________________
Now starting branching with general disjunction
Current branching Node number: 31
Relpscost reduced domain, skip general disjunction branching
_____________________________________
Now starting branching with general disjunction
Current branching Node number: 31
Relpscost reduced domain, skip general disjunction branching
_____________________________________
Now starting branching with general disjunction
Current branching Node number: 31
Relpscost reduced domain, skip general disjunction branching
_____________________________________
Now starting branching with general disjunction
Current branching Node number: 31
Relpscost reduced domain, skip general disjunction branching
_____________________________________
Now starting branching with general disjunction
Current branching Node number: 31
Relpscost reduced domain, skip general disjunction branching
_____________________________________
Now starting branching with general disjunction
Current branching Node number: 31
Relpscost reduced domain, skip general disjunction branching
_____________________________________
Now starting branching with general disjunction
Current branching Node number: 31
Relpscost reduced domain, skip general disjunction branching
_____________________________________
Now starting branching with general disjunction
Current branching Node number: 31
Relpscost reduced domain, skip general disjunction branching
_____________________________________
Now starting branching with general disjunction
Current branching Node number: 31
Relpscost reduced domain, skip general disjunction branching
_____________________________________
Now starting branching with general disjunction
Current branching Node number: 31
Relpscost reduced domain, skip general disjunction branching
_____________________________________
Now starting branching with general disjunction
Current branching Node number: 31
Relpscost reduced domain, skip general disjunction branching
_____________________________________
Now starting branching with general disjunction
Current branching Node number: 31
Relpscost reduced domain, skip general disjunction branching
_____________________________________
Now starting branching with general disjunction
Current branching Node number: 31
Relpscost reduced domain, skip general disjunction branching
_____________________________________
Now starting branching with general disjunction
Current branching Node number: 31
Relpscost reduced domain, skip general disjunction branching
_____________________________________
Now starting branching with general disjunction
Current branching Node number: 31
Relpscost reduced domain, skip general disjunction branching
_____________________________________
Now starting branching with general disjunction
Current branching Node number: 31
Relpscost reduced domain, skip general disjunction branching
_____________________________________
Now starting branching with general disjunction
Current branching Node number: 31
Relpscost reduced domain, skip general disjunction branching
_____________________________________
Now starting branching with general disjunction
Current branching Node number: 30
LP objective value: 360.923
Node lower bound: 362.444
Node upper bound: 385.2
gap to the primal bound: 0.15093
Preck submodel is infeasible, continue branching
Time limit exceeded (1270.06s), stopping submodel solve loop
General disjunction: No feasible solution found, use SCIP default branching rule
_____________________________________
Now starting branching with general disjunction
Current branching Node number: 33
Relpscost reduced domain, skip general disjunction branching
_____________________________________
Now starting branching with general disjunction
Current branching Node number: 32
LP objective value: 361.498
Node lower bound: 362.444
Node upper bound: 385.2
gap to the primal bound: 0.15093
Preck submodel is infeasible, continue branching
Time limit exceeded (1831.64s), stopping submodel solve loop
General disjunction: No feasible solution found, use SCIP default branching rule
_____________________________________
Now starting branching with general disjunction
Current branching Node number: 35
Relpscost reduced domain, skip general disjunction branching
_____________________________________
Now starting branching with general disjunction
Current branching Node number: 35
Relpscost reduced domain, skip general disjunction branching
_____________________________________
Now starting branching with general disjunction
Current branching Node number: 35
Relpscost reduced domain, skip general disjunction branching
_____________________________________
Now starting branching with general disjunction
Current branching Node number: 35
Relpscost reduced domain, skip general disjunction branching
_____________________________________
Now starting branching with general disjunction
Current branching Node number: 35
Relpscost reduced domain, skip general disjunction branching
_____________________________________
Now starting branching with general disjunction
Current branching Node number: 35
Relpscost reduced domain, skip general disjunction branching
_____________________________________
Now starting branching with general disjunction
Current branching Node number: 35
Relpscost reduced domain, skip general disjunction branching
_____________________________________
Now starting branching with general disjunction
Current branching Node number: 35
Relpscost reduced domain, skip general disjunction branching
_____________________________________
Now starting branching with general disjunction
Current branching Node number: 35
Relpscost reduced domain, skip general disjunction branching
_____________________________________
Now starting branching with general disjunction
Current branching Node number: 35
Relpscost reduced domain, skip general disjunction branching
_____________________________________
Now starting branching with general disjunction
Current branching Node number: 35
Relpscost reduced domain, skip general disjunction branching
_____________________________________
Now starting branching with general disjunction
Current branching Node number: 35
Relpscost reduced domain, skip general disjunction branching
_____________________________________
Now starting branching with general disjunction
Current branching Node number: 35
Relpscost reduced domain, skip general disjunction branching
_____________________________________
Now starting branching with general disjunction
Current branching Node number: 35
Relpscost reduced domain, skip general disjunction branching
_____________________________________
Now starting branching with general disjunction
Current branching Node number: 35
Relpscost reduced domain, skip general disjunction branching
_____________________________________
Now starting branching with general disjunction
Current branching Node number: 35
Relpscost reduced domain, skip general disjunction branching
_____________________________________
Now starting branching with general disjunction
Current branching Node number: 35
Relpscost reduced domain, skip general disjunction branching
_____________________________________
Now starting branching with general disjunction
Current branching Node number: 35
Relpscost reduced domain, skip general disjunction branching
_____________________________________
Now starting branching with general disjunction
Current branching Node number: 35
Relpscost reduced domain, skip general disjunction branching
_____________________________________
Now starting branching with general disjunction
Current branching Node number: 35
Relpscost reduced domain, skip general disjunction branching
_____________________________________
Now starting branching with general disjunction
Current branching Node number: 35
Relpscost reduced domain, skip general disjunction branching
_____________________________________
Now starting branching with general disjunction
Current branching Node number: 34
LP objective value: 362.245
Node lower bound: 366.081
Node upper bound: 385.2
gap to the primal bound: 0.15093
Preck submodel is infeasible, continue branching
Time limit exceeded (1790.43s), stopping submodel solve loop
General disjunction: No feasible solution found, use SCIP default branching rule
_____________________________________
Now starting branching with general disjunction
Current branching Node number: 37
Relpscost reduced domain, skip general disjunction branching
_____________________________________
Now starting branching with general disjunction
Current branching Node number: 37
Relpscost reduced domain, skip general disjunction branching
_____________________________________
Now starting branching with general disjunction
Current branching Node number: 36
LP objective value: 363.767
Node lower bound: 366.284
Node upper bound: 385.2
gap to the primal bound: 0.15093
Preck submodel is infeasible, continue branching
Time limit exceeded (1282.93s), stopping submodel solve loop
General disjunction: No feasible solution found, use SCIP default branching rule
_____________________________________
Now starting branching with general disjunction
Current branching Node number: 39
Relpscost reduced domain, skip general disjunction branching
_____________________________________
Now starting branching with general disjunction
Current branching Node number: 38
Relpscost reduced domain, skip general disjunction branching
_____________________________________
Now starting branching with general disjunction
Current branching Node number: 38
Relpscost reduced domain, skip general disjunction branching
_____________________________________
Now starting branching with general disjunction
Current branching Node number: 38
Relpscost reduced domain, skip general disjunction branching
_____________________________________
Now starting branching with general disjunction
Current branching Node number: 38
Relpscost reduced domain, skip general disjunction branching
_____________________________________
Now starting branching with general disjunction
Current branching Node number: 38
Relpscost reduced domain, skip general disjunction branching
_____________________________________
Now starting branching with general disjunction
Current branching Node number: 38
Relpscost reduced domain, skip general disjunction branching
_____________________________________
Now starting branching with general disjunction
Current branching Node number: 38
Relpscost reduced domain, skip general disjunction branching
_____________________________________
Now starting branching with general disjunction
Current branching Node number: 38
Relpscost reduced domain, skip general disjunction branching
_____________________________________
Now starting branching with general disjunction
Current branching Node number: 38
Relpscost reduced domain, skip general disjunction branching
_____________________________________
Now starting branching with general disjunction
Current branching Node number: 38
Relpscost reduced domain, skip general disjunction branching
_____________________________________
Now starting branching with general disjunction
Current branching Node number: 38
Relpscost reduced domain, skip general disjunction branching
_____________________________________
Now starting branching with general disjunction
Current branching Node number: 38
Relpscost reduced domain, skip general disjunction branching
_____________________________________
Now starting branching with general disjunction
Current branching Node number: 38
Relpscost reduced domain, skip general disjunction branching
_____________________________________
Now starting branching with general disjunction
Current branching Node number: 38
Relpscost reduced domain, skip general disjunction branching
_____________________________________
Now starting branching with general disjunction
Current branching Node number: 38
Relpscost reduced domain, skip general disjunction branching
_____________________________________
Now starting branching with general disjunction
Current branching Node number: 38
Relpscost reduced domain, skip general disjunction branching
_____________________________________
Now starting branching with general disjunction
Current branching Node number: 38
Relpscost reduced domain, skip general disjunction branching
_____________________________________
Now starting branching with general disjunction
Current branching Node number: 38
Relpscost reduced domain, skip general disjunction branching
_____________________________________
Now starting branching with general disjunction
Current branching Node number: 38
Relpscost reduced domain, skip general disjunction branching
_____________________________________
Now starting branching with general disjunction
Current branching Node number: 38
Relpscost reduced domain, skip general disjunction branching
_____________________________________
Now starting branching with general disjunction
Current branching Node number: 38
Relpscost reduced domain, skip general disjunction branching
_____________________________________
Now starting branching with general disjunction
Current branching Node number: 38
Relpscost reduced domain, skip general disjunction branching
_____________________________________
Now starting branching with general disjunction
Current branching Node number: 38
Relpscost reduced domain, skip general disjunction branching
_____________________________________
Now starting branching with general disjunction
Current branching Node number: 38
Relpscost reduced domain, skip general disjunction branching
_____________________________________
Now starting branching with general disjunction
Current branching Node number: 38
Relpscost reduced domain, skip general disjunction branching
_____________________________________
Now starting branching with general disjunction
Current branching Node number: 38
Relpscost reduced domain, skip general disjunction branching
_____________________________________
Now starting branching with general disjunction
Current branching Node number: 38
Relpscost reduced domain, skip general disjunction branching
_____________________________________
Now starting branching with general disjunction
Current branching Node number: 38
Relpscost reduced domain, skip general disjunction branching
_____________________________________
Now starting branching with general disjunction
Current branching Node number: 38
Relpscost reduced domain, skip general disjunction branching
_____________________________________
Now starting branching with general disjunction
Current branching Node number: 38
Relpscost reduced domain, skip general disjunction branching
_____________________________________
Now starting branching with general disjunction
Current branching Node number: 38
Relpscost reduced domain, skip general disjunction branching
_____________________________________
Now starting branching with general disjunction
Current branching Node number: 38
Relpscost reduced domain, skip general disjunction branching
_____________________________________
Now starting branching with general disjunction
Current branching Node number: 38
Relpscost reduced domain, skip general disjunction branching
_____________________________________
Now starting branching with general disjunction
Current branching Node number: 38
Relpscost reduced domain, skip general disjunction branching
_____________________________________
Now starting branching with general disjunction
Current branching Node number: 38
Relpscost reduced domain, skip general disjunction branching
_____________________________________
Now starting branching with general disjunction
Current branching Node number: 38
Relpscost reduced domain, skip general disjunction branching
_____________________________________
Now starting branching with general disjunction
Current branching Node number: 38
Relpscost reduced domain, skip general disjunction branching
_____________________________________
Now starting branching with general disjunction
Current branching Node number: 38
Relpscost reduced domain, skip general disjunction branching
_____________________________________
Now starting branching with general disjunction
Current branching Node number: 38
Relpscost reduced domain, skip general disjunction branching
_____________________________________
Now starting branching with general disjunction
Current branching Node number: 38
Relpscost reduced domain, skip general disjunction branching
_____________________________________
Now starting branching with general disjunction
Current branching Node number: 38
Relpscost reduced domain, skip general disjunction branching
_____________________________________
Now starting branching with general disjunction
Current branching Node number: 38
Relpscost reduced domain, skip general disjunction branching
_____________________________________
Now starting branching with general disjunction
Current branching Node number: 38
Relpscost reduced domain, skip general disjunction branching
_____________________________________
Now starting branching with general disjunction
Current branching Node number: 38
Relpscost reduced domain, skip general disjunction branching
_____________________________________
Now starting branching with general disjunction
Current branching Node number: 38
Relpscost reduced domain, skip general disjunction branching
_____________________________________
Now starting branching with general disjunction
Current branching Node number: 38
Relpscost reduced domain, skip general disjunction branching
_____________________________________
Now starting branching with general disjunction
Current branching Node number: 38
Relpscost reduced domain, skip general disjunction branching
_____________________________________
Now starting branching with general disjunction
Current branching Node number: 38
Relpscost reduced domain, skip general disjunction branching
_____________________________________
Now starting branching with general disjunction
Current branching Node number: 38
Relpscost reduced domain, skip general disjunction branching
_____________________________________
Now starting branching with general disjunction
Current branching Node number: 38
Relpscost reduced domain, skip general disjunction branching
_____________________________________
Now starting branching with general disjunction
Current branching Node number: 38
Relpscost reduced domain, skip general disjunction branching
_____________________________________
Now starting branching with general disjunction
Current branching Node number: 38
Relpscost reduced domain, skip general disjunction branching
_____________________________________
Now starting branching with general disjunction
Current branching Node number: 38
Relpscost reduced domain, skip general disjunction branching
_____________________________________
Now starting branching with general disjunction
Current branching Node number: 38
Relpscost reduced domain, skip general disjunction branching
_____________________________________
Now starting branching with general disjunction
Current branching Node number: 38
Relpscost reduced domain, skip general disjunction branching
_____________________________________
Now starting branching with general disjunction
Current branching Node number: 38
LP objective value: 369.291
Node lower bound: 369.291
Node upper bound: 385.2
gap to the primal bound: 0.15093
Preck submodel is infeasible, continue branching
Time limit exceeded (1222.08s), stopping submodel solve loop
General disjunction: No feasible solution found, use SCIP default branching rule
_____________________________________
Now starting branching with general disjunction
Current branching Node number: 41
Relpscost reduced domain, skip general disjunction branching
_____________________________________
Now starting branching with general disjunction
Current branching Node number: 41
Relpscost reduced domain, skip general disjunction branching
_____________________________________
Now starting branching with general disjunction
Current branching Node number: 41
Relpscost reduced domain, skip general disjunction branching
_____________________________________
Now starting branching with general disjunction
Current branching Node number: 41
Relpscost reduced domain, skip general disjunction branching
_____________________________________
Now starting branching with general disjunction
Current branching Node number: 41
Relpscost reduced domain, skip general disjunction branching
_____________________________________
Now starting branching with general disjunction
Current branching Node number: 41
Relpscost reduced domain, skip general disjunction branching
_____________________________________
Now starting branching with general disjunction
Current branching Node number: 41
Relpscost reduced domain, skip general disjunction branching
_____________________________________
Now starting branching with general disjunction
Current branching Node number: 41
Relpscost reduced domain, skip general disjunction branching
_____________________________________
Now starting branching with general disjunction
Current branching Node number: 41
Relpscost reduced domain, skip general disjunction branching
_____________________________________
Now starting branching with general disjunction
Current branching Node number: 41
Relpscost reduced domain, skip general disjunction branching
_____________________________________
Now starting branching with general disjunction
Current branching Node number: 41
Relpscost reduced domain, skip general disjunction branching
_____________________________________
Now starting branching with general disjunction
Current branching Node number: 41
Relpscost reduced domain, skip general disjunction branching
_____________________________________
Now starting branching with general disjunction
Current branching Node number: 41
Relpscost reduced domain, skip general disjunction branching
_____________________________________
Now starting branching with general disjunction
Current branching Node number: 41
Relpscost reduced domain, skip general disjunction branching
_____________________________________
Now starting branching with general disjunction
Current branching Node number: 41
Relpscost reduced domain, skip general disjunction branching
_____________________________________
Now starting branching with general disjunction
Current branching Node number: 40
Relpscost reduced domain, skip general disjunction branching
_____________________________________
Now starting branching with general disjunction
Current branching Node number: 40
Relpscost reduced domain, skip general disjunction branching
_____________________________________
Now starting branching with general disjunction
Current branching Node number: 40
Relpscost reduced domain, skip general disjunction branching
_____________________________________
Now starting branching with general disjunction
Current branching Node number: 40
Relpscost reduced domain, skip general disjunction branching
_____________________________________
Now starting branching with general disjunction
Current branching Node number: 40
Relpscost reduced domain, skip general disjunction branching
_____________________________________
Now starting branching with general disjunction
Current branching Node number: 40
Relpscost reduced domain, skip general disjunction branching
_____________________________________
Now starting branching with general disjunction
Current branching Node number: 40
Relpscost reduced domain, skip general disjunction branching
_____________________________________
Now starting branching with general disjunction
Current branching Node number: 40
Relpscost reduced domain, skip general disjunction branching
_____________________________________
Now starting branching with general disjunction
Current branching Node number: 40
Relpscost reduced domain, skip general disjunction branching
_____________________________________
Now starting branching with general disjunction
Current branching Node number: 40
Relpscost reduced domain, skip general disjunction branching
_____________________________________
Now starting branching with general disjunction
Current branching Node number: 40
Relpscost reduced domain, skip general disjunction branching
_____________________________________
Now starting branching with general disjunction
Current branching Node number: 40
Relpscost reduced domain, skip general disjunction branching
_____________________________________
Now starting branching with general disjunction
Current branching Node number: 40
Relpscost reduced domain, skip general disjunction branching
_____________________________________
Now starting branching with general disjunction
Current branching Node number: 40
Relpscost reduced domain, skip general disjunction branching
_____________________________________
Now starting branching with general disjunction
Current branching Node number: 40
Relpscost reduced domain, skip general disjunction branching
_____________________________________
Now starting branching with general disjunction
Current branching Node number: 40
Relpscost reduced domain, skip general disjunction branching
_____________________________________
Now starting branching with general disjunction
Current branching Node number: 40
Relpscost reduced domain, skip general disjunction branching
_____________________________________
Now starting branching with general disjunction
Current branching Node number: 40
Relpscost reduced domain, skip general disjunction branching
_____________________________________
Now starting branching with general disjunction
Current branching Node number: 40
Relpscost reduced domain, skip general disjunction branching
_____________________________________
Now starting branching with general disjunction
Current branching Node number: 40
Relpscost reduced domain, skip general disjunction branching
_____________________________________
Now starting branching with general disjunction
Current branching Node number: 40
Relpscost reduced domain, skip general disjunction branching
_____________________________________
Now starting branching with general disjunction
Current branching Node number: 40
Relpscost reduced domain, skip general disjunction branching
_____________________________________
Now starting branching with general disjunction
Current branching Node number: 40
Relpscost reduced domain, skip general disjunction branching
_____________________________________
Now starting branching with general disjunction
Current branching Node number: 40
Relpscost reduced domain, skip general disjunction branching
_____________________________________
Now starting branching with general disjunction
Current branching Node number: 40
Relpscost reduced domain, skip general disjunction branching
_____________________________________
Now starting branching with general disjunction
Current branching Node number: 40
Relpscost reduced domain, skip general disjunction branching
_____________________________________
Now starting branching with general disjunction
Current branching Node number: 40
Relpscost reduced domain, skip general disjunction branching
_____________________________________
Now starting branching with general disjunction
Current branching Node number: 40
Relpscost reduced domain, skip general disjunction branching
_____________________________________
Now starting branching with general disjunction
Current branching Node number: 40
Relpscost reduced domain, skip general disjunction branching
_____________________________________
Now starting branching with general disjunction
Current branching Node number: 40
Relpscost reduced domain, skip general disjunction branching
_____________________________________
Now starting branching with general disjunction
Current branching Node number: 40
Relpscost reduced domain, skip general disjunction branching
_____________________________________
Now starting branching with general disjunction
Current branching Node number: 40
Relpscost reduced domain, skip general disjunction branching
_____________________________________
Now starting branching with general disjunction
Current branching Node number: 28
LP objective value: 334.685
Node lower bound: 334.686
Node upper bound: 385.2
gap to the primal bound: 0.150928
Preck submodel is infeasible, continue branching
Time limit exceeded (1000.49s), stopping submodel solve loop
General disjunction: No feasible solution found, use SCIP default branching rule
_____________________________________
Now starting branching with general disjunction
Current branching Node number: 43
LP objective value: 346.931
Node lower bound: 346.932
Node upper bound: 385.2
gap to the primal bound: 0.150928
Preck submodel is infeasible, continue branching
Time limit exceeded (1000.42s), stopping submodel solve loop
General disjunction: No feasible solution found, use SCIP default branching rule
_____________________________________
Now starting branching with general disjunction
Current branching Node number: 45
LP objective value: 358.62
Node lower bound: 358.62
Node upper bound: 385.2
gap to the primal bound: 0.150928
Preck submodel is infeasible, continue branching
Time limit exceeded (1000.38s), stopping submodel solve loop
General disjunction: No feasible solution found, use SCIP default branching rule
_____________________________________
Now starting branching with general disjunction
Current branching Node number: 47
Relpscost reduced domain, skip general disjunction branching
_____________________________________
Now starting branching with general disjunction
Current branching Node number: 47
Relpscost reduced domain, skip general disjunction branching
_____________________________________
Now starting branching with general disjunction
Current branching Node number: 47
Relpscost reduced domain, skip general disjunction branching
_____________________________________
Now starting branching with general disjunction
Current branching Node number: 47
Relpscost reduced domain, skip general disjunction branching
_____________________________________
Now starting branching with general disjunction
Current branching Node number: 47
Relpscost reduced domain, skip general disjunction branching
_____________________________________
Now starting branching with general disjunction
Current branching Node number: 47
Relpscost reduced domain, skip general disjunction branching
_____________________________________
Now starting branching with general disjunction
Current branching Node number: 47
Relpscost reduced domain, skip general disjunction branching
_____________________________________
Now starting branching with general disjunction
Current branching Node number: 47
Relpscost reduced domain, skip general disjunction branching
_____________________________________
Now starting branching with general disjunction
Current branching Node number: 47
Relpscost reduced domain, skip general disjunction branching
_____________________________________
Now starting branching with general disjunction
Current branching Node number: 47
Relpscost reduced domain, skip general disjunction branching
_____________________________________
Now starting branching with general disjunction
Current branching Node number: 47
Relpscost reduced domain, skip general disjunction branching
_____________________________________
Now starting branching with general disjunction
Current branching Node number: 47
Relpscost reduced domain, skip general disjunction branching
_____________________________________
Now starting branching with general disjunction
Current branching Node number: 47
Relpscost reduced domain, skip general disjunction branching
_____________________________________
Now starting branching with general disjunction
Current branching Node number: 47
Relpscost reduced domain, skip general disjunction branching
_____________________________________
Now starting branching with general disjunction
Current branching Node number: 47
Relpscost reduced domain, skip general disjunction branching
_____________________________________
Now starting branching with general disjunction
Current branching Node number: 47
Relpscost reduced domain, skip general disjunction branching
_____________________________________
Now starting branching with general disjunction
Current branching Node number: 47
Relpscost reduced domain, skip general disjunction branching
_____________________________________
Now starting branching with general disjunction
Current branching Node number: 47
Relpscost reduced domain, skip general disjunction branching
_____________________________________
Now starting branching with general disjunction
Current branching Node number: 47
Relpscost reduced domain, skip general disjunction branching
_____________________________________
Now starting branching with general disjunction
Current branching Node number: 47
Relpscost reduced domain, skip general disjunction branching
_____________________________________
Now starting branching with general disjunction
Current branching Node number: 47
Relpscost reduced domain, skip general disjunction branching
_____________________________________
Now starting branching with general disjunction
Current branching Node number: 47
Relpscost reduced domain, skip general disjunction branching
_____________________________________
Now starting branching with general disjunction
Current branching Node number: 47
Relpscost reduced domain, skip general disjunction branching
_____________________________________
Now starting branching with general disjunction
Current branching Node number: 47
Relpscost reduced domain, skip general disjunction branching
_____________________________________
Now starting branching with general disjunction
Current branching Node number: 47
Relpscost reduced domain, skip general disjunction branching
_____________________________________
Now starting branching with general disjunction
Current branching Node number: 47
Relpscost reduced domain, skip general disjunction branching
_____________________________________
Now starting branching with general disjunction
Current branching Node number: 47
Relpscost reduced domain, skip general disjunction branching
_____________________________________
Now starting branching with general disjunction
Current branching Node number: 47
Relpscost reduced domain, skip general disjunction branching
_____________________________________
Now starting branching with general disjunction
Current branching Node number: 47
Relpscost reduced domain, skip general disjunction branching
_____________________________________
Now starting branching with general disjunction
Current branching Node number: 47
Relpscost reduced domain, skip general disjunction branching
_____________________________________
Now starting branching with general disjunction
Current branching Node number: 47
Relpscost reduced domain, skip general disjunction branching
_____________________________________
Now starting branching with general disjunction
Current branching Node number: 47
Relpscost reduced domain, skip general disjunction branching
_____________________________________
Now starting branching with general disjunction
Current branching Node number: 47
Relpscost reduced domain, skip general disjunction branching
_____________________________________
Now starting branching with general disjunction
Current branching Node number: 47
Relpscost reduced domain, skip general disjunction branching
_____________________________________
Now starting branching with general disjunction
Current branching Node number: 47
Relpscost reduced domain, skip general disjunction branching
_____________________________________
Now starting branching with general disjunction
Current branching Node number: 47
Relpscost reduced domain, skip general disjunction branching
_____________________________________
Now starting branching with general disjunction
Current branching Node number: 47
Relpscost reduced domain, skip general disjunction branching
_____________________________________
Now starting branching with general disjunction
Current branching Node number: 47
Relpscost reduced domain, skip general disjunction branching
_____________________________________
Now starting branching with general disjunction
Current branching Node number: 47
Relpscost reduced domain, skip general disjunction branching
_____________________________________
Now starting branching with general disjunction
Current branching Node number: 47
Relpscost reduced domain, skip general disjunction branching
_____________________________________
Now starting branching with general disjunction
Current branching Node number: 47
Relpscost reduced domain, skip general disjunction branching
_____________________________________
Now starting branching with general disjunction
Current branching Node number: 47
Relpscost reduced domain, skip general disjunction branching
_____________________________________
Now starting branching with general disjunction
Current branching Node number: 47
Relpscost reduced domain, skip general disjunction branching
_____________________________________
Now starting branching with general disjunction
Current branching Node number: 47
Relpscost reduced domain, skip general disjunction branching
_____________________________________
Now starting branching with general disjunction
Current branching Node number: 47
Relpscost reduced domain, skip general disjunction branching
_____________________________________
Now starting branching with general disjunction
Current branching Node number: 47
Relpscost reduced domain, skip general disjunction branching
_____________________________________
Now starting branching with general disjunction
Current branching Node number: 47
Relpscost reduced domain, skip general disjunction branching
_____________________________________
Now starting branching with general disjunction
Current branching Node number: 47
Relpscost reduced domain, skip general disjunction branching
_____________________________________
Now starting branching with general disjunction
Current branching Node number: 47
Relpscost reduced domain, skip general disjunction branching
_____________________________________
Now starting branching with general disjunction
Current branching Node number: 47
Relpscost reduced domain, skip general disjunction branching
_____________________________________
Now starting branching with general disjunction
Current branching Node number: 46
LP objective value: 358.62
Node lower bound: 358.621
Node upper bound: 385.2
gap to the primal bound: 0.150928
Preck submodel is infeasible, continue branching
Time limit exceeded (1000.42s), stopping submodel solve loop
General disjunction: No feasible solution found, use SCIP default branching rule
_____________________________________
Now starting branching with general disjunction
Current branching Node number: 49
Relpscost reduced domain, skip general disjunction branching
_____________________________________
Now starting branching with general disjunction
Current branching Node number: 49
Relpscost reduced domain, skip general disjunction branching
_____________________________________
Now starting branching with general disjunction
Current branching Node number: 49
Relpscost reduced domain, skip general disjunction branching
_____________________________________
Now starting branching with general disjunction
Current branching Node number: 49
Relpscost reduced domain, skip general disjunction branching
_____________________________________
Now starting branching with general disjunction
Current branching Node number: 49
Relpscost reduced domain, skip general disjunction branching
_____________________________________
Now starting branching with general disjunction
Current branching Node number: 49
Relpscost reduced domain, skip general disjunction branching
_____________________________________
Now starting branching with general disjunction
Current branching Node number: 49
Relpscost reduced domain, skip general disjunction branching
_____________________________________
Now starting branching with general disjunction
Current branching Node number: 49
Relpscost reduced domain, skip general disjunction branching
_____________________________________
Now starting branching with general disjunction
Current branching Node number: 49
Relpscost reduced domain, skip general disjunction branching
_____________________________________
Now starting branching with general disjunction
Current branching Node number: 49
Relpscost reduced domain, skip general disjunction branching
_____________________________________
Now starting branching with general disjunction
Current branching Node number: 49
Relpscost reduced domain, skip general disjunction branching
_____________________________________
Now starting branching with general disjunction
Current branching Node number: 49
Relpscost reduced domain, skip general disjunction branching
_____________________________________
Now starting branching with general disjunction
Current branching Node number: 49
Relpscost reduced domain, skip general disjunction branching
_____________________________________
Now starting branching with general disjunction
Current branching Node number: 49
Relpscost reduced domain, skip general disjunction branching
_____________________________________
Now starting branching with general disjunction
Current branching Node number: 49
Relpscost reduced domain, skip general disjunction branching
_____________________________________
Now starting branching with general disjunction
Current branching Node number: 49
Relpscost reduced domain, skip general disjunction branching
_____________________________________
Now starting branching with general disjunction
Current branching Node number: 49
Relpscost reduced domain, skip general disjunction branching
_____________________________________
Now starting branching with general disjunction
Current branching Node number: 49
Relpscost reduced domain, skip general disjunction branching
_____________________________________
Now starting branching with general disjunction
Current branching Node number: 49
Relpscost reduced domain, skip general disjunction branching
_____________________________________
Now starting branching with general disjunction
Current branching Node number: 49
Relpscost reduced domain, skip general disjunction branching
_____________________________________
Now starting branching with general disjunction
Current branching Node number: 49
Relpscost reduced domain, skip general disjunction branching
_____________________________________
Now starting branching with general disjunction
Current branching Node number: 49
Relpscost reduced domain, skip general disjunction branching
_____________________________________
Now starting branching with general disjunction
Current branching Node number: 49
Relpscost reduced domain, skip general disjunction branching
_____________________________________
Now starting branching with general disjunction
Current branching Node number: 49
Relpscost reduced domain, skip general disjunction branching
_____________________________________
Now starting branching with general disjunction
Current branching Node number: 49
Relpscost reduced domain, skip general disjunction branching
_____________________________________
Now starting branching with general disjunction
Current branching Node number: 49
Relpscost reduced domain, skip general disjunction branching
_____________________________________
Now starting branching with general disjunction
Current branching Node number: 49
Relpscost reduced domain, skip general disjunction branching
_____________________________________
Now starting branching with general disjunction
Current branching Node number: 48
LP objective value: 358.621
Node lower bound: 358.678
Node upper bound: 385.2
gap to the primal bound: 0.150928
Preck submodel is infeasible, continue branching
Time limit exceeded (1808.85s), stopping submodel solve loop
General disjunction: No feasible solution found, use SCIP default branching rule
_____________________________________
Now starting branching with general disjunction
Current branching Node number: 51
Relpscost reduced domain, skip general disjunction branching
_____________________________________
Now starting branching with general disjunction
Current branching Node number: 51
Relpscost reduced domain, skip general disjunction branching
_____________________________________
Now starting branching with general disjunction
Current branching Node number: 51
Relpscost reduced domain, skip general disjunction branching
_____________________________________
Now starting branching with general disjunction
Current branching Node number: 51
Relpscost reduced domain, skip general disjunction branching
_____________________________________
Now starting branching with general disjunction
Current branching Node number: 51
Relpscost reduced domain, skip general disjunction branching
_____________________________________
Now starting branching with general disjunction
Current branching Node number: 51
Relpscost reduced domain, skip general disjunction branching
_____________________________________
Now starting branching with general disjunction
Current branching Node number: 51
Relpscost reduced domain, skip general disjunction branching
_____________________________________
Now starting branching with general disjunction
Current branching Node number: 51
Relpscost reduced domain, skip general disjunction branching
_____________________________________
Now starting branching with general disjunction
Current branching Node number: 51
Relpscost reduced domain, skip general disjunction branching
_____________________________________
Now starting branching with general disjunction
Current branching Node number: 51
Relpscost reduced domain, skip general disjunction branching
_____________________________________
Now starting branching with general disjunction
Current branching Node number: 51
Relpscost reduced domain, skip general disjunction branching
_____________________________________
Now starting branching with general disjunction
Current branching Node number: 51
Relpscost reduced domain, skip general disjunction branching
_____________________________________
Now starting branching with general disjunction
Current branching Node number: 51
Relpscost reduced domain, skip general disjunction branching
_____________________________________
Now starting branching with general disjunction
Current branching Node number: 51
Relpscost reduced domain, skip general disjunction branching
_____________________________________
Now starting branching with general disjunction
Current branching Node number: 51
Relpscost reduced domain, skip general disjunction branching
_____________________________________
Now starting branching with general disjunction
Current branching Node number: 51
Relpscost reduced domain, skip general disjunction branching
_____________________________________
Now starting branching with general disjunction
Current branching Node number: 51
Relpscost reduced domain, skip general disjunction branching
_____________________________________
Now starting branching with general disjunction
Current branching Node number: 51
Relpscost reduced domain, skip general disjunction branching
_____________________________________
Now starting branching with general disjunction
Current branching Node number: 51
Relpscost reduced domain, skip general disjunction branching
_____________________________________
Now starting branching with general disjunction
Current branching Node number: 51
Relpscost reduced domain, skip general disjunction branching
_____________________________________
Now starting branching with general disjunction
Current branching Node number: 51
Relpscost reduced domain, skip general disjunction branching
_____________________________________
Now starting branching with general disjunction
Current branching Node number: 51
Relpscost reduced domain, skip general disjunction branching
_____________________________________
Now starting branching with general disjunction
Current branching Node number: 51
Relpscost reduced domain, skip general disjunction branching
_____________________________________
Now starting branching with general disjunction
Current branching Node number: 51
Relpscost reduced domain, skip general disjunction branching
_____________________________________
Now starting branching with general disjunction
Current branching Node number: 51
Relpscost reduced domain, skip general disjunction branching
_____________________________________
Now starting branching with general disjunction
Current branching Node number: 51
Relpscost reduced domain, skip general disjunction branching
_____________________________________
Now starting branching with general disjunction
Current branching Node number: 51
Relpscost reduced domain, skip general disjunction branching
_____________________________________
Now starting branching with general disjunction
Current branching Node number: 51
Relpscost reduced domain, skip general disjunction branching
_____________________________________
Now starting branching with general disjunction
Current branching Node number: 51
Relpscost reduced domain, skip general disjunction branching
_____________________________________
Now starting branching with general disjunction
Current branching Node number: 51
Relpscost reduced domain, skip general disjunction branching
_____________________________________
Now starting branching with general disjunction
Current branching Node number: 51
Relpscost reduced domain, skip general disjunction branching
_____________________________________
Now starting branching with general disjunction
Current branching Node number: 51
Relpscost reduced domain, skip general disjunction branching
_____________________________________
Now starting branching with general disjunction
Current branching Node number: 51
Relpscost reduced domain, skip general disjunction branching
_____________________________________
Now starting branching with general disjunction
Current branching Node number: 51
Relpscost reduced domain, skip general disjunction branching
_____________________________________
Now starting branching with general disjunction
Current branching Node number: 51
Relpscost reduced domain, skip general disjunction branching
_____________________________________
Now starting branching with general disjunction
Current branching Node number: 51
Relpscost reduced domain, skip general disjunction branching
_____________________________________
Now starting branching with general disjunction
Current branching Node number: 51
Relpscost reduced domain, skip general disjunction branching
_____________________________________
Now starting branching with general disjunction
Current branching Node number: 51
Relpscost reduced domain, skip general disjunction branching
_____________________________________
Now starting branching with general disjunction
Current branching Node number: 50
LP objective value: 358.678
Node lower bound: 358.682
Node upper bound: 385.2
gap to the primal bound: 0.150928
Preck submodel is infeasible, continue branching
Time limit exceeded (1000.38s), stopping submodel solve loop
General disjunction: No feasible solution found, use SCIP default branching rule
_____________________________________
Now starting branching with general disjunction
Current branching Node number: 53
LP objective value: 365.202
Node lower bound: 365.206
Node upper bound: 385.2
gap to the primal bound: 0.150928
Preck submodel is infeasible, continue branching
Time limit exceeded (1000.43s), stopping submodel solve loop
General disjunction: No feasible solution found, use SCIP default branching rule
_____________________________________
Now starting branching with general disjunction
Current branching Node number: 55
LP objective value: 375.039
Node lower bound: 379.939
Node upper bound: 385.2
gap to the primal bound: 0.150928
Preck submodel is infeasible, continue branching
Time limit exceeded (1201.59s), stopping submodel solve loop
General disjunction: No feasible solution found, use SCIP default branching rule
_____________________________________
Now starting branching with general disjunction
Current branching Node number: 57
Relpscost reduced domain, skip general disjunction branching
_____________________________________
Now starting branching with general disjunction
Current branching Node number: 57
Relpscost reduced domain, skip general disjunction branching
_____________________________________
Now starting branching with general disjunction
Current branching Node number: 57
Relpscost reduced domain, skip general disjunction branching
_____________________________________
Now starting branching with general disjunction
Current branching Node number: 57
Relpscost reduced domain, skip general disjunction branching
_____________________________________
Now starting branching with general disjunction
Current branching Node number: 57
Relpscost reduced domain, skip general disjunction branching
_____________________________________
Now starting branching with general disjunction
Current branching Node number: 57
Relpscost reduced domain, skip general disjunction branching
_____________________________________
Now starting branching with general disjunction
Current branching Node number: 57
Relpscost reduced domain, skip general disjunction branching
_____________________________________
Now starting branching with general disjunction
Current branching Node number: 57
Relpscost reduced domain, skip general disjunction branching
_____________________________________
Now starting branching with general disjunction
Current branching Node number: 56
Relpscost reduced domain, skip general disjunction branching
_____________________________________
Now starting branching with general disjunction
Current branching Node number: 42
LP objective value: 334.709
Node lower bound: 334.749
Node upper bound: 385.2
gap to the primal bound: 0.150712
Preck submodel is infeasible, continue branching
Time limit exceeded (1000.32s), stopping submodel solve loop
General disjunction: No feasible solution found, use SCIP default branching rule
_____________________________________
Now starting branching with general disjunction
Current branching Node number: 59
LP objective value: 342.207
Node lower bound: 342.231
Node upper bound: 385.2
gap to the primal bound: 0.150712
Preck submodel is infeasible, continue branching
Time limit exceeded (1726.46s), stopping submodel solve loop
General disjunction: No feasible solution found, use SCIP default branching rule
_____________________________________
Now starting branching with general disjunction
Current branching Node number: 61
Relpscost reduced domain, skip general disjunction branching
_____________________________________
Now starting branching with general disjunction
Current branching Node number: 60
LP objective value: 342.231
Node lower bound: 342.355
Node upper bound: 385.2
gap to the primal bound: 0.150712
Preck submodel is infeasible, continue branching
Time limit exceeded (1000.33s), stopping submodel solve loop
General disjunction: No feasible solution found, use SCIP default branching rule
_____________________________________
Now starting branching with general disjunction
Current branching Node number: 63
Relpscost reduced domain, skip general disjunction branching
_____________________________________
Now starting branching with general disjunction
Current branching Node number: 63
Relpscost reduced domain, skip general disjunction branching
_____________________________________
Now starting branching with general disjunction
Current branching Node number: 63
Relpscost reduced domain, skip general disjunction branching
_____________________________________
Now starting branching with general disjunction
Current branching Node number: 63
Relpscost reduced domain, skip general disjunction branching
_____________________________________
Now starting branching with general disjunction
Current branching Node number: 63
Relpscost reduced domain, skip general disjunction branching
_____________________________________
Now starting branching with general disjunction
Current branching Node number: 63
Relpscost reduced domain, skip general disjunction branching
_____________________________________
Now starting branching with general disjunction
Current branching Node number: 63
Relpscost reduced domain, skip general disjunction branching
_____________________________________
Now starting branching with general disjunction
Current branching Node number: 63
Relpscost reduced domain, skip general disjunction branching
_____________________________________
Now starting branching with general disjunction
Current branching Node number: 63
Relpscost reduced domain, skip general disjunction branching
_____________________________________
Now starting branching with general disjunction
Current branching Node number: 63
Relpscost reduced domain, skip general disjunction branching
_____________________________________
Now starting branching with general disjunction
Current branching Node number: 63
Relpscost reduced domain, skip general disjunction branching
_____________________________________
Now starting branching with general disjunction
Current branching Node number: 63
Relpscost reduced domain, skip general disjunction branching
_____________________________________
Now starting branching with general disjunction
Current branching Node number: 63
Relpscost reduced domain, skip general disjunction branching
_____________________________________
Now starting branching with general disjunction
Current branching Node number: 63
Relpscost reduced domain, skip general disjunction branching
_____________________________________
Now starting branching with general disjunction
Current branching Node number: 63
Relpscost reduced domain, skip general disjunction branching
_____________________________________
Now starting branching with general disjunction
Current branching Node number: 63
Relpscost reduced domain, skip general disjunction branching
_____________________________________
Now starting branching with general disjunction
Current branching Node number: 63
Relpscost reduced domain, skip general disjunction branching
_____________________________________
Now starting branching with general disjunction
Current branching Node number: 63
Relpscost reduced domain, skip general disjunction branching
_____________________________________
Now starting branching with general disjunction
Current branching Node number: 63
Relpscost reduced domain, skip general disjunction branching
_____________________________________
Now starting branching with general disjunction
Current branching Node number: 63
Relpscost reduced domain, skip general disjunction branching
_____________________________________
Now starting branching with general disjunction
Current branching Node number: 63
Relpscost reduced domain, skip general disjunction branching
_____________________________________
Now starting branching with general disjunction
Current branching Node number: 62
LP objective value: 342.347
Node lower bound: 342.536
Node upper bound: 385.2
gap to the primal bound: 0.150712
Preck submodel is infeasible, continue branching
Time limit exceeded (1965.23s), stopping submodel solve loop
General disjunction: No feasible solution found, use SCIP default branching rule
_____________________________________
Now starting branching with general disjunction
Current branching Node number: 65
Relpscost reduced domain, skip general disjunction branching
_____________________________________
Now starting branching with general disjunction
Current branching Node number: 65
LP objective value: 348.181
Node lower bound: 348.675
Node upper bound: 385.2
gap to the primal bound: 0.150712
Preck submodel is infeasible, continue branching
Time limit exceeded (1209.13s), stopping submodel solve loop
General disjunction: No feasible solution found, use SCIP default branching rule
_____________________________________
Now starting branching with general disjunction
Current branching Node number: 67
LP objective value: 384.535
Node lower bound: 384.535
Node upper bound: 385.2
gap to the primal bound: 0.150712
Preck submodel is infeasible, continue branching
Time limit exceeded (1071.59s), stopping submodel solve loop
General disjunction: No feasible solution found, use SCIP default branching rule
_____________________________________
Now starting branching with general disjunction
Current branching Node number: 68
LP objective value: 384.559
Node lower bound: 384.559
Node upper bound: 385.2
gap to the primal bound: 0.150712
Preck submodel is infeasible, continue branching
Time limit exceeded (1239.03s), stopping submodel solve loop
General disjunction: No feasible solution found, use SCIP default branching rule
_____________________________________
Now starting branching with general disjunction
Current branching Node number: 70
Relpscost reduced domain, skip general disjunction branching
_____________________________________
Now starting branching with general disjunction
Current branching Node number: 70
Relpscost reduced domain, skip general disjunction branching
_____________________________________
Now starting branching with general disjunction
Current branching Node number: 70
Relpscost reduced domain, skip general disjunction branching
_____________________________________
Now starting branching with general disjunction
Current branching Node number: 70
Relpscost reduced domain, skip general disjunction branching
_____________________________________
Now starting branching with general disjunction
Current branching Node number: 70
Relpscost reduced domain, skip general disjunction branching
_____________________________________
Now starting branching with general disjunction
Current branching Node number: 70
Relpscost reduced domain, skip general disjunction branching
_____________________________________
Now starting branching with general disjunction
Current branching Node number: 70
Relpscost reduced domain, skip general disjunction branching
_____________________________________
Now starting branching with general disjunction
Current branching Node number: 70
Relpscost reduced domain, skip general disjunction branching
_____________________________________
Now starting branching with general disjunction
Current branching Node number: 70
Relpscost reduced domain, skip general disjunction branching
_____________________________________
Now starting branching with general disjunction
Current branching Node number: 70
Relpscost reduced domain, skip general disjunction branching
_____________________________________
Now starting branching with general disjunction
Current branching Node number: 70
LP objective value: 385.154
Node lower bound: 385.154
Node upper bound: 385.2
gap to the primal bound: 0.150712
Preck submodel is infeasible, continue branching
Time limit exceeded (1185.84s), stopping submodel solve loop
General disjunction: No feasible solution found, use SCIP default branching rule
_____________________________________
Now starting branching with general disjunction
Current branching Node number: 72
Relpscost reduced domain, skip general disjunction branching
_____________________________________
Now starting branching with general disjunction
Current branching Node number: 72
Relpscost reduced domain, skip general disjunction branching
_____________________________________
Now starting branching with general disjunction
Current branching Node number: 58
LP objective value: 334.709
Node lower bound: 334.749
Node upper bound: 385.2
gap to the primal bound: 0.150712
Preck submodel is infeasible, continue branching
Time limit exceeded (1000.32s), stopping submodel solve loop
General disjunction: No feasible solution found, use SCIP default branching rule
_____________________________________
Now starting branching with general disjunction
Current branching Node number: 75
LP objective value: 342.231
Node lower bound: 345.447
Node upper bound: 385.2
gap to the primal bound: 0.150712
Preck submodel is infeasible, continue branching
Time limit exceeded (1723.48s), stopping submodel solve loop
General disjunction: No feasible solution found, use SCIP default branching rule
_____________________________________
Now starting branching with general disjunction
Current branching Node number: 77
Relpscost reduced domain, skip general disjunction branching
_____________________________________
Now starting branching with general disjunction
Current branching Node number: 77
LP objective value: 347.646
Node lower bound: 356.661
Node upper bound: 385.2
gap to the primal bound: 0.150712
Preck submodel is infeasible, continue branching
Time limit exceeded (1027.29s), stopping submodel solve loop
General disjunction: No feasible solution found, use SCIP default branching rule
_____________________________________
Now starting branching with general disjunction
Current branching Node number: 79
Relpscost reduced domain, skip general disjunction branching
_____________________________________
Now starting branching with general disjunction
Current branching Node number: 79
Relpscost reduced domain, skip general disjunction branching
_____________________________________
Now starting branching with general disjunction
Current branching Node number: 79
Relpscost reduced domain, skip general disjunction branching
_____________________________________
Now starting branching with general disjunction
Current branching Node number: 79
Relpscost reduced domain, skip general disjunction branching
_____________________________________
Now starting branching with general disjunction
Current branching Node number: 79
Relpscost reduced domain, skip general disjunction branching
_____________________________________
Now starting branching with general disjunction
Current branching Node number: 79
Relpscost reduced domain, skip general disjunction branching
_____________________________________
Now starting branching with general disjunction
Current branching Node number: 78
LP objective value: 379.566
Node lower bound: 380.572
Node upper bound: 385.2
gap to the primal bound: 0.150712
Preck submodel is infeasible, continue branching
Time limit exceeded (1133.8s), stopping submodel solve loop
General disjunction: No feasible solution found, use SCIP default branching rule
_____________________________________
Now starting branching with general disjunction
Current branching Node number: 81
LP objective value: 382.042
Node lower bound: 382.042
Node upper bound: 385.2
gap to the primal bound: 0.150712
Preck submodel is infeasible, continue branching
Time limit exceeded (1085.49s), stopping submodel solve loop
General disjunction: No feasible solution found, use SCIP default branching rule
_____________________________________
Now starting branching with general disjunction
Current branching Node number: 82
LP objective value: 382.066
Node lower bound: 382.066
Node upper bound: 385.2
gap to the primal bound: 0.150712
Preck submodel is infeasible, continue branching
Time limit exceeded (1174.41s), stopping submodel solve loop
General disjunction: No feasible solution found, use SCIP default branching rule
_____________________________________
Now starting branching with general disjunction
Current branching Node number: 84
Relpscost reduced domain, skip general disjunction branching
_____________________________________
Now starting branching with general disjunction
Current branching Node number: 84
Relpscost reduced domain, skip general disjunction branching
_____________________________________
Now starting branching with general disjunction
Current branching Node number: 84
Relpscost reduced domain, skip general disjunction branching
_____________________________________
Now starting branching with general disjunction
Current branching Node number: 84
Relpscost reduced domain, skip general disjunction branching
_____________________________________
Now starting branching with general disjunction
Current branching Node number: 84
Relpscost reduced domain, skip general disjunction branching
_____________________________________
Now starting branching with general disjunction
Current branching Node number: 84
Relpscost reduced domain, skip general disjunction branching
_____________________________________
Now starting branching with general disjunction
Current branching Node number: 84
Relpscost reduced domain, skip general disjunction branching
_____________________________________
Now starting branching with general disjunction
Current branching Node number: 84
Relpscost reduced domain, skip general disjunction branching
_____________________________________
Now starting branching with general disjunction
Current branching Node number: 84
Relpscost reduced domain, skip general disjunction branching
_____________________________________
Now starting branching with general disjunction
Current branching Node number: 84
Relpscost reduced domain, skip general disjunction branching
_____________________________________
Now starting branching with general disjunction
Current branching Node number: 84
LP objective value: 382.661
Node lower bound: 382.661
Node upper bound: 385.2
gap to the primal bound: 0.150712
Preck submodel is infeasible, continue branching
Time limit exceeded (1204.52s), stopping submodel solve loop
General disjunction: No feasible solution found, use SCIP default branching rule
_____________________________________
Now starting branching with general disjunction
Current branching Node number: 86
Relpscost reduced domain, skip general disjunction branching
_____________________________________
Now starting branching with general disjunction
Current branching Node number: 86
Relpscost reduced domain, skip general disjunction branching
_____________________________________
Now starting branching with general disjunction
Current branching Node number: 86
Relpscost reduced domain, skip general disjunction branching
_____________________________________
Now starting branching with general disjunction
Current branching Node number: 86
Relpscost reduced domain, skip general disjunction branching
_____________________________________
Now starting branching with general disjunction
Current branching Node number: 86
Relpscost reduced domain, skip general disjunction branching
_____________________________________
Now starting branching with general disjunction
Current branching Node number: 86
Relpscost reduced domain, skip general disjunction branching
_____________________________________
Now starting branching with general disjunction
Current branching Node number: 86
Relpscost reduced domain, skip general disjunction branching
_____________________________________
Now starting branching with general disjunction
Current branching Node number: 86
Relpscost reduced domain, skip general disjunction branching
_____________________________________
Now starting branching with general disjunction
Current branching Node number: 86
Relpscost reduced domain, skip general disjunction branching
_____________________________________
Now starting branching with general disjunction
Current branching Node number: 86
Relpscost reduced domain, skip general disjunction branching
_____________________________________
Now starting branching with general disjunction
Current branching Node number: 86
Relpscost reduced domain, skip general disjunction branching
_____________________________________
Now starting branching with general disjunction
Current branching Node number: 86
Relpscost reduced domain, skip general disjunction branching
_____________________________________
Now starting branching with general disjunction
Current branching Node number: 86
Relpscost reduced domain, skip general disjunction branching
_____________________________________
Now starting branching with general disjunction
Current branching Node number: 86
Relpscost reduced domain, skip general disjunction branching
_____________________________________
Now starting branching with general disjunction
Current branching Node number: 86
Relpscost reduced domain, skip general disjunction branching
_____________________________________
Now starting branching with general disjunction
Current branching Node number: 86
Relpscost reduced domain, skip general disjunction branching
_____________________________________
Now starting branching with general disjunction
Current branching Node number: 86
Relpscost reduced domain, skip general disjunction branching
_____________________________________
Now starting branching with general disjunction
Current branching Node number: 86
Relpscost reduced domain, skip general disjunction branching
_____________________________________
Now starting branching with general disjunction
Current branching Node number: 86
Relpscost reduced domain, skip general disjunction branching
_____________________________________
Now starting branching with general disjunction
Current branching Node number: 86
Relpscost reduced domain, skip general disjunction branching
_____________________________________
Now starting branching with general disjunction
Current branching Node number: 86
Relpscost reduced domain, skip general disjunction branching
_____________________________________
Now starting branching with general disjunction
Current branching Node number: 86
Relpscost reduced domain, skip general disjunction branching
_____________________________________
Now starting branching with general disjunction
Current branching Node number: 86
Relpscost reduced domain, skip general disjunction branching
_____________________________________
Now starting branching with general disjunction
Current branching Node number: 86
Relpscost reduced domain, skip general disjunction branching
_____________________________________
Now starting branching with general disjunction
Current branching Node number: 86
Relpscost reduced domain, skip general disjunction branching
_____________________________________
Now starting branching with general disjunction
Current branching Node number: 86
Relpscost reduced domain, skip general disjunction branching
_____________________________________
Now starting branching with general disjunction
Current branching Node number: 86
Relpscost reduced domain, skip general disjunction branching
_____________________________________
Now starting branching with general disjunction
Current branching Node number: 86
Relpscost reduced domain, skip general disjunction branching
_____________________________________
Now starting branching with general disjunction
Current branching Node number: 86
Relpscost reduced domain, skip general disjunction branching
_____________________________________
Now starting branching with general disjunction
Current branching Node number: 86
Relpscost reduced domain, skip general disjunction branching
_____________________________________
Now starting branching with general disjunction
Current branching Node number: 86
Relpscost reduced domain, skip general disjunction branching
_____________________________________
Now starting branching with general disjunction
Current branching Node number: 86
Relpscost reduced domain, skip general disjunction branching
_____________________________________
Now starting branching with general disjunction
Current branching Node number: 86
Relpscost reduced domain, skip general disjunction branching
_____________________________________
Now starting branching with general disjunction
Current branching Node number: 86
Relpscost reduced domain, skip general disjunction branching
_____________________________________
Now starting branching with general disjunction
Current branching Node number: 86
Relpscost reduced domain, skip general disjunction branching
_____________________________________
Now starting branching with general disjunction
Current branching Node number: 86
Relpscost reduced domain, skip general disjunction branching
_____________________________________
Now starting branching with general disjunction
Current branching Node number: 86
Relpscost reduced domain, skip general disjunction branching
_____________________________________
Now starting branching with general disjunction
Current branching Node number: 86
Relpscost reduced domain, skip general disjunction branching
_____________________________________
Now starting branching with general disjunction
Current branching Node number: 86
Relpscost reduced domain, skip general disjunction branching
_____________________________________
Now starting branching with general disjunction
Current branching Node number: 86
Relpscost reduced domain, skip general disjunction branching
_____________________________________
Now starting branching with general disjunction
Current branching Node number: 86
Relpscost reduced domain, skip general disjunction branching
_____________________________________
Now starting branching with general disjunction
Current branching Node number: 86
Relpscost reduced domain, skip general disjunction branching
_____________________________________
Now starting branching with general disjunction
Current branching Node number: 86
Relpscost reduced domain, skip general disjunction branching
_____________________________________
Now starting branching with general disjunction
Current branching Node number: 86
Relpscost reduced domain, skip general disjunction branching
_____________________________________
Now starting branching with general disjunction
Current branching Node number: 86
Relpscost reduced domain, skip general disjunction branching
_____________________________________
Now starting branching with general disjunction
Current branching Node number: 86
Relpscost reduced domain, skip general disjunction branching
_____________________________________
Now starting branching with general disjunction
Current branching Node number: 86
Relpscost reduced domain, skip general disjunction branching
_____________________________________
Now starting branching with general disjunction
Current branching Node number: 86
Relpscost reduced domain, skip general disjunction branching
_____________________________________
Now starting branching with general disjunction
Current branching Node number: 86
Relpscost reduced domain, skip general disjunction branching
_____________________________________
Now starting branching with general disjunction
Current branching Node number: 86
Relpscost reduced domain, skip general disjunction branching
_____________________________________
Now starting branching with general disjunction
Current branching Node number: 86
Relpscost reduced domain, skip general disjunction branching
_____________________________________
Now starting branching with general disjunction
Current branching Node number: 86
Relpscost reduced domain, skip general disjunction branching
_____________________________________
Now starting branching with general disjunction
Current branching Node number: 86
Relpscost reduced domain, skip general disjunction branching
_____________________________________
Now starting branching with general disjunction
Current branching Node number: 86
Relpscost reduced domain, skip general disjunction branching
_____________________________________
Now starting branching with general disjunction
Current branching Node number: 86
Relpscost reduced domain, skip general disjunction branching
_____________________________________
Now starting branching with general disjunction
Current branching Node number: 86
Relpscost reduced domain, skip general disjunction branching
_____________________________________
Now starting branching with general disjunction
Current branching Node number: 86
Relpscost reduced domain, skip general disjunction branching
_____________________________________
Now starting branching with general disjunction
Current branching Node number: 86
Relpscost reduced domain, skip general disjunction branching
_____________________________________
Now starting branching with general disjunction
Current branching Node number: 86
Relpscost reduced domain, skip general disjunction branching
_____________________________________
Now starting branching with general disjunction
Current branching Node number: 86
Relpscost reduced domain, skip general disjunction branching
_____________________________________
Now starting branching with general disjunction
Current branching Node number: 86
Relpscost reduced domain, skip general disjunction branching
_____________________________________
Now starting branching with general disjunction
Current branching Node number: 86
Relpscost reduced domain, skip general disjunction branching
_____________________________________
Now starting branching with general disjunction
Current branching Node number: 86
Relpscost reduced domain, skip general disjunction branching
_____________________________________
Now starting branching with general disjunction
Current branching Node number: 86
Relpscost reduced domain, skip general disjunction branching
_____________________________________
Now starting branching with general disjunction
Current branching Node number: 86
Relpscost reduced domain, skip general disjunction branching
_____________________________________
Now starting branching with general disjunction
Current branching Node number: 86
Relpscost reduced domain, skip general disjunction branching
_____________________________________
Now starting branching with general disjunction
Current branching Node number: 86
Relpscost reduced domain, skip general disjunction branching
_____________________________________
Now starting branching with general disjunction
Current branching Node number: 86
Relpscost reduced domain, skip general disjunction branching
_____________________________________
Now starting branching with general disjunction
Current branching Node number: 86
Relpscost reduced domain, skip general disjunction branching
_____________________________________
Now starting branching with general disjunction
Current branching Node number: 86
Relpscost reduced domain, skip general disjunction branching
_____________________________________
Now starting branching with general disjunction
Current branching Node number: 86
Relpscost reduced domain, skip general disjunction branching
_____________________________________
Now starting branching with general disjunction
Current branching Node number: 86
Relpscost reduced domain, skip general disjunction branching
_____________________________________
Now starting branching with general disjunction
Current branching Node number: 86
Relpscost reduced domain, skip general disjunction branching
_____________________________________
Now starting branching with general disjunction
Current branching Node number: 86
Relpscost reduced domain, skip general disjunction branching
_____________________________________
Now starting branching with general disjunction
Current branching Node number: 86
LP objective value: 383.961
Node lower bound: 383.961
Node upper bound: 385.2
gap to the primal bound: 0.150712
Preck submodel is infeasible, continue branching
Time limit exceeded (1000.13s), stopping submodel solve loop
General disjunction: Infeasible disjunction
_____________________________________
Now starting branching with general disjunction
Current branching Node number: 74
LP objective value: 334.71
Node lower bound: 334.767
Node upper bound: 385.2
gap to the primal bound: 0.15065
Preck submodel is infeasible, continue branching
Time limit exceeded (1000.33s), stopping submodel solve loop
General disjunction: No feasible solution found, use SCIP default branching rule
_____________________________________
Now starting branching with general disjunction
Current branching Node number: 89
LP objective value: 334.941
Node lower bound: 336.707
Node upper bound: 385.2
gap to the primal bound: 0.15065
Preck submodel is infeasible, continue branching
Time limit exceeded (1000.34s), stopping submodel solve loop
General disjunction: No feasible solution found, use SCIP default branching rule
_____________________________________
Now starting branching with general disjunction
Current branching Node number: 89
LP objective value: 343.855
Node lower bound: 344.315
Node upper bound: 385.2
gap to the primal bound: 0.15065
Preck submodel is infeasible, continue branching
Time limit exceeded (1876.1s), stopping submodel solve loop
General disjunction: No feasible solution found, use SCIP default branching rule
_____________________________________
Now starting branching with general disjunction
Current branching Node number: 91
Relpscost reduced domain, skip general disjunction branching
_____________________________________
Now starting branching with general disjunction
Current branching Node number: 91
Relpscost reduced domain, skip general disjunction branching
_____________________________________
Now starting branching with general disjunction
Current branching Node number: 91
Relpscost reduced domain, skip general disjunction branching
_____________________________________
Now starting branching with general disjunction
Current branching Node number: 91
LP objective value: 354.35
Node lower bound: 358.941
Node upper bound: 385.2
gap to the primal bound: 0.15065
Preck submodel is infeasible, continue branching
Time limit exceeded (1393.93s), stopping submodel solve loop
General disjunction: No feasible solution found, use SCIP default branching rule
_____________________________________
Now starting branching with general disjunction
Current branching Node number: 93
Relpscost reduced domain, skip general disjunction branching
_____________________________________
Now starting branching with general disjunction
Current branching Node number: 93
Relpscost reduced domain, skip general disjunction branching
_____________________________________
Now starting branching with general disjunction
Current branching Node number: 93
Relpscost reduced domain, skip general disjunction branching
_____________________________________
Now starting branching with general disjunction
Current branching Node number: 93
Relpscost reduced domain, skip general disjunction branching
_____________________________________
Now starting branching with general disjunction
Current branching Node number: 93
Relpscost reduced domain, skip general disjunction branching
_____________________________________
Now starting branching with general disjunction
Current branching Node number: 93
Relpscost reduced domain, skip general disjunction branching
_____________________________________
Now starting branching with general disjunction
Current branching Node number: 92
Relpscost reduced domain, skip general disjunction branching
_____________________________________
Now starting branching with general disjunction
Current branching Node number: 92
Relpscost reduced domain, skip general disjunction branching
_____________________________________
Now starting branching with general disjunction
Current branching Node number: 92
Relpscost reduced domain, skip general disjunction branching
_____________________________________
Now starting branching with general disjunction
Current branching Node number: 92
LP objective value: 368.871
Node lower bound: 371.878
Node upper bound: 385.2
gap to the primal bound: 0.15065
Preck submodel is infeasible, continue branching
Time limit exceeded (1519.67s), stopping submodel solve loop
General disjunction: No feasible solution found, use SCIP default branching rule
_____________________________________
Now starting branching with general disjunction
Current branching Node number: 95
Relpscost reduced domain, skip general disjunction branching
_____________________________________
Now starting branching with general disjunction
Current branching Node number: 95
Relpscost reduced domain, skip general disjunction branching
_____________________________________
Now starting branching with general disjunction
Current branching Node number: 95
Relpscost reduced domain, skip general disjunction branching
_____________________________________
Now starting branching with general disjunction
Current branching Node number: 95
Relpscost reduced domain, skip general disjunction branching
_____________________________________
Now starting branching with general disjunction
Current branching Node number: 95
Relpscost reduced domain, skip general disjunction branching
_____________________________________
Now starting branching with general disjunction
Current branching Node number: 94
Relpscost reduced domain, skip general disjunction branching
_____________________________________
Now starting branching with general disjunction
Current branching Node number: 94
Relpscost reduced domain, skip general disjunction branching
_____________________________________
Now starting branching with general disjunction
Current branching Node number: 94
Relpscost reduced domain, skip general disjunction branching
_____________________________________
Now starting branching with general disjunction
Current branching Node number: 94
Relpscost reduced domain, skip general disjunction branching
_____________________________________
Now starting branching with general disjunction
Current branching Node number: 94
Relpscost reduced domain, skip general disjunction branching
_____________________________________
Now starting branching with general disjunction
Current branching Node number: 94
Relpscost reduced domain, skip general disjunction branching
_____________________________________
Now starting branching with general disjunction
Current branching Node number: 94
Relpscost reduced domain, skip general disjunction branching
_____________________________________
Now starting branching with general disjunction
Current branching Node number: 94
Relpscost reduced domain, skip general disjunction branching
_____________________________________
Now starting branching with general disjunction
Current branching Node number: 94
Relpscost reduced domain, skip general disjunction branching
_____________________________________
Now starting branching with general disjunction
Current branching Node number: 94
Relpscost reduced domain, skip general disjunction branching
_____________________________________
Now starting branching with general disjunction
Current branching Node number: 94
Relpscost reduced domain, skip general disjunction branching
_____________________________________
Now starting branching with general disjunction
Current branching Node number: 94
Relpscost reduced domain, skip general disjunction branching
_____________________________________
Now starting branching with general disjunction
Current branching Node number: 94
Relpscost reduced domain, skip general disjunction branching
_____________________________________
Now starting branching with general disjunction
Current branching Node number: 94
Relpscost reduced domain, skip general disjunction branching
_____________________________________
Now starting branching with general disjunction
Current branching Node number: 94
Relpscost reduced domain, skip general disjunction branching
_____________________________________
Now starting branching with general disjunction
Current branching Node number: 94
Relpscost reduced domain, skip general disjunction branching
_____________________________________
Now starting branching with general disjunction
Current branching Node number: 94
Relpscost reduced domain, skip general disjunction branching
_____________________________________
Now starting branching with general disjunction
Current branching Node number: 94
Relpscost reduced domain, skip general disjunction branching
_____________________________________
Now starting branching with general disjunction
Current branching Node number: 94
Relpscost reduced domain, skip general disjunction branching
_____________________________________
Now starting branching with general disjunction
Current branching Node number: 94
Relpscost reduced domain, skip general disjunction branching
_____________________________________
Now starting branching with general disjunction
Current branching Node number: 94
Relpscost reduced domain, skip general disjunction branching
_____________________________________
Now starting branching with general disjunction
Current branching Node number: 94
Relpscost reduced domain, skip general disjunction branching
_____________________________________
Now starting branching with general disjunction
Current branching Node number: 94
Relpscost reduced domain, skip general disjunction branching
_____________________________________
Now starting branching with general disjunction
Current branching Node number: 94
Relpscost reduced domain, skip general disjunction branching
_____________________________________
Now starting branching with general disjunction
Current branching Node number: 94
Relpscost reduced domain, skip general disjunction branching
_____________________________________
Now starting branching with general disjunction
Current branching Node number: 44
LP objective value: 346.954
Node lower bound: 346.976
Node upper bound: 385.2
gap to the primal bound: 0.15065
Preck submodel is infeasible, continue branching
Time limit exceeded (1000.34s), stopping submodel solve loop
General disjunction: No feasible solution found, use SCIP default branching rule
_____________________________________
Now starting branching with general disjunction
Current branching Node number: 97
LP objective value: 346.954
Node lower bound: 346.976
Node upper bound: 385.2
gap to the primal bound: 0.15065
Preck submodel is infeasible, continue branching
Time limit exceeded (1439.93s), stopping submodel solve loop
General disjunction: No feasible solution found, use SCIP default branching rule
_____________________________________
Now starting branching with general disjunction
Current branching Node number: 99
Relpscost reduced domain, skip general disjunction branching
_____________________________________
Now starting branching with general disjunction
Current branching Node number: 99
Relpscost reduced domain, skip general disjunction branching
_____________________________________
Now starting branching with general disjunction
Current branching Node number: 99
LP objective value: 363.448
Node lower bound: 363.831
Node upper bound: 385.2
gap to the primal bound: 0.15065
Preck submodel is infeasible, continue branching
Time limit exceeded (1218.48s), stopping submodel solve loop
General disjunction: No feasible solution found, use SCIP default branching rule
_____________________________________
Now starting branching with general disjunction
Current branching Node number: 101
Relpscost reduced domain, skip general disjunction branching
_____________________________________
Now starting branching with general disjunction
Current branching Node number: 101
Relpscost reduced domain, skip general disjunction branching
_____________________________________
Now starting branching with general disjunction
Current branching Node number: 101
Relpscost reduced domain, skip general disjunction branching
_____________________________________
Now starting branching with general disjunction
Current branching Node number: 101
Relpscost reduced domain, skip general disjunction branching
_____________________________________
Now starting branching with general disjunction
Current branching Node number: 101
Relpscost reduced domain, skip general disjunction branching
_____________________________________
Now starting branching with general disjunction
Current branching Node number: 101
Relpscost reduced domain, skip general disjunction branching
_____________________________________
Now starting branching with general disjunction
Current branching Node number: 100
Relpscost reduced domain, skip general disjunction branching
_____________________________________
Now starting branching with general disjunction
Current branching Node number: 100
Relpscost reduced domain, skip general disjunction branching
_____________________________________
Now starting branching with general disjunction
Current branching Node number: 88
LP objective value: 338.892
Node lower bound: 338.961
Node upper bound: 385.2
gap to the primal bound: 0.136412
Preck submodel is infeasible, continue branching
Time limit exceeded (1000.3s), stopping submodel solve loop
General disjunction: No feasible solution found, use SCIP default branching rule
_____________________________________
Now starting branching with general disjunction
Current branching Node number: 103
LP objective value: 342.241
Node lower bound: 342.835
Node upper bound: 385.2
gap to the primal bound: 0.136412
Preck submodel is infeasible, continue branching
Time limit exceeded (1000.32s), stopping submodel solve loop
General disjunction: No feasible solution found, use SCIP default branching rule
_____________________________________
Now starting branching with general disjunction
Current branching Node number: 105
Relpscost reduced domain, skip general disjunction branching
_____________________________________
Now starting branching with general disjunction
Current branching Node number: 105
Relpscost reduced domain, skip general disjunction branching
_____________________________________
Now starting branching with general disjunction
Current branching Node number: 105
Relpscost reduced domain, skip general disjunction branching
_____________________________________
Now starting branching with general disjunction
Current branching Node number: 105
Relpscost reduced domain, skip general disjunction branching
_____________________________________
Now starting branching with general disjunction
Current branching Node number: 105
Relpscost reduced domain, skip general disjunction branching
_____________________________________
Now starting branching with general disjunction
Current branching Node number: 105
Relpscost reduced domain, skip general disjunction branching
_____________________________________
Now starting branching with general disjunction
Current branching Node number: 105
Relpscost reduced domain, skip general disjunction branching
_____________________________________
Now starting branching with general disjunction
Current branching Node number: 105
Relpscost reduced domain, skip general disjunction branching
_____________________________________
Now starting branching with general disjunction
Current branching Node number: 105
Relpscost reduced domain, skip general disjunction branching
_____________________________________
Now starting branching with general disjunction
Current branching Node number: 105
Relpscost reduced domain, skip general disjunction branching
_____________________________________
Now starting branching with general disjunction
Current branching Node number: 105
Relpscost reduced domain, skip general disjunction branching
_____________________________________
Now starting branching with general disjunction
Current branching Node number: 105
Relpscost reduced domain, skip general disjunction branching
_____________________________________
Now starting branching with general disjunction
Current branching Node number: 105
Relpscost reduced domain, skip general disjunction branching
_____________________________________
Now starting branching with general disjunction
Current branching Node number: 105
Relpscost reduced domain, skip general disjunction branching
_____________________________________
Now starting branching with general disjunction
Current branching Node number: 105
Relpscost reduced domain, skip general disjunction branching
_____________________________________
Now starting branching with general disjunction
Current branching Node number: 105
Relpscost reduced domain, skip general disjunction branching
_____________________________________
Now starting branching with general disjunction
Current branching Node number: 105
Relpscost reduced domain, skip general disjunction branching
_____________________________________
Now starting branching with general disjunction
Current branching Node number: 105
Relpscost reduced domain, skip general disjunction branching
_____________________________________
Now starting branching with general disjunction
Current branching Node number: 104
LP objective value: 342.835
Node lower bound: 343.312
Node upper bound: 385.2
gap to the primal bound: 0.136412
Preck submodel is infeasible, continue branching
Time limit exceeded (1774.2s), stopping submodel solve loop
General disjunction: No feasible solution found, use SCIP default branching rule
_____________________________________
Now starting branching with general disjunction
Current branching Node number: 107
Relpscost reduced domain, skip general disjunction branching
_____________________________________
Now starting branching with general disjunction
Current branching Node number: 107
Relpscost reduced domain, skip general disjunction branching
_____________________________________
Now starting branching with general disjunction
Current branching Node number: 107
Relpscost reduced domain, skip general disjunction branching
_____________________________________
Now starting branching with general disjunction
Current branching Node number: 107
Relpscost reduced domain, skip general disjunction branching
_____________________________________
Now starting branching with general disjunction
Current branching Node number: 107
Relpscost reduced domain, skip general disjunction branching
_____________________________________
Now starting branching with general disjunction
Current branching Node number: 107
Relpscost reduced domain, skip general disjunction branching
_____________________________________
Now starting branching with general disjunction
Current branching Node number: 107
Relpscost reduced domain, skip general disjunction branching
_____________________________________
Now starting branching with general disjunction
Current branching Node number: 107
Relpscost reduced domain, skip general disjunction branching
_____________________________________
Now starting branching with general disjunction
Current branching Node number: 107
Relpscost reduced domain, skip general disjunction branching
_____________________________________
Now starting branching with general disjunction
Current branching Node number: 107
Relpscost reduced domain, skip general disjunction branching
_____________________________________
Now starting branching with general disjunction
Current branching Node number: 107
Relpscost reduced domain, skip general disjunction branching
_____________________________________
Now starting branching with general disjunction
Current branching Node number: 107
Relpscost reduced domain, skip general disjunction branching
_____________________________________
Now starting branching with general disjunction
Current branching Node number: 107
Relpscost reduced domain, skip general disjunction branching
_____________________________________
Now starting branching with general disjunction
Current branching Node number: 107
Relpscost reduced domain, skip general disjunction branching
_____________________________________
Now starting branching with general disjunction
Current branching Node number: 107
LP objective value: 355.122
Node lower bound: 355.129
Node upper bound: 385.2
gap to the primal bound: 0.136412
Preck submodel is infeasible, continue branching
Time limit exceeded (1423.71s), stopping submodel solve loop
General disjunction: No feasible solution found, use SCIP default branching rule
_____________________________________
Now starting branching with general disjunction
Current branching Node number: 108
Relpscost reduced domain, skip general disjunction branching
_____________________________________
Now starting branching with general disjunction
Current branching Node number: 108
Relpscost reduced domain, skip general disjunction branching
_____________________________________
Now starting branching with general disjunction
Current branching Node number: 108
Relpscost reduced domain, skip general disjunction branching
_____________________________________
Now starting branching with general disjunction
Current branching Node number: 108
Relpscost reduced domain, skip general disjunction branching
_____________________________________
Now starting branching with general disjunction
Current branching Node number: 108
Relpscost reduced domain, skip general disjunction branching
_____________________________________
Now starting branching with general disjunction
Current branching Node number: 108
Relpscost reduced domain, skip general disjunction branching
_____________________________________
Now starting branching with general disjunction
Current branching Node number: 108
Relpscost reduced domain, skip general disjunction branching
_____________________________________
Now starting branching with general disjunction
Current branching Node number: 108
Relpscost reduced domain, skip general disjunction branching
_____________________________________
Now starting branching with general disjunction
Current branching Node number: 108
Relpscost reduced domain, skip general disjunction branching
_____________________________________
Now starting branching with general disjunction
Current branching Node number: 102
LP objective value: 338.961
Node lower bound: 339.121
Node upper bound: 385.2
gap to the primal bound: 0.135876
Preck submodel is infeasible, continue branching
Time limit exceeded (1930.05s), stopping submodel solve loop
General disjunction: No feasible solution found, use SCIP default branching rule

SCIP Status        : solving was interrupted [gap limit reached]
Solving Time (sec) : 77084.83
Solving Nodes      : 98
Primal Bound       : +3.85199692950000e+02 (1 solutions)
Dual Bound         : +3.39121258400000e+02
Gap                : 13.59 %

primal solution:
================

objective value:                         385.19969295
C0004490                                            1 	(obj:0)
C0004887                                            1 	(obj:0)
C0005224                                            1 	(obj:0)
C0005652                                            1 	(obj:0)
C0006065                                            1 	(obj:0)
C0006386                                            1 	(obj:0)
C0006591                                            1 	(obj:0)
C0002648                                         0.85 	(obj:0)
C0002691                                         0.15 	(obj:0)
C0002830                           0.0999999999999998 	(obj:0)
C0002996                                          0.9 	(obj:0)
C0003328                            0.900000000000001 	(obj:0)
C0003333                           0.0999999999999995 	(obj:0)
C0003579                           0.0999999999999998 	(obj:0)
C0003725                                          0.9 	(obj:0)
C0004057                                            1 	(obj:0)
C0004133                           0.0999999999999998 	(obj:0)
C0004148                           0.0999999999999997 	(obj:0)
C0004153                                          0.8 	(obj:0)
C0000001                                 385.19969295 	(obj:1)
C0000025                                            2 	(obj:0)
C0000033                             3.99999999999999 	(obj:0)
C0000037                                           16 	(obj:0)
C0000041                            0.999999999999996 	(obj:0)
C0000045                                           17 	(obj:0)
C0000053                             2.99999999999999 	(obj:0)
C0000061                             1.99999999999999 	(obj:0)
C0000065                            0.999999999999996 	(obj:0)
C0000073                             1.99999999999999 	(obj:0)
C0000077                            0.999999999999997 	(obj:0)
C0000081                             2.99999999999999 	(obj:0)
C0000086                                            1 	(obj:0)
C0000421                                         0.85 	(obj:0)
C0000491                                         0.15 	(obj:0)
C0000753                                         0.95 	(obj:0)
C0000757                           0.0499999999999999 	(obj:0)
C0001065                                         0.85 	(obj:0)
C0001089                                         0.15 	(obj:0)
C0001320                                         0.95 	(obj:0)
C0001421                                         0.05 	(obj:0)
C0001648                                         0.05 	(obj:0)
C0001668                                         0.95 	(obj:0)
C0001980                                         0.15 	(obj:0)
C0002117                                         0.85 	(obj:0)
C0002312                                         0.05 	(obj:0)
C0002397                                         0.95 	(obj:0)

Statistics
==========

SCIP Status        : solving was interrupted [gap limit reached]
Total Time         :   77084.88
  solving          :   77084.83
  presolving       :       0.85 (included in solving)
  reading          :       0.06
  copying          :       0.00 (0 times copied the problem)
Original Problem   :
  Problem name     : swath2
  Variables        : 6805 (2406 binary, 0 integer, 0 implicit integer, 4399 continuous)
  Constraints      : 884 initial, 884 maximal
  Objective        : minimize, 1 non-zeros (abs.min = 1, abs.max = 1)
Presolved Problem  :
  Problem name     : t_swath2
  Variables        : 6260 (2184 binary, 0 integer, 0 implicit integer, 4076 continuous)
  Constraints      : 482 initial, 482 maximal
  Objective        : minimize, 6240 non-zeros (abs.min = 11.8104, abs.max = 138.468)
  Nonzeros         : 25480 constraint, 69930 clique table
Presolvers         :   ExecTime  SetupTime  Calls  FixedVars   AggrVars   ChgTypes  ChgBounds   AddHoles    DelCons    AddCons   ChgSides   ChgCoefs
  boundshift       :       0.00       0.00      0          0          0          0          0          0          0          0          0          0
  convertinttobin  :       0.00       0.00      0          0          0          0          0          0          0          0          0          0
  domcol           :       0.00       0.00      2         60          0          0          0          0          0          0          0          0
  dualagg          :       0.00       0.00      0          0          0          0          0          0          0          0          0          0
  dualcomp         :       0.00       0.00      2          0          0          0          0          0          0          0          0          0
  dualinfer        :       0.00       0.00      0          0          0          0          0          0          0          0          0          0
  dualsparsify     :       0.00       0.00      1          0          0          0          0          0          0          0          0          0
  gateextraction   :       0.00       0.00      0          0          0          0          0          0          0          0          0          0
  implics          :       0.00       0.00      2          0          0          0          0          0          0          0          0          0
  inttobinary      :       0.00       0.00      0          0          0          0          0          0          0          0          0          0
  qpkktref         :       0.00       0.00      0          0          0          0          0          0          0          0          0          0
  redvub           :       0.00       0.00      0          0          0          0          0          0          0          0          0          0
  sparsify         :       0.04       0.00      1          0          0          0          0          0          0          0          0          0
  stuffing         :       0.00       0.00      0          0          0          0          0          0          0          0          0          0
  trivial          :       0.00       0.00      4          0          0          0          0          0          0          0          0          0
  tworowbnd        :       0.00       0.00      0          0          0          0          0          0          0          0          0          0
  dualfix          :       0.00       0.00      4         83          0          0          0          0          0          0          0          0
  genvbounds       :       0.00       0.00      0          0          0          0          0          0          0          0          0          0
  probing          :       0.75       0.00      1          0          0          0          0          0          0          0          0          0
  pseudoobj        :       0.00       0.00      1          0          0          0          0          0          0          0          0          0
  symmetry         :       0.00       0.00      1          0          0          0          0          0          0          0          0          0
  vbounds          :       0.00       0.00      1          0          0          0          0          0          0          0          0          0
  linear           :       0.03       0.00      6        401          1          0        403          0        402          0          0          0
  benders          :       0.00       0.00      0          0          0          0          0          0          0          0          0          0
  components       :       0.00       0.00      1          0          0          0          0          0          0          0          0          0
  root node        :          -          -      -       1257          -          -       1257          -          -          -          -          -
Constraints        :     Number  MaxNumber  #Separate #Propagate    #EnfoLP    #EnfoRelax  #EnfoPS    #Check   #ResProp    Cutoffs    DomReds       Cuts    Applied      Conss   Children
  benderslp        :          0          0          0          0        863          0          0          2          0          0          0          0          0          0          0
  integral         :          0          0          0          0        863          0          0          2          0          1       1889          0          0          0        110
  linear           :        482+       483          0       3002          0          0          0          0          0          0          0          0          0          0          0
  benders          :          0          0          0          0          0          0          0          1          0          0          0          0          0          0          0
  fixedvar         :          0          0          0          0          0          0          0          1          0          0          0          0          0          0          0
  countsols        :          0          0          0          0          0          0          0          1          0          0          0          0          0          0          0
  components       :          0          0          0          0          0          0          0          0          0          0          0          0          0          0          0
Constraint Timings :  TotalTime  SetupTime   Separate  Propagate     EnfoLP     EnfoPS     EnfoRelax   Check    ResProp    SB-Prop
  benderslp        :       0.00       0.00       0.00       0.00       0.00       0.00       0.00       0.00       0.00       0.00
  integral         :   77082.92       0.00       0.00       0.00   77082.92       0.00       0.00       0.00       0.00       0.00
  linear           :       0.22       0.00       0.00       0.22       0.00       0.00       0.00       0.00       0.00       0.00
  benders          :       0.00       0.00       0.00       0.00       0.00       0.00       0.00       0.00       0.00       0.00
  fixedvar         :       0.00       0.00       0.00       0.00       0.00       0.00       0.00       0.00       0.00       0.00
  countsols        :       0.00       0.00       0.00       0.00       0.00       0.00       0.00       0.00       0.00       0.00
  components       :       0.00       0.00       0.00       0.00       0.00       0.00       0.00       0.00       0.00       0.00
Propagators        : #Propagate   #ResProp    Cutoffs    DomReds
  dualfix          :          2          0          0          0
  genvbounds       :          0          0          0          0
  nlobbt           :          0          0          0          0
  obbt             :          0          0          0          0
  probing          :          0          0          0          0
  pseudoobj        :          6          0          0          0
  redcost          :          3          0          0       1257
  rootredcost      :          0          0          0          0
  symmetry         :          0          0          0          0
  vbounds          :          0          0          0          0
Propagator Timings :  TotalTime  SetupTime   Presolve  Propagate    ResProp    SB-Prop
  dualfix          :       0.00       0.00       0.00       0.00       0.00       0.00
  genvbounds       :       0.00       0.00       0.00       0.00       0.00       0.00
  nlobbt           :       0.00       0.00       0.00       0.00       0.00       0.00
  obbt             :       0.00       0.00       0.00       0.00       0.00       0.00
  probing          :       0.75       0.00       0.75       0.00       0.00       0.00
  pseudoobj        :       0.01       0.00       0.00       0.01       0.00       0.00
  redcost          :       0.03       0.00       0.00       0.03       0.00       0.00
  rootredcost      :       0.00       0.00       0.00       0.00       0.00       0.00
  symmetry         :       0.00       0.00       0.00       0.00       0.00       0.00
  vbounds          :       0.03       0.00       0.00       0.03       0.00       0.00
Symmetry           :
  orbitopal red.   :          0 reductions applied,          0 cutoffs
  orbital reduction:          0 reductions applied,          0 cutoffs
  lexicographic red:          0 reductions applied,          0 cutoffs
  shadow tree time :       0.00 s
Conflict Analysis  :       Time      Calls    Success    DomReds  Conflicts   Literals    Reconvs ReconvLits   Dualrays   Nonzeros   LP Iters   (pool size: [--,--])
  propagation      :       0.00          0          0          -          0        0.0          0        0.0          -          -          -
  infeasible LP    :       0.00          0          0          -          0        0.0          0        0.0          0        0.0          0
  bound exceed. LP :       0.00          0          0          -          0        0.0          0        0.0          0        0.0          0
  strong branching :       0.00          0          0          -          0        0.0          0        0.0          -          -          0
  pseudo solution  :       0.00          0          0          -          0        0.0          0        0.0          -          -          -
  applied globally :       0.00          -          -          0          0        0.0          -          -          0          -          -
  applied locally  :          -          -          -          0          0        0.0          -          -          0          -          -
Separators         :   ExecTime  SetupTime      Calls  RootCalls    Cutoffs    DomReds  FoundCuts ViaPoolAdd  DirectAdd    Applied ViaPoolApp  DirectApp      Conss
  cut pool         :       0.00          -          0          0          -          -          0          0          -          -          -          -          -    (maximal pool size:          0)
  aggregation      :       0.00       0.00          0          0          0          0          0          0          0          0          0          0          0
  > cmir           :          -          -          -          -          -          -          -          0          0          0          0          0          -
  > flowcover      :          -          -          -          -          -          -          -          0          0          0          0          0          -
  > knapsackcover  :          -          -          -          -          -          -          -          0          0          0          0          0          -
  cgmip            :       0.00       0.00          0          0          0          0          0          0          0          0          0          0          0
  clique           :       0.00       0.00          0          0          0          0          0          0          0          0          0          0          0
  closecuts        :       0.00       0.00          0          0          0          0          0          0          0          0          0          0          0
  convexproj       :       0.00       0.00          0          0          0          0          0          0          0          0          0          0          0
  disjunctive      :       0.00       0.00          0          0          0          0          0          0          0          0          0          0          0
  eccuts           :       0.00       0.00          0          0          0          0          0          0          0          0          0          0          0
  gauge            :       0.00       0.00          0          0          0          0          0          0          0          0          0          0          0
  gomory           :       0.00       0.00          0          0          0          0          0          0          0          0          0          0          0
  > gomorymi       :          -          -          -          -          -          -          -          0          0          0          0          0          -
  > strongcg       :          -          -          -          -          -          -          -          0          0          0          0          0          -
  impliedbounds    :       0.00       0.00          0          0          0          0          0          0          0          0          0          0          0
  interminor       :       0.00       0.00          0          0          0          0          0          0          0          0          0          0          0
  intobj           :       0.00       0.00          0          0          0          0          0          0          0          0          0          0          0
  lagromory        :       0.00       0.00          0          0          0          0          0          0          0          0          0          0          0
  mcf              :       0.00       0.00          0          0          0          0          0          0          0          0          0          0          0
  minor            :       0.00       0.00          0          0          0          0          0          0          0          0          0          0          0
  mixing           :       0.00       0.00          0          0          0          0          0          0          0          0          0          0          0
  oddcycle         :       0.00       0.00          0          0          0          0          0          0          0          0          0          0          0
  rapidlearning    :       0.00       0.00          0          0          0          0          0          0          0          0          0          0          0
  rlt              :       0.00       0.00          0          0          0          0          0          0          0          0          0          0          0
  zerohalf         :       0.00       0.00          0          0          0          0          0          0          0          0          0          0          0
Cutselectors       :   ExecTime  SetupTime      Calls  RootCalls   Selected     Forced   Filtered  RootSelec   RootForc   RootFilt 
  hybrid           :       0.00       0.00          0          0          0          0          0          0          0          0
  ensemble         :       0.00       0.00          0          0          0          0          0          0          0          0
  dynamic          :       0.00       0.00          0          0          0          0          0          0          0          0
Pricers            :   ExecTime  SetupTime      Calls       Vars
  problem variables:       0.00          -          0          0
Branching Rules    :   ExecTime  SetupTime   BranchLP  BranchExt   BranchPS    Cutoffs    DomReds       Cuts      Conss   Children
  allfullstrong    :       0.00       0.00          0          0          0          0          0          0          0          0
  cloud            :       0.00       0.00          0          0          0          0          0          0          0          0
  distribution     :       0.00       0.00          0          0          0          0          0          0          0          0
  fullstrong       :       0.00       0.00          0          0          0          0          0          0          0          0
  general_disjuncti:   77082.84       0.00        863          0          0          1       1887          0          0          0
  GeneralDisjunction(extra): subMILPs=193 fairNodes of all MILPs=197873 probingLPs=6
  gomory           :       0.00       0.00          0          0          0          0          0          0          0          0
  inference        :       0.00       0.00          0          0          0          0          0          0          0          0
  leastinf         :       0.00       0.00          0          0          0          0          0          0          0          0
  lookahead        :       0.00       0.00          0          0          0          0          0          0          0          0
  mostinf          :       0.00       0.00          0          0          0          0          0          0          0          0
  multaggr         :       0.00       0.00          0          0          0          0          0          0          0          0
  nodereopt        :       0.00       0.00          0          0          0          0          0          0          0          0
  pscost           :       0.00       0.00          0          0          0          0          0          0          0          0
  random           :       0.00       0.00          0          0          0          0          0          0          0          0
  relpscost        :       0.08       0.00         57          0          0          0          2          0          0        110
  vanillafullstrong:       0.00       0.00          0          0          0          0          0          0          0          0
Primal Heuristics  :   ExecTime  SetupTime      Calls      Found       Best
  LP solutions     :       0.00          -          -          0          0
  relax solutions  :       0.00          -          -          0          0
  pseudo solutions :       0.00          -          -          0          0
  strong branching :       0.00          -          -          0          0
  actconsdiving    :       0.00       0.00          0          0          0
  adaptivediving   :       0.00       0.00          0          0          0
  alns             :       0.00       0.00          0          0          0
  bound            :       0.00       0.00          0          0          0
  clique           :       0.00       0.00          0          0          0
  coefdiving       :       0.00       0.00          0          0          0
  completesol      :       0.00       0.00          0          0          0
  conflictdiving   :       0.00       0.00          0          0          0
  crossover        :       0.00       0.00          0          0          0
  dins             :       0.00       0.00          0          0          0
  distributiondivin:       0.00       0.00          0          0          0
  dps              :       0.00       0.00          0          0          0
  dualval          :       0.00       0.00          0          0          0
  farkasdiving     :       0.00       0.00          0          0          0
  feaspump         :       0.00       0.00          0          0          0
  fixandinfer      :       0.00       0.00          0          0          0
  fracdiving       :       0.00       0.00          0          0          0
  gins             :       0.00       0.00          0          0          0
  guideddiving     :       0.00       0.00          0          0          0
  indicator        :       0.00       0.00          0          0          0
  indicatordiving  :       0.00       0.00          0          0          0
  intdiving        :       0.00       0.00          0          0          0
  intshifting      :       0.00       0.00          0          0          0
  linesearchdiving :       0.00       0.00          0          0          0
  localbranching   :       0.00       0.00          0          0          0
  locks            :       0.00       0.00          0          0          0
  lpface           :       0.00       0.00          0          0          0
  mpec             :       0.00       0.00          0          0          0
  multistart       :       0.00       0.00          0          0          0
  mutation         :       0.00       0.00          0          0          0
  nlpdiving        :       0.00       0.00          0          0          0
  objpscostdiving  :       0.00       0.00          0          0          0
  octane           :       0.00       0.00          0          0          0
  ofins            :       0.00       0.00          0          0          0
  oneopt           :       0.00       0.00          0          0          0
  padm             :       0.00       0.00          0          0          0
  proximity        :       0.00       0.00          0          0          0
  pscostdiving     :       0.00       0.00          0          0          0
  randrounding     :       0.00       0.00          0          0          0
  rens             :       0.00       0.00          0          0          0
  reoptsols        :       0.00       0.00          0          0          0
  repair           :       0.00       0.00          0          0          0
  rins             :       0.00       0.00          0          0          0
  rootsoldiving    :       0.00       0.00          0          0          0
  rounding         :       0.00       0.00          0          0          0
  scheduler        :       0.00       0.00          0          0          0
  shiftandpropagate:       0.00       0.00          0          0          0
  shifting         :       0.00       0.00          0          0          0
  simplerounding   :       0.00       0.00          0          0          0
  subnlp           :       0.00       0.00          0          0          0
  trivial          :       0.00       0.00          0          0          0
  trivialnegation  :       0.00       0.00          0          0          0
  trustregion      :       0.00       0.00          0          0          0
  trysol           :       0.00       0.00          0          0          0
  twoopt           :       0.00       0.00          0          0          0
  undercover       :       0.00       0.00          0          0          0
  vbounds          :       0.00       0.00          0          0          0
  veclendiving     :       0.00       0.00          0          0          0
  zeroobj          :       0.00       0.00          0          0          0
  zirounding       :       0.00       0.00          0          0          0
  other solutions  :          -          -          -          1          -
LNS (Scheduler)    :      Calls  SetupTime  SolveTime SolveNodes       Sols       Best       Exp3    Exp3-IX  EpsGreedy        UCB TgtFixRate  Opt  Inf Node Stal  Sol  Usr Othr Actv
  rens             :          0       0.00       0.00          0          0          0    0.00000    0.12500   -1.00000    1.00000      0.900    0    0    0    0    0    0    0    1
  rins             :          0       0.00       0.00          0          0          0    0.00000    0.12500   -1.00000    1.00000      0.900    0    0    0    0    0    0    0    1
  mutation         :          0       0.00       0.00          0          0          0    0.00000    0.12500   -1.00000    1.00000      0.900    0    0    0    0    0    0    0    1
  localbranching   :          0       0.00       0.00          0          0          0    0.00000    0.12500   -1.00000    1.00000      0.900    0    0    0    0    0    0    0    1
  crossover        :          0       0.00       0.00          0          0          0    0.00000    0.12500   -1.00000    1.00000      0.900    0    0    0    0    0    0    0    1
  proximity        :          0       0.00       0.00          0          0          0    0.00000    0.12500   -1.00000    1.00000      0.900    0    0    0    0    0    0    0    1
  zeroobjective    :          0       0.00       0.00          0          0          0    0.00000    0.12500   -1.00000    1.00000      0.900    0    0    0    0    0    0    0    1
  dins             :          0       0.00       0.00          0          0          0    0.00000    0.12500   -1.00000    1.00000      0.900    0    0    0    0    0    0    0    1
  trustregion      :          0       0.00       0.00          0          0          0    0.00000    0.00000   -1.00000    1.00000      0.900    0    0    0    0    0    0    0    0
LP                 :       Time      Calls Iterations  Iter/call   Iter/sec  Time-0-It Calls-0-It    ItLimit
  primal LP        :       0.00          0          0       0.00          -       0.00          0
  dual LP          :       0.62        906       9787      10.91   15755.98       0.00          9
  lex dual LP      :       0.00          0          0       0.00          -
  barrier LP       :       0.00          0          0       0.00          -       0.00          0
  resolve instable :       0.00          0          0       0.00          -
  diving/probing LP:       0.32          6          6       1.00      18.71
  strong branching :       1.75       2208      26146      11.84   14946.94          -          -         47
    (at root node) :          -         14        301      21.50          -
  conflict analysis:       0.00          0          0       0.00          -
B&B Tree           :
  number of runs   :          1
  nodes            :         98 (55 internal, 43 leaves)
  feasible leaves  :          0
  infeas. leaves   :         19
  objective leaves :         24
  nodes (total)    :         98 (55 internal, 43 leaves)
  nodes left       :         13
  max depth        :         12
  max depth (total):         12
  backtracks       :          9 (9.2%)
  early backtracks :          0 (0.0%)
  nodes exc. ref.  :          0 (0.0%)
  delayed cutoffs  :          0
  repropagations   :          0 (0 domain reductions, 0 cutoffs)
  avg switch length:       1.99
  switching time   :       0.00
Root Node          :
  First LP value   : +3.34496858100000e+02
  First LP Iters   :        118 (8176.27 Iter/sec)
  First LP Time    :       0.01
  Final Dual Bound : +3.34655778800000e+02
  Final Root Iters :        118
  Root LP Estimate : +3.37901406687253e+02
Solution           :
  Solutions found  :          1 (1 improvements)
  First Solution   : +3.85199692950000e+02   (in run 0, after 0 nodes, 0.00 seconds, depth -1, found by <initial>)
  Gap First Sol.   :   infinite
  Gap Last Sol.    :   infinite
  Primal Bound     : +3.85199692950000e+02   (in run 0, after 0 nodes, 0.00 seconds, depth -1, found by <initial>)
  Dual Bound       : +3.39121258400000e+02
  Gap              :      13.59 %
Integrals          :      Total       Avg%
  primal-dual      : 1002460.56      13.00
  primal-ref       :          -          - (not evaluated)
  dual-ref         :          -          - (not evaluated)
