SCIP version 9.2.2 [precision: 8 byte] [memory: block] [mode: optimized] [LP solver: CPLEX 12.10.0.0] [GitHash: 416226a4f8]
Copyright (c) 2002-2025 Zuse Institute Berlin (ZIB)

reading parameter file </scratch/htc/yzhou/exp_scipmip/settings/sandbox_gendj.set>

read problem </scratch/htc/yzhou/exp_scipmip/instances/additional/uct-subprob.mps>
============

original problem has 2256 variables (379 bin, 0 int, 0 impl, 1877 cont) and 1973 constraints
   1973 constraints of type <linear>
Reading Time: 0.11

read solution </scratch/htc/yzhou/solutions/uct-subprob.sol>
============

primal solution from solution file </scratch/htc/yzhou/solutions/uct-subprob.sol> was accepted as candidate, will be checked when solving starts
original problem has 2256 variables (379 bin, 0 int, 0 impl, 1877 cont) and 1973 constraints
   1973 constraints of type <linear>
Reading Time: 0.14
solve problem
=============
LP Solver <CPLEX 12.10.0.0>: fastmip setting not available -- SCIP parameter has no effect
LP Solver <CPLEX 12.10.0.0>: clock type cannot be set
LP Solver <CPLEX 12.10.0.0>: row representation of the basis not available -- SCIP parameter lp/rowrepswitch has no effect
LP Solver <CPLEX 12.10.0.0>: solution polishing not available -- SCIP parameter lp/solutionpolishing has no effect
LP Solver <CPLEX 12.10.0.0>: refactorization interval not available -- SCIP parameter lp/refactorinterval has no effect
1/1 feasible solution given by solution candidate storage, new primal bound 3.140000e+02

transformed problem has 2256 variables (379 bin, 0 int, 0 impl, 1877 cont) and 1973 constraints
   1973 constraints of type <linear>

original problem has 10147 active (0.227967%) nonzeros and 10147 (0.227967%) check nonzeros

presolving:
(round 1, fast)       151 del vars, 219 del conss, 0 add conss, 20 chg bounds, 0 chg sides, 0 chg coeffs, 0 upgd conss, 0 impls, 717 clqs
(round 2, fast)       171 del vars, 219 del conss, 0 add conss, 20 chg bounds, 0 chg sides, 0 chg coeffs, 0 upgd conss, 0 impls, 717 clqs
(round 3, exhaustive) 171 del vars, 219 del conss, 0 add conss, 20 chg bounds, 0 chg sides, 0 chg coeffs, 1754 upgd conss, 0 impls, 717 clqs
(round 4, exhaustive) 171 del vars, 225 del conss, 0 add conss, 20 chg bounds, 0 chg sides, 0 chg coeffs, 1754 upgd conss, 0 impls, 1466 clqs
   (0.1s) probing: 51/2085 (2.4%) - 0 fixings, 0 aggregations, 0 implications, 0 bound changes
   (0.1s) probing aborted: 50/50 successive totally useless probings
   (0.1s) symmetry computation started: requiring (bin +, int +, cont +), (fixed: bin -, int -, cont -)
   (0.1s) symmetry computation finished: 73 generators found (max: 1500, log10 of symmetry group size: 0.0) (symcode time: 0.00)
dynamic symmetry handling statistics:
   orbitopal reduction:        3 components: 2x3, 2x3, 2x3
   orbital reduction:         no components
   lexicographic reduction:   44 permutations with support sizes 14, 4, 4, 4, 4, 4, 4, 4, 4, 4, 4, 4, 4, 4, 4, 4, 4, 4, 4, 4, 4, 4, 4, 4, 4, 4, 4, 4, 4, 4, 4, 4, 4, 4, 4, 4, 4, 4, 4, 4, 4, 4, 4, 4
handled 65 out of 65 symmetry components
(round 5, exhaustive) 171 del vars, 225 del conss, 23 add conss, 20 chg bounds, 0 chg sides, 0 chg coeffs, 1754 upgd conss, 0 impls, 1489 clqs
(round 6, exhaustive) 171 del vars, 225 del conss, 23 add conss, 20 chg bounds, 0 chg sides, 0 chg coeffs, 1777 upgd conss, 0 impls, 1489 clqs
clique table cleanup detected 0 bound changes

presolved problem has 9740 active (0.263775%) nonzeros and 9740 (0.263775%) check nonzeros

presolving (7 rounds: 7 fast, 5 medium, 5 exhaustive):
 171 deleted vars, 225 deleted constraints, 23 added constraints, 20 tightened bounds, 0 added holes, 0 changed sides, 0 changed coefficients
 0 implications, 1490 cliques
presolved problem has 2085 variables (379 bin, 0 int, 1706 impl, 0 cont) and 1771 constraints
    815 constraints of type <setppc>
    956 constraints of type <logicor>
transformed objective value is always integral (scale: 1)
Presolving Time: 0.12
transformed 1/1 original solutions to the transformed problem space

 time | node  | left  |LP iter|LP it/n|mem/heur|mdpt |vars |cons |rows |cuts |sepa|confs|strbr|  dualbound   | primalbound  |  gap   | compl. 
  0.2s|     1 |     0 |  1034 |     - |    35M |   0 |2085 |1771 |1768 |   0 |  0 |   0 |   0 | 2.420000e+02 | 3.140000e+02 |  29.75%| unknown
_____________________________________
Now starting branching with general disjunction
Current branching Node number: 1
LP objective value: 242
Node lower bound: 244.237
Node upper bound: 314
gap to the primal bound: 0.285637
Preck submodel is infeasible, continue branching
Time limit exceeded (1000.18s), stopping submodel solve loop
General disjunction: No feasible solution found, use SCIP default branching rule
 1003s|     1 |     2 |  1034 |     - |    35M |   0 |2085 |1771 |1768 |   0 |  1 |   0 |  56 | 2.444059e+02 | 3.140000e+02 |  28.47%| unknown
_____________________________________
Now starting branching with general disjunction
Current branching Node number: 3
LP objective value: 248.187
Node lower bound: 251.604
Node upper bound: 314
gap to the primal bound: 0.284748
Preck submodel is infeasible, continue branching
Time limit exceeded (1000.17s), stopping submodel solve loop
General disjunction: No feasible solution found, use SCIP default branching rule
_____________________________________
Now starting branching with general disjunction
Current branching Node number: 5
LP objective value: 252.691
Node lower bound: 255.066
Node upper bound: 314
gap to the primal bound: 0.284748
Preck submodel is infeasible, continue branching
Time limit exceeded (1000.18s), stopping submodel solve loop
General disjunction: No feasible solution found, use SCIP default branching rule
_____________________________________
Now starting branching with general disjunction
Current branching Node number: 7
LP objective value: 260.339
Node lower bound: 262.408
Node upper bound: 314
gap to the primal bound: 0.284748
Preck submodel is infeasible, continue branching
Time limit exceeded (1000.17s), stopping submodel solve loop
General disjunction: No feasible solution found, use SCIP default branching rule
_____________________________________
Now starting branching with general disjunction
Current branching Node number: 9
LP objective value: 273.139
Node lower bound: 275.262
Node upper bound: 314
gap to the primal bound: 0.284748
Preck submodel is infeasible, continue branching
Time limit exceeded (1000.16s), stopping submodel solve loop
General disjunction: No feasible solution found, use SCIP default branching rule
_____________________________________
Now starting branching with general disjunction
Current branching Node number: 11
LP objective value: 278.629
Node lower bound: 281.629
Node upper bound: 314
gap to the primal bound: 0.284748
Preck submodel is infeasible, continue branching
Time limit exceeded (1000.18s), stopping submodel solve loop
General disjunction: No feasible solution found, use SCIP default branching rule
_____________________________________
Now starting branching with general disjunction
Current branching Node number: 13
LP objective value: 285.92
Node lower bound: 288.208
Node upper bound: 314
gap to the primal bound: 0.284748
Preck submodel is infeasible, continue branching
Time limit exceeded (1000.15s), stopping submodel solve loop
General disjunction: No feasible solution found, use SCIP default branching rule
_____________________________________
Now starting branching with general disjunction
Current branching Node number: 15
LP objective value: 291.019
Node lower bound: 292.702
Node upper bound: 314
gap to the primal bound: 0.284748
Preck submodel is infeasible, continue branching
Time limit exceeded (1000.16s), stopping submodel solve loop
General disjunction: No feasible solution found, use SCIP default branching rule
_____________________________________
Now starting branching with general disjunction
Current branching Node number: 17
LP objective value: 293.98
Node lower bound: 295.178
Node upper bound: 314
gap to the primal bound: 0.284748
Preck submodel is infeasible, continue branching
Time limit exceeded (1000.17s), stopping submodel solve loop
General disjunction: No feasible solution found, use SCIP default branching rule
_____________________________________
Now starting branching with general disjunction
Current branching Node number: 19
LP objective value: 295.28
Node lower bound: 296.361
Node upper bound: 314
gap to the primal bound: 0.284748
Preck submodel is infeasible, continue branching
Time limit exceeded (1000.15s), stopping submodel solve loop
General disjunction: No feasible solution found, use SCIP default branching rule
_____________________________________
Now starting branching with general disjunction
Current branching Node number: 21
LP objective value: 295.28
Node lower bound: 296.361
Node upper bound: 314
gap to the primal bound: 0.284748
Preck submodel is infeasible, continue branching
Time limit exceeded (1000.17s), stopping submodel solve loop
General disjunction: No feasible solution found, use SCIP default branching rule
_____________________________________
Now starting branching with general disjunction
Current branching Node number: 23
LP objective value: 299.312
Node lower bound: 301.583
Node upper bound: 314
gap to the primal bound: 0.284748
Preck submodel is infeasible, continue branching
Time limit exceeded (1000.17s), stopping submodel solve loop
General disjunction: No feasible solution found, use SCIP default branching rule
_____________________________________
Now starting branching with general disjunction
Current branching Node number: 25
LP objective value: 305.75
Node lower bound: 306.667
Node upper bound: 314
gap to the primal bound: 0.284748
Preck submodel is infeasible, continue branching
Time limit exceeded (1000.18s), stopping submodel solve loop
General disjunction: No feasible solution found, use SCIP default branching rule
_____________________________________
Now starting branching with general disjunction
Current branching Node number: 27
LP objective value: 308.25
Node lower bound: 309.167
Node upper bound: 314
gap to the primal bound: 0.284748
Preck submodel is infeasible, continue branching
Time limit exceeded (1000.17s), stopping submodel solve loop
General disjunction: No feasible solution found, use SCIP default branching rule
_____________________________________
Now starting branching with general disjunction
Current branching Node number: 4
LP objective value: 251.604
Node lower bound: 251.915
Node upper bound: 314
gap to the primal bound: 0.284748
Preck submodel is infeasible, continue branching
Time limit exceeded (1000.16s), stopping submodel solve loop
General disjunction: No feasible solution found, use SCIP default branching rule
_____________________________________
Now starting branching with general disjunction
Current branching Node number: 31
LP objective value: 260.03
Node lower bound: 261.772
Node upper bound: 314
gap to the primal bound: 0.284748
Preck submodel is infeasible, continue branching
Time limit exceeded (1000.15s), stopping submodel solve loop
General disjunction: No feasible solution found, use SCIP default branching rule
_____________________________________
Now starting branching with general disjunction
Current branching Node number: 33
LP objective value: 269.05
Node lower bound: 270.05
Node upper bound: 314
gap to the primal bound: 0.284748
Preck submodel is infeasible, continue branching
Time limit exceeded (1000.14s), stopping submodel solve loop
General disjunction: No feasible solution found, use SCIP default branching rule
_____________________________________
Now starting branching with general disjunction
Current branching Node number: 35
LP objective value: 290.486
Node lower bound: 292.517
Node upper bound: 314
gap to the primal bound: 0.284748
Preck submodel is infeasible, continue branching
Time limit exceeded (1000.15s), stopping submodel solve loop
General disjunction: No feasible solution found, use SCIP default branching rule
_____________________________________
Now starting branching with general disjunction
Current branching Node number: 37
LP objective value: 297.486
Node lower bound: 297.534
Node upper bound: 314
gap to the primal bound: 0.284748
Preck submodel is infeasible, continue branching
Time limit exceeded (1000.17s), stopping submodel solve loop
General disjunction: No feasible solution found, use SCIP default branching rule
_____________________________________
Now starting branching with general disjunction
Current branching Node number: 39
Relpscost reduced domain, skip general disjunction branching
_____________________________________
Now starting branching with general disjunction
Current branching Node number: 39
LP objective value: 303.276
Node lower bound: 303.276
Node upper bound: 314
gap to the primal bound: 0.284748
Preck submodel is infeasible, continue branching
Time limit exceeded (1000.16s), stopping submodel solve loop
General disjunction: No feasible solution found, use SCIP default branching rule
_____________________________________
Now starting branching with general disjunction
Current branching Node number: 41
Relpscost reduced domain, skip general disjunction branching
_____________________________________
Now starting branching with general disjunction
Current branching Node number: 41
LP objective value: 309.165
Node lower bound: 309.405
Node upper bound: 314
gap to the primal bound: 0.284748
Preck submodel is infeasible, continue branching
Time limit exceeded (1000.16s), stopping submodel solve loop
General disjunction: No feasible solution found, use SCIP default branching rule
_____________________________________
Now starting branching with general disjunction
Current branching Node number: 42
Relpscost reduced domain, skip general disjunction branching
_____________________________________
Now starting branching with general disjunction
Current branching Node number: 42
LP objective value: 310.613
Node lower bound: 310.613
Node upper bound: 314
gap to the primal bound: 0.284748
Preck submodel is infeasible, continue branching
Time limit exceeded (1000.15s), stopping submodel solve loop
General disjunction: No feasible solution found, use SCIP default branching rule
_____________________________________
Now starting branching with general disjunction
Current branching Node number: 44
LP objective value: 310.84
Node lower bound: 310.84
Node upper bound: 314
gap to the primal bound: 0.284748
Preck submodel is infeasible, continue branching
Time limit exceeded (1000.16s), stopping submodel solve loop
General disjunction: No feasible solution found, use SCIP default branching rule
_____________________________________
Now starting branching with general disjunction
Current branching Node number: 46
LP objective value: 311.412
Node lower bound: 311.412
Node upper bound: 314
gap to the primal bound: 0.284748
Preck submodel is infeasible, continue branching
Time limit exceeded (1000.17s), stopping submodel solve loop
General disjunction: No feasible solution found, use SCIP default branching rule
_____________________________________
Now starting branching with general disjunction
Current branching Node number: 2
LP objective value: 243.819
Node lower bound: 244.406
Node upper bound: 314
gap to the primal bound: 0.284748
Preck submodel is infeasible, continue branching
Time limit exceeded (1000.14s), stopping submodel solve loop
General disjunction: No feasible solution found, use SCIP default branching rule
_____________________________________
Now starting branching with general disjunction
Current branching Node number: 51
LP objective value: 247.16
Node lower bound: 247.404
Node upper bound: 314
gap to the primal bound: 0.284748
Preck submodel is infeasible, continue branching
Time limit exceeded (1000.16s), stopping submodel solve loop
General disjunction: No feasible solution found, use SCIP default branching rule
_____________________________________
Now starting branching with general disjunction
Current branching Node number: 53
LP objective value: 252.923
Node lower bound: 253.425
Node upper bound: 314
gap to the primal bound: 0.284748
Preck submodel is infeasible, continue branching
Time limit exceeded (1000.15s), stopping submodel solve loop
General disjunction: No feasible solution found, use SCIP default branching rule
_____________________________________
Now starting branching with general disjunction
Current branching Node number: 55
LP objective value: 256.768
Node lower bound: 256.768
Node upper bound: 314
gap to the primal bound: 0.284748
Preck submodel is infeasible, continue branching
Time limit exceeded (1000.16s), stopping submodel solve loop
General disjunction: No feasible solution found, use SCIP default branching rule
_____________________________________
Now starting branching with general disjunction
Current branching Node number: 57
LP objective value: 264
Node lower bound: 264
Node upper bound: 314
gap to the primal bound: 0.284748
Preck submodel is infeasible, continue branching
Time limit exceeded (1000.16s), stopping submodel solve loop
General disjunction: No feasible solution found, use SCIP default branching rule
_____________________________________
Now starting branching with general disjunction
Current branching Node number: 59
LP objective value: 274
Node lower bound: 274
Node upper bound: 314
gap to the primal bound: 0.284748
Preck submodel is infeasible, continue branching
Time limit exceeded (1000.15s), stopping submodel solve loop
General disjunction: No feasible solution found, use SCIP default branching rule
_____________________________________
Now starting branching with general disjunction
Current branching Node number: 61
LP objective value: 279.667
Node lower bound: 279.667
Node upper bound: 314
gap to the primal bound: 0.284748
Preck submodel is infeasible, continue branching
Time limit exceeded (1000.18s), stopping submodel solve loop
General disjunction: No feasible solution found, use SCIP default branching rule
_____________________________________
Now starting branching with general disjunction
Current branching Node number: 63
LP objective value: 283.818
Node lower bound: 283.818
Node upper bound: 314
gap to the primal bound: 0.284748
Preck submodel is infeasible, continue branching
Time limit exceeded (1000.17s), stopping submodel solve loop
General disjunction: No feasible solution found, use SCIP default branching rule
_____________________________________
Now starting branching with general disjunction
Current branching Node number: 65
LP objective value: 288.25
Node lower bound: 288.25
Node upper bound: 314
gap to the primal bound: 0.284748
Preck submodel is infeasible, continue branching
Time limit exceeded (1000.2s), stopping submodel solve loop
General disjunction: No feasible solution found, use SCIP default branching rule
_____________________________________
Now starting branching with general disjunction
Current branching Node number: 67
LP objective value: 293.25
Node lower bound: 293.25
Node upper bound: 314
gap to the primal bound: 0.284748
Preck submodel is infeasible, continue branching
Time limit exceeded (1000.18s), stopping submodel solve loop
General disjunction: No feasible solution found, use SCIP default branching rule
_____________________________________
Now starting branching with general disjunction
Current branching Node number: 69
LP objective value: 295.75
Node lower bound: 295.75
Node upper bound: 314
gap to the primal bound: 0.284748
Preck submodel is infeasible, continue branching
Time limit exceeded (1000.18s), stopping submodel solve loop
General disjunction: No feasible solution found, use SCIP default branching rule
_____________________________________
Now starting branching with general disjunction
Current branching Node number: 71
LP objective value: 299.75
Node lower bound: 299.75
Node upper bound: 314
gap to the primal bound: 0.284748
Preck submodel is infeasible, continue branching
Time limit exceeded (1000.17s), stopping submodel solve loop
General disjunction: No feasible solution found, use SCIP default branching rule
_____________________________________
Now starting branching with general disjunction
Current branching Node number: 52
LP objective value: 247.712
Node lower bound: 247.712
Node upper bound: 314
gap to the primal bound: 0.284748
Preck submodel is infeasible, continue branching
Time limit exceeded (1000.15s), stopping submodel solve loop
General disjunction: No feasible solution found, use SCIP default branching rule
_____________________________________
Now starting branching with general disjunction
Current branching Node number: 75
LP objective value: 252.825
Node lower bound: 252.825
Node upper bound: 314
gap to the primal bound: 0.284748
Preck submodel is infeasible, continue branching
Time limit exceeded (1000.14s), stopping submodel solve loop
General disjunction: No feasible solution found, use SCIP default branching rule
_____________________________________
Now starting branching with general disjunction
Current branching Node number: 77
LP objective value: 258.053
Node lower bound: 258.053
Node upper bound: 314
gap to the primal bound: 0.284748
Preck submodel is infeasible, continue branching
Time limit exceeded (1000.14s), stopping submodel solve loop
General disjunction: No feasible solution found, use SCIP default branching rule
_____________________________________
Now starting branching with general disjunction
Current branching Node number: 79
LP objective value: 270.5
Node lower bound: 270.5
Node upper bound: 314
gap to the primal bound: 0.284748
Preck submodel is infeasible, continue branching
Time limit exceeded (1000.14s), stopping submodel solve loop
General disjunction: No feasible solution found, use SCIP default branching rule
_____________________________________
Now starting branching with general disjunction
Current branching Node number: 81
LP objective value: 276.857
Node lower bound: 276.857
Node upper bound: 314
gap to the primal bound: 0.284748
Preck submodel is infeasible, continue branching
Time limit exceeded (1000.15s), stopping submodel solve loop
General disjunction: No feasible solution found, use SCIP default branching rule
_____________________________________
Now starting branching with general disjunction
Current branching Node number: 83
LP objective value: 283.906
Node lower bound: 283.906
Node upper bound: 314
gap to the primal bound: 0.284748
Preck submodel is infeasible, continue branching
Time limit exceeded (1000.13s), stopping submodel solve loop
General disjunction: No feasible solution found, use SCIP default branching rule
_____________________________________
Now starting branching with general disjunction
Current branching Node number: 85
LP objective value: 287.778
Node lower bound: 287.778
Node upper bound: 314
gap to the primal bound: 0.284748
Preck submodel is infeasible, continue branching
Time limit exceeded (1000.14s), stopping submodel solve loop
General disjunction: No feasible solution found, use SCIP default branching rule
_____________________________________
Now starting branching with general disjunction
Current branching Node number: 87
LP objective value: 292.667
Node lower bound: 292.667
Node upper bound: 314
gap to the primal bound: 0.284748
Preck submodel is infeasible, continue branching
Time limit exceeded (1000.14s), stopping submodel solve loop
General disjunction: No feasible solution found, use SCIP default branching rule
_____________________________________
Now starting branching with general disjunction
Current branching Node number: 89
LP objective value: 301.833
Node lower bound: 301.833
Node upper bound: 314
gap to the primal bound: 0.284748
Preck submodel is infeasible, continue branching
Time limit exceeded (1000.14s), stopping submodel solve loop
General disjunction: No feasible solution found, use SCIP default branching rule
_____________________________________
Now starting branching with general disjunction
Current branching Node number: 91
LP objective value: 303.833
Node lower bound: 303.833
Node upper bound: 314
gap to the primal bound: 0.284748
Preck submodel is infeasible, continue branching
Time limit exceeded (1000.14s), stopping submodel solve loop
General disjunction: No feasible solution found, use SCIP default branching rule
_____________________________________
Now starting branching with general disjunction
Current branching Node number: 93
LP objective value: 307.333
Node lower bound: 307.333
Node upper bound: 314
gap to the primal bound: 0.284748
Preck submodel is infeasible, continue branching
Time limit exceeded (1000.16s), stopping submodel solve loop
General disjunction: No feasible solution found, use SCIP default branching rule
_____________________________________
Now starting branching with general disjunction
Current branching Node number: 95
LP objective value: 309.833
Node lower bound: 309.833
Node upper bound: 314
gap to the primal bound: 0.284748
Preck submodel is infeasible, continue branching
Time limit exceeded (1000.15s), stopping submodel solve loop
General disjunction: No feasible solution found, use SCIP default branching rule
_____________________________________
Now starting branching with general disjunction
Current branching Node number: 97
LP objective value: 311.5
Node lower bound: 311.5
Node upper bound: 314
gap to the primal bound: 0.284748
Preck submodel is infeasible, continue branching
Time limit exceeded (1000.19s), stopping submodel solve loop
General disjunction: No feasible solution found, use SCIP default branching rule
_____________________________________
Now starting branching with general disjunction
Current branching Node number: 74
LP objective value: 249.772
Node lower bound: 249.772
Node upper bound: 314
gap to the primal bound: 0.284748
Preck submodel is infeasible, continue branching
Time limit exceeded (1000.25s), stopping submodel solve loop
General disjunction: No feasible solution found, use SCIP default branching rule
_____________________________________
Now starting branching with general disjunction
Current branching Node number: 101
LP objective value: 257.625
Node lower bound: 257.625
Node upper bound: 314
gap to the primal bound: 0.284748
Preck submodel is infeasible, continue branching
Time limit exceeded (1000.21s), stopping submodel solve loop
General disjunction: No feasible solution found, use SCIP default branching rule
_____________________________________
Now starting branching with general disjunction
Current branching Node number: 103
LP objective value: 268.513
Node lower bound: 268.513
Node upper bound: 314
gap to the primal bound: 0.284748
Preck submodel is infeasible, continue branching
Time limit exceeded (1000.2s), stopping submodel solve loop
General disjunction: No feasible solution found, use SCIP default branching rule
_____________________________________
Now starting branching with general disjunction
Current branching Node number: 105
LP objective value: 271.75
Node lower bound: 271.75
Node upper bound: 314
gap to the primal bound: 0.284748
Preck submodel is infeasible, continue branching
Time limit exceeded (1000.2s), stopping submodel solve loop
General disjunction: No feasible solution found, use SCIP default branching rule
_____________________________________
Now starting branching with general disjunction
Current branching Node number: 107
LP objective value: 277.812
Node lower bound: 277.812
Node upper bound: 314
gap to the primal bound: 0.284748
Preck submodel is infeasible, continue branching
Time limit exceeded (1000.14s), stopping submodel solve loop
General disjunction: No feasible solution found, use SCIP default branching rule
_____________________________________
Now starting branching with general disjunction
Current branching Node number: 109
LP objective value: 282.2
Node lower bound: 282.2
Node upper bound: 314
gap to the primal bound: 0.284748
Preck submodel is infeasible, continue branching
Time limit exceeded (1000.14s), stopping submodel solve loop
General disjunction: No feasible solution found, use SCIP default branching rule
_____________________________________
Now starting branching with general disjunction
Current branching Node number: 111
LP objective value: 285.9
Node lower bound: 286.667
Node upper bound: 314
gap to the primal bound: 0.284748
Preck submodel is infeasible, continue branching
Time limit exceeded (1000.13s), stopping submodel solve loop
General disjunction: No feasible solution found, use SCIP default branching rule
_____________________________________
Now starting branching with general disjunction
Current branching Node number: 113
LP objective value: 288.6
Node lower bound: 288.6
Node upper bound: 314
gap to the primal bound: 0.284748
Preck submodel is infeasible, continue branching
Time limit exceeded (1000.14s), stopping submodel solve loop
General disjunction: No feasible solution found, use SCIP default branching rule
_____________________________________
Now starting branching with general disjunction
Current branching Node number: 115
LP objective value: 291.13
Node lower bound: 291.13
Node upper bound: 314
gap to the primal bound: 0.284748
Preck submodel is infeasible, continue branching
Time limit exceeded (1000.16s), stopping submodel solve loop
General disjunction: No feasible solution found, use SCIP default branching rule
_____________________________________
Now starting branching with general disjunction
Current branching Node number: 117
LP objective value: 299.667
Node lower bound: 299.667
Node upper bound: 314
gap to the primal bound: 0.284748
Preck submodel is infeasible, continue branching
Time limit exceeded (1000.16s), stopping submodel solve loop
General disjunction: No feasible solution found, use SCIP default branching rule
_____________________________________
Now starting branching with general disjunction
Current branching Node number: 119
LP objective value: 301
Node lower bound: 301
Node upper bound: 314
gap to the primal bound: 0.284748
Preck submodel is infeasible, continue branching
Time limit exceeded (1000.15s), stopping submodel solve loop
General disjunction: No feasible solution found, use SCIP default branching rule
_____________________________________
Now starting branching with general disjunction
Current branching Node number: 121
LP objective value: 303.333
Node lower bound: 303.333
Node upper bound: 314
gap to the primal bound: 0.284748
Preck submodel is infeasible, continue branching
Time limit exceeded (1000.16s), stopping submodel solve loop
General disjunction: No feasible solution found, use SCIP default branching rule
_____________________________________
Now starting branching with general disjunction
Current branching Node number: 100
LP objective value: 249.861
Node lower bound: 249.861
Node upper bound: 314
gap to the primal bound: 0.284748
Preck submodel is infeasible, continue branching
Time limit exceeded (1000.14s), stopping submodel solve loop
General disjunction: No feasible solution found, use SCIP default branching rule
_____________________________________
Now starting branching with general disjunction
Current branching Node number: 125
LP objective value: 259.5
Node lower bound: 259.5
Node upper bound: 314
gap to the primal bound: 0.284748
Preck submodel is infeasible, continue branching
Time limit exceeded (1000.14s), stopping submodel solve loop
General disjunction: No feasible solution found, use SCIP default branching rule
_____________________________________
Now starting branching with general disjunction
Current branching Node number: 127
LP objective value: 263.464
Node lower bound: 263.464
Node upper bound: 314
gap to the primal bound: 0.284748
Preck submodel is infeasible, continue branching
Time limit exceeded (1000.13s), stopping submodel solve loop
General disjunction: No feasible solution found, use SCIP default branching rule
_____________________________________
Now starting branching with general disjunction
Current branching Node number: 129
LP objective value: 270.25
Node lower bound: 270.25
Node upper bound: 314
gap to the primal bound: 0.284748
Preck submodel is infeasible, continue branching
Time limit exceeded (1000.14s), stopping submodel solve loop
General disjunction: No feasible solution found, use SCIP default branching rule
_____________________________________
Now starting branching with general disjunction
Current branching Node number: 131
LP objective value: 272.958
Node lower bound: 272.958
Node upper bound: 314
gap to the primal bound: 0.284748
Preck submodel is infeasible, continue branching
Time limit exceeded (1000.13s), stopping submodel solve loop
General disjunction: No feasible solution found, use SCIP default branching rule
_____________________________________
Now starting branching with general disjunction
Current branching Node number: 133
LP objective value: 275.375
Node lower bound: 275.375
Node upper bound: 314
gap to the primal bound: 0.284748
Preck submodel is infeasible, continue branching
Time limit exceeded (1000.13s), stopping submodel solve loop
General disjunction: No feasible solution found, use SCIP default branching rule
_____________________________________
Now starting branching with general disjunction
Current branching Node number: 135
LP objective value: 282.375
Node lower bound: 282.375
Node upper bound: 314
gap to the primal bound: 0.284748
Preck submodel is infeasible, continue branching
Time limit exceeded (1000.13s), stopping submodel solve loop
General disjunction: No feasible solution found, use SCIP default branching rule
_____________________________________
Now starting branching with general disjunction
Current branching Node number: 137
LP objective value: 285.708
Node lower bound: 285.708
Node upper bound: 314
gap to the primal bound: 0.284748
Preck submodel is infeasible, continue branching
Time limit exceeded (1000.13s), stopping submodel solve loop
General disjunction: No feasible solution found, use SCIP default branching rule
_____________________________________
Now starting branching with general disjunction
Current branching Node number: 139
LP objective value: 289.75
Node lower bound: 289.75
Node upper bound: 314
gap to the primal bound: 0.284748
Preck submodel is infeasible, continue branching
Time limit exceeded (1000.13s), stopping submodel solve loop
General disjunction: No feasible solution found, use SCIP default branching rule
_____________________________________
Now starting branching with general disjunction
Current branching Node number: 141
LP objective value: 291.833
Node lower bound: 291.833
Node upper bound: 314
gap to the primal bound: 0.284748
Preck submodel is infeasible, continue branching
Time limit exceeded (1000.16s), stopping submodel solve loop
General disjunction: No feasible solution found, use SCIP default branching rule
_____________________________________
Now starting branching with general disjunction
Current branching Node number: 143
LP objective value: 293.167
Node lower bound: 295.667
Node upper bound: 314
gap to the primal bound: 0.284748
Preck submodel is infeasible, continue branching
Time limit exceeded (1000.13s), stopping submodel solve loop
General disjunction: No feasible solution found, use SCIP default branching rule
_____________________________________
Now starting branching with general disjunction
Current branching Node number: 145
LP objective value: 301.5
Node lower bound: 301.5
Node upper bound: 314
gap to the primal bound: 0.284748
Preck submodel is infeasible, continue branching
Time limit exceeded (1000.14s), stopping submodel solve loop
General disjunction: No feasible solution found, use SCIP default branching rule
_____________________________________
Now starting branching with general disjunction
Current branching Node number: 124
LP objective value: 250.021
Node lower bound: 250.021
Node upper bound: 314
gap to the primal bound: 0.284748
Preck submodel is infeasible, continue branching
Time limit exceeded (1000.12s), stopping submodel solve loop
General disjunction: No feasible solution found, use SCIP default branching rule
_____________________________________
Now starting branching with general disjunction
Current branching Node number: 149
LP objective value: 254.794
Node lower bound: 254.794
Node upper bound: 314
gap to the primal bound: 0.284748
Preck submodel is infeasible, continue branching
Time limit exceeded (1000.13s), stopping submodel solve loop
General disjunction: No feasible solution found, use SCIP default branching rule
_____________________________________
Now starting branching with general disjunction
Current branching Node number: 151
LP objective value: 260.35
Node lower bound: 261.733
Node upper bound: 314
gap to the primal bound: 0.284748
Preck submodel is infeasible, continue branching
Time limit exceeded (1000.13s), stopping submodel solve loop
General disjunction: No feasible solution found, use SCIP default branching rule
_____________________________________
Now starting branching with general disjunction
Current branching Node number: 153
LP objective value: 268.331
Node lower bound: 268.331
Node upper bound: 314
gap to the primal bound: 0.284748
Preck submodel is infeasible, continue branching
Time limit exceeded (1000.13s), stopping submodel solve loop
General disjunction: No feasible solution found, use SCIP default branching rule
_____________________________________
Now starting branching with general disjunction
Current branching Node number: 155
LP objective value: 276.038
Node lower bound: 276.038
Node upper bound: 314
gap to the primal bound: 0.284748
Preck submodel is infeasible, continue branching
Time limit exceeded (1000.14s), stopping submodel solve loop
General disjunction: No feasible solution found, use SCIP default branching rule
_____________________________________
Now starting branching with general disjunction
Current branching Node number: 157
LP objective value: 281.1
Node lower bound: 281.1
Node upper bound: 314
gap to the primal bound: 0.284748
Preck submodel is infeasible, continue branching
Time limit exceeded (1000.13s), stopping submodel solve loop
General disjunction: No feasible solution found, use SCIP default branching rule
_____________________________________
Now starting branching with general disjunction
Current branching Node number: 159
LP objective value: 283.6
Node lower bound: 283.6
Node upper bound: 314
gap to the primal bound: 0.284748
Preck submodel is infeasible, continue branching
Time limit exceeded (1000.12s), stopping submodel solve loop
General disjunction: No feasible solution found, use SCIP default branching rule
_____________________________________
Now starting branching with general disjunction
Current branching Node number: 161
LP objective value: 286.933
Node lower bound: 286.933
Node upper bound: 314
gap to the primal bound: 0.284748
Preck submodel is infeasible, continue branching
Time limit exceeded (1000.13s), stopping submodel solve loop
General disjunction: No feasible solution found, use SCIP default branching rule
_____________________________________
Now starting branching with general disjunction
Current branching Node number: 163
LP objective value: 292.483
Node lower bound: 292.483
Node upper bound: 314
gap to the primal bound: 0.284748
Preck submodel is infeasible, continue branching
Time limit exceeded (1000.15s), stopping submodel solve loop
General disjunction: No feasible solution found, use SCIP default branching rule
_____________________________________
Now starting branching with general disjunction
Current branching Node number: 165
LP objective value: 294.875
Node lower bound: 294.875
Node upper bound: 314
gap to the primal bound: 0.284748
Preck submodel is infeasible, continue branching
Time limit exceeded (1000.13s), stopping submodel solve loop
General disjunction: No feasible solution found, use SCIP default branching rule
_____________________________________
Now starting branching with general disjunction
Current branching Node number: 166
LP objective value: 295.667
Node lower bound: 295.667
Node upper bound: 314
gap to the primal bound: 0.284748
Preck submodel is infeasible, continue branching
Time limit exceeded (1000.14s), stopping submodel solve loop
General disjunction: No feasible solution found, use SCIP default branching rule
_____________________________________
Now starting branching with general disjunction
Current branching Node number: 169
LP objective value: 306
Node lower bound: 306
Node upper bound: 314
gap to the primal bound: 0.284748
Preck submodel is infeasible, continue branching
Time limit exceeded (1000.18s), stopping submodel solve loop
General disjunction: No feasible solution found, use SCIP default branching rule
_____________________________________
Now starting branching with general disjunction
Current branching Node number: 148
LP objective value: 250.303
Node lower bound: 250.303
Node upper bound: 314
gap to the primal bound: 0.284748
Preck submodel is infeasible, continue branching
Time limit exceeded (1000.13s), stopping submodel solve loop
General disjunction: No feasible solution found, use SCIP default branching rule
_____________________________________
Now starting branching with general disjunction
Current branching Node number: 173
LP objective value: 254.446
Node lower bound: 254.446
Node upper bound: 314
gap to the primal bound: 0.284748
Preck submodel is infeasible, continue branching
Time limit exceeded (1000.13s), stopping submodel solve loop
General disjunction: No feasible solution found, use SCIP default branching rule

SCIP Status        : solving was interrupted [time limit reached]
Solving Time (sec) : 87023.38
Solving Nodes      : 93
Primal Bound       : +3.14000000000000e+02 (1 solutions)
Dual Bound         : +2.44405871850823e+02
Gap                : 28.47 %

primal solution:
================

objective value:                                  314
xTopRilMonAnt_Day_2_P_5                             1 	(obj:3)
xAntCul_Day_2_P_2                                   1 	(obj:2)
xArcClaCS_Day_2_P_1                                 1 	(obj:3)
xArcCla1_Day_2_P_1                                  1 	(obj:4)
xArcCriMed_Day_2_P_4                                1 	(obj:4)
xArcVicOriAnt_Day_2_P_4                             1 	(obj:2)
xArcStoArtMus_Day_2_P_1                             1 	(obj:2)
xArcStoArtMus_Day_2_P_2                             1 	(obj:2)
xArcMedCS_Day_2_P_5                                 1 	(obj:3)
xArchiv_Day_2_P_1                                   1 	(obj:2)
xArchiv_Day_2_P_2                                   1 	(obj:2)
xArchivCS_Day_2_P_5                                 1 	(obj:2)
xArchivCS_Day_2_P_6                                 1 	(obj:2)
xBioarcCS_Day_2_P_4                                 1 	(obj:1)
xCartog_Day_2_P_4                                   1 	(obj:5)
xCodico_Day_2_P_4                                   1 	(obj:2)
xCodico_Day_2_P_5                                   1 	(obj:2)
xCodicoCS_Day_2_P_2                                 1 	(obj:1)
xCodicoCS_Day_2_P_3                                 1 	(obj:1)
xEcoAzi_Day_2_P_4                                   1 	(obj:5)
xEleInfSciCatBenCulM3_Day_2_P_4                     1 	(obj:2)
xEsteti_Day_2_P_5                                   1 	(obj:4)
xEtrAntIta_Day_2_P_3                                1 	(obj:4)
xFilCla2_Day_2_P_1                                  1 	(obj:2)
xFilCla2_Day_2_P_2                                  1 	(obj:2)
xFilTeo_Day_2_P_3                                   1 	(obj:0)
xFilTeo_Day_2_P_4                                   1 	(obj:0)
xFilTeo_Day_2_P_6                                   1 	(obj:0)
xFonSoc_Day_2_P_1                                   1 	(obj:3)
xGeoTur_Day_2_P_5                                   1 	(obj:5)
xGeo1_Day_2_P_3                                     1 	(obj:6)
xItaScr_Day_2_P_3                                   1 	(obj:3)
xLinLetLatCS_Day_2_P_3                              1 	(obj:2)
xLinLatB_Day_2_P_4                                  1 	(obj:5)
xLinGen_Day_2_P_4                                   1 	(obj:4)
xMatTecAppArcM3_Day_2_P_4                           1 	(obj:5)
xMatCarCosResEdiSto_Day_2_P_4                       1 	(obj:3)
xPaleoa_Day_2_P_5                                   1 	(obj:1)
xPalLat_Day_2_P_4                                   1 	(obj:3)
xPalLat_Day_2_P_5                                   1 	(obj:3)
xProMedCS_Day_2_P_2                                 1 	(obj:3)
xPsiTur_Day_2_P_5                                   1 	(obj:4)
xSocArt_Day_2_P_5                                   1 	(obj:3)
xSociol1_Day_2_P_4                                  1 	(obj:2)
xStoColIstMus_Day_2_P_3                             1 	(obj:0)
xStoLibSta_Day_2_P_1                                1 	(obj:2)
xStoLibSta_Day_2_P_2                                1 	(obj:2)
xStoRes_Day_2_P_6                                   1 	(obj:3)
xStoArc_Day_2_P_3                                   1 	(obj:5)
xStoArt_Day_2_P_3                                   1 	(obj:3)
xStoCriArt_Day_2_P_5                                1 	(obj:4)
xStoMus_Day_2_P_3                                   1 	(obj:3)
xStoBib_Day_2_P_3                                   1 	(obj:2)
xStoTecArtM12_Day_2_P_5                             1 	(obj:3)
xStoTecArtCS_Day_2_P_4                              1 	(obj:5)
xStoTecFot_Day_2_P_6                                1 	(obj:2)
xStoGre_Day_2_P_2                                   1 	(obj:1)
xStoRomCS_Day_2_P_6                                 1 	(obj:2)
xTedUma_Day_2_P_4                                   1 	(obj:3)
xTedUma_Day_2_P_5                                   1 	(obj:3)
xTopRilMonAnt_Day_2_P_6                             1 	(obj:3)
y_compact_q021_Day_2_Period_4                       1 	(obj:2)
y_compact_q022_Day_2_Period_2                       1 	(obj:2)
y_compact_q038_Day_2_Period_3                       1 	(obj:2)
y_compact_q076_Day_2_Period_3                       1 	(obj:2)
y_compact_q129_Day_2_Period_3                       1 	(obj:2)
y_compact_q139_Day_2_Period_3                       1 	(obj:2)
y_compact_q147_Day_2_Period_4                       1 	(obj:2)
DaySingleVar_C_4_Day_1                              1 	(obj:5)
DaySingleVar_C_19_Day_1                             1 	(obj:5)
DaySingleVar_C_27_Day_1                             1 	(obj:5)
DaySingleVar_C_28_Day_1                             1 	(obj:5)
DaySingleVar_C_30_Day_1                             1 	(obj:5)
DaySingleVar_C_31_Day_1                             1 	(obj:5)
DaySingleVar_C_33_Day_1                             1 	(obj:5)
DaySingleVar_C_35_Day_1                             1 	(obj:5)
DaySingleVar_C_36_Day_1                             1 	(obj:5)
DaySingleVar_C_37_Day_1                             1 	(obj:5)
DaySingleVar_C_41_Day_1                             1 	(obj:5)
DaySingleVar_C_44_Day_1                             1 	(obj:5)
DaySingleVar_C_45_Day_1                             1 	(obj:5)
DaySingleVar_C_49_Day_1                             1 	(obj:5)
DaySingleVar_C_54_Day_1                             1 	(obj:5)
DaySingleVar_C_55_Day_1                             1 	(obj:5)
DaySingleVar_C_57_Day_1                             1 	(obj:5)
DaySingleVar_C_60_Day_1                             1 	(obj:5)
DaySingleVar_C_61_Day_1                             1 	(obj:5)
DaySingleVar_C_64_Day_1                             1 	(obj:5)
DaySingleVar_C_65_Day_1                             1 	(obj:5)
DaySingleVar_C_68_Day_1                             1 	(obj:5)
DaySingleVar_C_72_Day_1                             1 	(obj:5)
DaySingleVar_C_73_Day_1                             1 	(obj:5)
DaySingleVar_C_82_Day_1                             1 	(obj:5)
DaySingleVar_C_83_Day_1                             1 	(obj:5)
DaySingleVar_C_85_Day_1                             1 	(obj:5)
DaySingleVar_C_77_Day_1                             1 	(obj:0)
y_q000_Day_2_Period_1                               1 	(obj:0)
y_q000_Day_2_Period_2                               1 	(obj:0)
y_q000_Day_2_Period_5                               1 	(obj:0)
y_q000_Day_2_Period_6                               1 	(obj:0)
y_q001_Day_2_Period_4                               1 	(obj:0)
y_q001_Day_2_Period_5                               1 	(obj:0)
y_q001_Day_2_Period_6                               1 	(obj:0)
y_q002_Day_2_Period_1                               1 	(obj:0)
y_q002_Day_2_Period_2                               1 	(obj:0)
y_q002_Day_2_Period_6                               1 	(obj:0)
y_q003_Day_2_Period_1                               1 	(obj:0)
y_q003_Day_2_Period_2                               1 	(obj:0)
y_q003_Day_2_Period_6                               1 	(obj:0)
y_q004_Day_2_Period_4                               1 	(obj:0)
y_q004_Day_2_Period_5                               1 	(obj:0)
y_q004_Day_2_Period_6                               1 	(obj:0)
y_q005_Day_2_Period_1                               1 	(obj:0)
y_q005_Day_2_Period_2                               1 	(obj:0)
y_q005_Day_2_Period_6                               1 	(obj:0)
y_q006_Day_2_Period_1                               1 	(obj:0)
y_q006_Day_2_Period_2                               1 	(obj:0)
y_q006_Day_2_Period_5                               1 	(obj:0)
y_q006_Day_2_Period_6                               1 	(obj:0)
y_q007_Day_2_Period_4                               1 	(obj:0)
y_q007_Day_2_Period_5                               1 	(obj:0)
y_q007_Day_2_Period_6                               1 	(obj:0)
y_q008_Day_2_Period_3                               1 	(obj:0)
y_q008_Day_2_Period_4                               1 	(obj:0)
y_q008_Day_2_Period_5                               1 	(obj:0)
y_q008_Day_2_Period_6                               1 	(obj:0)
y_q010_Day_2_Period_4                               1 	(obj:0)
y_q010_Day_2_Period_5                               1 	(obj:0)
y_q010_Day_2_Period_6                               1 	(obj:0)
y_q011_Day_2_Period_1                               1 	(obj:0)
y_q011_Day_2_Period_2                               1 	(obj:0)
y_q011_Day_2_Period_3                               1 	(obj:0)
y_q011_Day_2_Period_4                               1 	(obj:0)
y_q011_Day_2_Period_5                               1 	(obj:0)
y_q011_Day_2_Period_6                               1 	(obj:0)
y_q012_Day_2_Period_1                               1 	(obj:0)
y_q012_Day_2_Period_2                               1 	(obj:0)
y_q012_Day_2_Period_3                               1 	(obj:0)
y_q012_Day_2_Period_4                               1 	(obj:0)
y_q014_Day_2_Period_3                               1 	(obj:0)
y_q014_Day_2_Period_4                               1 	(obj:0)
y_q014_Day_2_Period_5                               1 	(obj:0)
y_q014_Day_2_Period_6                               1 	(obj:0)
y_q015_Day_2_Period_3                               1 	(obj:0)
y_q015_Day_2_Period_4                               1 	(obj:0)
y_q017_Day_2_Period_5                               1 	(obj:0)
y_q017_Day_2_Period_6                               1 	(obj:0)
y_q018_Day_2_Period_1                               1 	(obj:0)
y_q018_Day_2_Period_5                               1 	(obj:0)
y_q018_Day_2_Period_6                               1 	(obj:0)
y_q019_Day_2_Period_1                               1 	(obj:0)
y_q019_Day_2_Period_2                               1 	(obj:0)
y_q019_Day_2_Period_5                               1 	(obj:0)
y_q019_Day_2_Period_6                               1 	(obj:0)
y_q020_Day_2_Period_1                               1 	(obj:0)
y_q020_Day_2_Period_4                               1 	(obj:0)
y_q020_Day_2_Period_5                               1 	(obj:0)
y_q020_Day_2_Period_6                               1 	(obj:0)
y_q021_Day_2_Period_1                               1 	(obj:0)
y_q021_Day_2_Period_2                               1 	(obj:0)
y_q021_Day_2_Period_3                               1 	(obj:0)
y_q021_Day_2_Period_5                               1 	(obj:0)
y_q021_Day_2_Period_6                               1 	(obj:0)
y_q022_Day_2_Period_1                               1 	(obj:0)
y_q022_Day_2_Period_3                               1 	(obj:0)
y_q022_Day_2_Period_4                               1 	(obj:0)
y_q022_Day_2_Period_5                               1 	(obj:0)
y_q022_Day_2_Period_6                               1 	(obj:0)
y_q024_Day_2_Period_6                               1 	(obj:0)
y_q025_Day_2_Period_1                               1 	(obj:0)
y_q025_Day_2_Period_2                               1 	(obj:0)
y_q025_Day_2_Period_3                               1 	(obj:0)
y_q025_Day_2_Period_4                               1 	(obj:0)
y_q025_Day_2_Period_5                               1 	(obj:0)
y_q025_Day_2_Period_6                               1 	(obj:0)
y_q026_Day_2_Period_1                               1 	(obj:0)
y_q026_Day_2_Period_2                               1 	(obj:0)
y_q026_Day_2_Period_3                               1 	(obj:0)
y_q026_Day_2_Period_4                               1 	(obj:0)
y_q026_Day_2_Period_5                               1 	(obj:0)
y_q026_Day_2_Period_6                               1 	(obj:0)
y_q027_Day_2_Period_3                               1 	(obj:0)
y_q027_Day_2_Period_4                               1 	(obj:0)
y_q027_Day_2_Period_5                               1 	(obj:0)
y_q027_Day_2_Period_6                               1 	(obj:0)
y_q028_Day_2_Period_1                               1 	(obj:0)
y_q028_Day_2_Period_2                               1 	(obj:0)
y_q028_Day_2_Period_6                               1 	(obj:0)
y_q029_Day_2_Period_5                               1 	(obj:0)
y_q029_Day_2_Period_6                               1 	(obj:0)
y_q030_Day_2_Period_1                               1 	(obj:0)
y_q030_Day_2_Period_2                               1 	(obj:0)
y_q030_Day_2_Period_6                               1 	(obj:0)
y_q031_Day_2_Period_1                               1 	(obj:0)
y_q031_Day_2_Period_2                               1 	(obj:0)
y_q031_Day_2_Period_5                               1 	(obj:0)
y_q031_Day_2_Period_6                               1 	(obj:0)
y_q032_Day_2_Period_1                               1 	(obj:0)
y_q032_Day_2_Period_2                               1 	(obj:0)
y_q032_Day_2_Period_6                               1 	(obj:0)
y_q034_Day_2_Period_6                               1 	(obj:0)
y_q035_Day_2_Period_5                               1 	(obj:0)
y_q035_Day_2_Period_6                               1 	(obj:0)
y_q036_Day_2_Period_1                               1 	(obj:0)
y_q036_Day_2_Period_2                               1 	(obj:0)
y_q036_Day_2_Period_3                               1 	(obj:0)
y_q036_Day_2_Period_4                               1 	(obj:0)
y_q037_Day_2_Period_1                               1 	(obj:0)
y_q037_Day_2_Period_2                               1 	(obj:0)
y_q037_Day_2_Period_3                               1 	(obj:0)
y_q038_Day_2_Period_1                               1 	(obj:0)
y_q038_Day_2_Period_2                               1 	(obj:0)
y_q038_Day_2_Period_4                               1 	(obj:0)
y_q039_Day_2_Period_1                               1 	(obj:0)
y_q039_Day_2_Period_2                               1 	(obj:0)
y_q040_Day_2_Period_1                               1 	(obj:0)
y_q040_Day_2_Period_2                               1 	(obj:0)
y_q040_Day_2_Period_3                               1 	(obj:0)
y_q040_Day_2_Period_4                               1 	(obj:0)
y_q041_Day_2_Period_1                               1 	(obj:0)
y_q041_Day_2_Period_2                               1 	(obj:0)
y_q041_Day_2_Period_3                               1 	(obj:0)
y_q042_Day_2_Period_3                               1 	(obj:0)
y_q042_Day_2_Period_4                               1 	(obj:0)
y_q043_Day_2_Period_3                               1 	(obj:0)
y_q044_Day_2_Period_1                               1 	(obj:0)
y_q044_Day_2_Period_2                               1 	(obj:0)
y_q044_Day_2_Period_3                               1 	(obj:0)
y_q044_Day_2_Period_6                               1 	(obj:0)
y_q045_Day_2_Period_1                               1 	(obj:0)
y_q045_Day_2_Period_2                               1 	(obj:0)
y_q045_Day_2_Period_3                               1 	(obj:0)
y_q046_Day_2_Period_1                               1 	(obj:0)
y_q046_Day_2_Period_2                               1 	(obj:0)
y_q046_Day_2_Period_6                               1 	(obj:0)
y_q047_Day_2_Period_1                               1 	(obj:0)
y_q047_Day_2_Period_2                               1 	(obj:0)
y_q047_Day_2_Period_3                               1 	(obj:0)
y_q047_Day_2_Period_6                               1 	(obj:0)
y_q048_Day_2_Period_1                               1 	(obj:0)
y_q048_Day_2_Period_2                               1 	(obj:0)
y_q048_Day_2_Period_3                               1 	(obj:0)
y_q049_Day_2_Period_1                               1 	(obj:0)
y_q049_Day_2_Period_2                               1 	(obj:0)
y_q049_Day_2_Period_6                               1 	(obj:0)
y_q050_Day_2_Period_6                               1 	(obj:0)
y_q051_Day_2_Period_1                               1 	(obj:0)
y_q051_Day_2_Period_2                               1 	(obj:0)
y_q051_Day_2_Period_3                               1 	(obj:0)
y_q051_Day_2_Period_4                               1 	(obj:0)
y_q052_Day_2_Period_1                               1 	(obj:0)
y_q052_Day_2_Period_2                               1 	(obj:0)
y_q052_Day_2_Period_3                               1 	(obj:0)
y_q053_Day_2_Period_1                               1 	(obj:0)
y_q053_Day_2_Period_2                               1 	(obj:0)
y_q053_Day_2_Period_3                               1 	(obj:0)
y_q054_Day_2_Period_1                               1 	(obj:0)
y_q054_Day_2_Period_2                               1 	(obj:0)
y_q054_Day_2_Period_5                               1 	(obj:0)
y_q054_Day_2_Period_6                               1 	(obj:0)
y_q055_Day_2_Period_1                               1 	(obj:0)
y_q055_Day_2_Period_5                               1 	(obj:0)
y_q055_Day_2_Period_6                               1 	(obj:0)
y_q056_Day_2_Period_1                               1 	(obj:0)
y_q056_Day_2_Period_2                               1 	(obj:0)
y_q056_Day_2_Period_5                               1 	(obj:0)
y_q056_Day_2_Period_6                               1 	(obj:0)
y_q057_Day_2_Period_1                               1 	(obj:0)
y_q057_Day_2_Period_5                               1 	(obj:0)
y_q057_Day_2_Period_6                               1 	(obj:0)
y_q058_Day_2_Period_1                               1 	(obj:0)
y_q058_Day_2_Period_2                               1 	(obj:0)
y_q058_Day_2_Period_5                               1 	(obj:0)
y_q058_Day_2_Period_6                               1 	(obj:0)
y_q059_Day_2_Period_1                               1 	(obj:0)
y_q059_Day_2_Period_5                               1 	(obj:0)
y_q059_Day_2_Period_6                               1 	(obj:0)
y_q060_Day_2_Period_1                               1 	(obj:0)
y_q060_Day_2_Period_2                               1 	(obj:0)
y_q060_Day_2_Period_5                               1 	(obj:0)
y_q060_Day_2_Period_6                               1 	(obj:0)
y_q061_Day_2_Period_1                               1 	(obj:0)
y_q061_Day_2_Period_5                               1 	(obj:0)
y_q061_Day_2_Period_6                               1 	(obj:0)
y_q062_Day_2_Period_5                               1 	(obj:0)
y_q062_Day_2_Period_6                               1 	(obj:0)
y_q063_Day_2_Period_1                               1 	(obj:0)
y_q063_Day_2_Period_2                               1 	(obj:0)
y_q063_Day_2_Period_6                               1 	(obj:0)
y_q064_Day_2_Period_1                               1 	(obj:0)
y_q064_Day_2_Period_2                               1 	(obj:0)
y_q064_Day_2_Period_3                               1 	(obj:0)
y_q064_Day_2_Period_6                               1 	(obj:0)
y_q065_Day_2_Period_1                               1 	(obj:0)
y_q065_Day_2_Period_2                               1 	(obj:0)
y_q065_Day_2_Period_3                               1 	(obj:0)
y_q066_Day_2_Period_1                               1 	(obj:0)
y_q066_Day_2_Period_2                               1 	(obj:0)
y_q066_Day_2_Period_6                               1 	(obj:0)
y_q067_Day_2_Period_1                               1 	(obj:0)
y_q067_Day_2_Period_2                               1 	(obj:0)
y_q067_Day_2_Period_3                               1 	(obj:0)
y_q067_Day_2_Period_6                               1 	(obj:0)
y_q068_Day_2_Period_1                               1 	(obj:0)
y_q068_Day_2_Period_2                               1 	(obj:0)
y_q068_Day_2_Period_3                               1 	(obj:0)
y_q069_Day_2_Period_6                               1 	(obj:0)
y_q070_Day_2_Period_3                               1 	(obj:0)
y_q070_Day_2_Period_6                               1 	(obj:0)
y_q071_Day_2_Period_3                               1 	(obj:0)
y_q072_Day_2_Period_1                               1 	(obj:0)
y_q072_Day_2_Period_2                               1 	(obj:0)
y_q072_Day_2_Period_3                               1 	(obj:0)
y_q072_Day_2_Period_6                               1 	(obj:0)
y_q073_Day_2_Period_3                               1 	(obj:0)
y_q073_Day_2_Period_6                               1 	(obj:0)
y_q074_Day_2_Period_1                               1 	(obj:0)
y_q074_Day_2_Period_2                               1 	(obj:0)
y_q074_Day_2_Period_6                               1 	(obj:0)
y_q075_Day_2_Period_3                               1 	(obj:0)
y_q075_Day_2_Period_4                               1 	(obj:0)
y_q075_Day_2_Period_5                               1 	(obj:0)
y_q075_Day_2_Period_6                               1 	(obj:0)
y_q076_Day_2_Period_1                               1 	(obj:0)
y_q076_Day_2_Period_2                               1 	(obj:0)
y_q076_Day_2_Period_4                               1 	(obj:0)
y_q076_Day_2_Period_5                               1 	(obj:0)
y_q076_Day_2_Period_6                               1 	(obj:0)
y_q077_Day_2_Period_4                               1 	(obj:0)
y_q077_Day_2_Period_5                               1 	(obj:0)
y_q077_Day_2_Period_6                               1 	(obj:0)
y_q078_Day_2_Period_3                               1 	(obj:0)
y_q078_Day_2_Period_6                               1 	(obj:0)
y_q079_Day_2_Period_6                               1 	(obj:0)
y_q080_Day_2_Period_4                               1 	(obj:0)
y_q080_Day_2_Period_5                               1 	(obj:0)
y_q080_Day_2_Period_6                               1 	(obj:0)
y_q081_Day_2_Period_1                               1 	(obj:0)
y_q081_Day_2_Period_6                               1 	(obj:0)
y_q082_Day_2_Period_1                               1 	(obj:0)
y_q082_Day_2_Period_2                               1 	(obj:0)
y_q083_Day_2_Period_1                               1 	(obj:0)
y_q083_Day_2_Period_6                               1 	(obj:0)
y_q084_Day_2_Period_1                               1 	(obj:0)
y_q084_Day_2_Period_6                               1 	(obj:0)
y_q085_Day_2_Period_1                               1 	(obj:0)
y_q085_Day_2_Period_2                               1 	(obj:0)
y_q086_Day_2_Period_1                               1 	(obj:0)
y_q086_Day_2_Period_2                               1 	(obj:0)
y_q091_Day_2_Period_1                               1 	(obj:0)
y_q092_Day_2_Period_1                               1 	(obj:0)
y_q092_Day_2_Period_2                               1 	(obj:0)
y_q093_Day_2_Period_1                               1 	(obj:0)
y_q093_Day_2_Period_2                               1 	(obj:0)
y_q094_Day_2_Period_3                               1 	(obj:0)
y_q094_Day_2_Period_4                               1 	(obj:0)
y_q094_Day_2_Period_5                               1 	(obj:0)
y_q094_Day_2_Period_6                               1 	(obj:0)
y_q095_Day_2_Period_3                               1 	(obj:0)
y_q095_Day_2_Period_4                               1 	(obj:0)
y_q095_Day_2_Period_5                               1 	(obj:0)
y_q095_Day_2_Period_6                               1 	(obj:0)
y_q096_Day_2_Period_3                               1 	(obj:0)
y_q096_Day_2_Period_4                               1 	(obj:0)
y_q096_Day_2_Period_5                               1 	(obj:0)
y_q096_Day_2_Period_6                               1 	(obj:0)
y_q097_Day_2_Period_3                               1 	(obj:0)
y_q097_Day_2_Period_4                               1 	(obj:0)
y_q097_Day_2_Period_5                               1 	(obj:0)
y_q097_Day_2_Period_6                               1 	(obj:0)
y_q098_Day_2_Period_1                               1 	(obj:0)
y_q098_Day_2_Period_2                               1 	(obj:0)
y_q098_Day_2_Period_3                               1 	(obj:0)
y_q098_Day_2_Period_6                               1 	(obj:0)
y_q099_Day_2_Period_1                               1 	(obj:0)
y_q099_Day_2_Period_2                               1 	(obj:0)
y_q099_Day_2_Period_3                               1 	(obj:0)
y_q099_Day_2_Period_6                               1 	(obj:0)
y_q100_Day_2_Period_1                               1 	(obj:0)
y_q100_Day_2_Period_2                               1 	(obj:0)
y_q100_Day_2_Period_3                               1 	(obj:0)
y_q100_Day_2_Period_6                               1 	(obj:0)
y_q101_Day_2_Period_1                               1 	(obj:0)
y_q101_Day_2_Period_2                               1 	(obj:0)
y_q101_Day_2_Period_3                               1 	(obj:0)
y_q101_Day_2_Period_6                               1 	(obj:0)
y_q102_Day_2_Period_3                               1 	(obj:0)
y_q102_Day_2_Period_4                               1 	(obj:0)
y_q102_Day_2_Period_5                               1 	(obj:0)
y_q102_Day_2_Period_6                               1 	(obj:0)
y_q103_Day_2_Period_3                               1 	(obj:0)
y_q103_Day_2_Period_4                               1 	(obj:0)
y_q103_Day_2_Period_5                               1 	(obj:0)
y_q103_Day_2_Period_6                               1 	(obj:0)
y_q104_Day_2_Period_3                               1 	(obj:0)
y_q104_Day_2_Period_4                               1 	(obj:0)
y_q104_Day_2_Period_5                               1 	(obj:0)
y_q104_Day_2_Period_6                               1 	(obj:0)
y_q105_Day_2_Period_3                               1 	(obj:0)
y_q105_Day_2_Period_4                               1 	(obj:0)
y_q105_Day_2_Period_5                               1 	(obj:0)
y_q105_Day_2_Period_6                               1 	(obj:0)
y_q106_Day_2_Period_3                               1 	(obj:0)
y_q106_Day_2_Period_4                               1 	(obj:0)
y_q106_Day_2_Period_5                               1 	(obj:0)
y_q106_Day_2_Period_6                               1 	(obj:0)
y_q107_Day_2_Period_3                               1 	(obj:0)
y_q107_Day_2_Period_4                               1 	(obj:0)
y_q107_Day_2_Period_5                               1 	(obj:0)
y_q107_Day_2_Period_6                               1 	(obj:0)
y_q108_Day_2_Period_3                               1 	(obj:0)
y_q108_Day_2_Period_4                               1 	(obj:0)
y_q108_Day_2_Period_5                               1 	(obj:0)
y_q108_Day_2_Period_6                               1 	(obj:0)
y_q109_Day_2_Period_3                               1 	(obj:0)
y_q109_Day_2_Period_4                               1 	(obj:0)
y_q109_Day_2_Period_5                               1 	(obj:0)
y_q109_Day_2_Period_6                               1 	(obj:0)
y_q110_Day_2_Period_1                               1 	(obj:0)
y_q110_Day_2_Period_2                               1 	(obj:0)
y_q110_Day_2_Period_3                               1 	(obj:0)
y_q110_Day_2_Period_6                               1 	(obj:0)
y_q111_Day_2_Period_1                               1 	(obj:0)
y_q111_Day_2_Period_2                               1 	(obj:0)
y_q111_Day_2_Period_3                               1 	(obj:0)
y_q111_Day_2_Period_6                               1 	(obj:0)
y_q112_Day_2_Period_1                               1 	(obj:0)
y_q112_Day_2_Period_2                               1 	(obj:0)
y_q112_Day_2_Period_3                               1 	(obj:0)
y_q112_Day_2_Period_6                               1 	(obj:0)
y_q113_Day_2_Period_1                               1 	(obj:0)
y_q113_Day_2_Period_2                               1 	(obj:0)
y_q113_Day_2_Period_3                               1 	(obj:0)
y_q113_Day_2_Period_6                               1 	(obj:0)
y_q114_Day_2_Period_3                               1 	(obj:0)
y_q114_Day_2_Period_4                               1 	(obj:0)
y_q114_Day_2_Period_5                               1 	(obj:0)
y_q114_Day_2_Period_6                               1 	(obj:0)
y_q115_Day_2_Period_3                               1 	(obj:0)
y_q115_Day_2_Period_4                               1 	(obj:0)
y_q115_Day_2_Period_5                               1 	(obj:0)
y_q115_Day_2_Period_6                               1 	(obj:0)
y_q116_Day_2_Period_3                               1 	(obj:0)
y_q116_Day_2_Period_4                               1 	(obj:0)
y_q116_Day_2_Period_5                               1 	(obj:0)
y_q116_Day_2_Period_6                               1 	(obj:0)
y_q117_Day_2_Period_3                               1 	(obj:0)
y_q117_Day_2_Period_4                               1 	(obj:0)
y_q117_Day_2_Period_5                               1 	(obj:0)
y_q117_Day_2_Period_6                               1 	(obj:0)
y_q118_Day_2_Period_1                               1 	(obj:0)
y_q118_Day_2_Period_2                               1 	(obj:0)
y_q118_Day_2_Period_3                               1 	(obj:0)
y_q118_Day_2_Period_4                               1 	(obj:0)
y_q118_Day_2_Period_5                               1 	(obj:0)
y_q118_Day_2_Period_6                               1 	(obj:0)
y_q119_Day_2_Period_3                               1 	(obj:0)
y_q120_Day_2_Period_1                               1 	(obj:0)
y_q120_Day_2_Period_2                               1 	(obj:0)
y_q120_Day_2_Period_3                               1 	(obj:0)
y_q121_Day_2_Period_1                               1 	(obj:0)
y_q121_Day_2_Period_2                               1 	(obj:0)
y_q123_Day_2_Period_3                               1 	(obj:0)
y_q126_Day_2_Period_1                               1 	(obj:0)
y_q126_Day_2_Period_2                               1 	(obj:0)
y_q129_Day_2_Period_1                               1 	(obj:0)
y_q129_Day_2_Period_2                               1 	(obj:0)
y_q129_Day_2_Period_4                               1 	(obj:0)
y_q129_Day_2_Period_5                               1 	(obj:0)
y_q129_Day_2_Period_6                               1 	(obj:0)
y_q130_Day_2_Period_1                               1 	(obj:0)
y_q130_Day_2_Period_2                               1 	(obj:0)
y_q130_Day_2_Period_6                               1 	(obj:0)
y_q131_Day_2_Period_1                               1 	(obj:0)
y_q131_Day_2_Period_2                               1 	(obj:0)
y_q131_Day_2_Period_3                               1 	(obj:0)
y_q131_Day_2_Period_4                               1 	(obj:0)
y_q131_Day_2_Period_5                               1 	(obj:0)
y_q131_Day_2_Period_6                               1 	(obj:0)
y_q132_Day_2_Period_1                               1 	(obj:0)
y_q132_Day_2_Period_2                               1 	(obj:0)
y_q132_Day_2_Period_3                               1 	(obj:0)
y_q132_Day_2_Period_6                               1 	(obj:0)
y_q133_Day_2_Period_5                               1 	(obj:0)
y_q133_Day_2_Period_6                               1 	(obj:0)
y_q134_Day_2_Period_3                               1 	(obj:0)
y_q135_Day_2_Period_4                               1 	(obj:0)
y_q137_Day_2_Period_1                               1 	(obj:0)
y_q137_Day_2_Period_2                               1 	(obj:0)
y_q137_Day_2_Period_5                               1 	(obj:0)
y_q137_Day_2_Period_6                               1 	(obj:0)
y_q138_Day_2_Period_1                               1 	(obj:0)
y_q138_Day_2_Period_2                               1 	(obj:0)
y_q138_Day_2_Period_3                               1 	(obj:0)
y_q139_Day_2_Period_1                               1 	(obj:0)
y_q139_Day_2_Period_2                               1 	(obj:0)
y_q139_Day_2_Period_4                               1 	(obj:0)
y_q140_Day_2_Period_1                               1 	(obj:0)
y_q140_Day_2_Period_2                               1 	(obj:0)
y_q141_Day_2_Period_1                               1 	(obj:0)
y_q141_Day_2_Period_2                               1 	(obj:0)
y_q141_Day_2_Period_3                               1 	(obj:0)
y_q142_Day_2_Period_4                               1 	(obj:0)
y_q142_Day_2_Period_5                               1 	(obj:0)
y_q142_Day_2_Period_6                               1 	(obj:0)
y_q143_Day_2_Period_1                               1 	(obj:0)
y_q143_Day_2_Period_5                               1 	(obj:0)
y_q143_Day_2_Period_6                               1 	(obj:0)
y_q144A_Day_2_Period_3                              1 	(obj:0)
y_q144A_Day_2_Period_6                              1 	(obj:0)
y_q144B_Day_2_Period_5                              1 	(obj:0)
y_q144B_Day_2_Period_6                              1 	(obj:0)
y_q145A_Day_2_Period_1                              1 	(obj:0)
y_q145A_Day_2_Period_2                              1 	(obj:0)
y_q145B_Day_2_Period_4                              1 	(obj:0)
y_q145B_Day_2_Period_5                              1 	(obj:0)
y_q145B_Day_2_Period_6                              1 	(obj:0)
y_q147_Day_2_Period_1                               1 	(obj:0)
y_q147_Day_2_Period_2                               1 	(obj:0)
y_q147_Day_2_Period_3                               1 	(obj:0)
y_q147_Day_2_Period_5                               1 	(obj:0)
y_q147_Day_2_Period_6                               1 	(obj:0)
y_q148_Day_2_Period_1                               1 	(obj:0)
y_q148_Day_2_Period_2                               1 	(obj:0)
y_q148_Day_2_Period_3                               1 	(obj:0)
y_q148_Day_2_Period_4                               1 	(obj:0)
y_q149_Day_2_Period_1                               1 	(obj:0)
y_q149_Day_2_Period_4                               1 	(obj:0)
y_q150_Day_2_Period_1                               1 	(obj:0)
y_q150_Day_2_Period_4                               1 	(obj:0)
y_q150_Day_2_Period_5                               1 	(obj:0)
y_q150_Day_2_Period_6                               1 	(obj:0)
y_q151_Day_2_Period_1                               1 	(obj:0)
y_q151_Day_2_Period_2                               1 	(obj:0)
y_q151_Day_2_Period_3                               1 	(obj:0)
y_q151_Day_2_Period_4                               1 	(obj:0)
y_q152_Day_2_Period_1                               1 	(obj:0)
y_q152_Day_2_Period_2                               1 	(obj:0)
y_q152_Day_2_Period_3                               1 	(obj:0)
y_q152_Day_2_Period_4                               1 	(obj:0)
y_q153_Day_2_Period_1                               1 	(obj:0)
y_q153_Day_2_Period_2                               1 	(obj:0)
y_q153_Day_2_Period_3                               1 	(obj:0)
y_q153_Day_2_Period_4                               1 	(obj:0)
y_q154_Day_2_Period_1                               1 	(obj:0)
y_q154_Day_2_Period_4                               1 	(obj:0)
y_q155_Day_2_Period_1                               1 	(obj:0)
y_q155_Day_2_Period_4                               1 	(obj:0)
y_q155_Day_2_Period_5                               1 	(obj:0)
y_q155_Day_2_Period_6                               1 	(obj:0)
y_q156_Day_2_Period_1                               1 	(obj:0)
y_q156_Day_2_Period_4                               1 	(obj:0)
y_q156_Day_2_Period_5                               1 	(obj:0)
y_q156_Day_2_Period_6                               1 	(obj:0)
y_q157_Day_2_Period_1                               1 	(obj:0)
y_q157_Day_2_Period_4                               1 	(obj:0)
y_q157_Day_2_Period_5                               1 	(obj:0)
y_q157_Day_2_Period_6                               1 	(obj:0)
y_q158_Day_2_Period_1                               1 	(obj:0)
y_q158_Day_2_Period_2                               1 	(obj:0)
y_q158_Day_2_Period_3                               1 	(obj:0)
y_q158_Day_2_Period_4                               1 	(obj:0)
y_q158_Day_2_Period_5                               1 	(obj:0)
y_q158_Day_2_Period_6                               1 	(obj:0)
y_q159_Day_2_Period_1                               1 	(obj:0)
y_q159_Day_2_Period_2                               1 	(obj:0)
y_q159_Day_2_Period_3                               1 	(obj:0)
y_q159_Day_2_Period_4                               1 	(obj:0)
y_q159_Day_2_Period_5                               1 	(obj:0)
y_q159_Day_2_Period_6                               1 	(obj:0)
y_q160_Day_2_Period_1                               1 	(obj:0)
y_q160_Day_2_Period_2                               1 	(obj:0)
y_q160_Day_2_Period_3                               1 	(obj:0)
y_q160_Day_2_Period_4                               1 	(obj:0)
y_q160_Day_2_Period_5                               1 	(obj:0)
y_q160_Day_2_Period_6                               1 	(obj:0)

Statistics
==========

SCIP Status        : solving was interrupted [time limit reached]
Total Time         :   87023.52
  solving          :   87023.38
  presolving       :       0.12 (included in solving)
  reading          :       0.14
  copying          :       0.00 (0 times copied the problem)
Original Problem   :
  Problem name     : uct-subprob
  Variables        : 2256 (379 binary, 0 integer, 0 implicit integer, 1877 continuous)
  Constraints      : 1973 initial, 1973 maximal
  Objective        : minimize, 1345 non-zeros (abs.min = 1, abs.max = 8)
Presolved Problem  :
  Problem name     : t_uct-subprob
  Variables        : 2085 (379 binary, 0 integer, 1706 implicit integer, 0 continuous)
  Constraints      : 1771 initial, 1771 maximal
  Objective        : minimize, 1325 non-zeros (abs.min = 1, abs.max = 8)
  Nonzeros         : 9740 constraint, 5474 clique table
Presolvers         :   ExecTime  SetupTime  Calls  FixedVars   AggrVars   ChgTypes  ChgBounds   AddHoles    DelCons    AddCons   ChgSides   ChgCoefs
  boundshift       :       0.00       0.00      0          0          0          0          0          0          0          0          0          0
  convertinttobin  :       0.00       0.00      0          0          0          0          0          0          0          0          0          0
  domcol           :       0.00       0.00      2          0          0          0          0          0          0          0          0          0
  dualagg          :       0.00       0.00      0          0          0          0          0          0          0          0          0          0
  dualcomp         :       0.00       0.00      0          0          0          0          0          0          0          0          0          0
  dualinfer        :       0.00       0.00      0          0          0          0          0          0          0          0          0          0
  dualsparsify     :       0.00       0.00      1          0          0          0          0          0          0          0          0          0
  gateextraction   :       0.00       0.00      4          0          0          0          0          0          0          0          0          0
  implics          :       0.00       0.00      5          0          0          0          0          0          0          0          0          0
  inttobinary      :       0.00       0.00      0          0          0          0          0          0          0          0          0          0
  qpkktref         :       0.00       0.00      0          0          0          0          0          0          0          0          0          0
  redvub           :       0.00       0.00      0          0          0          0          0          0          0          0          0          0
  sparsify         :       0.00       0.00      1          0          0          0          0          0          0          0          0          0
  stuffing         :       0.00       0.00      0          0          0          0          0          0          0          0          0          0
  trivial          :       0.00       0.00      7          0          0          0          0          0          0          0          0          0
  tworowbnd        :       0.00       0.00      0          0          0          0          0          0          0          0          0          0
  dualfix          :       0.00       0.00      7         20          0          0          0          0          0          0          0          0
  genvbounds       :       0.00       0.00      0          0          0          0          0          0          0          0          0          0
  probing          :       0.00       0.00      1          0          0          0          0          0          0          0          0          0
  pseudoobj        :       0.00       0.00      1          0          0          0          0          0          0          0          0          0
  symmetry         :       0.01       0.00      1          0          0          0          0          0          0         23          0          0
  vbounds          :       0.00       0.00      2          0          0          0          0          0          0          0          0          0
  setppc           :       0.01       0.00     12          0          0          0          0          0          6          0          0          0
  linear           :       0.03       0.00      6         20        131       1706         20          0        219          0          0          0
  logicor          :       0.02       0.00     10          0          0          0          0          0          0          0          0          0
  benders          :       0.00       0.00      0          0          0          0          0          0          0          0          0          0
  components       :       0.00       0.00      1          0          0          0          0          0          0          0          0          0
  root node        :          -          -      -          0          -          -          0          -          -          -          -          -
Constraints        :     Number  MaxNumber  #Separate #Propagate    #EnfoLP    #EnfoRelax  #EnfoPS    #Check   #ResProp    Cutoffs    DomReds       Cuts    Applied      Conss   Children
  benderslp        :          0          0          0          0         90          0          0          3          0          0          0          0          0          0          0
  integral         :          0          0          0          0         90          0          0          3          0          0          3          0          0          0        174
  setppc           :        815        815          0         51          0          0          0          1          0          0          0          0          0          0          0
  logicor          :        956        956          0          5          0          0          0          1          0          0          0          0          0          0          0
  benders          :          0          0          0          0          0          0          0          2          0          0          0          0          0          0          0
  fixedvar         :          0          0          0          0          0          0          0          2          0          0          0          0          0          0          0
  countsols        :          0          0          0          0          0          0          0          2          0          0          0          0          0          0          0
  components       :          0          0          0          0          0          0          0          0          0          0          0          0          0          0          0
Constraint Timings :  TotalTime  SetupTime   Separate  Propagate     EnfoLP     EnfoPS     EnfoRelax   Check    ResProp    SB-Prop
  benderslp        :       0.00       0.00       0.00       0.00       0.00       0.00       0.00       0.00       0.00       0.00
  integral         :   87022.37       0.00       0.00       0.00   87022.37       0.00       0.00       0.00       0.00       0.00
  setppc           :       0.00       0.00       0.00       0.00       0.00       0.00       0.00       0.00       0.00       0.00
  logicor          :       0.00       0.00       0.00       0.00       0.00       0.00       0.00       0.00       0.00       0.00
  benders          :       0.00       0.00       0.00       0.00       0.00       0.00       0.00       0.00       0.00       0.00
  fixedvar         :       0.00       0.00       0.00       0.00       0.00       0.00       0.00       0.00       0.00       0.00
  countsols        :       0.00       0.00       0.00       0.00       0.00       0.00       0.00       0.00       0.00       0.00
  components       :       0.00       0.00       0.00       0.00       0.00       0.00       0.00       0.00       0.00       0.00
Propagators        : #Propagate   #ResProp    Cutoffs    DomReds
  dualfix          :          1          0          0          0
  genvbounds       :          0          0          0          0
  nlobbt           :          0          0          0          0
  obbt             :          0          0          0          0
  probing          :          0          0          0          0
  pseudoobj        :          3          0          0          0
  redcost          :          2          0          0          0
  rootredcost      :          0          0          0          0
  symmetry         :          0          0          0          0
  vbounds          :          0          0          0          0
Propagator Timings :  TotalTime  SetupTime   Presolve  Propagate    ResProp    SB-Prop
  dualfix          :       0.00       0.00       0.00       0.00       0.00       0.00
  genvbounds       :       0.00       0.00       0.00       0.00       0.00       0.00
  nlobbt           :       0.00       0.00       0.00       0.00       0.00       0.00
  obbt             :       0.00       0.00       0.00       0.00       0.00       0.00
  probing          :       0.00       0.00       0.00       0.00       0.00       0.00
  pseudoobj        :       0.00       0.00       0.00       0.00       0.00       0.00
  redcost          :       0.00       0.00       0.00       0.00       0.00       0.00
  rootredcost      :       0.00       0.00       0.00       0.00       0.00       0.00
  symmetry         :       0.01       0.00       0.01       0.00       0.00       0.00
  vbounds          :       0.00       0.00       0.00       0.00       0.00       0.00
Symmetry           :
  orbitopal red.   :          0 reductions applied,          0 cutoffs
  orbital reduction:          0 reductions applied,          0 cutoffs
  lexicographic red:          0 reductions applied,          0 cutoffs
  shadow tree time :       0.00 s
Conflict Analysis  :       Time      Calls    Success    DomReds  Conflicts   Literals    Reconvs ReconvLits   Dualrays   Nonzeros   LP Iters   (pool size: [--,--])
  propagation      :       0.00          0          0          -          0        0.0          0        0.0          -          -          -
  infeasible LP    :       0.00          0          0          -          0        0.0          0        0.0          0        0.0          0
  bound exceed. LP :       0.00          0          0          -          0        0.0          0        0.0          0        0.0          0
  strong branching :       0.00          0          0          -          0        0.0          0        0.0          -          -          0
  pseudo solution  :       0.00          0          0          -          0        0.0          0        0.0          -          -          -
  applied globally :       0.00          -          -          0          0        0.0          -          -          0          -          -
  applied locally  :          -          -          -          0          0        0.0          -          -          0          -          -
Separators         :   ExecTime  SetupTime      Calls  RootCalls    Cutoffs    DomReds  FoundCuts ViaPoolAdd  DirectAdd    Applied ViaPoolApp  DirectApp      Conss
  cut pool         :       0.00          -          0          0          -          -          0          0          -          -          -          -          -    (maximal pool size:          0)
  aggregation      :       0.00       0.00          0          0          0          0          0          0          0          0          0          0          0
  > cmir           :          -          -          -          -          -          -          -          0          0          0          0          0          -
  > flowcover      :          -          -          -          -          -          -          -          0          0          0          0          0          -
  > knapsackcover  :          -          -          -          -          -          -          -          0          0          0          0          0          -
  cgmip            :       0.00       0.00          0          0          0          0          0          0          0          0          0          0          0
  clique           :       0.00       0.00          0          0          0          0          0          0          0          0          0          0          0
  closecuts        :       0.00       0.00          0          0          0          0          0          0          0          0          0          0          0
  convexproj       :       0.00       0.00          0          0          0          0          0          0          0          0          0          0          0
  disjunctive      :       0.00       0.00          0          0          0          0          0          0          0          0          0          0          0
  eccuts           :       0.00       0.00          0          0          0          0          0          0          0          0          0          0          0
  gauge            :       0.00       0.00          0          0          0          0          0          0          0          0          0          0          0
  gomory           :       0.00       0.00          0          0          0          0          0          0          0          0          0          0          0
  > gomorymi       :          -          -          -          -          -          -          -          0          0          0          0          0          -
  > strongcg       :          -          -          -          -          -          -          -          0          0          0          0          0          -
  impliedbounds    :       0.00       0.00          0          0          0          0          0          0          0          0          0          0          0
  interminor       :       0.00       0.00          0          0          0          0          0          0          0          0          0          0          0
  intobj           :       0.00       0.00          0          0          0          0          0          0          0          0          0          0          0
  lagromory        :       0.00       0.00          0          0          0          0          0          0          0          0          0          0          0
  mcf              :       0.00       0.00          0          0          0          0          0          0          0          0          0          0          0
  minor            :       0.00       0.00          0          0          0          0          0          0          0          0          0          0          0
  mixing           :       0.00       0.00          0          0          0          0          0          0          0          0          0          0          0
  oddcycle         :       0.00       0.00          0          0          0          0          0          0          0          0          0          0          0
  rapidlearning    :       0.00       0.00          0          0          0          0          0          0          0          0          0          0          0
  rlt              :       0.00       0.00          0          0          0          0          0          0          0          0          0          0          0
  zerohalf         :       0.00       0.00          0          0          0          0          0          0          0          0          0          0          0
Cutselectors       :   ExecTime  SetupTime      Calls  RootCalls   Selected     Forced   Filtered  RootSelec   RootForc   RootFilt 
  hybrid           :       0.00       0.00          0          0          0          0          0          0          0          0
  ensemble         :       0.00       0.00          0          0          0          0          0          0          0          0
  dynamic          :       0.00       0.00          0          0          0          0          0          0          0          0
Pricers            :   ExecTime  SetupTime      Calls       Vars
  problem variables:       0.00          -          0          0
Branching Rules    :   ExecTime  SetupTime   BranchLP  BranchExt   BranchPS    Cutoffs    DomReds       Cuts      Conss   Children
  allfullstrong    :       0.00       0.00          0          0          0          0          0          0          0          0
  cloud            :       0.00       0.00          0          0          0          0          0          0          0          0
  distribution     :       0.00       0.00          0          0          0          0          0          0          0          0
  fullstrong       :       0.00       0.00          0          0          0          0          0          0          0          0
  general_disjuncti:   87018.50       0.00         90          0          0          0          3          0          0          0
  GeneralDisjunction(extra): subMILPs=174 fairNodes of all MILPs=919824 probingLPs=0
  gomory           :       0.00       0.00          0          0          0          0          0          0          0          0
  inference        :       0.00       0.00          0          0          0          0          0          0          0          0
  leastinf         :       0.00       0.00          0          0          0          0          0          0          0          0
  lookahead        :       0.00       0.00          0          0          0          0          0          0          0          0
  mostinf          :       0.00       0.00          0          0          0          0          0          0          0          0
  multaggr         :       0.00       0.00          0          0          0          0          0          0          0          0
  nodereopt        :       0.00       0.00          0          0          0          0          0          0          0          0
  pscost           :       0.00       0.00          0          0          0          0          0          0          0          0
  random           :       0.00       0.00          0          0          0          0          0          0          0          0
  relpscost        :       3.87       0.00         87          0          0          0          0          0          0        174
  vanillafullstrong:       0.00       0.00          0          0          0          0          0          0          0          0
Primal Heuristics  :   ExecTime  SetupTime      Calls      Found       Best
  LP solutions     :       0.00          -          -          0          0
  relax solutions  :       0.00          -          -          0          0
  pseudo solutions :       0.00          -          -          0          0
  strong branching :       0.00          -          -          0          0
  actconsdiving    :       0.00       0.00          0          0          0
  adaptivediving   :       0.00       0.00          0          0          0
  alns             :       0.00       0.00          0          0          0
  bound            :       0.00       0.00          0          0          0
  clique           :       0.00       0.00          0          0          0
  coefdiving       :       0.00       0.00          0          0          0
  completesol      :       0.00       0.00          0          0          0
  conflictdiving   :       0.00       0.00          0          0          0
  crossover        :       0.00       0.00          0          0          0
  dins             :       0.00       0.00          0          0          0
  distributiondivin:       0.00       0.00          0          0          0
  dps              :       0.00       0.00          0          0          0
  dualval          :       0.00       0.00          0          0          0
  farkasdiving     :       0.00       0.00          0          0          0
  feaspump         :       0.00       0.00          0          0          0
  fixandinfer      :       0.00       0.00          0          0          0
  fracdiving       :       0.00       0.00          0          0          0
  gins             :       0.00       0.00          0          0          0
  guideddiving     :       0.00       0.00          0          0          0
  indicator        :       0.00       0.00          0          0          0
  indicatordiving  :       0.00       0.00          0          0          0
  intdiving        :       0.00       0.00          0          0          0
  intshifting      :       0.00       0.00          0          0          0
  linesearchdiving :       0.00       0.00          0          0          0
  localbranching   :       0.00       0.00          0          0          0
  locks            :       0.00       0.00          0          0          0
  lpface           :       0.00       0.00          0          0          0
  mpec             :       0.00       0.00          0          0          0
  multistart       :       0.00       0.00          0          0          0
  mutation         :       0.00       0.00          0          0          0
  nlpdiving        :       0.00       0.00          0          0          0
  objpscostdiving  :       0.00       0.00          0          0          0
  octane           :       0.00       0.00          0          0          0
  ofins            :       0.00       0.00          0          0          0
  oneopt           :       0.00       0.00          0          0          0
  padm             :       0.00       0.00          0          0          0
  proximity        :       0.00       0.00          0          0          0
  pscostdiving     :       0.00       0.00          0          0          0
  randrounding     :       0.00       0.00          0          0          0
  rens             :       0.00       0.00          0          0          0
  reoptsols        :       0.00       0.00          0          0          0
  repair           :       0.00       0.00          0          0          0
  rins             :       0.00       0.00          0          0          0
  rootsoldiving    :       0.00       0.00          0          0          0
  rounding         :       0.00       0.00          0          0          0
  scheduler        :       0.00       0.00          0          0          0
  shiftandpropagate:       0.00       0.00          0          0          0
  shifting         :       0.00       0.00          0          0          0
  simplerounding   :       0.00       0.00          0          0          0
  subnlp           :       0.00       0.00          0          0          0
  trivial          :       0.00       0.00          0          0          0
  trivialnegation  :       0.00       0.00          0          0          0
  trustregion      :       0.00       0.00          0          0          0
  trysol           :       0.00       0.00          0          0          0
  twoopt           :       0.00       0.00          0          0          0
  undercover       :       0.00       0.00          0          0          0
  vbounds          :       0.00       0.00          0          0          0
  veclendiving     :       0.00       0.00          0          0          0
  zeroobj          :       0.00       0.00          0          0          0
  zirounding       :       0.00       0.00          0          0          0
  other solutions  :          -          -          -          1          -
LNS (Scheduler)    :      Calls  SetupTime  SolveTime SolveNodes       Sols       Best       Exp3    Exp3-IX  EpsGreedy        UCB TgtFixRate  Opt  Inf Node Stal  Sol  Usr Othr Actv
  rens             :          0       0.00       0.00          0          0          0    0.00000    0.12500   -1.00000    1.00000      0.900    0    0    0    0    0    0    0    1
  rins             :          0       0.00       0.00          0          0          0    0.00000    0.12500   -1.00000    1.00000      0.900    0    0    0    0    0    0    0    1
  mutation         :          0       0.00       0.00          0          0          0    0.00000    0.12500   -1.00000    1.00000      0.900    0    0    0    0    0    0    0    1
  localbranching   :          0       0.00       0.00          0          0          0    0.00000    0.12500   -1.00000    1.00000      0.900    0    0    0    0    0    0    0    1
  crossover        :          0       0.00       0.00          0          0          0    0.00000    0.12500   -1.00000    1.00000      0.900    0    0    0    0    0    0    0    1
  proximity        :          0       0.00       0.00          0          0          0    0.00000    0.12500   -1.00000    1.00000      0.900    0    0    0    0    0    0    0    1
  zeroobjective    :          0       0.00       0.00          0          0          0    0.00000    0.12500   -1.00000    1.00000      0.900    0    0    0    0    0    0    0    1
  dins             :          0       0.00       0.00          0          0          0    0.00000    0.12500   -1.00000    1.00000      0.900    0    0    0    0    0    0    0    1
  trustregion      :          0       0.00       0.00          0          0          0    0.00000    0.00000   -1.00000    1.00000      0.900    0    0    0    0    0    0    0    0
LP                 :       Time      Calls Iterations  Iter/call   Iter/sec  Time-0-It Calls-0-It    ItLimit
  primal LP        :       0.00          0          0       0.00          -       0.00          0
  dual LP          :       0.83         96      14007     145.91   16898.85       0.00          0
  lex dual LP      :       0.00          0          0       0.00          -
  barrier LP       :       0.00          0          0       0.00          -       0.00          0
  resolve instable :       0.00          0          0       0.00          -
  diving/probing LP:       0.02          0          0       0.00       0.00
  strong branching :       7.40        661     147333     222.89   19919.64          -          -        126
    (at root node) :          -         56      40252     718.79          -
  conflict analysis:       0.00          0          0       0.00          -
B&B Tree           :
  number of runs   :          1
  nodes            :         93 (87 internal, 6 leaves)
  feasible leaves  :          0
  infeas. leaves   :          0
  objective leaves :          6
  nodes (total)    :         93 (87 internal, 6 leaves)
  nodes left       :         82
  max depth        :         17
  max depth (total):         17
  backtracks       :          7 (7.5%)
  early backtracks :          0 (0.0%)
  nodes exc. ref.  :          0 (0.0%)
  delayed cutoffs  :          0
  repropagations   :          0 (0 domain reductions, 0 cutoffs)
  avg switch length:       1.90
  switching time   :       0.00
Root Node          :
  First LP value   : +2.42000000000000e+02
  First LP Iters   :       1034 (21308.60 Iter/sec)
  First LP Time    :       0.05
  Final Dual Bound : +2.44405871850823e+02
  Final Root Iters :       1034
  Root LP Estimate : +2.95537748421454e+02
Solution           :
  Solutions found  :          1 (1 improvements)
  First Solution   : +3.14000000000000e+02   (in run 0, after 0 nodes, 0.00 seconds, depth -1, found by <initial>)
  Gap First Sol.   :   infinite
  Gap Last Sol.    :   infinite
  Primal Bound     : +3.14000000000000e+02   (in run 0, after 0 nodes, 0.00 seconds, depth -1, found by <initial>)
  Dual Bound       : +2.44405871850823e+02
  Gap              :      28.47 %
Integrals          :      Total       Avg%
  primal-dual      : 1928832.13      22.16
  primal-ref       :          -          - (not evaluated)
  dual-ref         :          -          - (not evaluated)
