SCIP version 9.2.2 [precision: 8 byte] [memory: block] [mode: optimized] [LP solver: CPLEX 12.10.0.0] [GitHash: 416226a4f8]
Copyright (c) 2002-2025 Zuse Institute Berlin (ZIB)

reading parameter file </scratch/htc/yzhou/exp_scipmip/settings/sandbox_relpscost.set>

read problem </scratch/htc/yzhou/exp_scipmip/instances/tests/tanglegram6.mps>
============

original problem has 9182 variables (9182 bin, 0 int, 0 impl, 0 cont) and 17712 constraints
  17712 constraints of type <linear>
Reading Time: 0.07

read solution </scratch/htc/yzhou/solutions/tanglegram6.sol>
============

primal solution from solution file </scratch/htc/yzhou/solutions/tanglegram6.sol> was accepted as candidate, will be checked when solving starts
original problem has 9182 variables (9182 bin, 0 int, 0 impl, 0 cont) and 17712 constraints
  17712 constraints of type <linear>
Reading Time: 0.07
solve problem
=============
LP Solver <CPLEX 12.10.0.0>: fastmip setting not available -- SCIP parameter has no effect
LP Solver <CPLEX 12.10.0.0>: clock type cannot be set
LP Solver <CPLEX 12.10.0.0>: row representation of the basis not available -- SCIP parameter lp/rowrepswitch has no effect
LP Solver <CPLEX 12.10.0.0>: solution polishing not available -- SCIP parameter lp/solutionpolishing has no effect
LP Solver <CPLEX 12.10.0.0>: refactorization interval not available -- SCIP parameter lp/refactorinterval has no effect
1/1 feasible solution given by solution candidate storage, new primal bound 1.224000e+03

transformed problem has 9182 variables (9182 bin, 0 int, 0 impl, 0 cont) and 17712 constraints
  17712 constraints of type <linear>

original problem has 53136 active (0.0326726%) nonzeros and 53136 (0.0326726%) check nonzeros

presolving:
(round 1, exhaustive) 0 del vars, 0 del conss, 0 add conss, 0 chg bounds, 0 chg sides, 0 chg coeffs, 17634 upgd conss, 0 impls, 0 clqs
(round 2, exhaustive) 0 del vars, 0 del conss, 0 add conss, 0 chg bounds, 0 chg sides, 0 chg coeffs, 17712 upgd conss, 0 impls, 0 clqs
   (0.1s) probing: 51/9182 (0.6%) - 0 fixings, 0 aggregations, 0 implications, 0 bound changes
   (0.1s) probing aborted: 50/50 successive totally useless probings
   (0.1s) symmetry computation started: requiring (bin +, int +, cont +), (fixed: bin -, int -, cont -)
   (0.3s) symmetry computation finished: 1500 generators found (max: 1500, log10 of symmetry group size: 190.0) (symcode time: 0.10)
dynamic symmetry handling statistics:
   orbitopal reduction:       no components
   orbital reduction:         59 components of sizes 50, 287, 74, 29, 14, 55, 13, 6, 8, 4, 119, 38, 5, 27, 11, 15, 73, 36, 4, 10, 7, 27, 75, 63, 23, 31, 3, 5, 4, 19, 19, 5, 9, 15, 20, 49, 33, 3, 17, 7, 11, 3, 19, 7, 3, 3, 13, 5, 5, 3, 8, 5, 3, 9, 5, 14, 23, 5, 5
   lexicographic reduction: 1461 permutations with support sizes 2, 2, 2, 2, 2, 2, 2, 2, 2, 2, 2, 2, 2, 2, 2, 2, 2, 2, 2, 2, 2, 2, 2, 2, 2, 2, 2, 2, 2, 2, 2, 2, 2, 2, 2, 2, 2, 2, 2, 2, 2, 2, 2, 2, 2, 2, 2, 2, 2, 2, 2, 2, 2, 2, 2, 2, 2, 2, 2, 2, 2, 2, 2, 2, 2, 2, 2, 2, 2, 2, 2, 2, 2, 2, 2, 2, 2, 2, 2, 2, 2, 2, 2, 2, 2, 2, 2, 2, 2, 2, 2, 2, 2, 2, 2, 2, 2, 2, 2, 2, 2, 2, 2, 2, 2, 2, 2, 2, 2, 2, 2, 2, 2, 2, 2, 2, 2, 2, 2, 2, 2, 2, 2, 2, 2, 2, 2, 2, 2, 2, 2, 2, 2, 2, 2, 2, 2, 2, 2, 2, 2, 2, 2, 2, 2, 2, 2, 2, 2, 2, 2, 2, 2, 2, 2, 2, 2, 2, 2, 2, 2, 2, 2, 2, 2, 2, 2, 2, 2, 2, 2, 2, 2, 2, 2, 2, 2, 2, 2, 2, 2, 2, 2, 2, 2, 2, 2, 2, 2, 2, 2, 2, 2, 2, 2, 2, 2, 2, 2, 2, 2, 2, 2, 2, 2, 2, 2, 2, 2, 2, 2, 2, 2, 2, 2, 2, 2, 2, 2, 2, 2, 2, 2, 2, 2, 2, 2, 2, 2, 2, 2, 2, 2, 2, 2, 2, 2, 2, 2, 2, 2, 2, 2, 2, 2, 2, 2, 2, 2, 2, 2, 2, 2, 2, 2, 2, 2, 2, 2, 2, 2, 2, 2, 2, 2, 2, 2, 2, 2, 2, 2, 2, 2, 2, 2, 2, 2, 2, 2, 2, 2, 2, 2, 2, 2, 2, 2, 2, 2, 2, 2, 2, 2, 2, 2, 2, 2, 2, 2, 2, 2, 2, 2, 2, 2, 2, 2, 2, 2, 2, 2, 2, 2, 2, 2, 2, 2, 2, 2, 2, 2, 2, 2, 2, 2, 2, 2, 2, 2, 2, 2, 2, 2, 2, 2, 2, 2, 2, 2, 2, 2, 2, 2, 2, 2, 2, 2, 2, 2, 2, 2, 2, 2, 2, 2, 2, 2, 2, 2, 2, 2, 2, 2, 2, 2, 2, 2, 2, 2, 2, 2, 2, 2, 2, 2, 2, 2, 2, 2, 2, 2, 2, 2, 2, 2, 2, 2, 2, 2, 2, 2, 2, 2, 2, 2, 2, 2, 2, 2, 2, 2, 2, 2, 2, 2, 2, 2, 2, 2, 2, 2, 2, 2, 2, 2, 2, 2, 2, 2, 2, 2, 2, 2, 2, 2, 2, 2, 2, 2, 2, 2, 2, 2, 2, 2, 2, 2, 2, 2, 2, 2, 2, 2, 2, 2, 2, 2, 2, 2, 2, 2, 2, 2, 2, 2, 2, 2, 2, 2, 2, 2, 2, 2, 2, 2, 2, 2, 2, 2, 2, 2, 2, 2, 2, 2, 2, 2, 2, 2, 2, 2, 2, 2, 2, 2, 2, 2, 2, 2, 2, 2, 2, 2, 2, 2, 2, 2, 2, 2, 2, 2, 2, 2, 2, 2, 2, 2, 2, 2, 2, 2, 2, 2, 2, 2, 2, 2, 2, 2, 2, 2, 2, 2, 2, 2, 2, 2, 2, 2, 2, 2, 2, 2, 2, 2, 2, 2, 2, 2, 2, 2, 2, 2, 2, 2, 2, 2, 2, 2, 2, 2, 2, 2, 2, 2, 2, 2, 2, 2, 2, 2, 2, 2, 2, 2, 2, 2, 2, 2, 2, 2, 2, 2, 2, 2, 2, 2, 2, 2, 2, 2, 2, 2, 2, 2, 2, 2, 2, 2, 2, 2, 2, 2, 2, 2, 2, 2, 2, 2, 2, 2, 2, 2, 2, 2, 2, 2, 2, 2, 2, 2, 2, 2, 2, 2, 2, 2, 2, 2, 2, 2, 2, 2, 2, 2, 2, 2, 2, 2, 2, 2, 2, 2, 2, 2, 2, 2, 2, 2, 2, 2, 2, 2, 2, 2, 2, 2, 2, 2, 2, 2, 2, 2, 2, 2, 2, 2, 2, 2, 2, 2, 2, 2, 2, 2, 2, 2, 2, 2, 2, 2, 2, 2, 2, 2, 2, 2, 2, 2, 2, 2, 2, 2, 2, 2, 2, 2, 2, 2, 2, 2, 2, 2, 2, 2, 2, 2, 2, 2, 2, 2, 2, 2, 2, 2, 2, 2, 2, 2, 2, 2, 2, 2, 2, 2, 2, 2, 2, 2, 2, 2, 2, 2, 2, 2, 2, 2, 2, 2, 2, 2, 2, 2, 2, 2, 2, 2, 2, 2, 2, 2, 2, 2, 2, 2, 2, 2, 2, 2, 2, 2, 2, 2, 2, 2, 2, 2, 2, 2, 2, 2, 2, 2, 2, 2, 2, 2, 2, 2, 2, 2, 2, 2, 2, 2, 2, 2, 2, 2, 2, 2, 2, 2, 2, 2, 2, 2, 2, 2, 2, 2, 2, 2, 2, 2, 2, 2, 2, 2, 2, 2, 2, 2, 2, 2, 2, 2, 2, 2, 2, 2, 2, 2, 2, 2, 2, 2, 2, 2, 2, 2, 2, 2, 2, 2, 2, 2, 2, 2, 2, 2, 2, 2, 2, 2, 2, 2, 2, 2, 2, 2, 2, 2, 2, 2, 2, 2, 2, 2, 2, 2, 2, 2, 2, 2, 2, 2, 2, 2, 2, 2, 2, 2, 2, 2, 2, 2, 2, 2, 2, 2, 2, 2, 2, 2, 2, 2, 2, 2, 2, 2, 2, 2, 2, 2, 2, 2, 2, 2, 2, 2, 2, 2, 2, 2, 2, 2, 2, 2, 2, 2, 2, 2, 2, 2, 2, 2, 2, 2, 2, 2, 2, 2, 2, 2, 2, 2, 2, 2, 2, 2, 2, 2, 2, 2, 2, 2, 2, 2, 2, 2, 2, 2, 2, 2, 2, 2, 2, 2, 2, 2, 2, 2, 2, 2, 2, 2, 2, 2, 2, 2, 2, 2, 2, 2, 2, 2, 2, 2, 2, 2, 2, 2, 2, 2, 2, 2, 2, 2, 2, 2, 2, 2, 2, 2, 2, 2, 2, 2, 2, 2, 2, 2, 2, 2, 2, 2, 2, 2, 2, 2, 2, 2, 2, 2, 2, 2, 2, 2, 2, 2, 2, 2, 2, 2, 2, 2, 2, 2, 2, 2, 2, 2, 2, 2, 2, 2, 2, 2, 2, 2, 2, 2, 2, 2, 2, 2, 2, 2, 2, 2, 2, 2, 2, 2, 2, 2, 2, 2, 2, 2, 2, 2, 2, 2, 2, 2, 2, 2, 2, 2, 2, 2, 2, 2, 2, 2, 2, 2, 2, 2, 2, 2, 2, 2, 2, 2, 2, 2, 2, 2, 2, 2, 2, 2, 2, 2, 2, 2, 2, 2, 2, 2, 2, 2, 2, 2, 2, 2, 2, 2, 2, 2, 2, 2, 2, 2, 2, 2, 2, 2, 2, 2, 2, 2, 2, 2, 2, 2, 2, 2, 2, 2, 2, 2, 2, 2, 2, 2, 2, 2, 2, 2, 2, 2, 2, 2, 2, 2, 2, 2, 2, 2, 2, 2, 2, 2, 2, 2, 2, 2, 2, 2, 2, 2, 2, 2, 2, 2, 2, 2, 2, 2, 2, 2, 2, 2, 2, 2, 2, 2, 2, 2, 2, 2, 2, 2, 2, 2, 2, 2, 2, 2, 2, 2, 2, 2, 2, 2, 2, 2, 2, 2, 2, 2, 2, 2, 2, 2, 2, 2, 2, 2, 2, 2, 2, 2, 2, 2, 2, 2, 2, 2, 2, 2, 2, 2, 2, 2, 2, 2, 2, 2, 2, 2, 2, 2, 2, 2, 2, 2, 2, 2, 2, 2, 2, 2, 2, 2, 2, 2, 2, 2, 2, 2, 2, 2, 2, 2, 2, 2, 2, 2, 2, 2, 2, 2, 2, 2, 2, 2, 2, 2, 2, 2, 2, 2, 2, 2, 2, 2, 2, 2, 2, 2, 2, 2, 2, 2, 2, 2, 2, 2, 2, 2, 2, 2, 2, 2, 2, 2, 2, 2, 2, 2, 2, 2, 2, 2, 2, 2, 2, 2, 2, 2, 2, 2, 2, 2, 2, 2, 2, 2, 2, 2, 2, 2, 2, 2, 2, 2, 2, 2, 2, 2, 2, 2, 2, 2, 2, 2, 2, 2, 2, 2, 2, 2, 2, 2, 2, 2, 2, 2, 2, 2, 2, 2, 2, 2, 2, 2, 2, 2, 2, 2, 2, 2, 2, 2, 2, 2, 2, 2, 2, 2, 2, 2, 2, 2, 2, 2, 2, 2, 2, 2, 2, 2, 2, 2, 2, 2, 2, 2, 2, 2, 2, 2, 2, 2, 2, 2, 2, 2, 2, 2, 2, 2, 2, 2, 2, 2, 2, 2, 2, 2, 2, 2, 2, 2, 2, 2, 2, 2, 2, 2, 2, 2, 2, 2, 2, 2, 2, 2, 2, 2, 2, 2, 2, 2, 2, 2, 2, 2, 2, 2, 2, 2, 2, 2, 2, 2, 2, 2, 2, 2, 2, 2, 2, 2, 2, 2, 2, 2, 2, 2, 2, 2, 2, 2, 2, 2, 2, 2, 2, 2, 2, 2, 2, 2, 2, 2
handled 88 out of 88 symmetry components
(round 3, exhaustive) 0 del vars, 0 del conss, 39 add conss, 0 chg bounds, 0 chg sides, 0 chg coeffs, 17712 upgd conss, 0 impls, 39 clqs
(round 4, exhaustive) 0 del vars, 0 del conss, 39 add conss, 0 chg bounds, 0 chg sides, 0 chg coeffs, 17751 upgd conss, 0 impls, 39 clqs
cons components found 59 undirected components at node 1, depth 0 (0)
clique table cleanup detected 0 bound changes

presolved problem has 52176 active (0.0337471%) nonzeros and 52176 (0.0337471%) check nonzeros

presolving (5 rounds: 5 fast, 5 medium, 5 exhaustive):
 299 deleted vars, 346 deleted constraints, 39 added constraints, 0 tightened bounds, 0 added holes, 0 changed sides, 0 changed coefficients
 0 implications, 39 cliques
presolved problem has 8883 variables (8883 bin, 0 int, 0 impl, 0 cont) and 17405 constraints
     39 constraints of type <setppc>
  17366 constraints of type <logicor>
transformed objective value is always integral (scale: 1)
Presolving Time: 0.53
transformed 1/1 original solutions to the transformed problem space

 time | node  | left  |LP iter|LP it/n|mem/heur|mdpt |vars |cons |rows |cuts |sepa|confs|strbr|  dualbound   | primalbound  |  gap   | compl. 
  0.6s|     1 |     0 |   200 |     - |   208M |   0 |8883 |  17k|  17k|   0 |  0 |   0 |   0 | 0.000000e+00 | 1.224000e+03 |    Inf | unknown
  2.0s|     1 |     2 |   200 |     - |   208M |   0 |8883 |  17k|  17k|   0 |  1 |   0 |  20 | 1.070000e+02 | 1.224000e+03 |1043.93%| unknown

SCIP Status        : problem is solved [optimal solution found]
Solving Time (sec) : 7.64
Solving Nodes      : 7
Primal Bound       : +1.22400000000000e+03 (1 solutions)
Dual Bound         : +1.22400000000000e+03
Gap                : 0.00 %

primal solution:
================

objective value:                                 1224
occ(0)                                              1 	(obj:1)
occ(1)                                              1 	(obj:1)
occ(2)                                              1 	(obj:1)
occ(3)                                              1 	(obj:1)
occ(4)                                              1 	(obj:1)
occ(5)                                              1 	(obj:1)
occ(6)                                              1 	(obj:1)
occ(7)                                              1 	(obj:1)
occ(8)                                              1 	(obj:1)
occ(9)                                              1 	(obj:1)
occ(10)                                             1 	(obj:1)
occ(11)                                             1 	(obj:1)
occ(12)                                             1 	(obj:1)
occ(13)                                             1 	(obj:1)
occ(14)                                             1 	(obj:1)
occ(15)                                             1 	(obj:1)
occ(16)                                             1 	(obj:1)
occ(17)                                             1 	(obj:1)
occ(18)                                             1 	(obj:1)
occ(19)                                             1 	(obj:1)
occ(20)                                             1 	(obj:1)
occ(21)                                             1 	(obj:1)
occ(22)                                             1 	(obj:1)
occ(23)                                             1 	(obj:1)
occ(24)                                             1 	(obj:1)
occ(25)                                             1 	(obj:1)
occ(26)                                             1 	(obj:1)
occ(27)                                             1 	(obj:1)
occ(28)                                             1 	(obj:1)
occ(29)                                             1 	(obj:1)
occ(30)                                             1 	(obj:1)
occ(31)                                             1 	(obj:1)
occ(32)                                             1 	(obj:1)
occ(33)                                             1 	(obj:1)
occ(34)                                             1 	(obj:1)
occ(35)                                             1 	(obj:1)
occ(36)                                             1 	(obj:1)
occ(37)                                             1 	(obj:1)
occ(38)                                             1 	(obj:1)
occ(39)                                             1 	(obj:1)
occ(40)                                             1 	(obj:1)
occ(41)                                             1 	(obj:1)
occ(42)                                             1 	(obj:1)
occ(43)                                             1 	(obj:1)
occ(44)                                             1 	(obj:1)
occ(45)                                             1 	(obj:1)
occ(46)                                             1 	(obj:1)
occ(47)                                             1 	(obj:1)
occ(48)                                             1 	(obj:1)
occ(49)                                             1 	(obj:1)
occ(50)                                             1 	(obj:1)
occ(51)                                             1 	(obj:1)
occ(52)                                             1 	(obj:1)
occ(53)                                             1 	(obj:1)
occ(54)                                             1 	(obj:1)
occ(55)                                             1 	(obj:1)
occ(56)                                             1 	(obj:1)
occ(57)                                             1 	(obj:1)
occ(58)                                             1 	(obj:1)
occ(59)                                             1 	(obj:1)
occ(60)                                             1 	(obj:1)
occ(61)                                             1 	(obj:1)
occ(62)                                             1 	(obj:1)
occ(63)                                             1 	(obj:1)
occ(64)                                             1 	(obj:1)
occ(65)                                             1 	(obj:1)
occ(66)                                             1 	(obj:1)
occ(67)                                             1 	(obj:1)
occ(68)                                             1 	(obj:1)
occ(69)                                             1 	(obj:1)
occ(70)                                             1 	(obj:1)
occ(71)                                             1 	(obj:1)
occ(72)                                             1 	(obj:1)
occ(73)                                             1 	(obj:1)
occ(74)                                             1 	(obj:1)
occ(75)                                             1 	(obj:1)
occ(76)                                             1 	(obj:1)
occ(77)                                             1 	(obj:1)
occ(78)                                             1 	(obj:1)
occ(79)                                             1 	(obj:1)
occ(80)                                             1 	(obj:1)
occ(81)                                             1 	(obj:1)
occ(82)                                             1 	(obj:1)
occ(83)                                             1 	(obj:1)
occ(84)                                             1 	(obj:1)
occ(85)                                             1 	(obj:1)
occ(86)                                             1 	(obj:1)
occ(87)                                             1 	(obj:1)
occ(1707)                                           1 	(obj:1)
occ(1708)                                           1 	(obj:1)
occ(1709)                                           1 	(obj:1)
occ(1710)                                           1 	(obj:1)
occ(1711)                                           1 	(obj:1)
occ(1712)                                           1 	(obj:1)
occ(1713)                                           1 	(obj:1)
occ(1978)                                           1 	(obj:1)
occ(1979)                                           1 	(obj:1)
occ(1980)                                           1 	(obj:1)
occ(1981)                                           1 	(obj:1)
occ(1982)                                           1 	(obj:1)
occ(2109)                                           1 	(obj:1)
occ(2111)                                           1 	(obj:1)
occ(2112)                                           1 	(obj:1)
occ(2114)                                           1 	(obj:1)
occ(2115)                                           1 	(obj:1)
occ(2116)                                           1 	(obj:1)
occ(2117)                                           1 	(obj:1)
occ(2118)                                           1 	(obj:1)
occ(2119)                                           1 	(obj:1)
occ(2120)                                           1 	(obj:1)
occ(2121)                                           1 	(obj:1)
occ(2122)                                           1 	(obj:1)
occ(2123)                                           1 	(obj:1)
occ(2124)                                           1 	(obj:1)
occ(2234)                                           1 	(obj:1)
occ(2290)                                           1 	(obj:1)
occ(2291)                                           1 	(obj:1)
occ(2292)                                           1 	(obj:1)
occ(2293)                                           1 	(obj:1)
occ(2294)                                           1 	(obj:1)
occ(2295)                                           1 	(obj:1)
occ(2296)                                           1 	(obj:1)
occ(2297)                                           1 	(obj:1)
occ(2314)                                           1 	(obj:1)
occ(2315)                                           1 	(obj:1)
occ(2532)                                           1 	(obj:1)
occ(2533)                                           1 	(obj:1)
occ(2534)                                           1 	(obj:1)
occ(2535)                                           1 	(obj:1)
occ(2536)                                           1 	(obj:1)
occ(2537)                                           1 	(obj:1)
occ(2538)                                           1 	(obj:1)
occ(2539)                                           1 	(obj:1)
occ(2540)                                           1 	(obj:1)
occ(2541)                                           1 	(obj:1)
occ(2542)                                           1 	(obj:1)
occ(2543)                                           1 	(obj:1)
occ(2544)                                           1 	(obj:1)
occ(2545)                                           1 	(obj:1)
occ(2546)                                           1 	(obj:1)
occ(2547)                                           1 	(obj:1)
occ(2548)                                           1 	(obj:1)
occ(2549)                                           1 	(obj:1)
occ(2550)                                           1 	(obj:1)
occ(2551)                                           1 	(obj:1)
occ(2552)                                           1 	(obj:1)
occ(2553)                                           1 	(obj:1)
occ(2554)                                           1 	(obj:1)
occ(2555)                                           1 	(obj:1)
occ(2556)                                           1 	(obj:1)
occ(2557)                                           1 	(obj:1)
occ(2558)                                           1 	(obj:1)
occ(2559)                                           1 	(obj:1)
occ(2560)                                           1 	(obj:1)
occ(2561)                                           1 	(obj:1)
occ(2562)                                           1 	(obj:1)
occ(2563)                                           1 	(obj:1)
occ(2564)                                           1 	(obj:1)
occ(2565)                                           1 	(obj:1)
occ(2566)                                           1 	(obj:1)
occ(2567)                                           1 	(obj:1)
occ(2568)                                           1 	(obj:1)
occ(2569)                                           1 	(obj:1)
occ(2570)                                           1 	(obj:1)
occ(2571)                                           1 	(obj:1)
occ(2572)                                           1 	(obj:1)
occ(2573)                                           1 	(obj:1)
occ(2574)                                           1 	(obj:1)
occ(2575)                                           1 	(obj:1)
occ(2576)                                           1 	(obj:1)
occ(2577)                                           1 	(obj:1)
occ(2578)                                           1 	(obj:1)
occ(2579)                                           1 	(obj:1)
occ(2580)                                           1 	(obj:1)
occ(2581)                                           1 	(obj:1)
occ(2582)                                           1 	(obj:1)
occ(2583)                                           1 	(obj:1)
occ(2584)                                           1 	(obj:1)
occ(2585)                                           1 	(obj:1)
occ(2586)                                           1 	(obj:1)
occ(2587)                                           1 	(obj:1)
occ(2588)                                           1 	(obj:1)
occ(2589)                                           1 	(obj:1)
occ(2590)                                           1 	(obj:1)
occ(2591)                                           1 	(obj:1)
occ(2592)                                           1 	(obj:1)
occ(2593)                                           1 	(obj:1)
occ(2594)                                           1 	(obj:1)
occ(2595)                                           1 	(obj:1)
occ(2596)                                           1 	(obj:1)
occ(2597)                                           1 	(obj:1)
occ(2598)                                           1 	(obj:1)
occ(2599)                                           1 	(obj:1)
occ(2600)                                           1 	(obj:1)
occ(2601)                                           1 	(obj:1)
occ(2602)                                           1 	(obj:1)
occ(2603)                                           1 	(obj:1)
occ(2604)                                           1 	(obj:1)
occ(2605)                                           1 	(obj:1)
occ(2606)                                           1 	(obj:1)
occ(2607)                                           1 	(obj:1)
occ(2608)                                           1 	(obj:1)
occ(2609)                                           1 	(obj:1)
occ(2610)                                           1 	(obj:1)
occ(2611)                                           1 	(obj:1)
occ(2612)                                           1 	(obj:1)
occ(2613)                                           1 	(obj:1)
occ(2614)                                           1 	(obj:1)
occ(2615)                                           1 	(obj:1)
occ(2996)                                           1 	(obj:1)
occ(2997)                                           1 	(obj:1)
occ(2998)                                           1 	(obj:1)
occ(2999)                                           1 	(obj:1)
occ(3000)                                           1 	(obj:1)
occ(3001)                                           1 	(obj:1)
occ(3002)                                           1 	(obj:1)
occ(3003)                                           1 	(obj:1)
occ(3004)                                           1 	(obj:1)
occ(3005)                                           1 	(obj:1)
occ(3006)                                           1 	(obj:1)
occ(3007)                                           1 	(obj:1)
occ(3008)                                           1 	(obj:1)
occ(3009)                                           1 	(obj:1)
occ(3010)                                           1 	(obj:1)
occ(3011)                                           1 	(obj:1)
occ(3012)                                           1 	(obj:1)
occ(3013)                                           1 	(obj:1)
occ(3014)                                           1 	(obj:1)
occ(3015)                                           1 	(obj:1)
occ(3016)                                           1 	(obj:1)
occ(3017)                                           1 	(obj:1)
occ(3018)                                           1 	(obj:1)
occ(3019)                                           1 	(obj:1)
occ(3020)                                           1 	(obj:1)
occ(3021)                                           1 	(obj:1)
occ(3022)                                           1 	(obj:1)
occ(3023)                                           1 	(obj:1)
occ(3024)                                           1 	(obj:1)
occ(3025)                                           1 	(obj:1)
occ(3026)                                           1 	(obj:1)
occ(3027)                                           1 	(obj:1)
occ(3028)                                           1 	(obj:1)
occ(3029)                                           1 	(obj:1)
occ(3046)                                           1 	(obj:1)
occ(3047)                                           1 	(obj:1)
occ(3048)                                           1 	(obj:1)
occ(3049)                                           1 	(obj:1)
occ(3050)                                           1 	(obj:1)
occ(3051)                                           1 	(obj:1)
occ(3052)                                           1 	(obj:1)
occ(3053)                                           1 	(obj:1)
occ(3054)                                           1 	(obj:1)
occ(3055)                                           1 	(obj:1)
occ(3056)                                           1 	(obj:1)
occ(3057)                                           1 	(obj:1)
occ(3058)                                           1 	(obj:1)
occ(3059)                                           1 	(obj:1)
occ(3060)                                           1 	(obj:1)
occ(3061)                                           1 	(obj:1)
occ(3062)                                           1 	(obj:1)
occ(3063)                                           1 	(obj:1)
occ(3064)                                           1 	(obj:1)
occ(3065)                                           1 	(obj:1)
occ(3066)                                           1 	(obj:1)
occ(3067)                                           1 	(obj:1)
occ(3068)                                           1 	(obj:1)
occ(3069)                                           1 	(obj:1)
occ(3070)                                           1 	(obj:1)
occ(3071)                                           1 	(obj:1)
occ(3072)                                           1 	(obj:1)
occ(3073)                                           1 	(obj:1)
occ(3074)                                           1 	(obj:1)
occ(3075)                                           1 	(obj:1)
occ(3076)                                           1 	(obj:1)
occ(3077)                                           1 	(obj:1)
occ(3078)                                           1 	(obj:1)
occ(3079)                                           1 	(obj:1)
occ(3080)                                           1 	(obj:1)
occ(3081)                                           1 	(obj:1)
occ(3082)                                           1 	(obj:1)
occ(3083)                                           1 	(obj:1)
occ(3084)                                           1 	(obj:1)
occ(3085)                                           1 	(obj:1)
occ(3086)                                           1 	(obj:1)
occ(3087)                                           1 	(obj:1)
occ(3088)                                           1 	(obj:1)
occ(3089)                                           1 	(obj:1)
occ(3090)                                           1 	(obj:1)
occ(3091)                                           1 	(obj:1)
occ(3092)                                           1 	(obj:1)
occ(3093)                                           1 	(obj:1)
occ(3094)                                           1 	(obj:1)
occ(3095)                                           1 	(obj:1)
occ(3096)                                           1 	(obj:1)
occ(3097)                                           1 	(obj:1)
occ(3098)                                           1 	(obj:1)
occ(3099)                                           1 	(obj:1)
occ(3100)                                           1 	(obj:1)
occ(3101)                                           1 	(obj:1)
occ(3102)                                           1 	(obj:1)
occ(3103)                                           1 	(obj:1)
occ(3104)                                           1 	(obj:1)
occ(3105)                                           1 	(obj:1)
occ(3106)                                           1 	(obj:1)
occ(3107)                                           1 	(obj:1)
occ(3108)                                           1 	(obj:1)
occ(3109)                                           1 	(obj:1)
occ(3110)                                           1 	(obj:1)
occ(3111)                                           1 	(obj:1)
occ(3112)                                           1 	(obj:1)
occ(3113)                                           1 	(obj:1)
occ(3114)                                           1 	(obj:1)
occ(3115)                                           1 	(obj:1)
occ(3116)                                           1 	(obj:1)
occ(3117)                                           1 	(obj:1)
occ(3118)                                           1 	(obj:1)
occ(3119)                                           1 	(obj:1)
occ(3120)                                           1 	(obj:1)
occ(3121)                                           1 	(obj:1)
occ(3122)                                           1 	(obj:1)
occ(3123)                                           1 	(obj:1)
occ(3124)                                           1 	(obj:1)
occ(3125)                                           1 	(obj:1)
occ(3126)                                           1 	(obj:1)
occ(3127)                                           1 	(obj:1)
occ(3128)                                           1 	(obj:1)
occ(3129)                                           1 	(obj:1)
occ(3130)                                           1 	(obj:1)
occ(3131)                                           1 	(obj:1)
occ(3132)                                           1 	(obj:1)
occ(3133)                                           1 	(obj:1)
occ(3134)                                           1 	(obj:1)
occ(3135)                                           1 	(obj:1)
occ(3136)                                           1 	(obj:1)
occ(3137)                                           1 	(obj:1)
occ(3144)                                           1 	(obj:1)
occ(4489)                                           1 	(obj:1)
occ(4490)                                           1 	(obj:1)
occ(4491)                                           1 	(obj:1)
occ(4492)                                           1 	(obj:1)
occ(4493)                                           1 	(obj:1)
occ(4494)                                           1 	(obj:1)
occ(4495)                                           1 	(obj:1)
occ(4496)                                           1 	(obj:1)
occ(4497)                                           1 	(obj:1)
occ(4498)                                           1 	(obj:1)
occ(4499)                                           1 	(obj:1)
occ(4500)                                           1 	(obj:1)
occ(4501)                                           1 	(obj:1)
occ(4502)                                           1 	(obj:1)
occ(4503)                                           1 	(obj:1)
occ(4504)                                           1 	(obj:1)
occ(4505)                                           1 	(obj:1)
occ(4506)                                           1 	(obj:1)
occ(4507)                                           1 	(obj:1)
occ(4508)                                           1 	(obj:1)
occ(4509)                                           1 	(obj:1)
occ(4510)                                           1 	(obj:1)
occ(4511)                                           1 	(obj:1)
occ(4512)                                           1 	(obj:1)
occ(4513)                                           1 	(obj:1)
occ(4514)                                           1 	(obj:1)
occ(4515)                                           1 	(obj:1)
occ(4516)                                           1 	(obj:1)
occ(4517)                                           1 	(obj:1)
occ(4518)                                           1 	(obj:1)
occ(4519)                                           1 	(obj:1)
occ(4520)                                           1 	(obj:1)
occ(4521)                                           1 	(obj:1)
occ(4522)                                           1 	(obj:1)
occ(4523)                                           1 	(obj:1)
occ(4524)                                           1 	(obj:1)
occ(4525)                                           1 	(obj:1)
occ(4526)                                           1 	(obj:1)
occ(4527)                                           1 	(obj:1)
occ(4528)                                           1 	(obj:1)
occ(4529)                                           1 	(obj:1)
occ(4530)                                           1 	(obj:1)
occ(4531)                                           1 	(obj:1)
occ(4532)                                           1 	(obj:1)
occ(4533)                                           1 	(obj:1)
occ(4534)                                           1 	(obj:1)
occ(4535)                                           1 	(obj:1)
occ(4536)                                           1 	(obj:1)
occ(4537)                                           1 	(obj:1)
occ(4538)                                           1 	(obj:1)
occ(4539)                                           1 	(obj:1)
occ(4540)                                           1 	(obj:1)
occ(4541)                                           1 	(obj:1)
occ(4542)                                           1 	(obj:1)
occ(4543)                                           1 	(obj:1)
occ(4544)                                           1 	(obj:1)
occ(4545)                                           1 	(obj:1)
occ(4546)                                           1 	(obj:1)
occ(4547)                                           1 	(obj:1)
occ(4548)                                           1 	(obj:1)
occ(4549)                                           1 	(obj:1)
occ(4550)                                           1 	(obj:1)
occ(4551)                                           1 	(obj:1)
occ(4552)                                           1 	(obj:1)
occ(4553)                                           1 	(obj:1)
occ(4554)                                           1 	(obj:1)
occ(4555)                                           1 	(obj:1)
occ(4556)                                           1 	(obj:1)
occ(4557)                                           1 	(obj:1)
occ(4558)                                           1 	(obj:1)
occ(4559)                                           1 	(obj:1)
occ(4560)                                           1 	(obj:1)
occ(4561)                                           1 	(obj:1)
occ(4562)                                           1 	(obj:1)
occ(4563)                                           1 	(obj:1)
occ(4564)                                           1 	(obj:1)
occ(4565)                                           1 	(obj:1)
occ(4566)                                           1 	(obj:1)
occ(4567)                                           1 	(obj:1)
occ(4568)                                           1 	(obj:1)
occ(4569)                                           1 	(obj:1)
occ(4570)                                           1 	(obj:1)
occ(4571)                                           1 	(obj:1)
occ(4572)                                           1 	(obj:1)
occ(4573)                                           1 	(obj:1)
occ(4574)                                           1 	(obj:1)
occ(4575)                                           1 	(obj:1)
occ(4576)                                           1 	(obj:1)
occ(4577)                                           1 	(obj:1)
occ(4578)                                           1 	(obj:1)
occ(4579)                                           1 	(obj:1)
occ(4580)                                           1 	(obj:1)
occ(4581)                                           1 	(obj:1)
occ(4582)                                           1 	(obj:1)
occ(4583)                                           1 	(obj:1)
occ(4584)                                           1 	(obj:1)
occ(4585)                                           1 	(obj:1)
occ(4586)                                           1 	(obj:1)
occ(4587)                                           1 	(obj:1)
occ(4588)                                           1 	(obj:1)
occ(4589)                                           1 	(obj:1)
occ(4590)                                           1 	(obj:1)
occ(4591)                                           1 	(obj:1)
occ(4592)                                           1 	(obj:1)
occ(4593)                                           1 	(obj:1)
occ(4594)                                           1 	(obj:1)
occ(4595)                                           1 	(obj:1)
occ(4596)                                           1 	(obj:1)
occ(4597)                                           1 	(obj:1)
occ(4598)                                           1 	(obj:1)
occ(4599)                                           1 	(obj:1)
occ(4600)                                           1 	(obj:1)
occ(4601)                                           1 	(obj:1)
occ(4602)                                           1 	(obj:1)
occ(4603)                                           1 	(obj:1)
occ(4604)                                           1 	(obj:1)
occ(4605)                                           1 	(obj:1)
occ(4606)                                           1 	(obj:1)
occ(4607)                                           1 	(obj:1)
occ(4608)                                           1 	(obj:1)
occ(4609)                                           1 	(obj:1)
occ(4610)                                           1 	(obj:1)
occ(4611)                                           1 	(obj:1)
occ(4612)                                           1 	(obj:1)
occ(4613)                                           1 	(obj:1)
occ(4614)                                           1 	(obj:1)
occ(4615)                                           1 	(obj:1)
occ(4616)                                           1 	(obj:1)
occ(4617)                                           1 	(obj:1)
occ(4618)                                           1 	(obj:1)
occ(4619)                                           1 	(obj:1)
occ(4620)                                           1 	(obj:1)
occ(4621)                                           1 	(obj:1)
occ(4622)                                           1 	(obj:1)
occ(4623)                                           1 	(obj:1)
occ(4624)                                           1 	(obj:1)
occ(4625)                                           1 	(obj:1)
occ(4626)                                           1 	(obj:1)
occ(4627)                                           1 	(obj:1)
occ(4628)                                           1 	(obj:1)
occ(4629)                                           1 	(obj:1)
occ(4630)                                           1 	(obj:1)
occ(4631)                                           1 	(obj:1)
occ(4632)                                           1 	(obj:1)
occ(4921)                                           1 	(obj:1)
occ(4922)                                           1 	(obj:1)
occ(4923)                                           1 	(obj:1)
occ(4924)                                           1 	(obj:1)
occ(4925)                                           1 	(obj:1)
occ(4926)                                           1 	(obj:1)
occ(4927)                                           1 	(obj:1)
occ(4928)                                           1 	(obj:1)
occ(4929)                                           1 	(obj:1)
occ(4930)                                           1 	(obj:1)
occ(4931)                                           1 	(obj:1)
occ(4932)                                           1 	(obj:1)
occ(4933)                                           1 	(obj:1)
occ(4934)                                           1 	(obj:1)
occ(4935)                                           1 	(obj:1)
occ(4936)                                           1 	(obj:1)
occ(4937)                                           1 	(obj:1)
occ(4938)                                           1 	(obj:1)
occ(4939)                                           1 	(obj:1)
occ(4940)                                           1 	(obj:1)
occ(4941)                                           1 	(obj:1)
occ(4942)                                           1 	(obj:1)
occ(4943)                                           1 	(obj:1)
occ(4944)                                           1 	(obj:1)
occ(4945)                                           1 	(obj:1)
occ(4946)                                           1 	(obj:1)
occ(4947)                                           1 	(obj:1)
occ(4948)                                           1 	(obj:1)
occ(4949)                                           1 	(obj:1)
occ(4950)                                           1 	(obj:1)
occ(4951)                                           1 	(obj:1)
occ(4952)                                           1 	(obj:1)
occ(4953)                                           1 	(obj:1)
occ(4954)                                           1 	(obj:1)
occ(4955)                                           1 	(obj:1)
occ(4956)                                           1 	(obj:1)
occ(4957)                                           1 	(obj:1)
occ(4958)                                           1 	(obj:1)
occ(4959)                                           1 	(obj:1)
occ(4960)                                           1 	(obj:1)
occ(4961)                                           1 	(obj:1)
occ(4962)                                           1 	(obj:1)
occ(4963)                                           1 	(obj:1)
occ(4964)                                           1 	(obj:1)
occ(4965)                                           1 	(obj:1)
occ(4966)                                           1 	(obj:1)
occ(4967)                                           1 	(obj:1)
occ(4968)                                           1 	(obj:1)
occ(4969)                                           1 	(obj:1)
occ(4970)                                           1 	(obj:1)
occ(4971)                                           1 	(obj:1)
occ(4972)                                           1 	(obj:1)
occ(4973)                                           1 	(obj:1)
occ(4974)                                           1 	(obj:1)
occ(4975)                                           1 	(obj:1)
occ(4976)                                           1 	(obj:1)
occ(4977)                                           1 	(obj:1)
occ(4978)                                           1 	(obj:1)
occ(4979)                                           1 	(obj:1)
occ(4980)                                           1 	(obj:1)
occ(4981)                                           1 	(obj:1)
occ(4982)                                           1 	(obj:1)
occ(4983)                                           1 	(obj:1)
occ(4984)                                           1 	(obj:1)
occ(4985)                                           1 	(obj:1)
occ(4986)                                           1 	(obj:1)
occ(4987)                                           1 	(obj:1)
occ(4988)                                           1 	(obj:1)
occ(4989)                                           1 	(obj:1)
occ(4990)                                           1 	(obj:1)
occ(4991)                                           1 	(obj:1)
occ(4992)                                           1 	(obj:1)
occ(4993)                                           1 	(obj:1)
occ(4994)                                           1 	(obj:1)
occ(4995)                                           1 	(obj:1)
occ(4996)                                           1 	(obj:1)
occ(4997)                                           1 	(obj:1)
occ(4998)                                           1 	(obj:1)
occ(5104)                                           1 	(obj:1)
occ(5105)                                           1 	(obj:1)
occ(5106)                                           1 	(obj:1)
occ(5107)                                           1 	(obj:1)
occ(5108)                                           1 	(obj:1)
occ(5109)                                           1 	(obj:1)
occ(5110)                                           1 	(obj:1)
occ(5111)                                           1 	(obj:1)
occ(5112)                                           1 	(obj:1)
occ(5113)                                           1 	(obj:1)
occ(5114)                                           1 	(obj:1)
occ(5115)                                           1 	(obj:1)
occ(5116)                                           1 	(obj:1)
occ(5117)                                           1 	(obj:1)
occ(5118)                                           1 	(obj:1)
occ(5476)                                           1 	(obj:1)
occ(5477)                                           1 	(obj:1)
occ(5487)                                           1 	(obj:1)
occ(5488)                                           1 	(obj:1)
occ(5489)                                           1 	(obj:1)
occ(5490)                                           1 	(obj:1)
occ(6217)                                           1 	(obj:1)
occ(6218)                                           1 	(obj:1)
occ(6219)                                           1 	(obj:1)
occ(6220)                                           1 	(obj:1)
occ(6221)                                           1 	(obj:1)
occ(6222)                                           1 	(obj:1)
occ(6223)                                           1 	(obj:1)
occ(6224)                                           1 	(obj:1)
occ(6225)                                           1 	(obj:1)
occ(6226)                                           1 	(obj:1)
occ(6227)                                           1 	(obj:1)
occ(6228)                                           1 	(obj:1)
occ(6229)                                           1 	(obj:1)
occ(6230)                                           1 	(obj:1)
occ(6231)                                           1 	(obj:1)
occ(6232)                                           1 	(obj:1)
occ(6233)                                           1 	(obj:1)
occ(6234)                                           1 	(obj:1)
occ(6235)                                           1 	(obj:1)
occ(6236)                                           1 	(obj:1)
occ(6237)                                           1 	(obj:1)
occ(6238)                                           1 	(obj:1)
occ(6239)                                           1 	(obj:1)
occ(6240)                                           1 	(obj:1)
occ(6241)                                           1 	(obj:1)
occ(6242)                                           1 	(obj:1)
occ(6243)                                           1 	(obj:1)
occ(6244)                                           1 	(obj:1)
occ(6245)                                           1 	(obj:1)
occ(6246)                                           1 	(obj:1)
occ(6247)                                           1 	(obj:1)
occ(6248)                                           1 	(obj:1)
occ(6249)                                           1 	(obj:1)
occ(6250)                                           1 	(obj:1)
occ(6251)                                           1 	(obj:1)
occ(6252)                                           1 	(obj:1)
occ(6253)                                           1 	(obj:1)
occ(6254)                                           1 	(obj:1)
occ(6255)                                           1 	(obj:1)
occ(6256)                                           1 	(obj:1)
occ(6257)                                           1 	(obj:1)
occ(6258)                                           1 	(obj:1)
occ(6259)                                           1 	(obj:1)
occ(6260)                                           1 	(obj:1)
occ(6261)                                           1 	(obj:1)
occ(6262)                                           1 	(obj:1)
occ(6263)                                           1 	(obj:1)
occ(6264)                                           1 	(obj:1)
occ(6265)                                           1 	(obj:1)
occ(6266)                                           1 	(obj:1)
occ(6267)                                           1 	(obj:1)
occ(6268)                                           1 	(obj:1)
occ(6269)                                           1 	(obj:1)
occ(6270)                                           1 	(obj:1)
occ(6271)                                           1 	(obj:1)
occ(6272)                                           1 	(obj:1)
occ(6273)                                           1 	(obj:1)
occ(6274)                                           1 	(obj:1)
occ(6275)                                           1 	(obj:1)
occ(6276)                                           1 	(obj:1)
occ(6277)                                           1 	(obj:1)
occ(6278)                                           1 	(obj:1)
occ(6279)                                           1 	(obj:1)
occ(6280)                                           1 	(obj:1)
occ(6281)                                           1 	(obj:1)
occ(6282)                                           1 	(obj:1)
occ(6283)                                           1 	(obj:1)
occ(6284)                                           1 	(obj:1)
occ(6285)                                           1 	(obj:1)
occ(6286)                                           1 	(obj:1)
occ(6287)                                           1 	(obj:1)
occ(6288)                                           1 	(obj:1)
occ(6289)                                           1 	(obj:1)
occ(6290)                                           1 	(obj:1)
occ(6291)                                           1 	(obj:1)
occ(6292)                                           1 	(obj:1)
occ(6293)                                           1 	(obj:1)
occ(6294)                                           1 	(obj:1)
occ(6334)                                           1 	(obj:1)
occ(6335)                                           1 	(obj:1)
occ(6336)                                           1 	(obj:1)
occ(6337)                                           1 	(obj:1)
occ(6338)                                           1 	(obj:1)
occ(6339)                                           1 	(obj:1)
occ(6340)                                           1 	(obj:1)
occ(6341)                                           1 	(obj:1)
occ(6342)                                           1 	(obj:1)
occ(6343)                                           1 	(obj:1)
occ(6344)                                           1 	(obj:1)
occ(6345)                                           1 	(obj:1)
occ(6346)                                           1 	(obj:1)
occ(6347)                                           1 	(obj:1)
occ(6348)                                           1 	(obj:1)
occ(6398)                                           1 	(obj:1)
occ(6399)                                           1 	(obj:1)
occ(6400)                                           1 	(obj:1)
occ(6401)                                           1 	(obj:1)
occ(6402)                                           1 	(obj:1)
occ(6403)                                           1 	(obj:1)
occ(6404)                                           1 	(obj:1)
occ(6405)                                           1 	(obj:1)
occ(6406)                                           1 	(obj:1)
occ(6407)                                           1 	(obj:1)
occ(6425)                                           1 	(obj:1)
occ(6426)                                           1 	(obj:1)
occ(6427)                                           1 	(obj:1)
occ(6428)                                           1 	(obj:1)
occ(6429)                                           1 	(obj:1)
occ(6430)                                           1 	(obj:1)
occ(6431)                                           1 	(obj:1)
occ(6432)                                           1 	(obj:1)
occ(6433)                                           1 	(obj:1)
occ(6434)                                           1 	(obj:1)
occ(6435)                                           1 	(obj:1)
occ(6458)                                           1 	(obj:1)
occ(6459)                                           1 	(obj:1)
occ(6460)                                           1 	(obj:1)
occ(6461)                                           1 	(obj:1)
occ(6462)                                           1 	(obj:1)
occ(6463)                                           1 	(obj:1)
occ(6464)                                           1 	(obj:1)
occ(6465)                                           1 	(obj:1)
occ(6466)                                           1 	(obj:1)
occ(6467)                                           1 	(obj:1)
occ(6468)                                           1 	(obj:1)
occ(6469)                                           1 	(obj:1)
occ(6470)                                           1 	(obj:1)
occ(6471)                                           1 	(obj:1)
occ(6472)                                           1 	(obj:1)
occ(6473)                                           1 	(obj:1)
occ(6474)                                           1 	(obj:1)
occ(6475)                                           1 	(obj:1)
occ(6476)                                           1 	(obj:1)
occ(6477)                                           1 	(obj:1)
occ(6478)                                           1 	(obj:1)
occ(6479)                                           1 	(obj:1)
occ(6480)                                           1 	(obj:1)
occ(6481)                                           1 	(obj:1)
occ(6482)                                           1 	(obj:1)
occ(6483)                                           1 	(obj:1)
occ(6484)                                           1 	(obj:1)
occ(6485)                                           1 	(obj:1)
occ(6486)                                           1 	(obj:1)
occ(6487)                                           1 	(obj:1)
occ(6488)                                           1 	(obj:1)
occ(6489)                                           1 	(obj:1)
occ(6490)                                           1 	(obj:1)
occ(6491)                                           1 	(obj:1)
occ(6492)                                           1 	(obj:1)
occ(6493)                                           1 	(obj:1)
occ(6494)                                           1 	(obj:1)
occ(6495)                                           1 	(obj:1)
occ(6496)                                           1 	(obj:1)
occ(6497)                                           1 	(obj:1)
occ(6498)                                           1 	(obj:1)
occ(6499)                                           1 	(obj:1)
occ(6500)                                           1 	(obj:1)
occ(6501)                                           1 	(obj:1)
occ(6502)                                           1 	(obj:1)
occ(6503)                                           1 	(obj:1)
occ(6504)                                           1 	(obj:1)
occ(6505)                                           1 	(obj:1)
occ(6506)                                           1 	(obj:1)
occ(6507)                                           1 	(obj:1)
occ(6508)                                           1 	(obj:1)
occ(6509)                                           1 	(obj:1)
occ(6510)                                           1 	(obj:1)
occ(6516)                                           1 	(obj:1)
occ(6517)                                           1 	(obj:1)
occ(6526)                                           1 	(obj:1)
occ(6527)                                           1 	(obj:1)
occ(6528)                                           1 	(obj:1)
occ(6541)                                           1 	(obj:1)
occ(6542)                                           1 	(obj:1)
occ(6543)                                           1 	(obj:1)
occ(6544)                                           1 	(obj:1)
occ(6545)                                           1 	(obj:1)
occ(6546)                                           1 	(obj:1)
occ(6547)                                           1 	(obj:1)
occ(6548)                                           1 	(obj:1)
occ(6549)                                           1 	(obj:1)
occ(6550)                                           1 	(obj:1)
occ(6551)                                           1 	(obj:1)
occ(6552)                                           1 	(obj:1)
occ(6553)                                           1 	(obj:1)
occ(6554)                                           1 	(obj:1)
occ(6555)                                           1 	(obj:1)
occ(6556)                                           1 	(obj:1)
occ(6557)                                           1 	(obj:1)
occ(6558)                                           1 	(obj:1)
occ(6559)                                           1 	(obj:1)
occ(6560)                                           1 	(obj:1)
occ(6561)                                           1 	(obj:1)
occ(6562)                                           1 	(obj:1)
occ(6563)                                           1 	(obj:1)
occ(6564)                                           1 	(obj:1)
occ(6565)                                           1 	(obj:1)
occ(6566)                                           1 	(obj:1)
occ(6567)                                           1 	(obj:1)
occ(6568)                                           1 	(obj:1)
occ(6589)                                           1 	(obj:1)
occ(6590)                                           1 	(obj:1)
occ(6591)                                           1 	(obj:1)
occ(6592)                                           1 	(obj:1)
occ(6593)                                           1 	(obj:1)
occ(6594)                                           1 	(obj:1)
occ(6595)                                           1 	(obj:1)
occ(6596)                                           1 	(obj:1)
occ(6597)                                           1 	(obj:1)
occ(6598)                                           1 	(obj:1)
occ(6599)                                           1 	(obj:1)
occ(6600)                                           1 	(obj:1)
occ(6601)                                           1 	(obj:1)
occ(6602)                                           1 	(obj:1)
occ(6603)                                           1 	(obj:1)
occ(6604)                                           1 	(obj:1)
occ(6605)                                           1 	(obj:1)
occ(6606)                                           1 	(obj:1)
occ(6607)                                           1 	(obj:1)
occ(6608)                                           1 	(obj:1)
occ(6609)                                           1 	(obj:1)
occ(6610)                                           1 	(obj:1)
occ(6611)                                           1 	(obj:1)
occ(6612)                                           1 	(obj:1)
occ(6613)                                           1 	(obj:1)
occ(6614)                                           1 	(obj:1)
occ(6615)                                           1 	(obj:1)
occ(6616)                                           1 	(obj:1)
occ(6617)                                           1 	(obj:1)
occ(6618)                                           1 	(obj:1)
occ(6619)                                           1 	(obj:1)
occ(6620)                                           1 	(obj:1)
occ(6621)                                           1 	(obj:1)
occ(6622)                                           1 	(obj:1)
occ(6623)                                           1 	(obj:1)
occ(6624)                                           1 	(obj:1)
occ(6625)                                           1 	(obj:1)
occ(6626)                                           1 	(obj:1)
occ(6627)                                           1 	(obj:1)
occ(6628)                                           1 	(obj:1)
occ(6629)                                           1 	(obj:1)
occ(6630)                                           1 	(obj:1)
occ(6631)                                           1 	(obj:1)
occ(6632)                                           1 	(obj:1)
occ(6633)                                           1 	(obj:1)
occ(6634)                                           1 	(obj:1)
occ(6635)                                           1 	(obj:1)
occ(6636)                                           1 	(obj:1)
occ(6637)                                           1 	(obj:1)
occ(6638)                                           1 	(obj:1)
occ(6639)                                           1 	(obj:1)
occ(6640)                                           1 	(obj:1)
occ(6641)                                           1 	(obj:1)
occ(6642)                                           1 	(obj:1)
occ(6643)                                           1 	(obj:1)
occ(6644)                                           1 	(obj:1)
occ(6645)                                           1 	(obj:1)
occ(6646)                                           1 	(obj:1)
occ(6647)                                           1 	(obj:1)
occ(6648)                                           1 	(obj:1)
occ(6649)                                           1 	(obj:1)
occ(6650)                                           1 	(obj:1)
occ(6651)                                           1 	(obj:1)
occ(6652)                                           1 	(obj:1)
occ(6653)                                           1 	(obj:1)
occ(6654)                                           1 	(obj:1)
occ(6655)                                           1 	(obj:1)
occ(6656)                                           1 	(obj:1)
occ(6657)                                           1 	(obj:1)
occ(6658)                                           1 	(obj:1)
occ(6659)                                           1 	(obj:1)
occ(6660)                                           1 	(obj:1)
occ(6661)                                           1 	(obj:1)
occ(6662)                                           1 	(obj:1)
occ(6663)                                           1 	(obj:1)
occ(6664)                                           1 	(obj:1)
occ(6665)                                           1 	(obj:1)
occ(6666)                                           1 	(obj:1)
occ(6667)                                           1 	(obj:1)
occ(6668)                                           1 	(obj:1)
occ(6669)                                           1 	(obj:1)
occ(6670)                                           1 	(obj:1)
occ(6671)                                           1 	(obj:1)
occ(6672)                                           1 	(obj:1)
occ(6673)                                           1 	(obj:1)
occ(6674)                                           1 	(obj:1)
occ(6675)                                           1 	(obj:1)
occ(6676)                                           1 	(obj:1)
occ(6677)                                           1 	(obj:1)
occ(6678)                                           1 	(obj:1)
occ(6679)                                           1 	(obj:1)
occ(6680)                                           1 	(obj:1)
occ(6681)                                           1 	(obj:1)
occ(6682)                                           1 	(obj:1)
occ(6683)                                           1 	(obj:1)
occ(6684)                                           1 	(obj:1)
occ(6685)                                           1 	(obj:1)
occ(6686)                                           1 	(obj:1)
occ(6687)                                           1 	(obj:1)
occ(6688)                                           1 	(obj:1)
occ(6689)                                           1 	(obj:1)
occ(6690)                                           1 	(obj:1)
occ(6691)                                           1 	(obj:1)
occ(6692)                                           1 	(obj:1)
occ(6693)                                           1 	(obj:1)
occ(6694)                                           1 	(obj:1)
occ(6695)                                           1 	(obj:1)
occ(6696)                                           1 	(obj:1)
occ(6697)                                           1 	(obj:1)
occ(6698)                                           1 	(obj:1)
occ(6699)                                           1 	(obj:1)
occ(7006)                                           1 	(obj:1)
occ(7007)                                           1 	(obj:1)
occ(7008)                                           1 	(obj:1)
occ(7009)                                           1 	(obj:1)
occ(7010)                                           1 	(obj:1)
occ(7013)                                           1 	(obj:1)
occ(7014)                                           1 	(obj:1)
occ(7015)                                           1 	(obj:1)
occ(7016)                                           1 	(obj:1)
occ(7017)                                           1 	(obj:1)
occ(7018)                                           1 	(obj:1)
occ(7019)                                           1 	(obj:1)
occ(7020)                                           1 	(obj:1)
occ(7021)                                           1 	(obj:1)
occ(7022)                                           1 	(obj:1)
occ(7023)                                           1 	(obj:1)
occ(7024)                                           1 	(obj:1)
occ(7025)                                           1 	(obj:1)
occ(7026)                                           1 	(obj:1)
occ(7027)                                           1 	(obj:1)
occ(7028)                                           1 	(obj:1)
occ(7029)                                           1 	(obj:1)
occ(7030)                                           1 	(obj:1)
occ(7031)                                           1 	(obj:1)
occ(7032)                                           1 	(obj:1)
occ(7033)                                           1 	(obj:1)
occ(7034)                                           1 	(obj:1)
occ(7046)                                           1 	(obj:1)
occ(7047)                                           1 	(obj:1)
occ(7048)                                           1 	(obj:1)
occ(7049)                                           1 	(obj:1)
occ(7050)                                           1 	(obj:1)
occ(7051)                                           1 	(obj:1)
occ(7052)                                           1 	(obj:1)
occ(7053)                                           1 	(obj:1)
occ(7054)                                           1 	(obj:1)
occ(7055)                                           1 	(obj:1)
occ(7056)                                           1 	(obj:1)
occ(7057)                                           1 	(obj:1)
occ(7058)                                           1 	(obj:1)
occ(7059)                                           1 	(obj:1)
occ(7060)                                           1 	(obj:1)
occ(7061)                                           1 	(obj:1)
occ(7062)                                           1 	(obj:1)
occ(7063)                                           1 	(obj:1)
occ(7064)                                           1 	(obj:1)
occ(7065)                                           1 	(obj:1)
occ(7066)                                           1 	(obj:1)
occ(7067)                                           1 	(obj:1)
occ(7068)                                           1 	(obj:1)
occ(7075)                                           1 	(obj:1)
occ(7076)                                           1 	(obj:1)
occ(7081)                                           1 	(obj:1)
occ(7082)                                           1 	(obj:1)
occ(7083)                                           1 	(obj:1)
occ(7084)                                           1 	(obj:1)
occ(7085)                                           1 	(obj:1)
occ(7086)                                           1 	(obj:1)
occ(7087)                                           1 	(obj:1)
occ(7088)                                           1 	(obj:1)
occ(7089)                                           1 	(obj:1)
occ(7090)                                           1 	(obj:1)
occ(7091)                                           1 	(obj:1)
occ(7092)                                           1 	(obj:1)
occ(7093)                                           1 	(obj:1)
occ(7094)                                           1 	(obj:1)
occ(7095)                                           1 	(obj:1)
occ(7096)                                           1 	(obj:1)
occ(7097)                                           1 	(obj:1)
occ(7098)                                           1 	(obj:1)
occ(7099)                                           1 	(obj:1)
occ(7100)                                           1 	(obj:1)
occ(7101)                                           1 	(obj:1)
occ(7102)                                           1 	(obj:1)
occ(7103)                                           1 	(obj:1)
occ(7104)                                           1 	(obj:1)
occ(7105)                                           1 	(obj:1)
occ(7106)                                           1 	(obj:1)
occ(7107)                                           1 	(obj:1)
occ(7108)                                           1 	(obj:1)
occ(7263)                                           1 	(obj:1)
occ(7264)                                           1 	(obj:1)
occ(7265)                                           1 	(obj:1)
occ(7266)                                           1 	(obj:1)
occ(7267)                                           1 	(obj:1)
occ(7268)                                           1 	(obj:1)
occ(7269)                                           1 	(obj:1)
occ(7270)                                           1 	(obj:1)
occ(7271)                                           1 	(obj:1)
occ(7272)                                           1 	(obj:1)
occ(7273)                                           1 	(obj:1)
occ(7281)                                           1 	(obj:1)
occ(7282)                                           1 	(obj:1)
occ(7283)                                           1 	(obj:1)
occ(7284)                                           1 	(obj:1)
occ(7285)                                           1 	(obj:1)
occ(7286)                                           1 	(obj:1)
occ(7287)                                           1 	(obj:1)
occ(7288)                                           1 	(obj:1)
occ(7289)                                           1 	(obj:1)
occ(7290)                                           1 	(obj:1)
occ(7291)                                           1 	(obj:1)
occ(7292)                                           1 	(obj:1)
occ(7293)                                           1 	(obj:1)
occ(7294)                                           1 	(obj:1)
occ(7295)                                           1 	(obj:1)
occ(7296)                                           1 	(obj:1)
occ(7297)                                           1 	(obj:1)
occ(7298)                                           1 	(obj:1)
occ(7299)                                           1 	(obj:1)
occ(7300)                                           1 	(obj:1)
occ(7301)                                           1 	(obj:1)
occ(7302)                                           1 	(obj:1)
occ(7303)                                           1 	(obj:1)
occ(7304)                                           1 	(obj:1)
occ(7305)                                           1 	(obj:1)
occ(7306)                                           1 	(obj:1)
occ(7307)                                           1 	(obj:1)
occ(7308)                                           1 	(obj:1)
occ(7309)                                           1 	(obj:1)
occ(7310)                                           1 	(obj:1)
occ(7311)                                           1 	(obj:1)
occ(7312)                                           1 	(obj:1)
occ(7313)                                           1 	(obj:1)
occ(7314)                                           1 	(obj:1)
occ(7315)                                           1 	(obj:1)
occ(7316)                                           1 	(obj:1)
occ(7317)                                           1 	(obj:1)
occ(7318)                                           1 	(obj:1)
occ(7319)                                           1 	(obj:1)
occ(7320)                                           1 	(obj:1)
occ(7321)                                           1 	(obj:1)
occ(7322)                                           1 	(obj:1)
occ(7323)                                           1 	(obj:1)
occ(7324)                                           1 	(obj:1)
occ(7325)                                           1 	(obj:1)
occ(7326)                                           1 	(obj:1)
occ(7327)                                           1 	(obj:1)
occ(7328)                                           1 	(obj:1)
occ(7361)                                           1 	(obj:1)
occ(7362)                                           1 	(obj:1)
occ(7363)                                           1 	(obj:1)
occ(7364)                                           1 	(obj:1)
occ(7380)                                           1 	(obj:1)
occ(7381)                                           1 	(obj:1)
occ(7382)                                           1 	(obj:1)
occ(7428)                                           1 	(obj:1)
occ(7429)                                           1 	(obj:1)
occ(7430)                                           1 	(obj:1)
occ(7431)                                           1 	(obj:1)
occ(7432)                                           1 	(obj:1)
occ(7433)                                           1 	(obj:1)
occ(7434)                                           1 	(obj:1)
occ(7435)                                           1 	(obj:1)
occ(7436)                                           1 	(obj:1)
occ(7437)                                           1 	(obj:1)
occ(7438)                                           1 	(obj:1)
occ(7439)                                           1 	(obj:1)
occ(7440)                                           1 	(obj:1)
occ(7441)                                           1 	(obj:1)
occ(7442)                                           1 	(obj:1)
occ(7504)                                           1 	(obj:1)
occ(7505)                                           1 	(obj:1)
occ(7506)                                           1 	(obj:1)
occ(7507)                                           1 	(obj:1)
occ(7508)                                           1 	(obj:1)
occ(7509)                                           1 	(obj:1)
occ(7510)                                           1 	(obj:1)
occ(7511)                                           1 	(obj:1)
occ(7512)                                           1 	(obj:1)
occ(7513)                                           1 	(obj:1)
occ(7619)                                           1 	(obj:1)
occ(7620)                                           1 	(obj:1)
occ(7621)                                           1 	(obj:1)
occ(7622)                                           1 	(obj:1)
occ(7623)                                           1 	(obj:1)
occ(7645)                                           1 	(obj:1)
occ(7646)                                           1 	(obj:1)
occ(7647)                                           1 	(obj:1)
occ(7648)                                           1 	(obj:1)
occ(7649)                                           1 	(obj:1)
occ(7650)                                           1 	(obj:1)
occ(7651)                                           1 	(obj:1)
occ(7652)                                           1 	(obj:1)
occ(7653)                                           1 	(obj:1)
occ(7654)                                           1 	(obj:1)
occ(7655)                                           1 	(obj:1)
occ(7656)                                           1 	(obj:1)
occ(7657)                                           1 	(obj:1)
occ(7658)                                           1 	(obj:1)
occ(7659)                                           1 	(obj:1)
occ(7660)                                           1 	(obj:1)
occ(7671)                                           1 	(obj:1)
occ(7711)                                           1 	(obj:1)
occ(7733)                                           1 	(obj:1)
occ(7774)                                           1 	(obj:1)
occ(7775)                                           1 	(obj:1)
occ(7776)                                           1 	(obj:1)
occ(7777)                                           1 	(obj:1)
occ(7778)                                           1 	(obj:1)
occ(7779)                                           1 	(obj:1)
occ(7780)                                           1 	(obj:1)
occ(7781)                                           1 	(obj:1)
occ(7782)                                           1 	(obj:1)
occ(7783)                                           1 	(obj:1)
occ(7784)                                           1 	(obj:1)
occ(7785)                                           1 	(obj:1)
occ(7786)                                           1 	(obj:1)
occ(7787)                                           1 	(obj:1)
occ(7788)                                           1 	(obj:1)
occ(7789)                                           1 	(obj:1)
occ(7790)                                           1 	(obj:1)
occ(7791)                                           1 	(obj:1)
occ(7792)                                           1 	(obj:1)
occ(7793)                                           1 	(obj:1)
occ(7794)                                           1 	(obj:1)
occ(7974)                                           1 	(obj:1)
occ(7975)                                           1 	(obj:1)
occ(7976)                                           1 	(obj:1)
occ(7978)                                           1 	(obj:1)
occ(7981)                                           1 	(obj:1)
occ(7982)                                           1 	(obj:1)
occ(7983)                                           1 	(obj:1)
occ(7984)                                           1 	(obj:1)
occ(7985)                                           1 	(obj:1)
occ(7986)                                           1 	(obj:1)
occ(8041)                                           1 	(obj:1)
occ(8061)                                           1 	(obj:1)
occ(8062)                                           1 	(obj:1)
occ(8063)                                           1 	(obj:1)
occ(8064)                                           1 	(obj:1)
occ(8065)                                           1 	(obj:1)
occ(8066)                                           1 	(obj:1)
occ(8067)                                           1 	(obj:1)
occ(8068)                                           1 	(obj:1)
occ(8069)                                           1 	(obj:1)
occ(8070)                                           1 	(obj:1)
occ(8071)                                           1 	(obj:1)
occ(8072)                                           1 	(obj:1)
occ(8081)                                           1 	(obj:1)
occ(8082)                                           1 	(obj:1)
occ(8083)                                           1 	(obj:1)
occ(8084)                                           1 	(obj:1)
occ(8085)                                           1 	(obj:1)
occ(8086)                                           1 	(obj:1)
occ(8087)                                           1 	(obj:1)
occ(8088)                                           1 	(obj:1)
occ(8089)                                           1 	(obj:1)
occ(8090)                                           1 	(obj:1)
occ(8091)                                           1 	(obj:1)
occ(8092)                                           1 	(obj:1)
occ(8093)                                           1 	(obj:1)
occ(8094)                                           1 	(obj:1)
occ(8095)                                           1 	(obj:1)
occ(8096)                                           1 	(obj:1)
occ(8103)                                           1 	(obj:1)
occ(8104)                                           1 	(obj:1)
occ(8133)                                           1 	(obj:1)
occ(8134)                                           1 	(obj:1)
occ(8135)                                           1 	(obj:1)
occ(8136)                                           1 	(obj:1)
occ(8137)                                           1 	(obj:1)
occ(8143)                                           1 	(obj:1)
occ(8169)                                           1 	(obj:1)
occ(8278)                                           1 	(obj:1)
occ(8279)                                           1 	(obj:1)
occ(8280)                                           1 	(obj:1)
occ(8281)                                           1 	(obj:1)
occ(8282)                                           1 	(obj:1)
occ(8283)                                           1 	(obj:1)
occ(8284)                                           1 	(obj:1)
occ(8285)                                           1 	(obj:1)
occ(8286)                                           1 	(obj:1)
occ(8287)                                           1 	(obj:1)
occ(8288)                                           1 	(obj:1)
occ(8289)                                           1 	(obj:1)
occ(8290)                                           1 	(obj:1)
occ(8291)                                           1 	(obj:1)
occ(8292)                                           1 	(obj:1)
occ(8293)                                           1 	(obj:1)
occ(8294)                                           1 	(obj:1)
occ(8295)                                           1 	(obj:1)
occ(8296)                                           1 	(obj:1)
occ(8297)                                           1 	(obj:1)
occ(8298)                                           1 	(obj:1)
occ(8302)                                           1 	(obj:1)
occ(8303)                                           1 	(obj:1)
occ(8305)                                           1 	(obj:1)
occ(8318)                                           1 	(obj:1)
occ(8319)                                           1 	(obj:1)
occ(8320)                                           1 	(obj:1)
occ(8321)                                           1 	(obj:1)
occ(8322)                                           1 	(obj:1)
occ(8323)                                           1 	(obj:1)
occ(8324)                                           1 	(obj:1)
occ(8325)                                           1 	(obj:1)
occ(8326)                                           1 	(obj:1)
occ(8327)                                           1 	(obj:1)
occ(8366)                                           1 	(obj:1)
occ(8368)                                           1 	(obj:1)
occ(8388)                                           1 	(obj:1)
occ(8389)                                           1 	(obj:1)
occ(8390)                                           1 	(obj:1)
occ(8391)                                           1 	(obj:1)
occ(8392)                                           1 	(obj:1)
occ(8393)                                           1 	(obj:1)
occ(8404)                                           1 	(obj:1)
occ(8405)                                           1 	(obj:1)
occ(8412)                                           1 	(obj:1)
occ(8413)                                           1 	(obj:1)
occ(8415)                                           1 	(obj:1)
occ(8416)                                           1 	(obj:1)
occ(8418)                                           1 	(obj:1)
occ(8421)                                           1 	(obj:1)
occ(8426)                                           1 	(obj:1)
occ(8432)                                           1 	(obj:1)
occ(8433)                                           1 	(obj:1)
occ(8434)                                           1 	(obj:1)
occ(8439)                                           1 	(obj:1)
occ(8535)                                           1 	(obj:1)
occ(8536)                                           1 	(obj:1)
occ(8537)                                           1 	(obj:1)
occ(8538)                                           1 	(obj:1)
occ(8539)                                           1 	(obj:1)
occ(8540)                                           1 	(obj:1)
occ(8541)                                           1 	(obj:1)
occ(8542)                                           1 	(obj:1)
occ(8543)                                           1 	(obj:1)
occ(8544)                                           1 	(obj:1)
occ(8605)                                           1 	(obj:1)
occ(8606)                                           1 	(obj:1)
occ(8671)                                           1 	(obj:1)
occ(8672)                                           1 	(obj:1)
occ(8673)                                           1 	(obj:1)
p(5)                                                1 	(obj:0)
p(8)                                                1 	(obj:0)
p(9)                                                1 	(obj:0)
p(10)                                               1 	(obj:0)
p(12)                                               1 	(obj:0)
p(16)                                               1 	(obj:0)
p(17)                                               1 	(obj:0)
p(18)                                               1 	(obj:0)
p(20)                                               1 	(obj:0)
p(25)                                               1 	(obj:0)
p(26)                                               1 	(obj:0)
p(28)                                               1 	(obj:0)
p(29)                                               1 	(obj:0)
p(31)                                               1 	(obj:0)
p(32)                                               1 	(obj:0)
p(36)                                               1 	(obj:0)
p(63)                                               1 	(obj:0)
p(71)                                               1 	(obj:0)
p(73)                                               1 	(obj:0)
p(74)                                               1 	(obj:0)
p(76)                                               1 	(obj:0)
p(77)                                               1 	(obj:0)
p(80)                                               1 	(obj:0)
p(82)                                               1 	(obj:0)
p(84)                                               1 	(obj:0)
p(88)                                               1 	(obj:0)
p(89)                                               1 	(obj:0)
p(90)                                               1 	(obj:0)
p(91)                                               1 	(obj:0)
p(95)                                               1 	(obj:0)
p(100)                                              1 	(obj:0)
p(101)                                              1 	(obj:0)
p(105)                                              1 	(obj:0)
p(114)                                              1 	(obj:0)
p(135)                                              1 	(obj:0)
p(139)                                              1 	(obj:0)
p(142)                                              1 	(obj:0)
p(143)                                              1 	(obj:0)
p(144)                                              1 	(obj:0)
p(154)                                              1 	(obj:0)
p(155)                                              1 	(obj:0)
p(156)                                              1 	(obj:0)
p(157)                                              1 	(obj:0)
p(161)                                              1 	(obj:0)
p(162)                                              1 	(obj:0)
p(165)                                              1 	(obj:0)
p(167)                                              1 	(obj:0)
p(173)                                              1 	(obj:0)
p(174)                                              1 	(obj:0)
p(176)                                              1 	(obj:0)
p(182)                                              1 	(obj:0)
p(183)                                              1 	(obj:0)
p(184)                                              1 	(obj:0)
p(193)                                              1 	(obj:0)
p(195)                                              1 	(obj:0)
p(198)                                              1 	(obj:0)
p(199)                                              1 	(obj:0)
p(200)                                              1 	(obj:0)
p(201)                                              1 	(obj:0)
p(202)                                              1 	(obj:0)
p(204)                                              1 	(obj:0)
p(205)                                              1 	(obj:0)
p(206)                                              1 	(obj:0)
p(210)                                              1 	(obj:0)
p(211)                                              1 	(obj:0)
p(212)                                              1 	(obj:0)
p(216)                                              1 	(obj:0)
p(217)                                              1 	(obj:0)
p(218)                                              1 	(obj:0)
p(219)                                              1 	(obj:0)
p(221)                                              1 	(obj:0)
p(223)                                              1 	(obj:0)
p(224)                                              1 	(obj:0)
p(229)                                              1 	(obj:0)
p(231)                                              1 	(obj:0)
p(232)                                              1 	(obj:0)
p(233)                                              1 	(obj:0)
p(235)                                              1 	(obj:0)
p(239)                                              1 	(obj:0)
p(242)                                              1 	(obj:0)
p(243)                                              1 	(obj:0)
p(244)                                              1 	(obj:0)
p(245)                                              1 	(obj:0)
p(246)                                              1 	(obj:0)
p(250)                                              1 	(obj:0)
p(254)                                              1 	(obj:0)
p(256)                                              1 	(obj:0)
p(259)                                              1 	(obj:0)
p(261)                                              1 	(obj:0)
p(262)                                              1 	(obj:0)
p(278)                                              1 	(obj:0)
p(293)                                              1 	(obj:0)
p(300)                                              1 	(obj:0)
p(301)                                              1 	(obj:0)
p(311)                                              1 	(obj:0)
p(323)                                              1 	(obj:0)

Statistics
==========

SCIP Status        : problem is solved [optimal solution found]
Total Time         :       7.71
  solving          :       7.64
  presolving       :       0.53 (included in solving)
  reading          :       0.07
  copying          :       0.00 (0 times copied the problem)
Original Problem   :
  Problem name     : tanglegram6
  Variables        : 9182 (9182 binary, 0 integer, 0 implicit integer, 0 continuous)
  Constraints      : 17712 initial, 17712 maximal
  Objective        : minimize, 8856 non-zeros (abs.min = 1, abs.max = 1)
Presolved Problem  :
  Problem name     : t_tanglegram6
  Variables        : 8883 (8883 binary, 0 integer, 0 implicit integer, 0 continuous)
  Constraints      : 17405 initial, 17405 maximal
  Objective        : minimize, 8683 non-zeros (abs.min = 1, abs.max = 1)
  Nonzeros         : 52176 constraint, 78 clique table
Presolvers         :   ExecTime  SetupTime  Calls  FixedVars   AggrVars   ChgTypes  ChgBounds   AddHoles    DelCons    AddCons   ChgSides   ChgCoefs
  boundshift       :       0.00       0.00      0          0          0          0          0          0          0          0          0          0
  convertinttobin  :       0.00       0.00      0          0          0          0          0          0          0          0          0          0
  domcol           :       0.01       0.00      2          0          0          0          0          0          0          0          0          0
  dualagg          :       0.00       0.00      0          0          0          0          0          0          0          0          0          0
  dualcomp         :       0.00       0.00      0          0          0          0          0          0          0          0          0          0
  dualinfer        :       0.00       0.00      0          0          0          0          0          0          0          0          0          0
  dualsparsify     :       0.02       0.00      1          0          0          0          0          0          0          0          0          0
  gateextraction   :       0.01       0.00      1          0          0          0          0          0          0          0          0          0
  implics          :       0.00       0.00      5          0          0          0          0          0          0          0          0          0
  inttobinary      :       0.00       0.00      0          0          0          0          0          0          0          0          0          0
  qpkktref         :       0.00       0.00      0          0          0          0          0          0          0          0          0          0
  redvub           :       0.00       0.00      0          0          0          0          0          0          0          0          0          0
  sparsify         :       0.01       0.00      1          0          0          0          0          0          0          0          0          0
  stuffing         :       0.00       0.00      0          0          0          0          0          0          0          0          0          0
  trivial          :       0.00       0.00      5          0          0          0          0          0          0          0          0          0
  tworowbnd        :       0.00       0.00      0          0          0          0          0          0          0          0          0          0
  dualfix          :       0.00       0.00      5          0          0          0          0          0          0          0          0          0
  genvbounds       :       0.00       0.00      0          0          0          0          0          0          0          0          0          0
  probing          :       0.01       0.00      1          0          0          0          0          0          0          0          0          0
  pseudoobj        :       0.00       0.00      1          0          0          0          0          0          0          0          0          0
  symmetry         :       0.33       0.00      1          0          0          0          0          0          0         39          0          0
  vbounds          :       0.00       0.00      1          0          0          0          0          0          0          0          0          0
  setppc           :       0.00       0.00      3          0          0          0          0          0          0          0          0          0
  linear           :       0.04       0.00      6          0          0          0          0          0          0          0          0          0
  logicor          :       0.04       0.01     10          0          0          0          0          0          0          0          0          0
  benders          :       0.00       0.00      0          0          0          0          0          0          0          0          0          0
  components       :       0.05       0.00      1        299          0          0          0          0        346          0          0          0
  root node        :          -          -      -          2          -          -          2          -          -          -          -          -
Constraints        :     Number  MaxNumber  #Separate #Propagate    #EnfoLP    #EnfoRelax  #EnfoPS    #Check   #ResProp    Cutoffs    DomReds       Cuts    Applied      Conss   Children
  benderslp        :          0          0          0          0          3          0          0          3          0          0          0          0          0          0          0
  integral         :          0          0          0          0          3          0          0          3          0          0          0          0          0          0          6
  setppc           :         39         39          0          1          0          0          0          1          0          0          0          0          0          0          0
  logicor          :      17366      17366          0         50          0          0          0          1          0          0          0          0          0          0          0
  benders          :          0          0          0          0          0          0          0          2          0          0          0          0          0          0          0
  fixedvar         :          0          0          0          0          0          0          0          2          0          0          0          0          0          0          0
  countsols        :          0          0          0          0          0          0          0          2          0          0          0          0          0          0          0
  components       :          0          0          0          0          0          0          0          0          0          0          0          0          0          0          0
Constraint Timings :  TotalTime  SetupTime   Separate  Propagate     EnfoLP     EnfoPS     EnfoRelax   Check    ResProp    SB-Prop
  benderslp        :       0.00       0.00       0.00       0.00       0.00       0.00       0.00       0.00       0.00       0.00
  integral         :       4.74       0.00       0.00       0.00       4.74       0.00       0.00       0.00       0.00       0.00
  setppc           :       0.00       0.00       0.00       0.00       0.00       0.00       0.00       0.00       0.00       0.00
  logicor          :       0.02       0.01       0.01       0.00       0.00       0.00       0.00       0.00       0.00       0.00
  benders          :       0.00       0.00       0.00       0.00       0.00       0.00       0.00       0.00       0.00       0.00
  fixedvar         :       0.00       0.00       0.00       0.00       0.00       0.00       0.00       0.00       0.00       0.00
  countsols        :       0.00       0.00       0.00       0.00       0.00       0.00       0.00       0.00       0.00       0.00
  components       :       0.00       0.00       0.00       0.00       0.00       0.00       0.00       0.00       0.00       0.00
Propagators        : #Propagate   #ResProp    Cutoffs    DomReds
  dualfix          :          1          0          0          0
  genvbounds       :          0          0          0          0
  nlobbt           :          0          0          0          0
  obbt             :          0          0          0          0
  probing          :          0          0          0          0
  pseudoobj        :          3          0          0          0
  redcost          :          2          0          0          0
  rootredcost      :          0          0          0          0
  symmetry         :          0          0          0          0
  vbounds          :          0          0          0          0
Propagator Timings :  TotalTime  SetupTime   Presolve  Propagate    ResProp    SB-Prop
  dualfix          :       0.00       0.00       0.00       0.00       0.00       0.00
  genvbounds       :       0.00       0.00       0.00       0.00       0.00       0.00
  nlobbt           :       0.00       0.00       0.00       0.00       0.00       0.00
  obbt             :       0.00       0.00       0.00       0.00       0.00       0.00
  probing          :       0.01       0.00       0.01       0.00       0.00       0.00
  pseudoobj        :       0.00       0.00       0.00       0.00       0.00       0.00
  redcost          :       0.00       0.00       0.00       0.00       0.00       0.00
  rootredcost      :       0.00       0.00       0.00       0.00       0.00       0.00
  symmetry         :       0.33       0.00       0.33       0.00       0.00       0.00
  vbounds          :       0.00       0.00       0.00       0.00       0.00       0.00
Symmetry           :
  orbitopal red.   :          0 reductions applied,          0 cutoffs
  orbital reduction:          0 reductions applied,          0 cutoffs
  lexicographic red:          0 reductions applied,          0 cutoffs
  shadow tree time :       0.00 s
Conflict Analysis  :       Time      Calls    Success    DomReds  Conflicts   Literals    Reconvs ReconvLits   Dualrays   Nonzeros   LP Iters   (pool size: [--,--])
  propagation      :       0.00          0          0          -          0        0.0          0        0.0          -          -          -
  infeasible LP    :       0.00          0          0          -          0        0.0          0        0.0          0        0.0          0
  bound exceed. LP :       0.00          0          0          -          0        0.0          0        0.0          0        0.0          0
  strong branching :       0.00          0          0          -          0        0.0          0        0.0          -          -          0
  pseudo solution  :       0.00          0          0          -          0        0.0          0        0.0          -          -          -
  applied globally :       0.00          -          -          0          0        0.0          -          -          0          -          -
  applied locally  :          -          -          -          0          0        0.0          -          -          0          -          -
Separators         :   ExecTime  SetupTime      Calls  RootCalls    Cutoffs    DomReds  FoundCuts ViaPoolAdd  DirectAdd    Applied ViaPoolApp  DirectApp      Conss
  cut pool         :       0.00          -          0          0          -          -          0          0          -          -          -          -          -    (maximal pool size:          0)
  aggregation      :       0.00       0.00          0          0          0          0          0          0          0          0          0          0          0
  > cmir           :          -          -          -          -          -          -          -          0          0          0          0          0          -
  > flowcover      :          -          -          -          -          -          -          -          0          0          0          0          0          -
  > knapsackcover  :          -          -          -          -          -          -          -          0          0          0          0          0          -
  cgmip            :       0.00       0.00          0          0          0          0          0          0          0          0          0          0          0
  clique           :       0.00       0.00          0          0          0          0          0          0          0          0          0          0          0
  closecuts        :       0.00       0.00          0          0          0          0          0          0          0          0          0          0          0
  convexproj       :       0.00       0.00          0          0          0          0          0          0          0          0          0          0          0
  disjunctive      :       0.00       0.00          0          0          0          0          0          0          0          0          0          0          0
  eccuts           :       0.00       0.00          0          0          0          0          0          0          0          0          0          0          0
  gauge            :       0.00       0.00          0          0          0          0          0          0          0          0          0          0          0
  gomory           :       0.00       0.00          0          0          0          0          0          0          0          0          0          0          0
  > gomorymi       :          -          -          -          -          -          -          -          0          0          0          0          0          -
  > strongcg       :          -          -          -          -          -          -          -          0          0          0          0          0          -
  impliedbounds    :       0.00       0.00          0          0          0          0          0          0          0          0          0          0          0
  interminor       :       0.00       0.00          0          0          0          0          0          0          0          0          0          0          0
  intobj           :       0.00       0.00          0          0          0          0          0          0          0          0          0          0          0
  lagromory        :       0.00       0.00          0          0          0          0          0          0          0          0          0          0          0
  mcf              :       0.00       0.00          0          0          0          0          0          0          0          0          0          0          0
  minor            :       0.00       0.00          0          0          0          0          0          0          0          0          0          0          0
  mixing           :       0.00       0.00          0          0          0          0          0          0          0          0          0          0          0
  oddcycle         :       0.00       0.00          0          0          0          0          0          0          0          0          0          0          0
  rapidlearning    :       0.00       0.00          0          0          0          0          0          0          0          0          0          0          0
  rlt              :       0.00       0.00          0          0          0          0          0          0          0          0          0          0          0
  zerohalf         :       0.00       0.00          0          0          0          0          0          0          0          0          0          0          0
Cutselectors       :   ExecTime  SetupTime      Calls  RootCalls   Selected     Forced   Filtered  RootSelec   RootForc   RootFilt 
  hybrid           :       0.00       0.00          0          0          0          0          0          0          0          0
  ensemble         :       0.00       0.00          0          0          0          0          0          0          0          0
  dynamic          :       0.00       0.00          0          0          0          0          0          0          0          0
Pricers            :   ExecTime  SetupTime      Calls       Vars
  problem variables:       0.00          -          0          0
Branching Rules    :   ExecTime  SetupTime   BranchLP  BranchExt   BranchPS    Cutoffs    DomReds       Cuts      Conss   Children
  allfullstrong    :       0.00       0.00          0          0          0          0          0          0          0          0
  cloud            :       0.00       0.00          0          0          0          0          0          0          0          0
  distribution     :       0.00       0.00          0          0          0          0          0          0          0          0
  fullstrong       :       0.00       0.00          0          0          0          0          0          0          0          0
  general_disjuncti:       0.00       0.00          0          0          0          0          0          0          0          0
  GeneralDisjunction(extra): subMILPs=0 fairNodes of all MILPs=0 probingLPs=0
  gomory           :       0.00       0.00          0          0          0          0          0          0          0          0
  inference        :       0.00       0.00          0          0          0          0          0          0          0          0
  leastinf         :       0.00       0.00          0          0          0          0          0          0          0          0
  lookahead        :       0.00       0.00          0          0          0          0          0          0          0          0
  mostinf          :       0.00       0.00          0          0          0          0          0          0          0          0
  multaggr         :       0.00       0.00          0          0          0          0          0          0          0          0
  nodereopt        :       0.00       0.00          0          0          0          0          0          0          0          0
  pscost           :       0.00       0.00          0          0          0          0          0          0          0          0
  random           :       0.00       0.00          0          0          0          0          0          0          0          0
  relpscost        :       4.74       0.00          3          0          0          0          0          0          0          6
  vanillafullstrong:       0.00       0.00          0          0          0          0          0          0          0          0
Primal Heuristics  :   ExecTime  SetupTime      Calls      Found       Best
  LP solutions     :       0.00          -          -          0          0
  relax solutions  :       0.00          -          -          0          0
  pseudo solutions :       0.00          -          -          0          0
  strong branching :       0.02          -          -          0          0
  actconsdiving    :       0.00       0.00          0          0          0
  adaptivediving   :       0.00       0.00          0          0          0
  alns             :       0.00       0.00          0          0          0
  bound            :       0.00       0.00          0          0          0
  clique           :       0.00       0.00          0          0          0
  coefdiving       :       0.00       0.00          0          0          0
  completesol      :       0.00       0.00          0          0          0
  conflictdiving   :       0.00       0.00          0          0          0
  crossover        :       0.00       0.00          0          0          0
  dins             :       0.00       0.00          0          0          0
  distributiondivin:       0.00       0.00          0          0          0
  dps              :       0.00       0.00          0          0          0
  dualval          :       0.00       0.00          0          0          0
  farkasdiving     :       0.00       0.00          0          0          0
  feaspump         :       0.00       0.00          0          0          0
  fixandinfer      :       0.00       0.00          0          0          0
  fracdiving       :       0.00       0.00          0          0          0
  gins             :       0.00       0.00          0          0          0
  guideddiving     :       0.00       0.00          0          0          0
  indicator        :       0.00       0.00          0          0          0
  indicatordiving  :       0.00       0.00          0          0          0
  intdiving        :       0.00       0.00          0          0          0
  intshifting      :       0.00       0.00          0          0          0
  linesearchdiving :       0.00       0.00          0          0          0
  localbranching   :       0.00       0.00          0          0          0
  locks            :       0.00       0.00          0          0          0
  lpface           :       0.00       0.00          0          0          0
  mpec             :       0.00       0.00          0          0          0
  multistart       :       0.00       0.00          0          0          0
  mutation         :       0.00       0.00          0          0          0
  nlpdiving        :       0.00       0.00          0          0          0
  objpscostdiving  :       0.00       0.00          0          0          0
  octane           :       0.00       0.00          0          0          0
  ofins            :       0.00       0.00          0          0          0
  oneopt           :       0.00       0.00          0          0          0
  padm             :       0.00       0.00          0          0          0
  proximity        :       0.00       0.00          0          0          0
  pscostdiving     :       0.00       0.00          0          0          0
  randrounding     :       0.00       0.00          0          0          0
  rens             :       0.00       0.00          0          0          0
  reoptsols        :       0.00       0.00          0          0          0
  repair           :       0.00       0.00          0          0          0
  rins             :       0.00       0.00          0          0          0
  rootsoldiving    :       0.00       0.00          0          0          0
  rounding         :       0.00       0.00          0          0          0
  scheduler        :       0.00       0.00          0          0          0
  shiftandpropagate:       0.00       0.00          0          0          0
  shifting         :       0.00       0.00          0          0          0
  simplerounding   :       0.00       0.00          0          0          0
  subnlp           :       0.00       0.00          0          0          0
  trivial          :       0.00       0.00          0          0          0
  trivialnegation  :       0.00       0.00          0          0          0
  trustregion      :       0.00       0.00          0          0          0
  trysol           :       0.00       0.00          0          0          0
  twoopt           :       0.00       0.00          0          0          0
  undercover       :       0.00       0.00          0          0          0
  vbounds          :       0.00       0.00          0          0          0
  veclendiving     :       0.00       0.00          0          0          0
  zeroobj          :       0.00       0.00          0          0          0
  zirounding       :       0.00       0.00          0          0          0
  other solutions  :          -          -          -          1          -
LNS (Scheduler)    :      Calls  SetupTime  SolveTime SolveNodes       Sols       Best       Exp3    Exp3-IX  EpsGreedy        UCB TgtFixRate  Opt  Inf Node Stal  Sol  Usr Othr Actv
  rens             :          0       0.00       0.00          0          0          0    0.00000    0.12500   -1.00000    1.00000      0.900    0    0    0    0    0    0    0    1
  rins             :          0       0.00       0.00          0          0          0    0.00000    0.12500   -1.00000    1.00000      0.900    0    0    0    0    0    0    0    1
  mutation         :          0       0.00       0.00          0          0          0    0.00000    0.12500   -1.00000    1.00000      0.900    0    0    0    0    0    0    0    1
  localbranching   :          0       0.00       0.00          0          0          0    0.00000    0.12500   -1.00000    1.00000      0.900    0    0    0    0    0    0    0    1
  crossover        :          0       0.00       0.00          0          0          0    0.00000    0.12500   -1.00000    1.00000      0.900    0    0    0    0    0    0    0    1
  proximity        :          0       0.00       0.00          0          0          0    0.00000    0.12500   -1.00000    1.00000      0.900    0    0    0    0    0    0    0    1
  zeroobjective    :          0       0.00       0.00          0          0          0    0.00000    0.12500   -1.00000    1.00000      0.900    0    0    0    0    0    0    0    1
  dins             :          0       0.00       0.00          0          0          0    0.00000    0.12500   -1.00000    1.00000      0.900    0    0    0    0    0    0    0    1
  trustregion      :          0       0.00       0.00          0          0          0    0.00000    0.00000   -1.00000    1.00000      0.900    0    0    0    0    0    0    0    0
LP                 :       Time      Calls Iterations  Iter/call   Iter/sec  Time-0-It Calls-0-It    ItLimit
  primal LP        :       0.00          0          0       0.00          -       0.00          0
  dual LP          :       2.31          7      17395    2485.00    7530.43       0.00          0
  lex dual LP      :       0.00          0          0       0.00          -
  barrier LP       :       0.00          0          0       0.00          -       0.00          0
  resolve instable :       0.00          0          0       0.00          -
  diving/probing LP:       0.01          0          0       0.00          -
  strong branching :       4.63         62      33218     535.77    7178.45          -          -         55
    (at root node) :          -         20      10717     535.85          -
  conflict analysis:       0.00          0          0       0.00          -
B&B Tree           :
  number of runs   :          1
  nodes            :          7 (3 internal, 4 leaves)
  feasible leaves  :          0
  infeas. leaves   :          0
  objective leaves :          4
  nodes (total)    :          7 (3 internal, 4 leaves)
  nodes left       :          0
  max depth        :          2
  max depth (total):          2
  backtracks       :          1 (14.3%)
  early backtracks :          0 (0.0%)
  nodes exc. ref.  :          0 (0.0%)
  delayed cutoffs  :          0
  repropagations   :          0 (0 domain reductions, 0 cutoffs)
  avg switch length:       2.00
  switching time   :       0.00
Root Node          :
  First LP value   : +0.00000000000000e+00
  First LP Iters   :        200 (4758.62 Iter/sec)
  First LP Time    :       0.04
  Final Dual Bound : +1.07000000000000e+02
  Final Root Iters :        200
  Root LP Estimate : +1.32158533333333e+03
Solution           :
  Solutions found  :          1 (1 improvements)
  First Solution   : +1.22400000000000e+03   (in run 0, after 0 nodes, 0.00 seconds, depth -1, found by <initial>)
  Gap First Sol.   :   infinite
  Gap Last Sol.    :   infinite
  Primal Bound     : +1.22400000000000e+03   (in run 0, after 0 nodes, 0.00 seconds, depth -1, found by <initial>)
  Dual Bound       : +1.22400000000000e+03
  Gap              :       0.00 %
Integrals          :      Total       Avg%
  primal-dual      :     568.61      74.47
  primal-ref       :          -          - (not evaluated)
  dual-ref         :          -          - (not evaluated)
