SCIP version 9.2.2 [precision: 8 byte] [memory: block] [mode: optimized] [LP solver: CPLEX 12.10.0.0] [GitHash: 416226a4f8]
Copyright (c) 2002-2025 Zuse Institute Berlin (ZIB)

reading parameter file </scratch/htc/yzhou/exp_scipmip/settings/sandbox_fullstrong.set>

read problem </scratch/htc/yzhou/exp_scipmip/instances/ult_experiments/neos17.mps>
============

original problem has 535 variables (300 bin, 0 int, 0 impl, 235 cont) and 486 constraints
    486 constraints of type <linear>
Reading Time: 0.08

read solution </scratch/htc/yzhou/solutions/neos17.sol>
============

primal solution from solution file </scratch/htc/yzhou/solutions/neos17.sol> was accepted as candidate, will be checked when solving starts
original problem has 535 variables (300 bin, 0 int, 0 impl, 235 cont) and 486 constraints
    486 constraints of type <linear>
Reading Time: 0.10
solve problem
=============
LP Solver <CPLEX 12.10.0.0>: fastmip setting not available -- SCIP parameter has no effect
LP Solver <CPLEX 12.10.0.0>: clock type cannot be set
LP Solver <CPLEX 12.10.0.0>: row representation of the basis not available -- SCIP parameter lp/rowrepswitch has no effect
LP Solver <CPLEX 12.10.0.0>: solution polishing not available -- SCIP parameter lp/solutionpolishing has no effect
LP Solver <CPLEX 12.10.0.0>: refactorization interval not available -- SCIP parameter lp/refactorinterval has no effect
1/1 feasible solution given by solution candidate storage, new primal bound 1.500026e-01

transformed problem has 535 variables (300 bin, 0 int, 0 impl, 235 cont) and 486 constraints
    486 constraints of type <linear>

original problem has 4931 active (1.89647%) nonzeros and 4931 (1.89647%) check nonzeros

presolving:
(round 1, fast)       25 del vars, 0 del conss, 0 add conss, 28 chg bounds, 0 chg sides, 0 chg coeffs, 0 upgd conss, 0 impls, 0 clqs
   (0.0s) probing: 51/299 (17.1%) - 0 fixings, 0 aggregations, 0 implications, 0 bound changes
   (0.0s) probing aborted: 50/50 successive totally useless probings
   (0.0s) dualsparsify: 485 nonzeros canceled
(round 2, exhaustive) 25 del vars, 0 del conss, 0 add conss, 28 chg bounds, 0 chg sides, 486 chg coeffs, 0 upgd conss, 0 impls, 0 clqs
(round 3, fast)       26 del vars, 1 del conss, 0 add conss, 30 chg bounds, 0 chg sides, 500 chg coeffs, 0 upgd conss, 0 impls, 0 clqs
(round 4, fast)       26 del vars, 1 del conss, 0 add conss, 30 chg bounds, 1 chg sides, 501 chg coeffs, 0 upgd conss, 0 impls, 0 clqs
(round 5, fast)       27 del vars, 2 del conss, 0 add conss, 30 chg bounds, 1 chg sides, 507 chg coeffs, 0 upgd conss, 0 impls, 0 clqs
(round 6, fast)       28 del vars, 2 del conss, 0 add conss, 30 chg bounds, 1 chg sides, 507 chg coeffs, 0 upgd conss, 0 impls, 0 clqs
   (0.0s) probing: 56/299 (18.7%) - 0 fixings, 0 aggregations, 0 implications, 0 bound changes
   (0.0s) probing aborted: 50/50 successive totally useless probings
   (0.0s) dualsparsify: 206 nonzeros canceled
(round 7, exhaustive) 28 del vars, 2 del conss, 0 add conss, 30 chg bounds, 1 chg sides, 714 chg coeffs, 0 upgd conss, 0 impls, 0 clqs
(round 8, exhaustive) 28 del vars, 2 del conss, 0 add conss, 31 chg bounds, 1 chg sides, 716 chg coeffs, 0 upgd conss, 0 impls, 0 clqs
(round 9, exhaustive) 28 del vars, 2 del conss, 0 add conss, 31 chg bounds, 1 chg sides, 716 chg coeffs, 2 upgd conss, 0 impls, 0 clqs
   (0.0s) probing: 61/299 (20.4%) - 0 fixings, 0 aggregations, 0 implications, 0 bound changes
   (0.0s) probing aborted: 50/50 successive totally useless probings
   (0.0s) symmetry computation started: requiring (bin +, int +, cont +), (fixed: bin -, int -, cont -)
   (0.0s) symmetry computation finished: 3 generators found (max: 1500, log10 of symmetry group size: 0.0) (symcode time: 0.00)
dynamic symmetry handling statistics:
   orbitopal reduction:       no components
   orbital reduction:         no components
   lexicographic reduction:   no permutations
handled 3 out of 3 symmetry components
(round 10, exhaustive) 28 del vars, 2 del conss, 3 add conss, 31 chg bounds, 1 chg sides, 716 chg coeffs, 2 upgd conss, 2 impls, 3 clqs
(round 11, exhaustive) 28 del vars, 2 del conss, 3 add conss, 31 chg bounds, 1 chg sides, 716 chg coeffs, 5 upgd conss, 2 impls, 3 clqs
clique table cleanup detected 0 bound changes

presolved problem has 2436 active (0.984577%) nonzeros and 2436 (0.984577%) check nonzeros

presolving (12 rounds: 12 fast, 7 medium, 7 exhaustive):
 28 deleted vars, 2 deleted constraints, 3 added constraints, 31 tightened bounds, 0 added holes, 1 changed sides, 716 changed coefficients
 2 implications, 3 cliques
presolved problem has 507 variables (298 bin, 0 int, 0 impl, 209 cont) and 488 constraints
      2 constraints of type <varbound>
      3 constraints of type <setppc>
    483 constraints of type <linear>
Presolving Time: 0.04

 time | node  | left  |LP iter|LP it/n|mem/heur|mdpt |vars |cons |rows |cuts |sepa|confs|strbr|  dualbound   | primalbound  |  gap   | compl. 
  0.1s|     1 |     0 |   455 |     - |    11M |   0 | 507 | 488 | 488 |   0 |  0 |   0 |   0 | 6.815484e-04 | 1.500026e-01 |  Large | unknown
  0.2s|     1 |     2 |   455 |     - |    12M |   0 | 507 | 488 | 488 |   0 |  1 |   0 | 171 | 1.009025e-03 | 1.500026e-01 |  Large | unknown
 11.1s|   100 |    79 |  3594 |  31.7 |    12M |  16 | 507 | 488 | 488 |   0 |  1 |   0 |  14k| 1.009025e-03 | 1.500026e-01 |  Large |  11.46%
 21.2s|   200 |   155 |  6267 |  29.2 |    12M |  21 | 507 | 488 | 488 |   0 | 14 |   0 |  27k| 1.009025e-03 | 1.500026e-01 |  Large |  16.87%
 29.9s|   300 |   181 | 10836 |  34.7 |    12M |  28 | 507 | 488 | 488 |   0 |  1 |   0 |  39k| 9.256835e-02 | 1.500026e-01 |  62.05%|  76.34%
 38.2s|   400 |   237 | 12882 |  31.1 |    12M |  34 | 507 | 488 | 488 |   0 |  1 |   0 |  50k| 9.910658e-02 | 1.500026e-01 |  51.35%|  77.98%
 45.7s|   500 |   309 | 14164 |  27.5 |    13M |  35 | 507 | 488 | 488 |   0 |  1 |   0 |  60k| 1.028602e-01 | 1.500026e-01 |  45.83%|  79.49%
 51.5s|   600 |   371 | 15512 |  25.1 |    13M |  35 | 507 | 488 | 488 |   0 |  1 |   0 |  68k| 1.066537e-01 | 1.500026e-01 |  40.64%|  80.41%
 58.6s|   700 |   439 | 17028 |  23.7 |    13M |  35 | 507 | 488 | 488 |   0 | 17 |   0 |  78k| 1.089057e-01 | 1.500026e-01 |  37.74%|  81.14%
 65.0s|   800 |   505 | 19000 |  23.2 |    13M |  35 | 507 | 488 | 488 |   0 | 24 |   0 |  87k| 1.110144e-01 | 1.500026e-01 |  35.12%|  82.31%
 71.0s|   900 |   573 | 20439 |  22.2 |    13M |  36 | 507 | 488 | 488 |   0 |  1 |   0 |  95k| 1.118323e-01 | 1.500026e-01 |  34.13%|  82.55%
 76.4s|  1000 |   633 | 22621 |  22.2 |    13M |  36 | 507 | 488 | 488 |   0 |  2 |   0 | 103k| 1.130910e-01 | 1.500026e-01 |  32.64%|  82.90%
 81.4s|  1100 |   683 | 24535 |  21.9 |    13M |  36 | 507 | 488 | 488 |   0 | 16 |   0 | 111k| 1.140602e-01 | 1.500026e-01 |  31.51%|  83.44%
 87.5s|  1200 |   733 | 26582 |  21.8 |    13M |  45 | 507 | 488 | 488 |   0 |  1 |   0 | 120k| 1.146946e-01 | 1.500026e-01 |  30.78%|  84.06%
 93.0s|  1300 |   805 | 27619 |  20.9 |    13M |  47 | 507 | 488 | 488 |   0 |  1 |   0 | 128k| 1.154592e-01 | 1.500026e-01 |  29.92%|  84.40%
 time | node  | left  |LP iter|LP it/n|mem/heur|mdpt |vars |cons |rows |cuts |sepa|confs|strbr|  dualbound   | primalbound  |  gap   | compl. 
 98.3s|  1400 |   867 | 29311 |  20.6 |    13M |  47 | 507 | 488 | 488 |   0 |  1 |   0 | 136k| 1.168474e-01 | 1.500026e-01 |  28.37%|  84.81%
  103s|  1500 |   907 | 31382 |  20.6 |    13M |  47 | 507 | 488 | 488 |   0 |  1 |   0 | 142k| 1.180045e-01 | 1.500026e-01 |  27.12%|  85.10%
  107s|  1600 |   963 | 32559 |  20.1 |    13M |  47 | 507 | 488 | 488 |   0 |  1 |   0 | 149k| 1.189187e-01 | 1.500026e-01 |  26.14%|  85.31%
  113s|  1700 |  1009 | 34673 |  20.1 |    13M |  49 | 507 | 488 | 488 |   0 |  1 |   0 | 157k| 1.194139e-01 | 1.500026e-01 |  25.62%|  85.54%
  118s|  1800 |  1055 | 36549 |  20.1 |    13M |  49 | 507 | 488 | 488 |   0 |  1 |   0 | 165k| 1.199455e-01 | 1.500026e-01 |  25.06%|  85.89%
  123s|  1900 |  1115 | 37851 |  19.7 |    13M |  49 | 507 | 488 | 488 |   0 |  1 |   0 | 173k| 1.203856e-01 | 1.500026e-01 |  24.60%|  86.01%
  129s|  2000 |  1183 | 39260 |  19.4 |    13M |  51 | 507 | 488 | 488 |   0 |  1 |   0 | 181k| 1.203906e-01 | 1.500026e-01 |  24.60%|  86.05%
  133s|  2100 |  1231 | 40627 |  19.1 |    13M |  51 | 507 | 488 | 488 |   0 |  1 |   0 | 188k| 1.205656e-01 | 1.500026e-01 |  24.42%|  86.09%
  138s|  2200 |  1283 | 42225 |  19.0 |    13M |  51 | 507 | 488 | 488 |   0 |  1 |   0 | 195k| 1.211754e-01 | 1.500026e-01 |  23.79%|  86.27%
  143s|  2300 |  1335 | 43672 |  18.8 |    13M |  51 | 507 | 488 | 488 |   0 |  1 |   0 | 202k| 1.213698e-01 | 1.500026e-01 |  23.59%|  86.69%
  149s|  2400 |  1397 | 44815 |  18.5 |    14M |  51 | 507 | 488 | 488 |   0 |  1 |   0 | 210k| 1.218180e-01 | 1.500026e-01 |  23.14%|  86.79%
  153s|  2500 |  1421 | 47151 |  18.7 |    14M |  51 | 507 | 488 | 488 |   0 |  5 |   0 | 217k| 1.223655e-01 | 1.500026e-01 |  22.59%|  87.02%
  157s|  2600 |  1447 | 49428 |  18.8 |    14M |  52 | 507 | 488 | 488 |   0 |  1 |   0 | 223k| 1.234115e-01 | 1.500026e-01 |  21.55%|  87.27%
  162s|  2700 |  1507 | 51008 |  18.7 |    14M |  52 | 507 | 488 | 488 |   0 |  1 |   0 | 230k| 1.235811e-01 | 1.500026e-01 |  21.38%|  87.48%
  166s|  2800 |  1531 | 53079 |  18.8 |    14M |  52 | 507 | 488 | 488 |   0 |  2 |   0 | 237k| 1.240112e-01 | 1.500026e-01 |  20.96%|  87.69%
 time | node  | left  |LP iter|LP it/n|mem/heur|mdpt |vars |cons |rows |cuts |sepa|confs|strbr|  dualbound   | primalbound  |  gap   | compl. 
  171s|  2900 |  1555 | 55259 |  18.9 |    14M |  52 | 507 | 488 | 488 |   0 |  1 |   0 | 243k| 1.246688e-01 | 1.500026e-01 |  20.32%|  87.96%
  174s|  3000 |  1587 | 57623 |  19.1 |    14M |  52 | 507 | 488 | 488 |   0 |  1 |   0 | 249k| 1.250178e-01 | 1.500026e-01 |  19.98%|  88.16%
  179s|  3100 |  1629 | 59430 |  19.0 |    14M |  52 | 507 | 488 | 488 |   0 |  1 |   0 | 256k| 1.253088e-01 | 1.500026e-01 |  19.71%|  88.30%
  184s|  3200 |  1693 | 61022 |  18.9 |    14M |  52 | 507 | 488 | 488 |   0 | 12 |   0 | 263k| 1.254469e-01 | 1.500026e-01 |  19.57%|  88.51%
  189s|  3300 |  1715 | 63150 |  19.0 |    14M |  52 | 507 | 488 | 488 |   0 |  1 |   0 | 270k| 1.259388e-01 | 1.500026e-01 |  19.11%|  88.81%
  192s|  3400 |  1711 | 66178 |  19.3 |    14M |  52 | 507 | 488 | 488 |   0 |  7 |   0 | 276k| 1.264205e-01 | 1.500026e-01 |  18.65%|  88.97%
  196s|  3500 |  1777 | 67619 |  19.2 |    14M |  52 | 507 | 488 | 488 |   0 |  1 |   0 | 282k| 1.266388e-01 | 1.500026e-01 |  18.45%|  89.04%
  200s|  3600 |  1811 | 70104 |  19.4 |    14M |  57 | 507 | 488 | 488 |   0 |  4 |   0 | 288k| 1.268541e-01 | 1.500026e-01 |  18.25%|  89.28%
  206s|  3700 |  1863 | 71866 |  19.3 |    14M |  57 | 507 | 488 | 488 |   0 |  1 |   0 | 296k| 1.271545e-01 | 1.500026e-01 |  17.97%|  89.38%
  210s|  3800 |  1879 | 74214 |  19.4 |    14M |  57 | 507 | 488 | 488 |   0 | 14 |   0 | 303k| 1.274577e-01 | 1.500026e-01 |  17.69%|  89.49%
  215s|  3900 |  1919 | 76268 |  19.4 |    14M |  57 | 507 | 488 | 488 |   0 |  1 |   0 | 310k| 1.275418e-01 | 1.500026e-01 |  17.61%|  89.56%
  219s|  4000 |  1963 | 77789 |  19.3 |    14M |  57 | 507 | 488 | 488 |   0 |  1 |   0 | 316k| 1.277727e-01 | 1.500026e-01 |  17.40%|  89.63%
  223s|  4100 |  2029 | 78871 |  19.1 |    14M |  57 | 507 | 488 | 488 |   0 |  1 |   0 | 322k| 1.281057e-01 | 1.500026e-01 |  17.09%|  89.78%
  227s|  4200 |  2053 | 80919 |  19.2 |    14M |  57 | 507 | 488 |   0 |   0 |  0 |   0 | 329k| 1.282951e-01 | 1.500026e-01 |  16.92%|  89.83%
  231s|  4300 |  2089 | 82669 |  19.1 |    14M |  57 | 507 | 488 | 488 |   0 |  1 |   0 | 335k| 1.285606e-01 | 1.500026e-01 |  16.68%|  90.05%
 time | node  | left  |LP iter|LP it/n|mem/heur|mdpt |vars |cons |rows |cuts |sepa|confs|strbr|  dualbound   | primalbound  |  gap   | compl. 
  236s|  4400 |  2149 | 83934 |  19.0 |    14M |  57 | 507 | 488 | 488 |   0 |  1 |   0 | 342k| 1.286474e-01 | 1.500026e-01 |  16.60%|  90.08%
  240s|  4500 |  2173 | 86431 |  19.1 |    15M |  60 | 507 | 488 | 488 |   0 |  1 |   0 | 348k| 1.291451e-01 | 1.500026e-01 |  16.15%|  90.36%
  244s|  4600 |  2201 | 88856 |  19.2 |    15M |  60 | 507 | 488 | 488 |   0 |  1 |   0 | 354k| 1.293517e-01 | 1.500026e-01 |  15.96%|  90.55%
  248s|  4700 |  2241 | 90714 |  19.2 |    15M |  60 | 507 | 488 | 488 |   0 |  1 |   0 | 360k| 1.296532e-01 | 1.500026e-01 |  15.70%|  90.78%
  252s|  4800 |  2295 | 92013 |  19.1 |    15M |  60 | 507 | 488 | 488 |   0 |  5 |   0 | 366k| 1.298887e-01 | 1.500026e-01 |  15.49%|  90.85%
  256s|  4900 |  2321 | 94128 |  19.1 |    15M |  60 | 507 | 488 | 488 |   0 |  4 |   0 | 372k| 1.299940e-01 | 1.500026e-01 |  15.39%|  90.90%
  260s|  5000 |  2365 | 95549 |  19.0 |    15M |  60 | 507 | 488 | 488 |   0 |  4 |   0 | 378k| 1.301319e-01 | 1.500026e-01 |  15.27%|  90.95%
  263s|  5100 |  2419 | 96687 |  18.9 |    15M |  60 | 507 | 488 | 488 |   0 |  1 |   0 | 383k| 1.301637e-01 | 1.500026e-01 |  15.24%|  90.96%
  266s|  5200 |  2453 | 98353 |  18.8 |    15M |  60 | 507 | 488 | 488 |   0 | 16 |   0 | 388k| 1.305893e-01 | 1.500026e-01 |  14.87%|  91.06%
  269s|  5300 |  2511 | 99686 |  18.7 |    15M |  60 | 507 | 488 | 488 |   0 |  1 |   0 | 393k| 1.305893e-01 | 1.500026e-01 |  14.87%|  91.66%
  272s|  5400 |  2535 |101349 |  18.7 |    15M |  60 | 507 | 488 | 488 |   0 |  1 |   0 | 398k| 1.308001e-01 | 1.500026e-01 |  14.68%|  91.71%
  276s|  5500 |  2571 |103150 |  18.7 |    15M |  60 | 507 | 488 | 488 |   0 |  1 |   0 | 403k| 1.309991e-01 | 1.500026e-01 |  14.51%|  91.86%
  280s|  5600 |  2635 |104047 |  18.5 |    15M |  60 | 507 | 488 | 488 |   0 |  2 |   0 | 410k| 1.310741e-01 | 1.500026e-01 |  14.44%|  91.88%
  283s|  5700 |  2673 |105649 |  18.5 |    15M |  60 | 507 | 488 | 488 |   0 |  1 |   0 | 415k| 1.311089e-01 | 1.500026e-01 |  14.41%|  91.89%
  287s|  5800 |  2705 |107140 |  18.4 |    15M |  60 | 507 | 488 | 488 |   0 |  1 |   0 | 421k| 1.314726e-01 | 1.500026e-01 |  14.09%|  91.98%
 time | node  | left  |LP iter|LP it/n|mem/heur|mdpt |vars |cons |rows |cuts |sepa|confs|strbr|  dualbound   | primalbound  |  gap   | compl. 
  291s|  5900 |  2775 |108049 |  18.2 |    15M |  60 | 507 | 488 | 488 |   0 |  1 |   0 | 427k| 1.314830e-01 | 1.500026e-01 |  14.09%|  92.00%
  295s|  6000 |  2791 |110170 |  18.3 |    15M |  60 | 507 | 488 | 488 |   0 |  1 |   0 | 433k| 1.316310e-01 | 1.500026e-01 |  13.96%|  92.11%
  299s|  6100 |  2835 |111530 |  18.2 |    16M |  61 | 507 | 488 | 488 |   0 |  1 |   0 | 439k| 1.318058e-01 | 1.500026e-01 |  13.81%|  92.17%
  303s|  6200 |  2861 |113215 |  18.2 |    16M |  61 | 507 | 488 | 488 |   0 |  2 |   0 | 445k| 1.319504e-01 | 1.500026e-01 |  13.68%|  92.22%
  306s|  6300 |  2903 |114890 |  18.2 |    16M |  61 | 507 | 488 | 488 |   0 |  1 |   0 | 450k| 1.320591e-01 | 1.500026e-01 |  13.59%|  92.36%
  310s|  6400 |  2929 |116899 |  18.2 |    16M |  61 | 507 | 488 | 488 |   0 |  1 |   0 | 456k| 1.321880e-01 | 1.500026e-01 |  13.48%|  92.43%
  314s|  6500 |  2987 |118043 |  18.1 |    16M |  62 | 507 | 488 | 488 |   0 |  1 |   0 | 461k| 1.321880e-01 | 1.500026e-01 |  13.48%|  92.43%
  319s|  6600 |  3033 |119150 |  18.0 |    16M |  62 | 507 | 488 | 488 |   0 |  1 |   0 | 468k| 1.324213e-01 | 1.500026e-01 |  13.28%|  92.50%
  322s|  6700 |  3060 |121043 |  18.0 |    16M |  62 | 507 | 488 | 488 |   0 |  1 |   0 | 474k| 1.326251e-01 | 1.500026e-01 |  13.10%|  92.61%
  325s|  6800 |  3096 |122690 |  18.0 |    16M |  62 | 507 | 488 | 488 |   0 |  1 |   0 | 479k| 1.327213e-01 | 1.500026e-01 |  13.02%|  92.65%
  328s|  6900 |  3142 |124056 |  17.9 |    16M |  62 | 507 | 488 | 488 |   0 |  1 |   0 | 484k| 1.327968e-01 | 1.500026e-01 |  12.96%|  92.68%
  331s|  7000 |  3164 |125908 |  17.9 |    16M |  62 | 507 | 488 | 488 |   0 |  1 |   0 | 488k| 1.330534e-01 | 1.500026e-01 |  12.74%|  92.76%
  334s|  7100 |  3198 |127371 |  17.9 |    16M |  65 | 507 | 488 | 488 |   0 |  3 |   0 | 493k| 1.331788e-01 | 1.500026e-01 |  12.63%|  92.80%
  338s|  7200 |  3262 |128518 |  17.8 |    16M |  65 | 507 | 488 | 488 |   0 |  1 |   0 | 499k| 1.331834e-01 | 1.500026e-01 |  12.63%|  92.80%
  342s|  7300 |  3316 |129921 |  17.7 |    16M |  66 | 507 | 488 | 488 |   0 |  1 |   0 | 504k| 1.333953e-01 | 1.500026e-01 |  12.45%|  92.85%
 time | node  | left  |LP iter|LP it/n|mem/heur|mdpt |vars |cons |rows |cuts |sepa|confs|strbr|  dualbound   | primalbound  |  gap   | compl. 
  345s|  7400 |  3378 |130881 |  17.6 |    16M |  66 | 507 | 488 | 488 |   0 |  1 |   0 | 510k| 1.334467e-01 | 1.500026e-01 |  12.41%|  92.88%
  349s|  7500 |  3444 |131741 |  17.5 |    16M |  66 | 507 | 488 | 488 |   0 |  1 |   0 | 515k| 1.334812e-01 | 1.500026e-01 |  12.38%|  92.89%
  351s|  7600 |  3482 |133105 |  17.5 |    16M |  66 | 507 | 488 | 488 |   0 |  1 |   0 | 520k| 1.335526e-01 | 1.500026e-01 |  12.32%|  92.92%
  356s|  7700 |  3514 |134533 |  17.4 |    16M |  66 | 507 | 488 | 488 |   0 |  1 |   0 | 526k| 1.336805e-01 | 1.500026e-01 |  12.21%|  92.95%
  360s|  7800 |  3578 |135475 |  17.3 |    16M |  66 | 507 | 488 | 488 |   0 |  1 |   0 | 532k| 1.337346e-01 | 1.500026e-01 |  12.16%|  92.96%
  362s|  7900 |  3640 |136224 |  17.2 |    16M |  66 | 507 | 488 | 488 |   0 |  1 |   0 | 536k| 1.337647e-01 | 1.500026e-01 |  12.14%|  92.97%
  366s|  8000 |  3698 |137177 |  17.1 |    16M |  69 | 507 | 488 | 488 |   0 |  1 |   0 | 541k| 1.338293e-01 | 1.500026e-01 |  12.09%|  92.99%
  371s|  8100 |  3758 |138350 |  17.0 |    16M |  69 | 507 | 488 | 488 |   0 |  1 |   0 | 549k| 1.339380e-01 | 1.500026e-01 |  11.99%|  93.01%
  374s|  8200 |  3808 |139413 |  16.9 |    16M |  69 | 507 | 488 | 488 |   0 |  1 |   0 | 554k| 1.339380e-01 | 1.500026e-01 |  11.99%|  93.02%
  378s|  8300 |  3860 |140635 |  16.9 |    16M |  69 | 507 | 488 | 488 |   0 |  1 |   0 | 560k| 1.340010e-01 | 1.500026e-01 |  11.94%|  93.05%
  381s|  8400 |  3924 |141551 |  16.8 |    16M |  69 | 507 | 488 | 488 |   0 |  1 |   0 | 564k| 1.341652e-01 | 1.500026e-01 |  11.80%|  93.08%
  385s|  8500 |  3978 |142723 |  16.7 |    16M |  69 | 507 | 488 | 488 |   0 |  1 |   0 | 570k| 1.342597e-01 | 1.500026e-01 |  11.73%|  93.11%
  389s|  8600 |  4018 |144074 |  16.7 |    16M |  69 | 507 | 488 | 488 |   0 |  1 |   0 | 576k| 1.343017e-01 | 1.500026e-01 |  11.69%|  93.17%
  392s|  8700 |  4060 |145138 |  16.6 |    16M |  69 | 507 | 488 | 488 |   0 |  2 |   0 | 581k| 1.344081e-01 | 1.500026e-01 |  11.60%|  93.19%
  395s|  8800 |  4126 |145955 |  16.5 |    16M |  69 | 507 | 488 | 488 |   0 |  1 |   0 | 586k| 1.344463e-01 | 1.500026e-01 |  11.57%|  93.20%
 time | node  | left  |LP iter|LP it/n|mem/heur|mdpt |vars |cons |rows |cuts |sepa|confs|strbr|  dualbound   | primalbound  |  gap   | compl. 
  398s|  8900 |  4162 |147538 |  16.5 |    16M |  69 | 507 | 488 | 488 |   0 |  2 |   0 | 591k| 1.346055e-01 | 1.500026e-01 |  11.44%|  93.27%
  401s|  9000 |  4216 |148549 |  16.5 |    16M |  69 | 507 | 488 | 488 |   0 |  1 |   0 | 596k| 1.346473e-01 | 1.500026e-01 |  11.40%|  93.29%
  405s|  9100 |  4296 |149316 |  16.4 |    16M |  69 | 507 | 488 | 488 |   0 |  1 |   0 | 601k| 1.346662e-01 | 1.500026e-01 |  11.39%|  93.29%
  407s|  9200 |  4328 |150575 |  16.3 |    17M |  69 | 507 | 488 | 488 |   0 |  1 |   0 | 605k| 1.347942e-01 | 1.500026e-01 |  11.28%|  93.35%
  410s|  9300 |  4354 |152874 |  16.4 |    17M |  69 | 507 | 488 | 488 |   0 |  1 |   0 | 610k| 1.348892e-01 | 1.500026e-01 |  11.20%|  93.39%
  413s|  9400 |  4386 |154595 |  16.4 |    17M |  69 | 507 | 488 | 488 |   0 |  1 |   0 | 615k| 1.349755e-01 | 1.500026e-01 |  11.13%|  93.42%
  417s|  9500 |  4420 |156098 |  16.4 |    17M |  72 | 507 | 488 | 488 |   0 |  1 |   0 | 621k| 1.350220e-01 | 1.500026e-01 |  11.09%|  93.43%
  421s|  9600 |  4478 |157046 |  16.3 |    17M |  72 | 507 | 488 | 488 |   0 |  1 |   0 | 626k| 1.350932e-01 | 1.500026e-01 |  11.04%|  93.45%
  423s|  9700 |  4518 |158158 |  16.3 |    17M |  72 | 507 | 488 | 488 |   0 |  1 |   0 | 630k| 1.351658e-01 | 1.500026e-01 |  10.98%|  93.47%
  426s|  9800 |  4552 |159331 |  16.2 |    17M |  72 | 507 | 488 | 488 |   0 |  1 |   0 | 634k| 1.352822e-01 | 1.500026e-01 |  10.88%|  93.51%
  430s|  9900 |  4590 |161328 |  16.3 |    17M |  73 | 507 | 488 | 488 |   0 |  3 |   0 | 640k| 1.353316e-01 | 1.500026e-01 |  10.84%|  93.53%
  433s| 10000 |  4594 |163215 |  16.3 |    17M |  73 | 507 | 488 | 488 |   0 |  1 |   0 | 644k| 1.353688e-01 | 1.500026e-01 |  10.81%|  93.62%
  436s| 10100 |  4638 |164426 |  16.2 |    17M |  73 | 507 | 488 | 488 |   0 |  1 |   0 | 650k| 1.354770e-01 | 1.500026e-01 |  10.72%|  93.64%
  439s| 10200 |  4714 |165180 |  16.2 |    17M |  75 | 507 | 488 | 488 |   0 |  1 |   0 | 654k| 1.354998e-01 | 1.500026e-01 |  10.70%|  93.65%
  441s| 10300 |  4762 |166315 |  16.1 |    17M |  75 | 507 | 488 | 488 |   0 |  1 |   0 | 659k| 1.355846e-01 | 1.500026e-01 |  10.63%|  93.67%
 time | node  | left  |LP iter|LP it/n|mem/heur|mdpt |vars |cons |rows |cuts |sepa|confs|strbr|  dualbound   | primalbound  |  gap   | compl. 
  444s| 10400 |  4790 |167663 |  16.1 |    17M |  75 | 507 | 488 | 488 |   0 |  1 |   0 | 663k| 1.356108e-01 | 1.500026e-01 |  10.61%|  93.69%
  447s| 10500 |  4846 |168726 |  16.0 |    17M |  76 | 507 | 488 | 488 |   0 |  1 |   0 | 667k| 1.356840e-01 | 1.500026e-01 |  10.55%|  93.77%
  450s| 10600 |  4890 |169986 |  16.0 |    17M |  76 | 507 | 488 | 488 |   0 |  1 |   0 | 672k| 1.356941e-01 | 1.500026e-01 |  10.54%|  93.78%
  454s| 10700 |  4902 |171642 |  16.0 |    17M |  76 | 507 | 488 | 488 |   0 |  1 |   0 | 678k| 1.358017e-01 | 1.500026e-01 |  10.46%|  93.81%
  457s| 10800 |  4946 |172857 |  16.0 |    17M |  76 | 507 | 488 | 488 |   0 |  1 |   0 | 683k| 1.358186e-01 | 1.500026e-01 |  10.44%|  93.83%
  460s| 10900 |  4980 |173988 |  15.9 |    17M |  76 | 507 | 488 | 488 |   0 |  1 |   0 | 688k| 1.359375e-01 | 1.500026e-01 |  10.35%|  93.86%
  463s| 11000 |  5038 |174853 |  15.9 |    17M |  76 | 507 | 488 | 488 |   0 |  1 |   0 | 693k| 1.359561e-01 | 1.500026e-01 |  10.33%|  93.87%
  465s| 11100 |  5090 |175865 |  15.8 |    17M |  76 | 507 | 488 | 488 |   0 |  1 |   0 | 697k| 1.359969e-01 | 1.500026e-01 |  10.30%|  93.88%
  469s| 11200 |  5132 |177042 |  15.8 |    18M |  76 | 507 | 488 | 488 |   0 |  1 |   0 | 702k| 1.361152e-01 | 1.500026e-01 |  10.20%|  93.91%
  472s| 11300 |  5180 |178179 |  15.7 |    18M |  76 | 507 | 488 | 488 |   0 |  9 |   0 | 707k| 1.361554e-01 | 1.500026e-01 |  10.17%|  93.92%
  474s| 11400 |  5190 |179935 |  15.7 |    18M |  76 | 507 | 488 | 488 |   0 |  1 |   0 | 710k| 1.362144e-01 | 1.500026e-01 |  10.12%|  93.95%
  477s| 11500 |  5240 |180923 |  15.7 |    18M |  76 | 507 | 488 | 488 |   0 |  3 |   0 | 715k| 1.362360e-01 | 1.500026e-01 |  10.10%|  93.99%
  481s| 11600 |  5256 |182612 |  15.7 |    18M |  76 | 507 | 488 | 488 |   0 |  1 |   0 | 720k| 1.363024e-01 | 1.500026e-01 |  10.05%|  94.15%
  483s| 11700 |  5316 |183490 |  15.6 |    18M |  76 | 507 | 488 | 488 |   0 |  1 |   0 | 725k| 1.363133e-01 | 1.500026e-01 |  10.04%|  94.15%
  486s| 11800 |  5374 |184152 |  15.6 |    18M |  76 | 507 | 488 | 488 |   0 |  2 |   0 | 729k| 1.363133e-01 | 1.500026e-01 |  10.04%|  94.16%
 time | node  | left  |LP iter|LP it/n|mem/heur|mdpt |vars |cons |rows |cuts |sepa|confs|strbr|  dualbound   | primalbound  |  gap   | compl. 
  489s| 11900 |  5414 |185473 |  15.5 |    18M |  76 | 507 | 488 | 488 |   0 |  1 |   0 | 734k| 1.363692e-01 | 1.500026e-01 |  10.00%|  94.17%
  492s| 12000 |  5474 |186199 |  15.5 |    18M |  76 | 507 | 488 | 488 |   0 |  1 |   0 | 738k| 1.364488e-01 | 1.500026e-01 |   9.93%|  94.19%
  494s| 12100 |  5498 |187545 |  15.5 |    18M |  76 | 507 | 488 | 488 |   0 |  3 |   0 | 743k| 1.365670e-01 | 1.500026e-01 |   9.84%|  94.24%
  497s| 12200 |  5520 |188839 |  15.4 |    18M |  77 | 507 | 488 | 488 |   0 |  1 |   0 | 747k| 1.366227e-01 | 1.500026e-01 |   9.79%|  94.26%
  499s| 12300 |  5576 |189809 |  15.4 |    18M |  77 | 507 | 488 | 488 |   0 |  1 |   0 | 751k| 1.366939e-01 | 1.500026e-01 |   9.74%|  94.27%
  502s| 12400 |  5626 |191010 |  15.4 |    18M |  77 | 507 | 488 | 488 |   0 |  1 |   0 | 755k| 1.367141e-01 | 1.500026e-01 |   9.72%|  94.29%
  505s| 12500 |  5680 |191696 |  15.3 |    18M |  77 | 507 | 488 | 488 |   0 |  1 |   0 | 760k| 1.367904e-01 | 1.500026e-01 |   9.66%|  94.31%
  507s| 12600 |  5744 |192567 |  15.2 |    18M |  77 | 507 | 488 | 488 |   0 |  1 |   0 | 764k| 1.368332e-01 | 1.500026e-01 |   9.62%|  94.32%
  510s| 12700 |  5818 |193171 |  15.2 |    18M |  77 | 507 | 488 | 488 |   0 |  1 |   0 | 768k| 1.368363e-01 | 1.500026e-01 |   9.62%|  94.33%
  513s| 12800 |  5870 |193962 |  15.1 |    18M |  77 | 507 | 488 | 488 |   0 |  1 |   0 | 773k| 1.368771e-01 | 1.500026e-01 |   9.59%|  94.34%
  515s| 12900 |  5896 |195410 |  15.1 |    18M |  77 | 507 | 488 | 488 |   0 |  2 |   0 | 776k| 1.369322e-01 | 1.500026e-01 |   9.55%|  94.35%
  518s| 13000 |  5918 |197101 |  15.1 |    18M |  77 | 507 | 488 | 488 |   0 |  1 |   0 | 781k| 1.370100e-01 | 1.500026e-01 |   9.48%|  94.38%
  521s| 13100 |  5938 |198703 |  15.1 |    18M |  77 | 507 | 488 | 488 |   0 |  2 |   0 | 786k| 1.370293e-01 | 1.500026e-01 |   9.47%|  94.39%
  523s| 13200 |  5970 |200175 |  15.1 |    18M |  77 | 507 | 488 | 488 |   0 |  1 |   0 | 790k| 1.370653e-01 | 1.500026e-01 |   9.44%|  94.40%
  526s| 13300 |  6020 |201193 |  15.1 |    18M |  77 | 507 | 488 | 488 |   0 |  1 |   0 | 794k| 1.370973e-01 | 1.500026e-01 |   9.41%|  94.41%
 time | node  | left  |LP iter|LP it/n|mem/heur|mdpt |vars |cons |rows |cuts |sepa|confs|strbr|  dualbound   | primalbound  |  gap   | compl. 
  529s| 13400 |  6054 |202336 |  15.1 |    18M |  77 | 507 | 488 | 488 |   0 |  1 |   0 | 798k| 1.372122e-01 | 1.500026e-01 |   9.32%|  94.46%
  531s| 13500 |  6092 |203418 |  15.0 |    18M |  77 | 507 | 488 | 488 |   0 |  1 |   0 | 802k| 1.372372e-01 | 1.500026e-01 |   9.30%|  94.46%
  534s| 13600 |  6150 |204153 |  15.0 |    18M |  77 | 507 | 488 | 488 |   0 |  1 |   0 | 807k| 1.372415e-01 | 1.500026e-01 |   9.30%|  94.47%
  537s| 13700 |  6186 |205309 |  15.0 |    18M |  77 | 507 | 488 | 488 |   0 |  4 |   0 | 811k| 1.373056e-01 | 1.500026e-01 |   9.25%|  94.48%
  540s| 13800 |  6236 |206351 |  14.9 |    18M |  77 | 507 | 488 | 488 |   0 |  1 |   0 | 816k| 1.373518e-01 | 1.500026e-01 |   9.21%|  94.49%
  542s| 13900 |  6246 |207754 |  14.9 |    18M |  77 | 507 | 488 | 488 |   0 |  1 |   0 | 820k| 1.375074e-01 | 1.500026e-01 |   9.09%|  94.54%
  545s| 14000 |  6268 |209277 |  14.9 |    18M |  77 | 507 | 488 | 488 |   0 |  1 |   0 | 824k| 1.375316e-01 | 1.500026e-01 |   9.07%|  94.56%
  547s| 14100 |  6314 |210248 |  14.9 |    18M |  77 | 507 | 488 | 488 |   0 |  1 |   0 | 828k| 1.375542e-01 | 1.500026e-01 |   9.05%|  94.56%
  550s| 14200 |  6382 |210997 |  14.8 |    18M |  77 | 507 | 488 | 488 |   0 |  1 |   0 | 832k| 1.375589e-01 | 1.500026e-01 |   9.05%|  94.56%
  552s| 14300 |  6408 |212519 |  14.8 |    18M |  77 | 507 | 488 | 488 |   0 |  1 |   0 | 836k| 1.375986e-01 | 1.500026e-01 |   9.01%|  94.57%
  554s| 14400 |  6458 |213249 |  14.8 |    18M |  77 | 507 | 488 | 488 |   0 |  1 |   0 | 840k| 1.376169e-01 | 1.500026e-01 |   9.00%|  94.58%
  557s| 14500 |  6524 |214053 |  14.7 |    18M |  77 | 507 | 488 | 488 |   0 |  1 |   0 | 845k| 1.376588e-01 | 1.500026e-01 |   8.97%|  94.59%
  559s| 14600 |  6544 |215540 |  14.7 |    18M |  77 | 507 | 488 | 488 |   0 |  1 |   0 | 848k| 1.377099e-01 | 1.500026e-01 |   8.93%|  94.62%
  562s| 14700 |  6576 |216927 |  14.7 |    18M |  77 | 507 | 488 | 488 |   0 |  1 |   0 | 852k| 1.377818e-01 | 1.500026e-01 |   8.87%|  94.63%
  566s| 14800 |  6640 |218121 |  14.7 |    18M |  77 | 507 | 488 | 488 |   0 |  1 |   0 | 857k| 1.378387e-01 | 1.500026e-01 |   8.82%|  94.65%
 time | node  | left  |LP iter|LP it/n|mem/heur|mdpt |vars |cons |rows |cuts |sepa|confs|strbr|  dualbound   | primalbound  |  gap   | compl. 
  568s| 14900 |  6646 |219747 |  14.7 |    18M |  77 | 507 | 488 | 488 |   0 |  1 |   0 | 861k| 1.379183e-01 | 1.500026e-01 |   8.76%|  94.74%
  570s| 15000 |  6680 |220997 |  14.7 |    18M |  77 | 507 | 488 | 488 |   0 |  1 |   0 | 865k| 1.379327e-01 | 1.500026e-01 |   8.75%|  94.75%
  573s| 15100 |  6686 |222791 |  14.7 |    18M |  77 | 507 | 488 | 488 |   0 |  1 |   0 | 869k| 1.379739e-01 | 1.500026e-01 |   8.72%|  94.76%
  576s| 15200 |  6714 |224284 |  14.7 |    18M |  77 | 507 | 488 | 488 |   0 |  2 |   0 | 874k| 1.379956e-01 | 1.500026e-01 |   8.70%|  94.76%
  578s| 15300 |  6766 |225126 |  14.7 |    18M |  78 | 507 | 488 | 488 |   0 |  1 |   0 | 877k| 1.380200e-01 | 1.500026e-01 |   8.68%|  94.79%
  581s| 15400 |  6790 |226438 |  14.7 |    18M |  78 | 507 | 488 | 488 |   0 |  1 |   0 | 881k| 1.380892e-01 | 1.500026e-01 |   8.63%|  94.81%
  583s| 15500 |  6816 |227673 |  14.7 |    18M |  78 | 507 | 488 | 488 |   0 |  1 |   0 | 885k| 1.381526e-01 | 1.500026e-01 |   8.58%|  94.83%
  585s| 15600 |  6858 |228967 |  14.6 |    18M |  78 | 507 | 488 | 488 |   0 |  1 |   0 | 889k| 1.381672e-01 | 1.500026e-01 |   8.57%|  94.83%
  588s| 15700 |  6876 |230427 |  14.6 |    18M |  78 | 507 | 488 | 488 |   0 |  1 |   0 | 893k| 1.381747e-01 | 1.500026e-01 |   8.56%|  94.84%
  591s| 15800 |  6896 |232173 |  14.7 |    18M |  78 | 507 | 488 | 488 |   0 |  1 |   0 | 898k| 1.382071e-01 | 1.500026e-01 |   8.53%|  94.85%
  594s| 15900 |  6936 |233137 |  14.6 |    18M |  79 | 507 | 488 | 488 |   0 |  1 |   0 | 902k| 1.382212e-01 | 1.500026e-01 |   8.52%|  94.86%
  596s| 16000 |  6992 |234208 |  14.6 |    18M |  79 | 507 | 488 | 488 |   0 |  1 |   0 | 906k| 1.382291e-01 | 1.500026e-01 |   8.52%|  94.87%
  599s| 16100 |  7044 |235237 |  14.6 |    18M |  79 | 507 | 488 | 488 |   0 |  1 |   0 | 911k| 1.382916e-01 | 1.500026e-01 |   8.47%|  94.89%
  602s| 16200 |  7104 |235873 |  14.5 |    18M |  79 | 507 | 488 | 488 |   0 |  1 |   0 | 915k| 1.383149e-01 | 1.500026e-01 |   8.45%|  94.90%
  604s| 16300 |  7160 |236668 |  14.5 |    18M |  79 | 507 | 488 | 488 |   0 |  1 |   0 | 919k| 1.383417e-01 | 1.500026e-01 |   8.43%|  94.90%
 time | node  | left  |LP iter|LP it/n|mem/heur|mdpt |vars |cons |rows |cuts |sepa|confs|strbr|  dualbound   | primalbound  |  gap   | compl. 
  607s| 16400 |  7174 |238321 |  14.5 |    18M |  79 | 507 | 488 | 488 |   0 |  1 |   0 | 923k| 1.383900e-01 | 1.500026e-01 |   8.39%|  94.92%
  609s| 16500 |  7202 |239691 |  14.5 |    18M |  79 | 507 | 488 | 488 |   0 |  1 |   0 | 927k| 1.383979e-01 | 1.500026e-01 |   8.39%|  94.92%
  612s| 16600 |  7252 |240588 |  14.5 |    18M |  79 | 507 | 488 | 488 |   0 |  1 |   0 | 931k| 1.384313e-01 | 1.500026e-01 |   8.36%|  94.93%
  615s| 16700 |  7320 |241458 |  14.4 |    18M |  79 | 507 | 488 | 488 |   0 |  1 |   0 | 937k| 1.384333e-01 | 1.500026e-01 |   8.36%|  94.93%
  618s| 16800 |  7360 |242537 |  14.4 |    18M |  79 | 507 | 488 | 488 |   0 |  1 |   0 | 941k| 1.384465e-01 | 1.500026e-01 |   8.35%|  94.95%
  621s| 16900 |  7398 |243511 |  14.4 |    19M |  79 | 507 | 488 | 488 |   0 |  1 |   0 | 945k| 1.384846e-01 | 1.500026e-01 |   8.32%|  94.96%
  623s| 17000 |  7454 |244425 |  14.4 |    19M |  79 | 507 | 488 | 488 |   0 |  1 |   0 | 949k| 1.385185e-01 | 1.500026e-01 |   8.29%|  94.97%
  628s| 17100 |  7504 |245578 |  14.3 |    19M |  79 | 507 | 488 | 488 |   0 |  1 |   0 | 956k| 1.385852e-01 | 1.500026e-01 |   8.24%|  94.99%
  630s| 17200 |  7524 |246909 |  14.3 |    19M |  79 | 507 | 488 | 488 |   0 |  1 |   0 | 959k| 1.386443e-01 | 1.500026e-01 |   8.19%|  95.00%
  632s| 17300 |  7574 |247791 |  14.3 |    19M |  79 | 507 | 488 | 488 |   0 |  1 |   0 | 963k| 1.386644e-01 | 1.500026e-01 |   8.18%|  95.01%
  635s| 17400 |  7630 |248692 |  14.3 |    19M |  79 | 507 | 488 | 488 |   0 |  1 |   0 | 967k| 1.386669e-01 | 1.500026e-01 |   8.17%|  95.01%
  637s| 17500 |  7666 |249826 |  14.3 |    19M |  79 | 507 | 488 | 488 |   0 |  1 |   0 | 971k| 1.386784e-01 | 1.500026e-01 |   8.17%|  95.02%
  640s| 17600 |  7706 |250967 |  14.2 |    19M |  79 | 507 | 488 | 488 |   0 |  2 |   0 | 975k| 1.387100e-01 | 1.500026e-01 |   8.14%|  95.03%
  643s| 17700 |  7760 |251693 |  14.2 |    19M |  79 | 507 | 488 | 488 |   0 |  1 |   0 | 981k| 1.387283e-01 | 1.500026e-01 |   8.13%|  95.04%
  646s| 17800 |  7802 |252815 |  14.2 |    19M |  79 | 507 | 488 | 488 |   0 |  1 |   0 | 985k| 1.388042e-01 | 1.500026e-01 |   8.07%|  95.06%
 time | node  | left  |LP iter|LP it/n|mem/heur|mdpt |vars |cons |rows |cuts |sepa|confs|strbr|  dualbound   | primalbound  |  gap   | compl. 
  648s| 17900 |  7850 |253615 |  14.1 |    19M |  79 | 507 | 488 | 488 |   0 |  1 |   0 | 988k| 1.388295e-01 | 1.500026e-01 |   8.05%|  95.06%
  650s| 18000 |  7874 |255193 |  14.2 |    19M |  79 | 507 | 488 | 488 |   0 |  1 |   0 | 992k| 1.388434e-01 | 1.500026e-01 |   8.04%|  95.10%
  654s| 18100 |  7902 |256739 |  14.2 |    19M |  79 | 507 | 488 | 488 |   0 |  1 |   0 | 997k| 1.389039e-01 | 1.500026e-01 |   7.99%|  95.12%
  657s| 18200 |  7888 |258778 |  14.2 |    19M |  79 | 507 | 488 | 488 |   0 |  1 |   0 |1002k| 1.389802e-01 | 1.500026e-01 |   7.93%|  95.15%
  659s| 18300 |  7882 |260403 |  14.2 |    19M |  79 | 507 | 488 | 488 |   0 |  1 |   0 |1006k| 1.390257e-01 | 1.500026e-01 |   7.90%|  95.19%
  662s| 18400 |  7926 |261787 |  14.2 |    19M |  79 | 507 | 488 | 488 |   0 |  1 |   0 |1010k| 1.390292e-01 | 1.500026e-01 |   7.89%|  95.21%
  664s| 18500 |  7966 |262835 |  14.2 |    19M |  79 | 507 | 488 | 488 |   0 |  1 |   0 |1014k| 1.390478e-01 | 1.500026e-01 |   7.88%|  95.23%
  667s| 18600 |  8032 |263510 |  14.1 |    19M |  79 | 507 | 488 | 488 |   0 |  1 |   0 |1018k| 1.390521e-01 | 1.500026e-01 |   7.88%|  95.23%
  670s| 18700 |  8046 |265193 |  14.2 |    19M |  79 | 507 | 488 | 488 |   0 |  1 |   0 |1023k| 1.390843e-01 | 1.500026e-01 |   7.85%|  95.25%
  673s| 18800 |  8076 |266398 |  14.1 |    19M |  79 | 507 | 488 | 488 |   0 |  1 |   0 |1027k| 1.391516e-01 | 1.500026e-01 |   7.80%|  95.26%
  675s| 18900 |  8106 |267577 |  14.1 |    19M |  79 | 507 | 488 | 488 |   0 |  1 |   0 |1030k| 1.392207e-01 | 1.500026e-01 |   7.74%|  95.28%
  678s| 19000 |  8150 |268735 |  14.1 |    19M |  79 | 507 | 488 | 488 |   0 |  1 |   0 |1034k| 1.392408e-01 | 1.500026e-01 |   7.73%|  95.36%
  680s| 19100 |  8164 |269959 |  14.1 |    19M |  79 | 507 | 488 | 488 |   0 |  1 |   0 |1038k| 1.392731e-01 | 1.500026e-01 |   7.70%|  95.36%
  682s| 19200 |  8192 |271429 |  14.1 |    19M |  79 | 507 | 488 | 488 |   0 |  1 |   0 |1042k| 1.392906e-01 | 1.500026e-01 |   7.69%|  95.37%
  685s| 19300 |  8210 |272721 |  14.1 |    19M |  79 | 507 | 488 | 488 |   0 |  1 |   0 |1046k| 1.393122e-01 | 1.500026e-01 |   7.67%|  95.38%
 time | node  | left  |LP iter|LP it/n|mem/heur|mdpt |vars |cons |rows |cuts |sepa|confs|strbr|  dualbound   | primalbound  |  gap   | compl. 
  688s| 19400 |  8262 |273685 |  14.1 |    19M |  79 | 507 | 488 | 488 |   0 |  1 |   0 |1050k| 1.393313e-01 | 1.500026e-01 |   7.66%|  95.39%
  690s| 19500 |  8318 |274511 |  14.1 |    19M |  79 | 507 | 488 | 488 |   0 |  1 |   0 |1054k| 1.393467e-01 | 1.500026e-01 |   7.65%|  95.40%
  693s| 19600 |  8338 |275707 |  14.0 |    19M |  79 | 507 | 488 | 488 |   0 |  9 |   0 |1058k| 1.393661e-01 | 1.500026e-01 |   7.63%|  95.40%
  696s| 19700 |  8386 |276827 |  14.0 |    19M |  79 | 507 | 488 | 488 |   0 |  1 |   0 |1063k| 1.393747e-01 | 1.500026e-01 |   7.63%|  95.41%
  698s| 19800 |  8438 |277911 |  14.0 |    19M |  79 | 507 | 488 | 488 |   0 |  1 |   0 |1067k| 1.394008e-01 | 1.500026e-01 |   7.61%|  95.41%
  701s| 19900 |  8470 |279072 |  14.0 |    19M |  79 | 507 | 488 | 488 |   0 |  6 |   0 |1071k| 1.394105e-01 | 1.500026e-01 |   7.60%|  95.42%
  703s| 20000 |  8514 |280210 |  14.0 |    19M |  79 | 507 | 488 | 488 |   0 |  1 |   0 |1075k| 1.394364e-01 | 1.500026e-01 |   7.58%|  95.46%
  706s| 20100 |  8564 |281031 |  14.0 |    19M |  79 | 507 | 488 | 488 |   0 |  1 |   0 |1079k| 1.394903e-01 | 1.500026e-01 |   7.54%|  95.47%
  708s| 20200 |  8606 |282222 |  13.9 |    21M |  79 | 507 | 488 | 488 |   0 |  1 |   0 |1083k| 1.394940e-01 | 1.500026e-01 |   7.53%|  95.47%
  713s| 20300 |  8668 |283054 |  13.9 |    21M |  79 | 507 | 488 | 488 |   0 |  1 |   0 |1088k| 1.395547e-01 | 1.500026e-01 |   7.49%|  95.49%
  715s| 20400 |  8728 |283892 |  13.9 |    21M |  83 | 507 | 488 | 488 |   0 |  2 |   0 |1092k| 1.395615e-01 | 1.500026e-01 |   7.48%|  95.49%
  718s| 20500 |  8754 |285389 |  13.9 |    21M |  83 | 507 | 488 | 488 |   0 |  1 |   0 |1096k| 1.395935e-01 | 1.500026e-01 |   7.46%|  95.51%
  720s| 20600 |  8822 |285985 |  13.9 |    21M |  83 | 507 | 488 | 488 |   0 |  1 |   0 |1100k| 1.396070e-01 | 1.500026e-01 |   7.45%|  95.51%
  723s| 20700 |  8842 |287351 |  13.9 |    21M |  83 | 507 | 488 | 488 |   0 |  1 |   0 |1104k| 1.396646e-01 | 1.500026e-01 |   7.40%|  95.52%
  725s| 20800 |  8846 |289031 |  13.9 |    21M |  83 | 507 | 488 | 488 |   0 |  1 |   0 |1107k| 1.396952e-01 | 1.500026e-01 |   7.38%|  95.53%
 time | node  | left  |LP iter|LP it/n|mem/heur|mdpt |vars |cons |rows |cuts |sepa|confs|strbr|  dualbound   | primalbound  |  gap   | compl. 
  727s| 20900 |  8872 |290398 |  13.9 |    21M |  83 | 507 | 488 | 488 |   0 |  1 |   0 |1111k| 1.397099e-01 | 1.500026e-01 |   7.37%|  95.61%
  729s| 21000 |  8888 |291738 |  13.9 |    21M |  83 | 507 | 488 | 488 |   0 |  1 |   0 |1115k| 1.397405e-01 | 1.500026e-01 |   7.34%|  95.61%
  731s| 21100 |  8912 |292781 |  13.9 |    21M |  83 | 507 | 488 | 488 |   0 |  1 |   0 |1118k| 1.397584e-01 | 1.500026e-01 |   7.33%|  95.62%
  733s| 21200 |  8946 |293591 |  13.8 |    21M |  83 | 507 | 488 | 488 |   0 |  1 |   0 |1121k| 1.397825e-01 | 1.500026e-01 |   7.31%|  95.62%
  735s| 21300 |  8966 |294993 |  13.8 |    21M |  83 | 507 | 488 | 488 |   0 |  1 |   0 |1124k| 1.398239e-01 | 1.500026e-01 |   7.28%|  95.63%
  737s| 21400 |  9002 |296208 |  13.8 |    21M |  83 | 507 | 488 | 488 |   0 |  1 |   0 |1128k| 1.398613e-01 | 1.500026e-01 |   7.25%|  95.66%
  740s| 21500 |  9036 |297287 |  13.8 |    21M |  83 | 507 | 488 | 488 |   0 |  1 |   0 |1132k| 1.398845e-01 | 1.500026e-01 |   7.23%|  95.68%
  742s| 21600 |  9096 |298175 |  13.8 |    21M |  83 | 507 | 488 | 488 |   0 |  2 |   0 |1135k| 1.398988e-01 | 1.500026e-01 |   7.22%|  95.69%
  745s| 21700 |  9104 |299986 |  13.8 |    21M |  83 | 507 | 488 | 488 |   0 |  1 |   0 |1140k| 1.399157e-01 | 1.500026e-01 |   7.21%|  95.70%
  748s| 21800 |  9120 |301592 |  13.8 |    21M |  83 | 507 | 488 | 488 |   0 |  1 |   0 |1144k| 1.399643e-01 | 1.500026e-01 |   7.17%|  95.72%
  750s| 21900 |  9180 |302209 |  13.8 |    21M |  83 | 507 | 488 | 488 |   0 |  1 |   0 |1148k| 1.399690e-01 | 1.500026e-01 |   7.17%|  95.72%
  752s| 22000 |  9196 |303472 |  13.8 |    21M |  83 | 507 | 488 | 488 |   0 |  1 |   0 |1151k| 1.400182e-01 | 1.500026e-01 |   7.13%|  95.74%
  754s| 22100 |  9240 |304338 |  13.8 |    21M |  83 | 507 | 488 | 488 |   0 |  1 |   0 |1155k| 1.400239e-01 | 1.500026e-01 |   7.13%|  95.74%
  756s| 22200 |  9276 |305633 |  13.7 |    21M |  83 | 507 | 488 | 488 |   0 |  2 |   0 |1158k| 1.400320e-01 | 1.500026e-01 |   7.12%|  95.74%
  759s| 22300 |  9300 |306833 |  13.7 |    21M |  83 | 507 | 488 | 488 |   0 |  1 |   0 |1162k| 1.400338e-01 | 1.500026e-01 |   7.12%|  95.74%
 time | node  | left  |LP iter|LP it/n|mem/heur|mdpt |vars |cons |rows |cuts |sepa|confs|strbr|  dualbound   | primalbound  |  gap   | compl. 
  761s| 22400 |  9316 |308221 |  13.7 |    21M |  83 | 507 | 488 | 488 |   0 |  1 |   0 |1166k| 1.401112e-01 | 1.500026e-01 |   7.06%|  95.76%
  763s| 22500 |  9394 |308602 |  13.7 |    21M |  83 | 507 | 488 | 488 |   0 |  1 |   0 |1170k| 1.401112e-01 | 1.500026e-01 |   7.06%|  95.76%
  765s| 22600 |  9420 |309980 |  13.7 |    21M |  83 | 507 | 488 | 488 |   0 |  1 |   0 |1173k| 1.401309e-01 | 1.500026e-01 |   7.04%|  95.78%
  767s| 22700 |  9444 |311328 |  13.7 |    21M |  83 | 507 | 488 | 488 |   0 |  1 |   0 |1176k| 1.401403e-01 | 1.500026e-01 |   7.04%|  95.78%
  769s| 22800 |  9452 |312925 |  13.7 |    21M |  83 | 507 | 488 | 488 |   0 |  1 |   0 |1179k| 1.401861e-01 | 1.500026e-01 |   7.00%|  95.80%
  771s| 22900 |  9428 |314944 |  13.7 |    21M |  83 | 507 | 488 | 488 |   0 |  1 |   0 |1183k| 1.402219e-01 | 1.500026e-01 |   6.98%|  95.82%
  774s| 23000 |  9472 |315946 |  13.7 |    21M |  83 | 507 | 488 | 488 |   0 |  1 |   0 |1187k| 1.402434e-01 | 1.500026e-01 |   6.96%|  95.83%
  777s| 23100 |  9482 |317315 |  13.7 |    21M |  83 | 507 | 488 | 488 |   0 |  1 |   0 |1192k| 1.402688e-01 | 1.500026e-01 |   6.94%|  95.83%
  779s| 23200 |  9516 |318413 |  13.7 |    21M |  83 | 507 | 488 | 488 |   0 |  1 |   0 |1195k| 1.402757e-01 | 1.500026e-01 |   6.93%|  95.84%
  783s| 23300 |  9544 |319939 |  13.7 |    21M |  83 | 507 | 488 | 488 |   0 |  1 |   0 |1201k| 1.403059e-01 | 1.500026e-01 |   6.91%|  95.86%
  786s| 23400 |  9558 |321322 |  13.7 |    21M |  83 | 507 | 488 | 488 |   0 |  2 |   0 |1205k| 1.403216e-01 | 1.500026e-01 |   6.90%|  95.87%
  788s| 23500 |  9576 |322652 |  13.7 |    21M |  83 | 507 | 488 | 488 |   0 |  1 |   0 |1208k| 1.403441e-01 | 1.500026e-01 |   6.88%|  95.87%
  791s| 23600 |  9622 |323691 |  13.7 |    21M |  83 | 507 | 488 | 488 |   0 |  2 |   0 |1213k| 1.403732e-01 | 1.500026e-01 |   6.86%|  95.88%
  794s| 23700 |  9666 |324539 |  13.7 |    21M |  83 | 507 | 488 | 488 |   0 |  2 |   0 |1217k| 1.404149e-01 | 1.500026e-01 |   6.83%|  95.89%
  796s| 23800 |  9692 |325631 |  13.7 |    21M |  83 | 507 | 488 | 488 |   0 |  1 |   0 |1221k| 1.404370e-01 | 1.500026e-01 |   6.81%|  95.90%
 time | node  | left  |LP iter|LP it/n|mem/heur|mdpt |vars |cons |rows |cuts |sepa|confs|strbr|  dualbound   | primalbound  |  gap   | compl. 
  797s| 23900 |  9730 |326619 |  13.6 |    21M |  83 | 507 | 488 | 488 |   0 |  1 |   0 |1224k| 1.404631e-01 | 1.500026e-01 |   6.79%|  95.90%
  800s| 24000 |  9768 |327793 |  13.6 |    21M |  83 | 507 | 488 | 488 |   0 |  2 |   0 |1228k| 1.405096e-01 | 1.500026e-01 |   6.76%|  95.91%
  802s| 24100 |  9802 |328927 |  13.6 |    21M |  83 | 507 | 488 | 488 |   0 |  1 |   0 |1232k| 1.405418e-01 | 1.500026e-01 |   6.73%|  95.93%
  804s| 24200 |  9816 |330630 |  13.6 |    21M |  83 | 507 | 488 | 488 |   0 |  1 |   0 |1235k| 1.405513e-01 | 1.500026e-01 |   6.72%|  95.94%
  806s| 24300 |  9858 |331598 |  13.6 |    21M |  86 | 507 | 488 | 488 |   0 |  1 |   0 |1238k| 1.405571e-01 | 1.500026e-01 |   6.72%|  95.94%
  808s| 24400 |  9874 |333070 |  13.6 |    21M |  86 | 507 | 488 | 488 |   0 |  1 |   0 |1241k| 1.405652e-01 | 1.500026e-01 |   6.71%|  95.94%
  810s| 24500 |  9902 |334264 |  13.6 |    21M |  86 | 507 | 488 | 488 |   0 |  1 |   0 |1245k| 1.405751e-01 | 1.500026e-01 |   6.71%|  95.94%
  812s| 24600 |  9932 |335384 |  13.6 |    21M |  86 | 507 | 488 | 488 |   0 |  1 |   0 |1248k| 1.405865e-01 | 1.500026e-01 |   6.70%|  95.95%
  814s| 24700 |  9938 |336903 |  13.6 |    21M |  86 | 507 | 488 | 488 |   0 |  1 |   0 |1250k| 1.406101e-01 | 1.500026e-01 |   6.68%|  95.96%
  816s| 24800 |  9958 |338447 |  13.6 |    21M |  86 | 507 | 488 | 488 |   0 |  1 |   0 |1254k| 1.406136e-01 | 1.500026e-01 |   6.68%|  95.96%
  819s| 24900 |  9974 |340318 |  13.6 |    21M |  86 | 507 | 488 | 488 |   0 |  1 |   0 |1258k| 1.406503e-01 | 1.500026e-01 |   6.65%|  95.97%
  821s| 25000 | 10004 |341665 |  13.6 |    21M |  86 | 507 | 488 | 488 |   0 |  2 |   0 |1263k| 1.406570e-01 | 1.500026e-01 |   6.64%|  95.97%
  823s| 25100 | 10046 |342401 |  13.6 |    21M |  86 | 507 | 488 | 488 |   0 |  1 |   0 |1266k| 1.406668e-01 | 1.500026e-01 |   6.64%|  95.98%
  826s| 25200 | 10072 |343859 |  13.6 |    21M |  86 | 507 | 488 | 488 |   0 |  1 |   0 |1270k| 1.406758e-01 | 1.500026e-01 |   6.63%|  95.98%
  828s| 25300 | 10068 |345376 |  13.6 |    21M |  86 | 507 | 488 | 488 |   0 |  1 |   0 |1273k| 1.407032e-01 | 1.500026e-01 |   6.61%|  95.99%
 time | node  | left  |LP iter|LP it/n|mem/heur|mdpt |vars |cons |rows |cuts |sepa|confs|strbr|  dualbound   | primalbound  |  gap   | compl. 
  830s| 25400 | 10088 |346865 |  13.6 |    21M |  86 | 507 | 488 | 488 |   0 |  1 |   0 |1276k| 1.407572e-01 | 1.500026e-01 |   6.57%|  96.03%
  831s| 25500 | 10138 |347619 |  13.6 |    21M |  86 | 507 | 488 | 488 |   0 |  1 |   0 |1279k| 1.407659e-01 | 1.500026e-01 |   6.56%|  96.04%
  834s| 25600 | 10176 |348508 |  13.6 |    21M |  86 | 507 | 488 | 488 |   0 |  1 |   0 |1284k| 1.407845e-01 | 1.500026e-01 |   6.55%|  96.04%
  838s| 25700 | 10212 |349736 |  13.6 |    21M |  86 | 507 | 488 | 488 |   0 |  1 |   0 |1289k| 1.408066e-01 | 1.500026e-01 |   6.53%|  96.05%
  840s| 25800 | 10254 |350758 |  13.6 |    21M |  86 | 507 | 488 | 488 |   0 |  2 |   0 |1292k| 1.408070e-01 | 1.500026e-01 |   6.53%|  96.05%
  841s| 25900 | 10222 |352533 |  13.6 |    21M |  86 | 507 | 488 | 488 |   0 |  1 |   0 |1295k| 1.408594e-01 | 1.500026e-01 |   6.49%|  96.06%
  844s| 26000 | 10268 |353387 |  13.6 |    22M |  86 | 507 | 488 | 488 |   0 |  1 |   0 |1298k| 1.408690e-01 | 1.500026e-01 |   6.48%|  96.06%
  846s| 26100 | 10284 |354661 |  13.6 |    22M |  86 | 507 | 488 | 488 |   0 |  1 |   0 |1302k| 1.408827e-01 | 1.500026e-01 |   6.47%|  96.07%
  848s| 26200 | 10278 |356658 |  13.6 |    22M |  86 | 507 | 488 | 488 |   0 |  3 |   0 |1305k| 1.409110e-01 | 1.500026e-01 |   6.45%|  96.08%
  850s| 26300 | 10316 |357715 |  13.6 |    22M |  86 | 507 | 488 | 488 |   0 |  1 |   0 |1309k| 1.409332e-01 | 1.500026e-01 |   6.44%|  96.09%
  852s| 26400 | 10336 |359032 |  13.6 |    22M |  86 | 507 | 488 | 488 |   0 |  1 |   0 |1311k| 1.409641e-01 | 1.500026e-01 |   6.41%|  96.10%
  854s| 26500 | 10380 |359736 |  13.6 |    22M |  86 | 507 | 488 | 488 |   0 |  1 |   0 |1314k| 1.409841e-01 | 1.500026e-01 |   6.40%|  96.10%
  856s| 26600 | 10430 |360574 |  13.5 |    22M |  86 | 507 | 488 | 488 |   0 |  1 |   0 |1318k| 1.409911e-01 | 1.500026e-01 |   6.39%|  96.11%
  857s| 26700 | 10468 |361484 |  13.5 |    22M |  86 | 507 | 488 | 488 |   0 |  1 |   0 |1320k| 1.410120e-01 | 1.500026e-01 |   6.38%|  96.12%
  859s| 26800 | 10470 |363125 |  13.5 |    22M |  86 | 507 | 488 | 488 |   0 |  1 |   0 |1323k| 1.410202e-01 | 1.500026e-01 |   6.37%|  96.12%
 time | node  | left  |LP iter|LP it/n|mem/heur|mdpt |vars |cons |rows |cuts |sepa|confs|strbr|  dualbound   | primalbound  |  gap   | compl. 
  861s| 26900 | 10502 |364220 |  13.5 |    22M |  86 | 507 | 488 | 488 |   0 |  1 |   0 |1326k| 1.410270e-01 | 1.500026e-01 |   6.36%|  96.12%
  863s| 27000 | 10526 |365589 |  13.5 |    22M |  86 | 507 | 488 | 488 |   0 |  1 |   0 |1330k| 1.410388e-01 | 1.500026e-01 |   6.36%|  96.13%
  865s| 27100 | 10574 |366416 |  13.5 |    22M |  86 | 507 | 488 | 488 |   0 |  1 |   0 |1332k| 1.410388e-01 | 1.500026e-01 |   6.36%|  96.13%
  867s| 27200 | 10578 |368289 |  13.5 |    22M |  86 | 507 | 488 | 488 |   0 |  1 |   0 |1336k| 1.410896e-01 | 1.500026e-01 |   6.32%|  96.14%
  869s| 27300 | 10604 |369396 |  13.5 |    22M |  86 | 507 | 488 | 488 |   0 |  1 |   0 |1340k| 1.411227e-01 | 1.500026e-01 |   6.29%|  96.15%
  871s| 27400 | 10636 |370396 |  13.5 |    22M |  86 | 507 | 488 | 488 |   0 |  1 |   0 |1343k| 1.411289e-01 | 1.500026e-01 |   6.29%|  96.15%
  874s| 27500 | 10652 |371593 |  13.5 |    22M |  86 | 507 | 488 | 488 |   0 |  1 |   0 |1347k| 1.411482e-01 | 1.500026e-01 |   6.27%|  96.16%
  876s| 27600 | 10676 |372920 |  13.5 |    22M |  86 | 507 | 488 | 488 |   0 |  1 |   0 |1351k| 1.411615e-01 | 1.500026e-01 |   6.26%|  96.17%
  878s| 27700 | 10692 |374344 |  13.5 |    22M |  86 | 507 | 488 | 488 |   0 |  1 |   0 |1354k| 1.411847e-01 | 1.500026e-01 |   6.25%|  96.18%
  880s| 27800 | 10730 |375444 |  13.5 |    22M |  86 | 507 | 488 | 488 |   0 |  1 |   0 |1358k| 1.411992e-01 | 1.500026e-01 |   6.23%|  96.22%
  882s| 27900 | 10784 |376146 |  13.5 |    22M |  86 | 507 | 488 | 488 |   0 |  1 |   0 |1361k| 1.411992e-01 | 1.500026e-01 |   6.23%|  96.22%
  885s| 28000 | 10820 |377120 |  13.5 |    22M |  86 | 507 | 488 | 488 |   0 |  1 |   0 |1365k| 1.412100e-01 | 1.500026e-01 |   6.23%|  96.23%
  887s| 28100 | 10826 |378712 |  13.5 |    22M |  86 | 507 | 488 | 488 |   0 |  1 |   0 |1368k| 1.412738e-01 | 1.500026e-01 |   6.18%|  96.24%
  889s| 28200 | 10848 |379703 |  13.4 |    22M |  86 | 507 | 488 | 488 |   0 |  1 |   0 |1372k| 1.412993e-01 | 1.500026e-01 |   6.16%|  96.25%
  891s| 28300 | 10872 |381142 |  13.5 |    22M |  86 | 507 | 488 | 488 |   0 |  1 |   0 |1375k| 1.413255e-01 | 1.500026e-01 |   6.14%|  96.27%
 time | node  | left  |LP iter|LP it/n|mem/heur|mdpt |vars |cons |rows |cuts |sepa|confs|strbr|  dualbound   | primalbound  |  gap   | compl. 
  893s| 28400 | 10906 |382220 |  13.4 |    22M |  86 | 507 | 488 | 488 |   0 |  1 |   0 |1379k| 1.413345e-01 | 1.500026e-01 |   6.13%|  96.27%
  896s| 28500 | 10934 |383345 |  13.4 |    22M |  86 | 507 | 488 | 488 |   0 |  1 |   0 |1382k| 1.413617e-01 | 1.500026e-01 |   6.11%|  96.28%
  898s| 28600 | 10956 |384705 |  13.4 |    22M |  86 | 507 | 488 | 488 |   0 |  2 |   0 |1385k| 1.413835e-01 | 1.500026e-01 |   6.10%|  96.29%
  900s| 28700 | 10970 |386338 |  13.4 |    22M |  86 | 507 | 488 | 488 |   0 |  1 |   0 |1389k| 1.414432e-01 | 1.500026e-01 |   6.05%|  96.30%
  902s| 28800 | 10994 |387748 |  13.4 |    22M |  86 | 507 | 488 | 488 |   0 |  1 |   0 |1392k| 1.414564e-01 | 1.500026e-01 |   6.04%|  96.30%
  903s| 28900 | 11032 |388820 |  13.4 |    22M |  86 | 507 | 488 | 488 |   0 |  1 |   0 |1395k| 1.414577e-01 | 1.500026e-01 |   6.04%|  96.30%
  906s| 29000 | 11036 |390545 |  13.5 |    22M |  86 | 507 | 488 | 488 |   0 |  1 |   0 |1399k| 1.414647e-01 | 1.500026e-01 |   6.04%|  96.31%
  908s| 29100 | 11068 |391484 |  13.4 |    22M |  86 | 507 | 488 | 488 |   0 |  1 |   0 |1403k| 1.414670e-01 | 1.500026e-01 |   6.03%|  96.31%
  910s| 29200 | 11092 |392434 |  13.4 |    22M |  86 | 507 | 488 | 488 |   0 |  1 |   0 |1406k| 1.414796e-01 | 1.500026e-01 |   6.02%|  96.31%
  912s| 29300 | 11122 |393669 |  13.4 |    22M |  86 | 507 | 488 | 488 |   0 |  1 |   0 |1409k| 1.414900e-01 | 1.500026e-01 |   6.02%|  96.32%
  914s| 29400 | 11132 |395129 |  13.4 |    22M |  86 | 507 | 488 | 488 |   0 |  1 |   0 |1412k| 1.415300e-01 | 1.500026e-01 |   5.99%|  96.36%
  916s| 29500 | 11164 |396085 |  13.4 |    22M |  86 | 507 | 488 | 488 |   0 |  1 |   0 |1415k| 1.415403e-01 | 1.500026e-01 |   5.98%|  96.37%
  918s| 29600 | 11176 |397589 |  13.4 |    22M |  86 | 507 | 488 | 488 |   0 |  1 |   0 |1419k| 1.415493e-01 | 1.500026e-01 |   5.97%|  96.38%
  920s| 29700 | 11210 |398692 |  13.4 |    22M |  86 | 507 | 488 | 488 |   0 |  1 |   0 |1421k| 1.415578e-01 | 1.500026e-01 |   5.97%|  96.38%
  922s| 29800 | 11248 |399750 |  13.4 |    22M |  86 | 507 | 488 | 488 |   0 |  1 |   0 |1425k| 1.415668e-01 | 1.500026e-01 |   5.96%|  96.38%
 time | node  | left  |LP iter|LP it/n|mem/heur|mdpt |vars |cons |rows |cuts |sepa|confs|strbr|  dualbound   | primalbound  |  gap   | compl. 
  924s| 29900 | 11238 |401357 |  13.4 |    22M |  86 | 507 | 488 | 488 |   0 |  1 |   0 |1429k| 1.415676e-01 | 1.500026e-01 |   5.96%|  96.38%
  927s| 30000 | 11272 |402366 |  13.4 |    22M |  86 | 507 | 488 | 488 |   0 |  1 |   0 |1433k| 1.415752e-01 | 1.500026e-01 |   5.95%|  96.38%
  929s| 30100 | 11298 |403524 |  13.4 |    22M |  86 | 507 | 488 | 488 |   0 |  1 |   0 |1437k| 1.415829e-01 | 1.500026e-01 |   5.95%|  96.39%
  931s| 30200 | 11294 |405228 |  13.4 |    22M |  86 | 507 | 488 | 488 |   0 |  1 |   0 |1440k| 1.416436e-01 | 1.500026e-01 |   5.90%|  96.40%
  933s| 30300 | 11326 |406106 |  13.4 |    22M |  86 | 507 | 488 | 488 |   0 |  1 |   0 |1443k| 1.416541e-01 | 1.500026e-01 |   5.89%|  96.40%
  937s| 30400 | 11336 |407526 |  13.4 |    22M |  86 | 507 | 488 | 488 |   0 |  2 |   0 |1448k| 1.416947e-01 | 1.500026e-01 |   5.86%|  96.41%
  939s| 30500 | 11366 |408590 |  13.4 |    22M |  86 | 507 | 488 | 488 |   0 |  1 |   0 |1452k| 1.416997e-01 | 1.500026e-01 |   5.86%|  96.41%
  940s| 30600 | 11388 |409763 |  13.4 |    22M |  86 | 507 | 488 | 488 |   0 |  1 |   0 |1455k| 1.417131e-01 | 1.500026e-01 |   5.85%|  96.42%
  943s| 30700 | 11424 |410893 |  13.4 |    22M |  86 | 507 | 488 | 488 |   0 |  1 |   0 |1459k| 1.417189e-01 | 1.500026e-01 |   5.85%|  96.42%
  945s| 30800 | 11442 |412192 |  13.4 |    22M |  86 | 507 | 488 | 488 |   0 |  1 |   0 |1461k| 1.417450e-01 | 1.500026e-01 |   5.83%|  96.42%
  947s| 30900 | 11482 |413119 |  13.4 |    22M |  86 | 507 | 488 | 488 |   0 |  1 |   0 |1465k| 1.417512e-01 | 1.500026e-01 |   5.82%|  96.43%
  949s| 31000 | 11508 |414135 |  13.3 |    22M |  86 | 507 | 488 | 488 |   0 |  1 |   0 |1468k| 1.417667e-01 | 1.500026e-01 |   5.81%|  96.43%
  951s| 31100 | 11540 |415346 |  13.3 |    22M |  86 | 507 | 488 | 488 |   0 |  1 |   0 |1472k| 1.417878e-01 | 1.500026e-01 |   5.79%|  96.44%
  953s| 31200 | 11582 |416260 |  13.3 |    22M |  86 | 507 | 488 | 488 |   0 |  1 |   0 |1475k| 1.417925e-01 | 1.500026e-01 |   5.79%|  96.44%
  955s| 31300 | 11598 |417530 |  13.3 |    22M |  86 | 507 | 488 | 488 |   0 |  1 |   0 |1478k| 1.418107e-01 | 1.500026e-01 |   5.78%|  96.45%
 time | node  | left  |LP iter|LP it/n|mem/heur|mdpt |vars |cons |rows |cuts |sepa|confs|strbr|  dualbound   | primalbound  |  gap   | compl. 
  957s| 31400 | 11628 |418629 |  13.3 |    22M |  86 | 507 | 488 | 488 |   0 |  1 |   0 |1482k| 1.418349e-01 | 1.500026e-01 |   5.76%|  96.45%
  959s| 31500 | 11654 |419668 |  13.3 |    22M |  86 | 507 | 488 | 488 |   0 |  1 |   0 |1484k| 1.418419e-01 | 1.500026e-01 |   5.75%|  96.45%
  961s| 31600 | 11666 |421047 |  13.3 |    22M |  86 | 507 | 488 | 488 |   0 |  1 |   0 |1488k| 1.418475e-01 | 1.500026e-01 |   5.75%|  96.46%
  963s| 31700 | 11724 |421729 |  13.3 |    22M |  86 | 507 | 488 | 488 |   0 |  1 |   0 |1491k| 1.418475e-01 | 1.500026e-01 |   5.75%|  96.46%
  964s| 31800 | 11756 |422780 |  13.3 |    22M |  86 | 507 | 488 | 488 |   0 |  1 |   0 |1494k| 1.418676e-01 | 1.500026e-01 |   5.73%|  96.46%
  966s| 31900 | 11774 |424081 |  13.3 |    22M |  86 | 507 | 488 | 488 |   0 |  2 |   0 |1497k| 1.418806e-01 | 1.500026e-01 |   5.72%|  96.46%
  969s| 32000 | 11796 |425302 |  13.3 |    22M |  86 | 507 | 488 | 488 |   0 |  1 |   0 |1500k| 1.418964e-01 | 1.500026e-01 |   5.71%|  96.47%
  971s| 32100 | 11814 |426764 |  13.3 |    23M |  87 | 507 | 488 | 488 |   0 |  1 |   0 |1504k| 1.419001e-01 | 1.500026e-01 |   5.71%|  96.47%
  972s| 32200 | 11866 |427381 |  13.3 |    23M |  87 | 507 | 488 | 488 |   0 |  1 |   0 |1506k| 1.419012e-01 | 1.500026e-01 |   5.71%|  96.47%
  974s| 32300 | 11890 |428724 |  13.3 |    23M |  87 | 507 | 488 | 488 |   0 |  1 |   0 |1509k| 1.419106e-01 | 1.500026e-01 |   5.70%|  96.50%
  976s| 32400 | 11916 |430022 |  13.3 |    23M |  87 | 507 | 488 | 488 |   0 |  1 |   0 |1512k| 1.419171e-01 | 1.500026e-01 |   5.70%|  96.50%
  978s| 32500 | 11928 |431333 |  13.3 |    23M |  87 | 507 | 488 | 488 |   0 |  1 |   0 |1515k| 1.419247e-01 | 1.500026e-01 |   5.69%|  96.50%
  979s| 32600 | 11948 |432819 |  13.3 |    23M |  89 | 507 | 488 | 488 |   0 |  1 |   0 |1518k| 1.419385e-01 | 1.500026e-01 |   5.68%|  96.50%
  981s| 32700 | 11952 |434408 |  13.3 |    23M |  89 | 507 | 488 | 488 |   0 |  1 |   0 |1521k| 1.419714e-01 | 1.500026e-01 |   5.66%|  96.51%
  983s| 32800 | 11988 |435446 |  13.3 |    23M |  89 | 507 | 488 | 488 |   0 |  1 |   0 |1524k| 1.419839e-01 | 1.500026e-01 |   5.65%|  96.52%
 time | node  | left  |LP iter|LP it/n|mem/heur|mdpt |vars |cons |rows |cuts |sepa|confs|strbr|  dualbound   | primalbound  |  gap   | compl. 
  986s| 32900 | 12020 |436637 |  13.3 |    23M |  89 | 507 | 488 | 488 |   0 |  1 |   0 |1528k| 1.420008e-01 | 1.500026e-01 |   5.64%|  96.53%
  988s| 33000 | 12042 |437768 |  13.3 |    23M |  89 | 507 | 488 | 488 |   0 |  2 |   0 |1532k| 1.420042e-01 | 1.500026e-01 |   5.63%|  96.53%
  991s| 33100 | 12066 |439146 |  13.3 |    23M |  89 | 507 | 488 | 488 |   0 |  1 |   0 |1536k| 1.420307e-01 | 1.500026e-01 |   5.61%|  96.54%
  993s| 33200 | 12100 |440083 |  13.2 |    23M |  89 | 507 | 488 | 488 |   0 |  1 |   0 |1539k| 1.420341e-01 | 1.500026e-01 |   5.61%|  96.54%
  995s| 33300 | 12096 |442082 |  13.3 |    23M |  89 | 507 | 488 | 488 |   0 |  1 |   0 |1543k| 1.420487e-01 | 1.500026e-01 |   5.60%|  96.54%
  997s| 33400 | 12138 |442904 |  13.2 |    23M |  89 | 507 | 488 | 488 |   0 |  1 |   0 |1546k| 1.420693e-01 | 1.500026e-01 |   5.58%|  96.55%
  999s| 33500 | 12158 |443958 |  13.2 |    23M |  89 | 507 | 488 | 488 |   0 |  1 |   0 |1549k| 1.421040e-01 | 1.500026e-01 |   5.56%|  96.57%
 1002s| 33600 | 12186 |444908 |  13.2 |    23M |  89 | 507 | 488 | 488 |   0 |  2 |   0 |1553k| 1.421099e-01 | 1.500026e-01 |   5.55%|  96.57%
 1004s| 33700 | 12204 |446243 |  13.2 |    23M |  89 | 507 | 488 | 488 |   0 |  1 |   0 |1557k| 1.421269e-01 | 1.500026e-01 |   5.54%|  96.58%
 1005s| 33800 | 12242 |447101 |  13.2 |    23M |  89 | 507 | 488 | 488 |   0 |  1 |   0 |1559k| 1.421378e-01 | 1.500026e-01 |   5.53%|  96.58%
 1009s| 33900 | 12268 |448444 |  13.2 |    23M |  89 | 507 | 488 | 488 |   0 |  1 |   0 |1564k| 1.421382e-01 | 1.500026e-01 |   5.53%|  96.58%
 1010s| 34000 | 12294 |449774 |  13.2 |    23M |  89 | 507 | 488 | 488 |   0 |  1 |   0 |1567k| 1.421653e-01 | 1.500026e-01 |   5.51%|  96.59%
 1012s| 34100 | 12330 |450919 |  13.2 |    23M |  89 | 507 | 488 | 488 |   0 |  1 |   0 |1570k| 1.421789e-01 | 1.500026e-01 |   5.50%|  96.59%
 1014s| 34200 | 12348 |452093 |  13.2 |    23M |  89 | 507 | 488 | 488 |   0 |  1 |   0 |1573k| 1.421822e-01 | 1.500026e-01 |   5.50%|  96.60%
 1016s| 34300 | 12386 |452810 |  13.2 |    23M |  89 | 507 | 488 | 488 |   0 |  1 |   0 |1576k| 1.422030e-01 | 1.500026e-01 |   5.48%|  96.60%
 time | node  | left  |LP iter|LP it/n|mem/heur|mdpt |vars |cons |rows |cuts |sepa|confs|strbr|  dualbound   | primalbound  |  gap   | compl. 
 1018s| 34400 | 12418 |453893 |  13.2 |    23M |  89 | 507 | 488 | 488 |   0 |  6 |   0 |1580k| 1.422064e-01 | 1.500026e-01 |   5.48%|  96.60%
 1020s| 34500 | 12430 |455220 |  13.2 |    23M |  89 | 507 | 488 | 488 |   0 |  1 |   0 |1583k| 1.422156e-01 | 1.500026e-01 |   5.48%|  96.61%
 1022s| 34600 | 12448 |456471 |  13.2 |    23M |  89 | 507 | 488 | 488 |   0 |  2 |   0 |1586k| 1.422318e-01 | 1.500026e-01 |   5.46%|  96.61%
 1024s| 34700 | 12466 |457698 |  13.2 |    23M |  89 | 507 | 488 | 488 |   0 |  1 |   0 |1589k| 1.422551e-01 | 1.500026e-01 |   5.45%|  96.62%
 1026s| 34800 | 12516 |458449 |  13.2 |    23M |  89 | 507 | 488 | 488 |   0 |  1 |   0 |1592k| 1.422653e-01 | 1.500026e-01 |   5.44%|  96.62%
 1027s| 34900 | 12548 |459242 |  13.1 |    23M |  89 | 507 | 488 | 488 |   0 |  1 |   0 |1595k| 1.422724e-01 | 1.500026e-01 |   5.43%|  96.62%
 1029s| 35000 | 12582 |460154 |  13.1 |    23M |  89 | 507 | 488 | 488 |   0 |  1 |   0 |1598k| 1.422792e-01 | 1.500026e-01 |   5.43%|  96.62%
 1031s| 35100 | 12608 |461279 |  13.1 |    23M |  89 | 507 | 488 | 488 |   0 |  1 |   0 |1601k| 1.422881e-01 | 1.500026e-01 |   5.42%|  96.62%
 1033s| 35200 | 12606 |462924 |  13.1 |    23M |  89 | 507 | 488 | 488 |   0 |  1 |   0 |1605k| 1.423020e-01 | 1.500026e-01 |   5.41%|  96.63%
 1035s| 35300 | 12632 |464078 |  13.1 |    23M |  89 | 507 | 488 | 488 |   0 |  1 |   0 |1607k| 1.423182e-01 | 1.500026e-01 |   5.40%|  96.64%
 1037s| 35400 | 12610 |466049 |  13.2 |    23M |  89 | 507 | 488 | 488 |   0 |  1 |   0 |1610k| 1.423422e-01 | 1.500026e-01 |   5.38%|  96.65%
 1039s| 35500 | 12632 |467284 |  13.2 |    23M |  89 | 507 | 488 | 488 |   0 |  1 |   0 |1613k| 1.423583e-01 | 1.500026e-01 |   5.37%|  96.66%
 1040s| 35600 | 12654 |468435 |  13.1 |    24M |  89 | 507 | 488 | 488 |   0 |  2 |   0 |1616k| 1.423708e-01 | 1.500026e-01 |   5.36%|  96.66%
 1042s| 35700 | 12658 |469922 |  13.2 |    24M |  89 | 507 | 488 | 488 |   0 |  7 |   0 |1619k| 1.423769e-01 | 1.500026e-01 |   5.36%|  96.66%
 1044s| 35800 | 12646 |471713 |  13.2 |    24M |  89 | 507 | 488 | 488 |   0 |  1 |   0 |1621k| 1.423969e-01 | 1.500026e-01 |   5.34%|  96.67%
 time | node  | left  |LP iter|LP it/n|mem/heur|mdpt |vars |cons |rows |cuts |sepa|confs|strbr|  dualbound   | primalbound  |  gap   | compl. 
 1045s| 35900 | 12660 |472846 |  13.2 |    24M |  89 | 507 | 488 | 488 |   0 |  1 |   0 |1624k| 1.423969e-01 | 1.500026e-01 |   5.34%|  96.67%
 1047s| 36000 | 12700 |473813 |  13.1 |    24M |  89 | 507 | 488 | 488 |   0 |  5 |   0 |1627k| 1.424126e-01 | 1.500026e-01 |   5.33%|  96.67%
 1050s| 36100 | 12694 |475498 |  13.2 |    24M |  89 | 507 | 488 | 488 |   0 |  1 |   0 |1631k| 1.424266e-01 | 1.500026e-01 |   5.32%|  96.67%
 1052s| 36200 | 12716 |476901 |  13.2 |    24M |  89 | 507 | 488 | 488 |   0 |  1 |   0 |1634k| 1.424433e-01 | 1.500026e-01 |   5.31%|  96.70%
 1054s| 36300 | 12708 |478471 |  13.2 |    24M |  89 | 507 | 488 | 488 |   0 |  1 |   0 |1637k| 1.424514e-01 | 1.500026e-01 |   5.30%|  96.70%
 1055s| 36400 | 12722 |479647 |  13.2 |    24M |  89 | 507 | 488 | 488 |   0 |  1 |   0 |1640k| 1.424724e-01 | 1.500026e-01 |   5.29%|  96.70%
 1058s| 36500 | 12732 |481190 |  13.2 |    24M |  89 | 507 | 488 | 488 |   0 |  1 |   0 |1644k| 1.424880e-01 | 1.500026e-01 |   5.27%|  96.72%
 1060s| 36600 | 12772 |482063 |  13.2 |    24M |  89 | 507 | 488 | 488 |   0 |  1 |   0 |1647k| 1.424972e-01 | 1.500026e-01 |   5.27%|  96.72%
 1061s| 36700 | 12764 |483388 |  13.2 |    24M |  89 | 507 | 488 | 488 |   0 |  1 |   0 |1650k| 1.425390e-01 | 1.500026e-01 |   5.24%|  96.73%
 1063s| 36800 | 12788 |484483 |  13.2 |    24M |  89 | 507 | 488 | 488 |   0 |  2 |   0 |1653k| 1.425407e-01 | 1.500026e-01 |   5.23%|  96.73%
 1065s| 36900 | 12810 |485737 |  13.2 |    24M |  89 | 507 | 488 | 488 |   0 |  1 |   0 |1656k| 1.425556e-01 | 1.500026e-01 |   5.22%|  96.73%
 1066s| 37000 | 12816 |487248 |  13.2 |    24M |  89 | 507 | 488 | 488 |   0 |  1 |   0 |1658k| 1.425734e-01 | 1.500026e-01 |   5.21%|  96.74%
 1069s| 37100 | 12850 |488316 |  13.2 |    24M |  89 | 507 | 488 | 488 |   0 |  1 |   0 |1662k| 1.426106e-01 | 1.500026e-01 |   5.18%|  96.75%
 1071s| 37200 | 12878 |489527 |  13.1 |    24M |  89 | 507 | 488 | 488 |   0 |  1 |   0 |1665k| 1.426106e-01 | 1.500026e-01 |   5.18%|  96.82%
 1073s| 37300 | 12876 |490912 |  13.1 |    24M |  89 | 507 | 488 | 488 |   0 |  1 |   0 |1669k| 1.426268e-01 | 1.500026e-01 |   5.17%|  96.82%
 time | node  | left  |LP iter|LP it/n|mem/heur|mdpt |vars |cons |rows |cuts |sepa|confs|strbr|  dualbound   | primalbound  |  gap   | compl. 
 1074s| 37400 | 12894 |492104 |  13.1 |    24M |  89 | 507 | 488 | 488 |   0 |  1 |   0 |1671k| 1.426486e-01 | 1.500026e-01 |   5.16%|  96.83%
 1076s| 37500 | 12918 |493145 |  13.1 |    24M |  89 | 507 | 488 | 488 |   0 |  1 |   0 |1674k| 1.426721e-01 | 1.500026e-01 |   5.14%|  96.83%
 1078s| 37600 | 12918 |494614 |  13.1 |    24M |  89 | 507 | 488 | 488 |   0 |  1 |   0 |1677k| 1.426864e-01 | 1.500026e-01 |   5.13%|  96.84%
 1080s| 37700 | 12944 |495830 |  13.1 |    24M |  89 | 507 | 488 | 488 |   0 |  1 |   0 |1681k| 1.426975e-01 | 1.500026e-01 |   5.12%|  96.85%
 1081s| 37800 | 12976 |496710 |  13.1 |    24M |  89 | 507 | 488 | 488 |   0 |  1 |   0 |1683k| 1.427127e-01 | 1.500026e-01 |   5.11%|  96.85%
 1083s| 37900 | 13014 |497648 |  13.1 |    24M |  89 | 507 | 488 | 488 |   0 |  1 |   0 |1686k| 1.427195e-01 | 1.500026e-01 |   5.10%|  97.00%
 1086s| 38000 | 13056 |498519 |  13.1 |    24M |  89 | 507 | 488 | 488 |   0 |  1 |   0 |1690k| 1.427373e-01 | 1.500026e-01 |   5.09%|  97.00%
 1087s| 38100 | 13088 |499322 |  13.1 |    24M |  89 | 507 | 488 | 488 |   0 |  1 |   0 |1692k| 1.427376e-01 | 1.500026e-01 |   5.09%|  97.01%
 1089s| 38200 | 13072 |501306 |  13.1 |    24M |  89 | 507 | 488 | 488 |   0 |  1 |   0 |1695k| 1.427589e-01 | 1.500026e-01 |   5.07%|  97.01%
 1091s| 38300 | 13124 |501947 |  13.1 |    24M |  89 | 507 | 488 | 488 |   0 |  1 |   0 |1698k| 1.427596e-01 | 1.500026e-01 |   5.07%|  97.01%
 1093s| 38400 | 13174 |502776 |  13.1 |    24M |  89 | 507 | 488 | 488 |   0 |  1 |   0 |1701k| 1.427629e-01 | 1.500026e-01 |   5.07%|  97.01%
 1094s| 38500 | 13202 |504018 |  13.1 |    24M |  89 | 507 | 488 | 488 |   0 |  1 |   0 |1704k| 1.427778e-01 | 1.500026e-01 |   5.06%|  97.01%
 1096s| 38600 | 13236 |504819 |  13.1 |    24M |  89 | 507 | 488 | 488 |   0 |  1 |   0 |1707k| 1.427791e-01 | 1.500026e-01 |   5.06%|  97.02%
 1098s| 38700 | 13248 |506307 |  13.1 |    24M |  89 | 507 | 488 | 488 |   0 |  1 |   0 |1711k| 1.427891e-01 | 1.500026e-01 |   5.05%|  97.02%
 1100s| 38800 | 13298 |506869 |  13.1 |    25M |  89 | 507 | 488 | 488 |   0 |  1 |   0 |1713k| 1.427934e-01 | 1.500026e-01 |   5.05%|  97.02%
 time | node  | left  |LP iter|LP it/n|mem/heur|mdpt |vars |cons |rows |cuts |sepa|confs|strbr|  dualbound   | primalbound  |  gap   | compl. 
 1102s| 38900 | 13336 |507604 |  13.0 |    25M |  89 | 507 | 488 | 488 |   0 |  1 |   0 |1716k| 1.427934e-01 | 1.500026e-01 |   5.05%|  97.02%
 1103s| 39000 | 13350 |508820 |  13.0 |    25M |  89 | 507 | 488 | 488 |   0 |  1 |   0 |1719k| 1.428092e-01 | 1.500026e-01 |   5.04%|  97.02%
 1105s| 39100 | 13364 |510309 |  13.0 |    25M |  89 | 507 | 488 | 488 |   0 |  1 |   0 |1722k| 1.428226e-01 | 1.500026e-01 |   5.03%|  97.03%
 1107s| 39200 | 13358 |511988 |  13.0 |    25M |  89 | 507 | 488 | 488 |   0 |  2 |   0 |1725k| 1.428413e-01 | 1.500026e-01 |   5.01%|  97.03%
 1109s| 39300 | 13392 |513058 |  13.0 |    25M |  89 | 507 | 488 | 488 |   0 |  1 |   0 |1728k| 1.428480e-01 | 1.500026e-01 |   5.01%|  97.03%
 1112s| 39400 | 13418 |514379 |  13.0 |    25M |  89 | 507 | 488 | 488 |   0 |  1 |   0 |1733k| 1.428483e-01 | 1.500026e-01 |   5.01%|  97.03%
 1114s| 39500 | 13462 |515137 |  13.0 |    25M |  89 | 507 | 488 | 488 |   0 |  1 |   0 |1736k| 1.428539e-01 | 1.500026e-01 |   5.00%|  97.03%
 1115s| 39600 | 13456 |516598 |  13.0 |    25M |  89 | 507 | 488 | 488 |   0 |  1 |   0 |1739k| 1.428729e-01 | 1.500026e-01 |   4.99%|  97.04%
 1117s| 39700 | 13460 |518195 |  13.0 |    25M |  89 | 507 | 488 | 488 |   0 |  1 |   0 |1742k| 1.428887e-01 | 1.500026e-01 |   4.98%|  97.04%
 1120s| 39800 | 13468 |519483 |  13.0 |    25M |  89 | 507 | 488 | 488 |   0 |  1 |   0 |1745k| 1.429086e-01 | 1.500026e-01 |   4.96%|  97.05%
 1122s| 39900 | 13476 |520991 |  13.0 |    25M |  89 | 507 | 488 | 488 |   0 |  2 |   0 |1749k| 1.429238e-01 | 1.500026e-01 |   4.95%|  97.05%
 1123s| 40000 | 13494 |522082 |  13.0 |    25M |  89 | 507 | 488 | 488 |   0 |  2 |   0 |1751k| 1.429447e-01 | 1.500026e-01 |   4.94%|  97.05%
 1125s| 40100 | 13486 |523740 |  13.0 |    25M |  89 | 507 | 488 | 488 |   0 |  1 |   0 |1754k| 1.429845e-01 | 1.500026e-01 |   4.91%|  97.08%
 1127s| 40200 | 13504 |524951 |  13.0 |    25M |  89 | 507 | 488 | 488 |   0 |  1 |   0 |1758k| 1.429959e-01 | 1.500026e-01 |   4.90%|  97.08%
 1129s| 40300 | 13510 |526239 |  13.0 |    25M |  89 | 507 | 488 | 488 |   0 |  1 |   0 |1761k| 1.429989e-01 | 1.500026e-01 |   4.90%|  97.08%
 time | node  | left  |LP iter|LP it/n|mem/heur|mdpt |vars |cons |rows |cuts |sepa|confs|strbr|  dualbound   | primalbound  |  gap   | compl. 
 1131s| 40400 | 13516 |527646 |  13.0 |    25M |  89 | 507 | 488 | 488 |   0 |  1 |   0 |1764k| 1.430178e-01 | 1.500026e-01 |   4.88%|  97.09%
 1133s| 40500 | 13530 |528946 |  13.0 |    25M |  89 | 507 | 488 | 488 |   0 |  1 |   0 |1767k| 1.430446e-01 | 1.500026e-01 |   4.86%|  97.10%
 1135s| 40600 | 13552 |530140 |  13.0 |    25M |  89 | 507 | 488 | 488 |   0 |  1 |   0 |1771k| 1.430646e-01 | 1.500026e-01 |   4.85%|  97.11%
 1137s| 40700 | 13580 |531288 |  13.0 |    25M |  89 | 507 | 488 | 488 |   0 |  1 |   0 |1773k| 1.430682e-01 | 1.500026e-01 |   4.85%|  97.11%
 1139s| 40800 | 13594 |532512 |  13.0 |    25M |  89 | 507 | 488 | 488 |   0 |  1 |   0 |1776k| 1.430743e-01 | 1.500026e-01 |   4.84%|  97.11%
 1141s| 40900 | 13622 |533520 |  13.0 |    25M |  89 | 507 | 488 | 488 |   0 |  1 |   0 |1780k| 1.430887e-01 | 1.500026e-01 |   4.83%|  97.11%
 1144s| 41000 | 13630 |535321 |  13.0 |    25M |  89 | 507 | 488 | 488 |   0 |  1 |   0 |1784k| 1.431008e-01 | 1.500026e-01 |   4.82%|  97.12%
 1147s| 41100 | 13632 |537461 |  13.1 |    25M |  89 | 507 | 488 | 488 |   0 |  1 |   0 |1788k| 1.431252e-01 | 1.500026e-01 |   4.81%|  97.15%
 1149s| 41200 | 13654 |538545 |  13.1 |    25M |  89 | 507 | 488 | 488 |   0 |  1 |   0 |1791k| 1.431428e-01 | 1.500026e-01 |   4.79%|  97.15%
 1150s| 41300 | 13656 |540124 |  13.1 |    25M |  89 | 507 | 488 | 488 |   0 |  1 |   0 |1794k| 1.431543e-01 | 1.500026e-01 |   4.78%|  97.16%
 1152s| 41400 | 13670 |541549 |  13.1 |    25M |  89 | 507 | 488 | 488 |   0 |  1 |   0 |1797k| 1.431636e-01 | 1.500026e-01 |   4.78%|  97.16%
 1155s| 41500 | 13704 |542729 |  13.1 |    25M |  89 | 507 | 488 | 488 |   0 |  1 |   0 |1801k| 1.431722e-01 | 1.500026e-01 |   4.77%|  97.16%
 1157s| 41600 | 13740 |543808 |  13.1 |    25M |  89 | 507 | 488 | 488 |   0 |  1 |   0 |1805k| 1.431758e-01 | 1.500026e-01 |   4.77%|  97.16%
 1159s| 41700 | 13744 |545295 |  13.1 |    25M |  89 | 507 | 488 | 488 |   0 |  1 |   0 |1808k| 1.431916e-01 | 1.500026e-01 |   4.76%|  97.24%
 1161s| 41800 | 13776 |546141 |  13.1 |    25M |  89 | 507 | 488 | 488 |   0 |  1 |   0 |1811k| 1.431968e-01 | 1.500026e-01 |   4.75%|  97.24%
 time | node  | left  |LP iter|LP it/n|mem/heur|mdpt |vars |cons |rows |cuts |sepa|confs|strbr|  dualbound   | primalbound  |  gap   | compl. 
 1162s| 41900 | 13802 |547044 |  13.0 |    25M |  89 | 507 | 488 | 488 |   0 |  1 |   0 |1813k| 1.432086e-01 | 1.500026e-01 |   4.74%|  97.24%
 1164s| 42000 | 13826 |547990 |  13.0 |    25M |  89 | 507 | 488 | 488 |   0 |  1 |   0 |1816k| 1.432139e-01 | 1.500026e-01 |   4.74%|  97.24%
 1166s| 42100 | 13854 |549085 |  13.0 |    25M |  89 | 507 | 488 | 488 |   0 |  1 |   0 |1819k| 1.432183e-01 | 1.500026e-01 |   4.74%|  97.24%
 1167s| 42200 | 13864 |550207 |  13.0 |    25M |  89 | 507 | 488 | 488 |   0 |  1 |   0 |1821k| 1.432287e-01 | 1.500026e-01 |   4.73%|  97.25%
 1169s| 42300 | 13898 |551232 |  13.0 |    25M |  89 | 507 | 488 | 488 |   0 |  1 |   0 |1824k| 1.432364e-01 | 1.500026e-01 |   4.72%|  97.25%
 1170s| 42400 | 13898 |552557 |  13.0 |    25M |  89 | 507 | 488 | 488 |   0 |  1 |   0 |1826k| 1.432556e-01 | 1.500026e-01 |   4.71%|  97.25%
 1172s| 42500 | 13872 |554484 |  13.0 |    25M |  89 | 507 | 488 | 488 |   0 |  1 |   0 |1829k| 1.432616e-01 | 1.500026e-01 |   4.71%|  97.26%
 1174s| 42600 | 13894 |555654 |  13.0 |    25M |  89 | 507 | 488 | 488 |   0 |  1 |   0 |1832k| 1.432702e-01 | 1.500026e-01 |   4.70%|  97.27%
 1176s| 42700 | 13918 |556771 |  13.0 |    25M |  89 | 507 | 488 | 488 |   0 |  1 |   0 |1835k| 1.432748e-01 | 1.500026e-01 |   4.70%|  97.27%
 1177s| 42800 | 13920 |558348 |  13.0 |    25M |  89 | 507 | 488 | 488 |   0 |  1 |   0 |1838k| 1.432903e-01 | 1.500026e-01 |   4.68%|  97.29%
 1179s| 42900 | 13934 |559616 |  13.0 |    25M |  89 | 507 | 488 | 488 |   0 |  4 |   0 |1840k| 1.433013e-01 | 1.500026e-01 |   4.68%|  97.29%
 1181s| 43000 | 13970 |560657 |  13.0 |    25M |  89 | 507 | 488 | 488 |   0 |  1 |   0 |1844k| 1.433052e-01 | 1.500026e-01 |   4.67%|  97.29%
 1183s| 43100 | 13984 |562142 |  13.0 |    25M |  89 | 507 | 488 | 488 |   0 |  1 |   0 |1847k| 1.433175e-01 | 1.500026e-01 |   4.66%|  97.30%
 1185s| 43200 | 13990 |563645 |  13.0 |    25M |  89 | 507 | 488 | 488 |   0 |  1 |   0 |1850k| 1.433519e-01 | 1.500026e-01 |   4.64%|  97.31%
 1186s| 43300 | 14014 |564788 |  13.0 |    25M |  89 | 507 | 488 | 488 |   0 |  1 |   0 |1852k| 1.433594e-01 | 1.500026e-01 |   4.63%|  97.31%
 time | node  | left  |LP iter|LP it/n|mem/heur|mdpt |vars |cons |rows |cuts |sepa|confs|strbr|  dualbound   | primalbound  |  gap   | compl. 
 1188s| 43400 | 14040 |565721 |  13.0 |    25M |  89 | 507 | 488 | 488 |   0 |  1 |   0 |1855k| 1.433642e-01 | 1.500026e-01 |   4.63%|  97.31%
 1190s| 43500 | 14030 |567562 |  13.0 |    25M |  89 | 507 | 488 | 488 |   0 |  1 |   0 |1859k| 1.433728e-01 | 1.500026e-01 |   4.62%|  97.32%
 1193s| 43600 | 14028 |569153 |  13.0 |    25M |  89 | 507 | 488 | 488 |   0 |  1 |   0 |1863k| 1.433888e-01 | 1.500026e-01 |   4.61%|  97.32%
 1195s| 43700 | 14020 |570799 |  13.1 |    25M |  89 | 507 | 488 | 488 |   0 |  1 |   0 |1866k| 1.433930e-01 | 1.500026e-01 |   4.61%|  97.32%
 1197s| 43800 | 14034 |572024 |  13.0 |    25M |  89 | 507 | 488 | 488 |   0 |  1 |   0 |1870k| 1.434039e-01 | 1.500026e-01 |   4.60%|  97.33%
 1199s| 43900 | 14026 |573562 |  13.1 |    25M |  89 | 507 | 488 | 488 |   0 |  1 |   0 |1873k| 1.434136e-01 | 1.500026e-01 |   4.59%|  97.33%
 1202s| 44000 | 14056 |574528 |  13.0 |    25M |  89 | 507 | 488 | 488 |   0 |  1 |   0 |1877k| 1.434253e-01 | 1.500026e-01 |   4.59%|  97.34%
 1203s| 44100 | 14044 |576051 |  13.1 |    25M |  89 | 507 | 488 | 488 |   0 |  1 |   0 |1879k| 1.434459e-01 | 1.500026e-01 |   4.57%|  97.35%
 1205s| 44200 | 14058 |577345 |  13.1 |    25M |  89 | 507 | 488 | 488 |   0 |  1 |   0 |1883k| 1.434621e-01 | 1.500026e-01 |   4.56%|  97.35%
 1207s| 44300 | 14062 |578632 |  13.1 |    25M |  89 | 507 | 488 | 488 |   0 |  1 |   0 |1886k| 1.434737e-01 | 1.500026e-01 |   4.55%|  97.35%
 1209s| 44400 | 14064 |580161 |  13.1 |    25M |  89 | 507 | 488 | 488 |   0 |  1 |   0 |1889k| 1.434933e-01 | 1.500026e-01 |   4.54%|  97.39%
 1211s| 44500 | 14082 |581343 |  13.1 |    25M |  89 | 507 | 488 | 488 |   0 |  1 |   0 |1891k| 1.434973e-01 | 1.500026e-01 |   4.53%|  97.39%
 1213s| 44600 | 14100 |582869 |  13.1 |    25M |  89 | 507 | 488 | 488 |   0 |  2 |   0 |1895k| 1.435172e-01 | 1.500026e-01 |   4.52%|  97.40%
 1215s| 44700 | 14130 |584282 |  13.1 |    25M |  89 | 507 | 488 | 488 |   0 |  1 |   0 |1898k| 1.435276e-01 | 1.500026e-01 |   4.51%|  97.44%
 1217s| 44800 | 14136 |585418 |  13.1 |    25M |  89 | 507 | 488 | 488 |   0 |  1 |   0 |1901k| 1.435455e-01 | 1.500026e-01 |   4.50%|  97.44%
 time | node  | left  |LP iter|LP it/n|mem/heur|mdpt |vars |cons |rows |cuts |sepa|confs|strbr|  dualbound   | primalbound  |  gap   | compl. 
 1219s| 44900 | 14170 |586808 |  13.1 |    25M |  89 | 507 | 488 | 488 |   0 |  1 |   0 |1904k| 1.435510e-01 | 1.500026e-01 |   4.49%|  97.45%
 1221s| 45000 | 14162 |588780 |  13.1 |    25M |  89 | 507 | 488 | 488 |   0 |  1 |   0 |1908k| 1.435651e-01 | 1.500026e-01 |   4.48%|  97.46%
 1223s| 45100 | 14170 |590152 |  13.1 |    25M |  89 | 507 | 488 | 488 |   0 |  1 |   0 |1910k| 1.435736e-01 | 1.500026e-01 |   4.48%|  97.46%
 1225s| 45200 | 14160 |591948 |  13.1 |    25M |  89 | 507 | 488 | 488 |   0 |  1 |   0 |1914k| 1.435820e-01 | 1.500026e-01 |   4.47%|  97.47%
 1226s| 45300 | 14118 |593858 |  13.1 |    25M |  89 | 507 | 488 | 488 |   0 |  1 |   0 |1916k| 1.436072e-01 | 1.500026e-01 |   4.45%|  97.47%
 1229s| 45400 | 14142 |594984 |  13.1 |    25M |  89 | 507 | 488 | 488 |   0 |  1 |   0 |1920k| 1.436214e-01 | 1.500026e-01 |   4.44%|  97.48%
 1230s| 45500 | 14168 |595850 |  13.1 |    25M |  89 | 507 | 488 | 488 |   0 |  1 |   0 |1922k| 1.436238e-01 | 1.500026e-01 |   4.44%|  97.48%
 1232s| 45600 | 14184 |597193 |  13.1 |    25M |  89 | 507 | 488 | 488 |   0 |  1 |   0 |1925k| 1.436399e-01 | 1.500026e-01 |   4.43%|  97.49%
 1233s| 45700 | 14194 |598322 |  13.1 |    25M |  89 | 507 | 488 | 488 |   0 |  1 |   0 |1928k| 1.436424e-01 | 1.500026e-01 |   4.43%|  97.49%
 1235s| 45800 | 14220 |599372 |  13.1 |    25M |  89 | 507 | 488 | 488 |   0 |  1 |   0 |1930k| 1.436589e-01 | 1.500026e-01 |   4.42%|  97.49%
 1236s| 45900 | 14236 |600703 |  13.1 |    25M |  89 | 507 | 488 | 488 |   0 |  2 |   0 |1932k| 1.436669e-01 | 1.500026e-01 |   4.41%|  97.49%
 1238s| 46000 | 14268 |601984 |  13.1 |    25M |  89 | 507 | 488 | 488 |   0 |  1 |   0 |1935k| 1.436678e-01 | 1.500026e-01 |   4.41%|  97.50%
 1240s| 46100 | 14268 |603419 |  13.1 |    25M |  89 | 507 | 488 | 488 |   0 |  1 |   0 |1938k| 1.436764e-01 | 1.500026e-01 |   4.40%|  97.50%
 1241s| 46200 | 14288 |604409 |  13.1 |    25M |  89 | 507 | 488 | 488 |   0 |  1 |   0 |1940k| 1.436810e-01 | 1.500026e-01 |   4.40%|  97.50%
 1243s| 46300 | 14324 |605556 |  13.1 |    26M |  89 | 507 | 488 | 488 |   0 |  2 |   0 |1944k| 1.436848e-01 | 1.500026e-01 |   4.40%|  97.50%
 time | node  | left  |LP iter|LP it/n|mem/heur|mdpt |vars |cons |rows |cuts |sepa|confs|strbr|  dualbound   | primalbound  |  gap   | compl. 
 1245s| 46400 | 14334 |606582 |  13.1 |    26M |  89 | 507 | 488 | 488 |   0 |  1 |   0 |1946k| 1.436916e-01 | 1.500026e-01 |   4.39%|  97.50%
 1246s| 46500 | 14340 |607946 |  13.1 |    26M |  89 | 507 | 488 | 488 |   0 |  2 |   0 |1948k| 1.437027e-01 | 1.500026e-01 |   4.38%|  97.50%
 1249s| 46600 | 14382 |608806 |  13.1 |    26M |  89 | 507 | 488 | 488 |   0 |  1 |   0 |1953k| 1.437240e-01 | 1.500026e-01 |   4.37%|  97.65%
 1250s| 46700 | 14398 |609984 |  13.1 |    26M |  89 | 507 | 488 | 488 |   0 |  1 |   0 |1955k| 1.437345e-01 | 1.500026e-01 |   4.36%|  97.65%
 1252s| 46800 | 14412 |611129 |  13.0 |    26M |  89 | 507 | 488 | 488 |   0 |  1 |   0 |1958k| 1.437428e-01 | 1.500026e-01 |   4.35%|  97.66%
 1253s| 46900 | 14438 |611943 |  13.0 |    26M |  89 | 507 | 488 | 488 |   0 |  1 |   0 |1960k| 1.437550e-01 | 1.500026e-01 |   4.35%|  97.66%
 1255s| 47000 | 14472 |612769 |  13.0 |    26M |  89 | 507 | 488 | 488 |   0 |  1 |   0 |1963k| 1.437594e-01 | 1.500026e-01 |   4.34%|  97.66%
 1256s| 47100 | 14490 |613787 |  13.0 |    26M |  89 | 507 | 488 | 488 |   0 |  2 |   0 |1965k| 1.437697e-01 | 1.500026e-01 |   4.34%|  97.66%
 1258s| 47200 | 14492 |615130 |  13.0 |    26M |  89 | 507 | 488 | 488 |   0 |  1 |   0 |1968k| 1.437796e-01 | 1.500026e-01 |   4.33%|  97.67%
 1260s| 47300 | 14516 |616314 |  13.0 |    26M |  89 | 507 | 488 | 488 |   0 |  1 |   0 |1971k| 1.437823e-01 | 1.500026e-01 |   4.33%|  97.67%
 1262s| 47400 | 14526 |617588 |  13.0 |    26M |  89 | 507 | 488 | 488 |   0 |  1 |   0 |1974k| 1.437922e-01 | 1.500026e-01 |   4.32%|  97.67%
 1263s| 47500 | 14544 |618755 |  13.0 |    26M |  89 | 507 | 488 | 488 |   0 |  1 |   0 |1976k| 1.438013e-01 | 1.500026e-01 |   4.31%|  97.67%
 1266s| 47600 | 14556 |620530 |  13.0 |    26M |  89 | 507 | 488 | 488 |   0 |  1 |   0 |1980k| 1.438075e-01 | 1.500026e-01 |   4.31%|  97.67%
 1267s| 47700 | 14562 |621846 |  13.0 |    26M |  89 | 507 | 488 | 488 |   0 |  1 |   0 |1983k| 1.438141e-01 | 1.500026e-01 |   4.30%|  97.68%
 1269s| 47800 | 14566 |623013 |  13.0 |    26M |  89 | 507 | 488 | 488 |   0 |  1 |   0 |1986k| 1.438246e-01 | 1.500026e-01 |   4.30%|  97.68%
 time | node  | left  |LP iter|LP it/n|mem/heur|mdpt |vars |cons |rows |cuts |sepa|confs|strbr|  dualbound   | primalbound  |  gap   | compl. 
 1271s| 47900 | 14574 |624468 |  13.0 |    26M |  89 | 507 | 488 | 488 |   0 |  1 |   0 |1989k| 1.438301e-01 | 1.500026e-01 |   4.29%|  97.68%
 1273s| 48000 | 14586 |625665 |  13.0 |    26M |  89 | 507 | 488 | 488 |   0 |  1 |   0 |1992k| 1.438391e-01 | 1.500026e-01 |   4.28%|  97.69%
 1275s| 48100 | 14578 |627215 |  13.0 |    26M |  89 | 507 | 488 | 488 |   0 |  1 |   0 |1995k| 1.438570e-01 | 1.500026e-01 |   4.27%|  97.69%
 1276s| 48200 | 14588 |628456 |  13.0 |    26M |  89 | 507 | 488 | 488 |   0 |  1 |   0 |1998k| 1.438673e-01 | 1.500026e-01 |   4.26%|  97.69%
 1278s| 48300 | 14588 |629749 |  13.0 |    26M |  89 | 507 | 488 | 488 |   0 |  1 |   0 |2000k| 1.438816e-01 | 1.500026e-01 |   4.25%|  97.69%
 1280s| 48400 | 14596 |631142 |  13.0 |    26M |  89 | 507 | 488 | 488 |   0 |  1 |   0 |2003k| 1.438941e-01 | 1.500026e-01 |   4.25%|  97.70%
 1281s| 48500 | 14584 |632734 |  13.0 |    26M |  89 | 507 | 488 | 488 |   0 |  1 |   0 |2005k| 1.439107e-01 | 1.500026e-01 |   4.23%|  97.71%
 1283s| 48600 | 14598 |634075 |  13.0 |    26M |  89 | 507 | 488 | 488 |   0 |  2 |   0 |2009k| 1.439134e-01 | 1.500026e-01 |   4.23%|  97.71%
 1286s| 48700 | 14626 |635621 |  13.0 |    26M |  89 | 507 | 488 | 488 |   0 |  1 |   0 |2013k| 1.439222e-01 | 1.500026e-01 |   4.22%|  97.72%
 1289s| 48800 | 14638 |637232 |  13.0 |    26M |  89 | 507 | 488 | 488 |   0 |  1 |   0 |2017k| 1.439318e-01 | 1.500026e-01 |   4.22%|  97.72%
 1290s| 48900 | 14672 |638124 |  13.0 |    26M |  89 | 507 | 488 | 488 |   0 |  1 |   0 |2019k| 1.439431e-01 | 1.500026e-01 |   4.21%|  97.73%
 1292s| 49000 | 14668 |639493 |  13.0 |    26M |  89 | 507 | 488 | 488 |   0 |  1 |   0 |2022k| 1.439489e-01 | 1.500026e-01 |   4.21%|  97.73%
 1293s| 49100 | 14670 |640843 |  13.0 |    26M |  89 | 507 | 488 | 488 |   0 |  1 |   0 |2025k| 1.439627e-01 | 1.500026e-01 |   4.20%|  97.73%
 1295s| 49200 | 14692 |641907 |  13.0 |    26M |  89 | 507 | 488 | 488 |   0 |  2 |   0 |2027k| 1.439649e-01 | 1.500026e-01 |   4.19%|  97.73%
 1297s| 49300 | 14718 |643228 |  13.0 |    26M |  89 | 507 | 488 | 488 |   0 |  1 |   0 |2030k| 1.439837e-01 | 1.500026e-01 |   4.18%|  97.74%
 time | node  | left  |LP iter|LP it/n|mem/heur|mdpt |vars |cons |rows |cuts |sepa|confs|strbr|  dualbound   | primalbound  |  gap   | compl. 
 1298s| 49400 | 14738 |644623 |  13.0 |    26M |  89 | 507 | 488 | 488 |   0 |  1 |   0 |2033k| 1.439930e-01 | 1.500026e-01 |   4.17%|  97.74%
 1300s| 49500 | 14764 |645527 |  13.0 |    26M |  89 | 507 | 488 | 488 |   0 |  1 |   0 |2036k| 1.439962e-01 | 1.500026e-01 |   4.17%|  97.74%
 1302s| 49600 | 14738 |647421 |  13.0 |    26M |  89 | 507 | 488 | 488 |   0 |  1 |   0 |2039k| 1.440157e-01 | 1.500026e-01 |   4.16%|  97.76%
 1304s| 49700 | 14740 |648843 |  13.0 |    26M |  89 | 507 | 488 | 488 |   0 |  4 |   0 |2042k| 1.440290e-01 | 1.500026e-01 |   4.15%|  97.77%
 1305s| 49800 | 14726 |650309 |  13.0 |    26M |  89 | 507 | 488 | 488 |   0 |  2 |   0 |2045k| 1.440393e-01 | 1.500026e-01 |   4.14%|  97.77%
 1307s| 49900 | 14742 |651311 |  13.0 |    26M |  89 | 507 | 488 | 488 |   0 |  1 |   0 |2047k| 1.440439e-01 | 1.500026e-01 |   4.14%|  97.77%
 1309s| 50000 | 14760 |652464 |  13.0 |    26M |  89 | 507 | 488 | 488 |   0 |  2 |   0 |2050k| 1.440536e-01 | 1.500026e-01 |   4.13%|  97.78%
 1310s| 50100 | 14754 |653990 |  13.0 |    26M |  89 | 507 | 488 | 488 |   0 |  1 |   0 |2053k| 1.440628e-01 | 1.500026e-01 |   4.12%|  97.78%
 1312s| 50200 | 14776 |655397 |  13.0 |    26M |  89 | 507 | 488 | 488 |   0 |  1 |   0 |2056k| 1.440649e-01 | 1.500026e-01 |   4.12%|  97.78%
 1314s| 50300 | 14806 |656284 |  13.0 |    26M |  89 | 507 | 488 | 488 |   0 |  3 |   0 |2058k| 1.440701e-01 | 1.500026e-01 |   4.12%|  97.78%
 1315s| 50400 | 14834 |657239 |  13.0 |    26M |  89 | 507 | 488 | 488 |   0 |  1 |   0 |2061k| 1.440708e-01 | 1.500026e-01 |   4.12%|  97.78%
 1316s| 50500 | 14854 |658460 |  13.0 |    26M |  89 | 507 | 488 | 488 |   0 |  1 |   0 |2063k| 1.440845e-01 | 1.500026e-01 |   4.11%|  97.78%
 1318s| 50600 | 14864 |659517 |  13.0 |    26M |  89 | 507 | 488 | 488 |   0 |  1 |   0 |2065k| 1.440916e-01 | 1.500026e-01 |   4.10%|  97.79%
 1319s| 50700 | 14854 |661032 |  13.0 |    26M |  89 | 507 | 488 | 488 |   0 |  1 |   0 |2068k| 1.441201e-01 | 1.500026e-01 |   4.08%|  97.79%
 1321s| 50800 | 14858 |662552 |  13.0 |    26M |  89 | 507 | 488 | 488 |   0 |  1 |   0 |2071k| 1.441264e-01 | 1.500026e-01 |   4.08%|  97.80%
 time | node  | left  |LP iter|LP it/n|mem/heur|mdpt |vars |cons |rows |cuts |sepa|confs|strbr|  dualbound   | primalbound  |  gap   | compl. 
 1323s| 50900 | 14878 |663806 |  13.0 |    26M |  89 | 507 | 488 | 488 |   0 |  1 |   0 |2073k| 1.441269e-01 | 1.500026e-01 |   4.08%|  97.80%
 1324s| 51000 | 14872 |665476 |  13.0 |    26M |  89 | 507 | 488 | 488 |   0 |  1 |   0 |2076k| 1.441313e-01 | 1.500026e-01 |   4.07%|  97.80%
 1326s| 51100 | 14896 |666713 |  13.0 |    26M |  89 | 507 | 488 | 488 |   0 |  1 |   0 |2079k| 1.441395e-01 | 1.500026e-01 |   4.07%|  97.80%
 1328s| 51200 | 14888 |668572 |  13.0 |    26M |  89 | 507 | 488 | 488 |   0 |  1 |   0 |2082k| 1.441565e-01 | 1.500026e-01 |   4.06%|  97.88%
 1330s| 51300 | 14896 |669854 |  13.0 |    26M |  89 | 507 | 488 | 488 |   0 |  1 |   0 |2084k| 1.441685e-01 | 1.500026e-01 |   4.05%|  97.88%
 1331s| 51400 | 14918 |670973 |  13.0 |    26M |  89 | 507 | 488 | 488 |   0 |  1 |   0 |2087k| 1.441808e-01 | 1.500026e-01 |   4.04%|  97.88%
 1333s| 51500 | 14916 |672342 |  13.0 |    26M |  89 | 507 | 488 | 488 |   0 |  2 |   0 |2089k| 1.441924e-01 | 1.500026e-01 |   4.03%|  97.89%
 1334s| 51600 | 14920 |673565 |  13.0 |    26M |  89 | 507 | 488 | 488 |   0 |  1 |   0 |2091k| 1.442024e-01 | 1.500026e-01 |   4.02%|  97.89%
 1335s| 51700 | 14934 |674868 |  13.0 |    26M |  90 | 507 | 488 | 488 |   0 |  1 |   0 |2094k| 1.442085e-01 | 1.500026e-01 |   4.02%|  97.89%
 1337s| 51800 | 14958 |675943 |  13.0 |    26M |  90 | 507 | 488 | 488 |   0 |  1 |   0 |2097k| 1.442282e-01 | 1.500026e-01 |   4.00%|  97.90%
 1339s| 51900 | 14960 |677438 |  13.0 |    26M |  90 | 507 | 488 | 488 |   0 |  3 |   0 |2100k| 1.442346e-01 | 1.500026e-01 |   4.00%|  97.90%
 1340s| 52000 | 14964 |678789 |  13.0 |    26M |  90 | 507 | 488 | 488 |   0 |  1 |   0 |2102k| 1.442375e-01 | 1.500026e-01 |   4.00%|  97.90%
 1342s| 52100 | 14968 |680107 |  13.0 |    26M |  90 | 507 | 488 | 488 |   0 |  1 |   0 |2105k| 1.442637e-01 | 1.500026e-01 |   3.98%|  97.91%
 1344s| 52200 | 14986 |681387 |  13.0 |    26M |  90 | 507 | 488 | 488 |   0 |  1 |   0 |2108k| 1.442675e-01 | 1.500026e-01 |   3.98%|  97.91%
 1345s| 52300 | 14984 |682857 |  13.0 |    26M |  90 | 507 | 488 | 488 |   0 |  1 |   0 |2111k| 1.442700e-01 | 1.500026e-01 |   3.97%|  97.91%
 time | node  | left  |LP iter|LP it/n|mem/heur|mdpt |vars |cons |rows |cuts |sepa|confs|strbr|  dualbound   | primalbound  |  gap   | compl. 
 1347s| 52400 | 14960 |684621 |  13.1 |    26M |  90 | 507 | 488 | 488 |   0 |  1 |   0 |2113k| 1.442941e-01 | 1.500026e-01 |   3.96%|  97.92%
 1348s| 52500 | 14960 |685977 |  13.1 |    26M |  90 | 507 | 488 | 488 |   0 |  1 |   0 |2115k| 1.443010e-01 | 1.500026e-01 |   3.95%|  97.92%
 1350s| 52600 | 14940 |687880 |  13.1 |    26M |  90 | 507 | 488 | 488 |   0 |  1 |   0 |2118k| 1.443125e-01 | 1.500026e-01 |   3.94%|  97.92%
 1352s| 52700 | 14950 |688964 |  13.1 |    26M |  90 | 507 | 488 | 488 |   0 |  1 |   0 |2121k| 1.443217e-01 | 1.500026e-01 |   3.94%|  97.92%
 1353s| 52800 | 14926 |690503 |  13.1 |    26M |  90 | 507 | 488 | 488 |   0 |  1 |   0 |2123k| 1.443307e-01 | 1.500026e-01 |   3.93%|  97.93%
 1355s| 52900 | 14940 |691692 |  13.1 |    26M |  90 | 507 | 488 | 488 |   0 |  1 |   0 |2126k| 1.443337e-01 | 1.500026e-01 |   3.93%|  97.93%
 1356s| 53000 | 14932 |693092 |  13.1 |    26M |  90 | 507 | 488 | 488 |   0 |  1 |   0 |2129k| 1.443424e-01 | 1.500026e-01 |   3.92%|  97.93%
 1359s| 53100 | 14928 |694750 |  13.1 |    27M |  90 | 507 | 488 | 488 |   0 |  1 |   0 |2132k| 1.443602e-01 | 1.500026e-01 |   3.91%|  97.94%
 1361s| 53200 | 14934 |696212 |  13.1 |    27M |  90 | 507 | 488 | 488 |   0 |  1 |   0 |2135k| 1.443712e-01 | 1.500026e-01 |   3.90%|  97.94%
 1363s| 53300 | 14948 |697405 |  13.1 |    27M |  90 | 507 | 488 | 488 |   0 |  1 |   0 |2139k| 1.443748e-01 | 1.500026e-01 |   3.90%|  97.94%
 1364s| 53400 | 14968 |698505 |  13.1 |    27M |  90 | 507 | 488 | 488 |   0 |  1 |   0 |2141k| 1.443838e-01 | 1.500026e-01 |   3.89%|  97.94%
 1366s| 53500 | 14974 |699787 |  13.1 |    27M |  90 | 507 | 488 | 488 |   0 |  1 |   0 |2144k| 1.444056e-01 | 1.500026e-01 |   3.88%|  97.95%
 1368s| 53600 | 15008 |700669 |  13.1 |    27M |  90 | 507 | 488 | 488 |   0 |  1 |   0 |2147k| 1.444108e-01 | 1.500026e-01 |   3.87%|  97.95%
 1369s| 53700 | 15026 |701960 |  13.1 |    27M |  90 | 507 | 488 | 488 |   0 |  6 |   0 |2149k| 1.444153e-01 | 1.500026e-01 |   3.87%|  97.95%
 1371s| 53800 | 15022 |703425 |  13.1 |    27M |  90 | 507 | 488 | 488 |   0 |  1 |   0 |2152k| 1.444233e-01 | 1.500026e-01 |   3.86%|  97.95%
 time | node  | left  |LP iter|LP it/n|mem/heur|mdpt |vars |cons |rows |cuts |sepa|confs|strbr|  dualbound   | primalbound  |  gap   | compl. 
 1372s| 53900 | 15036 |704536 |  13.1 |    27M |  90 | 507 | 488 | 488 |   0 |  1 |   0 |2155k| 1.444285e-01 | 1.500026e-01 |   3.86%|  97.96%
 1374s| 54000 | 15056 |705555 |  13.1 |    27M |  90 | 507 | 488 | 488 |   0 |  1 |   0 |2156k| 1.444367e-01 | 1.500026e-01 |   3.85%|  97.96%
 1375s| 54100 | 15078 |706950 |  13.1 |    27M |  90 | 507 | 488 | 488 |   0 |  2 |   0 |2159k| 1.444498e-01 | 1.500026e-01 |   3.84%|  97.96%
 1377s| 54200 | 15090 |708052 |  13.1 |    27M |  90 | 507 | 488 | 488 |   0 |  1 |   0 |2161k| 1.444517e-01 | 1.500026e-01 |   3.84%|  97.96%
 1378s| 54300 | 15088 |709443 |  13.1 |    27M |  90 | 507 | 488 | 488 |   0 |  1 |   0 |2164k| 1.444564e-01 | 1.500026e-01 |   3.84%|  97.96%
 1380s| 54400 | 15100 |710836 |  13.1 |    27M |  90 | 507 | 488 | 488 |   0 |  1 |   0 |2167k| 1.444635e-01 | 1.500026e-01 |   3.83%|  97.97%
 1381s| 54500 | 15116 |711904 |  13.1 |    27M |  90 | 507 | 488 | 488 |   0 |  1 |   0 |2169k| 1.444638e-01 | 1.500026e-01 |   3.83%|  97.97%
 1383s| 54600 | 15144 |712904 |  13.0 |    27M |  91 | 507 | 488 | 488 |   0 |  1 |   0 |2173k| 1.444641e-01 | 1.500026e-01 |   3.83%|  97.97%
 1386s| 54700 | 15140 |714571 |  13.1 |    27M |  91 | 507 | 488 | 488 |   0 |  1 |   0 |2176k| 1.444833e-01 | 1.500026e-01 |   3.82%|  97.98%
 1387s| 54800 | 15158 |715538 |  13.0 |    27M |  91 | 507 | 488 | 488 |   0 |  1 |   0 |2178k| 1.444921e-01 | 1.500026e-01 |   3.81%|  97.98%
 1389s| 54900 | 15176 |716751 |  13.0 |    27M |  91 | 507 | 488 | 488 |   0 |  1 |   0 |2182k| 1.444927e-01 | 1.500026e-01 |   3.81%|  97.98%
 1392s| 55000 | 15174 |718730 |  13.1 |    27M |  91 | 507 | 488 | 488 |   0 |  1 |   0 |2186k| 1.444979e-01 | 1.500026e-01 |   3.81%|  97.98%
 1393s| 55100 | 15184 |719775 |  13.1 |    27M |  91 | 507 | 488 | 488 |   0 |  1 |   0 |2188k| 1.445031e-01 | 1.500026e-01 |   3.81%|  97.98%
 1394s| 55200 | 15200 |720776 |  13.0 |    27M |  91 | 507 | 488 | 488 |   0 |  1 |   0 |2190k| 1.445063e-01 | 1.500026e-01 |   3.80%|  97.98%
 1395s| 55300 | 15220 |721813 |  13.0 |    27M |  91 | 507 | 488 | 488 |   0 |  1 |   0 |2192k| 1.445344e-01 | 1.500026e-01 |   3.78%|  97.99%
 time | node  | left  |LP iter|LP it/n|mem/heur|mdpt |vars |cons |rows |cuts |sepa|confs|strbr|  dualbound   | primalbound  |  gap   | compl. 
 1397s| 55400 | 15232 |722961 |  13.0 |    27M |  91 | 507 | 488 | 488 |   0 |  2 |   0 |2195k| 1.445439e-01 | 1.500026e-01 |   3.78%|  97.99%
 1399s| 55500 | 15268 |723802 |  13.0 |    27M |  91 | 507 | 488 | 488 |   0 |  1 |   0 |2198k| 1.445445e-01 | 1.500026e-01 |   3.78%|  97.99%
 1401s| 55600 | 15270 |725179 |  13.0 |    27M |  91 | 507 | 488 | 488 |   0 |  1 |   0 |2202k| 1.445540e-01 | 1.500026e-01 |   3.77%|  98.00%
 1403s| 55700 | 15270 |726577 |  13.0 |    27M |  91 | 507 | 488 | 488 |   0 |  1 |   0 |2204k| 1.445588e-01 | 1.500026e-01 |   3.77%|  98.00%
 1404s| 55800 | 15304 |727217 |  13.0 |    27M |  91 | 507 | 488 | 488 |   0 |  1 |   0 |2206k| 1.445609e-01 | 1.500026e-01 |   3.76%|  98.00%
 1406s| 55900 | 15322 |728343 |  13.0 |    27M |  91 | 507 | 488 | 488 |   0 |  1 |   0 |2209k| 1.445674e-01 | 1.500026e-01 |   3.76%|  98.00%
 1408s| 56000 | 15348 |729477 |  13.0 |    27M |  91 | 507 | 488 | 488 |   0 |  2 |   0 |2212k| 1.445681e-01 | 1.500026e-01 |   3.76%|  98.00%
 1409s| 56100 | 15374 |730566 |  13.0 |    27M |  91 | 507 | 488 | 488 |   0 |  1 |   0 |2214k| 1.445724e-01 | 1.500026e-01 |   3.76%|  98.00%
 1411s| 56200 | 15386 |731689 |  13.0 |    27M |  91 | 507 | 488 | 488 |   0 |  4 |   0 |2217k| 1.445741e-01 | 1.500026e-01 |   3.75%|  98.00%
 1412s| 56300 | 15388 |733126 |  13.0 |    27M |  91 | 507 | 488 | 488 |   0 |  1 |   0 |2220k| 1.445790e-01 | 1.500026e-01 |   3.75%|  98.00%
 1414s| 56400 | 15412 |734089 |  13.0 |    27M |  91 | 507 | 488 | 488 |   0 |  1 |   0 |2222k| 1.445821e-01 | 1.500026e-01 |   3.75%|  98.00%
 1416s| 56500 | 15392 |735592 |  13.0 |    27M |  91 | 507 | 488 | 488 |   0 |  1 |   0 |2225k| 1.446038e-01 | 1.500026e-01 |   3.73%|  98.01%
 1418s| 56600 | 15414 |736804 |  13.0 |    27M |  91 | 507 | 488 | 488 |   0 |  1 |   0 |2228k| 1.446089e-01 | 1.500026e-01 |   3.73%|  98.05%
 1419s| 56700 | 15444 |737788 |  13.0 |    27M |  91 | 507 | 488 | 488 |   0 |  1 |   0 |2231k| 1.446138e-01 | 1.500026e-01 |   3.73%|  98.05%
 1421s| 56800 | 15466 |738896 |  13.0 |    27M |  91 | 507 | 488 | 488 |   0 |  1 |   0 |2233k| 1.446164e-01 | 1.500026e-01 |   3.72%|  98.05%
 time | node  | left  |LP iter|LP it/n|mem/heur|mdpt |vars |cons |rows |cuts |sepa|confs|strbr|  dualbound   | primalbound  |  gap   | compl. 
 1422s| 56900 | 15460 |740201 |  13.0 |    27M |  91 | 507 | 488 | 488 |   0 |  1 |   0 |2235k| 1.446278e-01 | 1.500026e-01 |   3.72%|  98.05%
 1423s| 57000 | 15464 |741466 |  13.0 |    27M |  91 | 507 | 488 | 488 |   0 |  1 |   0 |2237k| 1.446489e-01 | 1.500026e-01 |   3.70%|  98.06%
 1424s| 57100 | 15488 |742573 |  13.0 |    27M |  91 | 507 | 488 | 488 |   0 |  3 |   0 |2239k| 1.446527e-01 | 1.500026e-01 |   3.70%|  98.06%
 1425s| 57200 | 15496 |743589 |  13.0 |    27M |  91 | 507 | 488 | 488 |   0 |  4 |   0 |2241k| 1.446572e-01 | 1.500026e-01 |   3.70%|  98.06%
 1427s| 57300 | 15520 |744616 |  13.0 |    27M |  91 | 507 | 488 | 488 |   0 |  2 |   0 |2244k| 1.446614e-01 | 1.500026e-01 |   3.69%|  98.06%
 1429s| 57400 | 15528 |746009 |  13.0 |    27M |  91 | 507 | 488 | 488 |   0 |  1 |   0 |2246k| 1.446701e-01 | 1.500026e-01 |   3.69%|  98.06%
 1431s| 57500 | 15542 |747736 |  13.0 |    27M |  91 | 507 | 488 | 488 |   0 |  1 |   0 |2250k| 1.446799e-01 | 1.500026e-01 |   3.68%|  98.07%
 1432s| 57600 | 15552 |748897 |  13.0 |    27M |  91 | 507 | 488 | 488 |   0 |  1 |   0 |2252k| 1.446857e-01 | 1.500026e-01 |   3.67%|  98.07%
 1434s| 57700 | 15548 |750588 |  13.0 |    27M |  91 | 507 | 488 | 488 |   0 |  1 |   0 |2255k| 1.446989e-01 | 1.500026e-01 |   3.67%|  98.07%
 1435s| 57800 | 15544 |751883 |  13.0 |    27M |  91 | 507 | 488 | 488 |   0 |  1 |   0 |2257k| 1.447038e-01 | 1.500026e-01 |   3.66%|  98.07%
 1437s| 57900 | 15526 |753471 |  13.0 |    27M |  91 | 507 | 488 | 488 |   0 |  1 |   0 |2260k| 1.447163e-01 | 1.500026e-01 |   3.65%|  98.08%
 1439s| 58000 | 15510 |755264 |  13.0 |    27M |  91 | 507 | 488 | 488 |   0 |  7 |   0 |2262k| 1.447257e-01 | 1.500026e-01 |   3.65%|  98.08%
 1440s| 58100 | 15502 |756618 |  13.0 |    27M |  91 | 507 | 488 | 488 |   0 |  1 |   0 |2264k| 1.447289e-01 | 1.500026e-01 |   3.64%|  98.08%
 1441s| 58200 | 15496 |758162 |  13.0 |    27M |  91 | 507 | 488 | 488 |   0 |  1 |   0 |2266k| 1.447461e-01 | 1.500026e-01 |   3.63%|  98.09%
 1442s| 58300 | 15506 |759391 |  13.0 |    27M |  91 | 507 | 488 | 488 |   0 |  1 |   0 |2268k| 1.447502e-01 | 1.500026e-01 |   3.63%|  98.09%
 time | node  | left  |LP iter|LP it/n|mem/heur|mdpt |vars |cons |rows |cuts |sepa|confs|strbr|  dualbound   | primalbound  |  gap   | compl. 
 1444s| 58400 | 15484 |761246 |  13.0 |    27M |  91 | 507 | 488 | 488 |   0 |  1 |   0 |2271k| 1.447555e-01 | 1.500026e-01 |   3.62%|  98.09%
 1445s| 58500 | 15472 |762669 |  13.0 |    27M |  91 | 507 | 488 | 488 |   0 |  3 |   0 |2273k| 1.447602e-01 | 1.500026e-01 |   3.62%|  98.09%
 1446s| 58600 | 15444 |764201 |  13.0 |    27M |  91 | 507 | 488 | 488 |   0 |  1 |   0 |2275k| 1.447707e-01 | 1.500026e-01 |   3.61%|  98.09%
 1448s| 58700 | 15460 |765393 |  13.0 |    27M |  91 | 507 | 488 | 488 |   0 |  1 |   0 |2279k| 1.447743e-01 | 1.500026e-01 |   3.61%|  98.13%
 1450s| 58800 | 15450 |766814 |  13.0 |    27M |  91 | 507 | 488 | 488 |   0 |  1 |   0 |2281k| 1.447871e-01 | 1.500026e-01 |   3.60%|  98.14%
 1452s| 58900 | 15462 |767976 |  13.0 |    27M |  91 | 507 | 488 | 488 |   0 |  3 |   0 |2284k| 1.448030e-01 | 1.500026e-01 |   3.59%|  98.14%
 1453s| 59000 | 15444 |769612 |  13.0 |    27M |  91 | 507 | 488 | 488 |   0 |  1 |   0 |2287k| 1.448091e-01 | 1.500026e-01 |   3.59%|  98.14%
 1456s| 59100 | 15466 |771003 |  13.0 |    27M |  91 | 507 | 488 | 488 |   0 |  1 |   0 |2290k| 1.448101e-01 | 1.500026e-01 |   3.59%|  98.15%
 1457s| 59200 | 15460 |772079 |  13.0 |    27M |  91 | 507 | 488 | 488 |   0 |  1 |   0 |2293k| 1.448125e-01 | 1.500026e-01 |   3.58%|  98.15%
 1459s| 59300 | 15480 |773098 |  13.0 |    27M |  91 | 507 | 488 | 488 |   0 |  2 |   0 |2296k| 1.448136e-01 | 1.500026e-01 |   3.58%|  98.15%
 1460s| 59400 | 15482 |774446 |  13.0 |    27M |  91 | 507 | 488 | 488 |   0 |  1 |   0 |2298k| 1.448280e-01 | 1.500026e-01 |   3.57%|  98.17%
 1462s| 59500 | 15480 |775847 |  13.0 |    27M |  91 | 507 | 488 | 488 |   0 |  1 |   0 |2301k| 1.448435e-01 | 1.500026e-01 |   3.56%|  98.17%
 1463s| 59600 | 15482 |776920 |  13.0 |    27M |  91 | 507 | 488 | 488 |   0 |  3 |   0 |2303k| 1.448499e-01 | 1.500026e-01 |   3.56%|  98.18%
 1465s| 59700 | 15488 |778169 |  13.0 |    27M |  91 | 507 | 488 | 488 |   0 |  2 |   0 |2306k| 1.448676e-01 | 1.500026e-01 |   3.54%|  98.18%
 1466s| 59800 | 15484 |779689 |  13.0 |    27M |  91 | 507 | 488 | 488 |   0 |  1 |   0 |2308k| 1.448808e-01 | 1.500026e-01 |   3.54%|  98.18%
 time | node  | left  |LP iter|LP it/n|mem/heur|mdpt |vars |cons |rows |cuts |sepa|confs|strbr|  dualbound   | primalbound  |  gap   | compl. 
 1469s| 59900 | 15484 |781046 |  13.0 |    27M |  91 | 507 | 488 | 488 |   0 |  1 |   0 |2312k| 1.448855e-01 | 1.500026e-01 |   3.53%|  98.18%
 1470s| 60000 | 15464 |782873 |  13.0 |    27M |  91 | 507 | 488 | 488 |   0 |  2 |   0 |2314k| 1.449057e-01 | 1.500026e-01 |   3.52%|  98.20%
 1471s| 60100 | 15446 |784162 |  13.0 |    27M |  91 | 507 | 488 | 488 |   0 |  1 |   0 |2316k| 1.449162e-01 | 1.500026e-01 |   3.51%|  98.20%
 1473s| 60200 | 15450 |785450 |  13.0 |    27M |  91 | 507 | 488 | 488 |   0 |  1 |   0 |2319k| 1.449222e-01 | 1.500026e-01 |   3.51%|  98.20%
 1475s| 60300 | 15466 |786582 |  13.0 |    27M |  91 | 507 | 488 | 488 |   0 |  1 |   0 |2322k| 1.449249e-01 | 1.500026e-01 |   3.50%|  98.20%
 1476s| 60400 | 15474 |787695 |  13.0 |    27M |  91 | 507 | 488 | 488 |   0 |  1 |   0 |2324k| 1.449291e-01 | 1.500026e-01 |   3.50%|  98.20%
 1478s| 60500 | 15492 |788808 |  13.0 |    27M |  91 | 507 | 488 | 488 |   0 |  1 |   0 |2327k| 1.449332e-01 | 1.500026e-01 |   3.50%|  98.21%
 1480s| 60600 | 15498 |789960 |  13.0 |    27M |  91 | 507 | 488 | 488 |   0 |  1 |   0 |2330k| 1.449372e-01 | 1.500026e-01 |   3.49%|  98.21%
 1481s| 60700 | 15512 |791149 |  13.0 |    27M |  91 | 507 | 488 | 488 |   0 |  1 |   0 |2333k| 1.449451e-01 | 1.500026e-01 |   3.49%|  98.21%
 1483s| 60800 | 15506 |792625 |  13.0 |    27M |  91 | 507 | 488 | 488 |   0 |  1 |   0 |2335k| 1.449622e-01 | 1.500026e-01 |   3.48%|  98.21%
 1485s| 60900 | 15470 |794518 |  13.0 |    27M |  91 | 507 | 488 | 488 |   0 |  1 |   0 |2338k| 1.449696e-01 | 1.500026e-01 |   3.47%|  98.22%
 1486s| 61000 | 15478 |795776 |  13.0 |    27M |  91 | 507 | 488 | 488 |   0 |  1 |   0 |2341k| 1.449820e-01 | 1.500026e-01 |   3.46%|  98.22%
 1488s| 61100 | 15496 |796924 |  13.0 |    27M |  91 | 507 | 488 | 488 |   0 |  1 |   0 |2343k| 1.449855e-01 | 1.500026e-01 |   3.46%|  98.22%
 1489s| 61200 | 15508 |798122 |  13.0 |    27M |  91 | 507 | 488 | 488 |   0 |  1 |   0 |2345k| 1.449911e-01 | 1.500026e-01 |   3.46%|  98.22%
 1490s| 61300 | 15512 |799218 |  13.0 |    27M |  91 | 507 | 488 | 488 |   0 |  2 |   0 |2347k| 1.450002e-01 | 1.500026e-01 |   3.45%|  98.22%
 time | node  | left  |LP iter|LP it/n|mem/heur|mdpt |vars |cons |rows |cuts |sepa|confs|strbr|  dualbound   | primalbound  |  gap   | compl. 
 1492s| 61400 | 15532 |800410 |  13.0 |    27M |  91 | 507 | 488 | 488 |   0 |  1 |   0 |2350k| 1.450064e-01 | 1.500026e-01 |   3.45%|  98.22%
 1493s| 61500 | 15552 |801337 |  13.0 |    27M |  91 | 507 | 488 | 488 |   0 |  1 |   0 |2352k| 1.450093e-01 | 1.500026e-01 |   3.44%|  98.22%
 1494s| 61600 | 15576 |802254 |  13.0 |    27M |  91 | 507 | 488 | 488 |   0 |  1 |   0 |2354k| 1.450164e-01 | 1.500026e-01 |   3.44%|  98.23%
 1496s| 61700 | 15590 |803474 |  13.0 |    27M |  91 | 507 | 488 | 488 |   0 |  1 |   0 |2357k| 1.450215e-01 | 1.500026e-01 |   3.43%|  98.23%
 1498s| 61800 | 15606 |804818 |  13.0 |    27M |  91 | 507 | 488 | 488 |   0 |  1 |   0 |2360k| 1.450234e-01 | 1.500026e-01 |   3.43%|  98.23%
 1500s| 61900 | 15630 |805776 |  13.0 |    27M |  91 | 507 | 488 | 488 |   0 |  4 |   0 |2363k| 1.450280e-01 | 1.500026e-01 |   3.43%|  98.23%
 1501s| 62000 | 15628 |806887 |  13.0 |    27M |  91 | 507 | 488 | 488 |   0 |  1 |   0 |2365k| 1.450374e-01 | 1.500026e-01 |   3.42%|  98.23%
 1503s| 62100 | 15652 |807780 |  13.0 |    27M |  91 | 507 | 488 | 488 |   0 |  1 |   0 |2368k| 1.450401e-01 | 1.500026e-01 |   3.42%|  98.23%
 1504s| 62200 | 15668 |808705 |  13.0 |    27M |  91 | 507 | 488 | 488 |   0 |  1 |   0 |2370k| 1.450541e-01 | 1.500026e-01 |   3.41%|  98.24%
 1505s| 62300 | 15656 |810498 |  13.0 |    27M |  91 | 507 | 488 | 488 |   0 |  1 |   0 |2373k| 1.450666e-01 | 1.500026e-01 |   3.40%|  98.24%
 1507s| 62400 | 15634 |812104 |  13.0 |    27M |  91 | 507 | 488 | 488 |   0 |  1 |   0 |2375k| 1.450742e-01 | 1.500026e-01 |   3.40%|  98.24%
 1508s| 62500 | 15648 |813338 |  13.0 |    27M |  91 | 507 | 488 | 488 |   0 |  1 |   0 |2377k| 1.450806e-01 | 1.500026e-01 |   3.39%|  98.25%
 1510s| 62600 | 15664 |814436 |  13.0 |    27M |  91 | 507 | 488 | 488 |   0 |  2 |   0 |2380k| 1.450840e-01 | 1.500026e-01 |   3.39%|  98.25%
 1511s| 62700 | 15664 |815579 |  13.0 |    27M |  91 | 507 | 488 | 488 |   0 |  1 |   0 |2382k| 1.450882e-01 | 1.500026e-01 |   3.39%|  98.25%
 1513s| 62800 | 15656 |816999 |  13.0 |    27M |  91 | 507 | 488 | 488 |   0 |  1 |   0 |2384k| 1.450937e-01 | 1.500026e-01 |   3.38%|  98.25%
 time | node  | left  |LP iter|LP it/n|mem/heur|mdpt |vars |cons |rows |cuts |sepa|confs|strbr|  dualbound   | primalbound  |  gap   | compl. 
 1514s| 62900 | 15680 |817936 |  13.0 |    27M |  91 | 507 | 488 | 488 |   0 |  1 |   0 |2387k| 1.450967e-01 | 1.500026e-01 |   3.38%|  98.25%
 1516s| 63000 | 15708 |818819 |  13.0 |    27M |  91 | 507 | 488 | 488 |   0 |  1 |   0 |2390k| 1.450993e-01 | 1.500026e-01 |   3.38%|  98.25%
 1517s| 63100 | 15722 |819905 |  13.0 |    27M |  91 | 507 | 488 | 488 |   0 |  2 |   0 |2392k| 1.451004e-01 | 1.500026e-01 |   3.38%|  98.25%
 1518s| 63200 | 15746 |820958 |  13.0 |    27M |  91 | 507 | 488 | 488 |   0 |  1 |   0 |2394k| 1.451016e-01 | 1.500026e-01 |   3.38%|  98.25%
 1520s| 63300 | 15758 |822098 |  13.0 |    27M |  91 | 507 | 488 | 488 |   0 | 11 |   0 |2396k| 1.451099e-01 | 1.500026e-01 |   3.37%|  98.26%
 1521s| 63400 | 15734 |823662 |  13.0 |    27M |  91 | 507 | 488 | 488 |   0 |  1 |   0 |2398k| 1.451219e-01 | 1.500026e-01 |   3.36%|  98.40%
 1522s| 63500 | 15736 |825086 |  13.0 |    27M |  91 | 507 | 488 | 488 |   0 |  1 |   0 |2400k| 1.451269e-01 | 1.500026e-01 |   3.36%|  98.40%
 1524s| 63600 | 15716 |826747 |  13.0 |    27M |  91 | 507 | 488 | 488 |   0 |  1 |   0 |2403k| 1.451414e-01 | 1.500026e-01 |   3.35%|  98.41%
 1525s| 63700 | 15702 |828203 |  13.0 |    27M |  91 | 507 | 488 | 488 |   0 |  2 |   0 |2405k| 1.451485e-01 | 1.500026e-01 |   3.34%|  98.41%
 1526s| 63800 | 15698 |829854 |  13.0 |    27M |  91 | 507 | 488 | 488 |   0 |  1 |   0 |2407k| 1.451547e-01 | 1.500026e-01 |   3.34%|  98.41%
 1528s| 63900 | 15702 |831279 |  13.0 |    27M |  91 | 507 | 488 | 488 |   0 |  1 |   0 |2410k| 1.451574e-01 | 1.500026e-01 |   3.34%|  98.43%
 1530s| 64000 | 15732 |832327 |  13.0 |    27M |  91 | 507 | 488 | 488 |   0 |  1 |   0 |2413k| 1.451631e-01 | 1.500026e-01 |   3.33%|  98.43%
 1531s| 64100 | 15744 |833316 |  13.0 |    27M |  91 | 507 | 488 | 488 |   0 |  0 |   0 |2415k| 1.451658e-01 | 1.500026e-01 |   3.33%|  98.43%
 1532s| 64200 | 15746 |834724 |  13.0 |    27M |  91 | 507 | 488 | 488 |   0 |  1 |   0 |2417k| 1.451705e-01 | 1.500026e-01 |   3.33%|  98.44%
 1533s| 64300 | 15758 |835627 |  13.0 |    27M |  91 | 507 | 488 | 488 |   0 |  1 |   0 |2419k| 1.451859e-01 | 1.500026e-01 |   3.32%|  98.44%
 time | node  | left  |LP iter|LP it/n|mem/heur|mdpt |vars |cons |rows |cuts |sepa|confs|strbr|  dualbound   | primalbound  |  gap   | compl. 
 1535s| 64400 | 15772 |836842 |  13.0 |    27M |  91 | 507 | 488 | 488 |   0 |  1 |   0 |2421k| 1.451868e-01 | 1.500026e-01 |   3.32%|  98.44%
 1537s| 64500 | 15774 |838438 |  13.0 |    27M |  91 | 507 | 488 | 488 |   0 |  1 |   0 |2424k| 1.451997e-01 | 1.500026e-01 |   3.31%|  98.45%
 1538s| 64600 | 15766 |839904 |  13.0 |    27M |  91 | 507 | 488 | 488 |   0 |  1 |   0 |2427k| 1.452093e-01 | 1.500026e-01 |   3.30%|  98.45%
 1540s| 64700 | 15760 |841276 |  13.0 |    27M |  91 | 507 | 488 | 488 |   0 |  2 |   0 |2429k| 1.452159e-01 | 1.500026e-01 |   3.30%|  98.45%
 1541s| 64800 | 15748 |842534 |  13.0 |    27M |  91 | 507 | 488 | 488 |   0 |  1 |   0 |2432k| 1.452207e-01 | 1.500026e-01 |   3.29%|  98.45%
 1543s| 64900 | 15734 |844084 |  13.0 |    27M |  91 | 507 | 488 | 488 |   0 |  1 |   0 |2434k| 1.452218e-01 | 1.500026e-01 |   3.29%|  98.45%
 1544s| 65000 | 15744 |845007 |  13.0 |    27M |  91 | 507 | 488 | 488 |   0 |  1 |   0 |2436k| 1.452321e-01 | 1.500026e-01 |   3.28%|  98.46%
 1546s| 65100 | 15734 |846248 |  13.0 |    27M |  91 | 507 | 488 | 488 |   0 |  1 |   0 |2439k| 1.452375e-01 | 1.500026e-01 |   3.28%|  98.46%
 1548s| 65200 | 15734 |847615 |  13.0 |    27M |  91 | 507 | 488 | 488 |   0 |  1 |   0 |2442k| 1.452412e-01 | 1.500026e-01 |   3.28%|  98.46%
 1549s| 65300 | 15720 |849135 |  13.0 |    27M |  91 | 507 | 488 | 488 |   0 |  1 |   0 |2444k| 1.452537e-01 | 1.500026e-01 |   3.27%|  98.46%
 1550s| 65400 | 15702 |850877 |  13.0 |    27M |  91 | 507 | 488 | 488 |   0 |  2 |   0 |2447k| 1.452609e-01 | 1.500026e-01 |   3.26%|  98.46%
 1552s| 65500 | 15702 |851949 |  13.0 |    27M |  91 | 507 | 488 | 488 |   0 |  1 |   0 |2449k| 1.452657e-01 | 1.500026e-01 |   3.26%|  98.46%
 1554s| 65600 | 15718 |853220 |  13.0 |    27M |  91 | 507 | 488 | 488 |   0 |  1 |   0 |2452k| 1.452729e-01 | 1.500026e-01 |   3.26%|  98.47%
 1555s| 65700 | 15690 |855154 |  13.0 |    27M |  91 | 507 | 488 | 488 |   0 |  1 |   0 |2455k| 1.452915e-01 | 1.500026e-01 |   3.24%|  98.47%
 1557s| 65800 | 15704 |856335 |  13.0 |    27M |  91 | 507 | 488 | 488 |   0 |  1 |   0 |2457k| 1.453028e-01 | 1.500026e-01 |   3.23%|  98.47%
 time | node  | left  |LP iter|LP it/n|mem/heur|mdpt |vars |cons |rows |cuts |sepa|confs|strbr|  dualbound   | primalbound  |  gap   | compl. 
 1558s| 65900 | 15692 |857830 |  13.0 |    27M |  91 | 507 | 488 | 488 |   0 |  2 |   0 |2459k| 1.453116e-01 | 1.500026e-01 |   3.23%|  98.48%
 1560s| 66000 | 15708 |858712 |  13.0 |    27M |  91 | 507 | 488 | 488 |   0 |  1 |   0 |2461k| 1.453199e-01 | 1.500026e-01 |   3.22%|  98.48%
 1562s| 66100 | 15722 |860024 |  13.0 |    27M |  91 | 507 | 488 | 488 |   0 |  1 |   0 |2464k| 1.453240e-01 | 1.500026e-01 |   3.22%|  98.48%
 1563s| 66200 | 15734 |861056 |  13.0 |    27M |  91 | 507 | 488 | 488 |   0 |  1 |   0 |2467k| 1.453249e-01 | 1.500026e-01 |   3.22%|  98.48%
 1565s| 66300 | 15766 |862021 |  13.0 |    27M |  91 | 507 | 488 | 488 |   0 |  2 |   0 |2470k| 1.453267e-01 | 1.500026e-01 |   3.22%|  98.48%
 1567s| 66400 | 15802 |862879 |  13.0 |    28M |  91 | 507 | 488 | 488 |   0 |  1 |   0 |2473k| 1.453301e-01 | 1.500026e-01 |   3.22%|  98.48%
 1568s| 66500 | 15808 |864003 |  13.0 |    28M |  91 | 507 | 488 | 488 |   0 |  2 |   0 |2475k| 1.453357e-01 | 1.500026e-01 |   3.21%|  98.48%
 1569s| 66600 | 15814 |865262 |  13.0 |    28M |  91 | 507 | 488 | 488 |   0 |  1 |   0 |2477k| 1.453431e-01 | 1.500026e-01 |   3.21%|  98.48%
 1571s| 66700 | 15818 |866429 |  13.0 |    28M |  91 | 507 | 488 | 488 |   0 |  1 |   0 |2480k| 1.453464e-01 | 1.500026e-01 |   3.20%|  98.48%
 1572s| 66800 | 15812 |867701 |  13.0 |    28M |  91 | 507 | 488 | 488 |   0 |  1 |   0 |2482k| 1.453602e-01 | 1.500026e-01 |   3.19%|  98.49%
 1573s| 66900 | 15816 |868909 |  13.0 |    28M |  91 | 507 | 488 | 488 |   0 |  1 |   0 |2484k| 1.453603e-01 | 1.500026e-01 |   3.19%|  98.49%
 1575s| 67000 | 15834 |869929 |  13.0 |    28M |  91 | 507 | 488 | 488 |   0 |  1 |   0 |2486k| 1.453784e-01 | 1.500026e-01 |   3.18%|  98.49%
 1577s| 67100 | 15850 |871320 |  13.0 |    28M |  91 | 507 | 488 | 488 |   0 |  2 |   0 |2489k| 1.453834e-01 | 1.500026e-01 |   3.18%|  98.50%
 1578s| 67200 | 15850 |872418 |  13.0 |    28M |  91 | 507 | 488 | 488 |   0 |  1 |   0 |2491k| 1.453925e-01 | 1.500026e-01 |   3.17%|  98.50%
 1579s| 67300 | 15852 |873565 |  13.0 |    28M |  91 | 507 | 488 | 488 |   0 |  1 |   0 |2493k| 1.454027e-01 | 1.500026e-01 |   3.16%|  98.51%
 time | node  | left  |LP iter|LP it/n|mem/heur|mdpt |vars |cons |rows |cuts |sepa|confs|strbr|  dualbound   | primalbound  |  gap   | compl. 
 1581s| 67400 | 15868 |874588 |  13.0 |    28M |  91 | 507 | 488 | 488 |   0 |  2 |   0 |2496k| 1.454038e-01 | 1.500026e-01 |   3.16%|  98.51%
 1582s| 67500 | 15874 |875775 |  13.0 |    28M |  91 | 507 | 488 | 488 |   0 |  1 |   0 |2499k| 1.454120e-01 | 1.500026e-01 |   3.16%|  98.51%
 1584s| 67600 | 15896 |876793 |  13.0 |    28M |  91 | 507 | 488 | 488 |   0 |  2 |   0 |2502k| 1.454153e-01 | 1.500026e-01 |   3.15%|  98.51%
 1586s| 67700 | 15902 |878199 |  13.0 |    28M |  91 | 507 | 488 | 488 |   0 |  1 |   0 |2504k| 1.454187e-01 | 1.500026e-01 |   3.15%|  98.51%
 1587s| 67800 | 15908 |879302 |  13.0 |    28M |  91 | 507 | 488 | 488 |   0 |  2 |   0 |2506k| 1.454227e-01 | 1.500026e-01 |   3.15%|  98.51%
 1588s| 67900 | 15918 |880415 |  13.0 |    28M |  91 | 507 | 488 | 488 |   0 |  1 |   0 |2508k| 1.454264e-01 | 1.500026e-01 |   3.15%|  98.51%
 1590s| 68000 | 15916 |881634 |  13.0 |    28M |  91 | 507 | 488 | 488 |   0 |  7 |   0 |2511k| 1.454361e-01 | 1.500026e-01 |   3.14%|  98.51%
 1592s| 68100 | 15926 |882659 |  13.0 |    28M |  91 | 507 | 488 | 488 |   0 |  1 |   0 |2514k| 1.454452e-01 | 1.500026e-01 |   3.13%|  98.55%
 1593s| 68200 | 15920 |883668 |  13.0 |    28M |  91 | 507 | 488 | 488 |   0 |  1 |   0 |2516k| 1.454509e-01 | 1.500026e-01 |   3.13%|  98.55%
 1594s| 68300 | 15940 |884837 |  12.9 |    28M |  91 | 507 | 488 | 488 |   0 |  1 |   0 |2518k| 1.454510e-01 | 1.500026e-01 |   3.13%|  98.55%
 1595s| 68400 | 15952 |885938 |  12.9 |    28M |  91 | 507 | 488 | 488 |   0 |  1 |   0 |2520k| 1.454617e-01 | 1.500026e-01 |   3.12%|  98.56%
 1597s| 68500 | 15944 |887118 |  12.9 |    28M |  91 | 507 | 488 | 488 |   0 |  1 |   0 |2522k| 1.454678e-01 | 1.500026e-01 |   3.12%|  98.56%
 1598s| 68600 | 15962 |888067 |  12.9 |    28M |  91 | 507 | 488 | 488 |   0 |  1 |   0 |2524k| 1.454845e-01 | 1.500026e-01 |   3.11%|  98.56%
 1599s| 68700 | 15986 |889534 |  12.9 |    28M |  91 | 507 | 488 | 488 |   0 |  1 |   0 |2526k| 1.454905e-01 | 1.500026e-01 |   3.10%|  98.58%
 1602s| 68800 | 15994 |891029 |  12.9 |    28M |  91 | 507 | 488 | 488 |   0 |  1 |   0 |2530k| 1.455020e-01 | 1.500026e-01 |   3.09%|  98.58%
 time | node  | left  |LP iter|LP it/n|mem/heur|mdpt |vars |cons |rows |cuts |sepa|confs|strbr|  dualbound   | primalbound  |  gap   | compl. 
 1603s| 68900 | 15976 |892535 |  12.9 |    28M |  91 | 507 | 488 | 488 |   0 |  1 |   0 |2532k| 1.455132e-01 | 1.500026e-01 |   3.09%|  98.59%
 1605s| 69000 | 15984 |893862 |  12.9 |    28M |  91 | 507 | 488 | 488 |   0 |  4 |   0 |2535k| 1.455167e-01 | 1.500026e-01 |   3.08%|  98.59%
 1606s| 69100 | 15994 |895268 |  12.9 |    28M |  91 | 507 | 488 | 488 |   0 |  1 |   0 |2537k| 1.455234e-01 | 1.500026e-01 |   3.08%|  98.59%
 1608s| 69200 | 15990 |896610 |  13.0 |    28M |  91 | 507 | 488 | 488 |   0 |  1 |   0 |2540k| 1.455254e-01 | 1.500026e-01 |   3.08%|  98.59%
 1609s| 69300 | 15992 |897794 |  12.9 |    28M |  91 | 507 | 488 | 488 |   0 |  1 |   0 |2542k| 1.455274e-01 | 1.500026e-01 |   3.08%|  98.59%
 1611s| 69400 | 16008 |899013 |  12.9 |    28M |  91 | 507 | 488 | 488 |   0 |  1 |   0 |2544k| 1.455292e-01 | 1.500026e-01 |   3.07%|  98.59%
 1612s| 69500 | 16016 |900179 |  12.9 |    28M |  91 | 507 | 488 | 488 |   0 |  1 |   0 |2547k| 1.455337e-01 | 1.500026e-01 |   3.07%|  98.59%
 1614s| 69600 | 15998 |901682 |  12.9 |    28M |  91 | 507 | 488 | 488 |   0 |  1 |   0 |2550k| 1.455381e-01 | 1.500026e-01 |   3.07%|  98.59%
 1615s| 69700 | 16000 |902917 |  12.9 |    28M |  91 | 507 | 488 | 488 |   0 |  1 |   0 |2552k| 1.455433e-01 | 1.500026e-01 |   3.06%|  98.59%
 1617s| 69800 | 16002 |904218 |  12.9 |    28M |  91 | 507 | 488 | 488 |   0 |  1 |   0 |2554k| 1.455520e-01 | 1.500026e-01 |   3.06%|  98.60%
 1618s| 69900 | 16008 |905158 |  12.9 |    28M |  91 | 507 | 488 | 488 |   0 |  1 |   0 |2556k| 1.455597e-01 | 1.500026e-01 |   3.05%|  98.60%
 1619s| 70000 | 16018 |906245 |  12.9 |    28M |  91 | 507 | 488 | 488 |   0 |  1 |   0 |2559k| 1.455647e-01 | 1.500026e-01 |   3.05%|  98.60%
 1621s| 70100 | 16024 |907241 |  12.9 |    28M |  91 | 507 | 488 | 488 |   0 |  1 |   0 |2561k| 1.455655e-01 | 1.500026e-01 |   3.05%|  98.60%
 1622s| 70200 | 16046 |908205 |  12.9 |    28M |  91 | 507 | 488 | 488 |   0 |  1 |   0 |2564k| 1.455715e-01 | 1.500026e-01 |   3.04%|  98.61%
 1624s| 70300 | 16050 |909430 |  12.9 |    28M |  91 | 507 | 488 | 488 |   0 |  2 |   0 |2566k| 1.455855e-01 | 1.500026e-01 |   3.03%|  98.61%
 time | node  | left  |LP iter|LP it/n|mem/heur|mdpt |vars |cons |rows |cuts |sepa|confs|strbr|  dualbound   | primalbound  |  gap   | compl. 
 1625s| 70400 | 16056 |910574 |  12.9 |    28M |  91 | 507 | 488 | 488 |   0 |  1 |   0 |2568k| 1.455887e-01 | 1.500026e-01 |   3.03%|  98.61%
 1627s| 70500 | 16054 |911641 |  12.9 |    28M |  91 | 507 | 488 | 488 |   0 |  2 |   0 |2571k| 1.455937e-01 | 1.500026e-01 |   3.03%|  98.61%
 1628s| 70600 | 16062 |912941 |  12.9 |    28M |  91 | 507 | 488 | 488 |   0 |  1 |   0 |2573k| 1.456062e-01 | 1.500026e-01 |   3.02%|  98.61%
 1629s| 70700 | 16058 |914385 |  12.9 |    28M |  91 | 507 | 488 | 488 |   0 |  1 |   0 |2575k| 1.456114e-01 | 1.500026e-01 |   3.02%|  98.61%
 1631s| 70800 | 16076 |915432 |  12.9 |    28M |  91 | 507 | 488 | 488 |   0 |  2 |   0 |2578k| 1.456157e-01 | 1.500026e-01 |   3.01%|  98.62%
 1632s| 70900 | 16088 |916493 |  12.9 |    28M |  91 | 507 | 488 | 488 |   0 |  1 |   0 |2580k| 1.456201e-01 | 1.500026e-01 |   3.01%|  98.62%
 1634s| 71000 | 16076 |917802 |  12.9 |    28M |  91 | 507 | 488 | 488 |   0 |  1 |   0 |2582k| 1.456277e-01 | 1.500026e-01 |   3.00%|  98.62%
 1635s| 71100 | 16058 |919519 |  12.9 |    28M |  91 | 507 | 488 | 488 |   0 |  1 |   0 |2585k| 1.456417e-01 | 1.500026e-01 |   2.99%|  98.62%
 1637s| 71200 | 16050 |920740 |  12.9 |    28M |  91 | 507 | 488 | 488 |   0 |  1 |   0 |2588k| 1.456455e-01 | 1.500026e-01 |   2.99%|  98.62%
 1638s| 71300 | 16044 |922161 |  12.9 |    28M |  91 | 507 | 488 | 488 |   0 |  1 |   0 |2590k| 1.456462e-01 | 1.500026e-01 |   2.99%|  98.62%
 1640s| 71400 | 16052 |923371 |  12.9 |    28M |  91 | 507 | 488 | 488 |   0 |  2 |   0 |2592k| 1.456540e-01 | 1.500026e-01 |   2.99%|  98.63%
 1641s| 71500 | 16064 |924383 |  12.9 |    28M |  91 | 507 | 488 | 488 |   0 |  1 |   0 |2594k| 1.456566e-01 | 1.500026e-01 |   2.98%|  98.63%
 1642s| 71600 | 16066 |925350 |  12.9 |    28M |  91 | 507 | 488 | 488 |   0 |  2 |   0 |2596k| 1.456672e-01 | 1.500026e-01 |   2.98%|  98.63%
 1643s| 71700 | 16046 |926775 |  12.9 |    28M |  91 | 507 | 488 | 488 |   0 |  1 |   0 |2598k| 1.456700e-01 | 1.500026e-01 |   2.97%|  98.63%
 1645s| 71800 | 16038 |928028 |  12.9 |    28M |  91 | 507 | 488 | 488 |   0 |  1 |   0 |2601k| 1.456706e-01 | 1.500026e-01 |   2.97%|  98.63%
 time | node  | left  |LP iter|LP it/n|mem/heur|mdpt |vars |cons |rows |cuts |sepa|confs|strbr|  dualbound   | primalbound  |  gap   | compl. 
 1646s| 71900 | 16028 |929520 |  12.9 |    28M |  91 | 507 | 488 | 488 |   0 |  1 |   0 |2603k| 1.456836e-01 | 1.500026e-01 |   2.96%|  98.63%
 1647s| 72000 | 15996 |931148 |  12.9 |    28M |  91 | 507 | 488 | 488 |   0 |  1 |   0 |2605k| 1.456913e-01 | 1.500026e-01 |   2.96%|  98.64%
 1648s| 72100 | 15972 |932466 |  12.9 |    28M |  91 | 507 | 488 | 488 |   0 |  1 |   0 |2606k| 1.456975e-01 | 1.500026e-01 |   2.95%|  98.66%
 1650s| 72200 | 15970 |933613 |  12.9 |    28M |  91 | 507 | 488 | 488 |   0 |  3 |   0 |2609k| 1.457052e-01 | 1.500026e-01 |   2.95%|  98.66%
 1651s| 72300 | 15986 |934709 |  12.9 |    28M |  91 | 507 | 488 | 488 |   0 |  2 |   0 |2612k| 1.457067e-01 | 1.500026e-01 |   2.95%|  98.66%
 1653s| 72400 | 15986 |936092 |  12.9 |    28M |  91 | 507 | 488 | 488 |   0 |  1 |   0 |2614k| 1.457091e-01 | 1.500026e-01 |   2.95%|  98.66%
 1654s| 72500 | 15982 |937468 |  12.9 |    28M |  91 | 507 | 488 | 488 |   0 |  1 |   0 |2617k| 1.457122e-01 | 1.500026e-01 |   2.94%|  98.66%
 1656s| 72600 | 15944 |939039 |  12.9 |    28M |  91 | 507 | 488 | 488 |   0 |  1 |   0 |2619k| 1.457214e-01 | 1.500026e-01 |   2.94%|  98.66%
 1657s| 72700 | 15942 |940497 |  12.9 |    28M |  91 | 507 | 488 | 488 |   0 |  1 |   0 |2621k| 1.457331e-01 | 1.500026e-01 |   2.93%|  98.66%
 1658s| 72800 | 15932 |941810 |  12.9 |    28M |  91 | 507 | 488 | 488 |   0 |  2 |   0 |2623k| 1.457455e-01 | 1.500026e-01 |   2.92%|  98.67%
 1660s| 72900 | 15928 |942968 |  12.9 |    28M |  91 | 507 | 488 | 488 |   0 |  1 |   0 |2626k| 1.457492e-01 | 1.500026e-01 |   2.92%|  98.67%
 1661s| 73000 | 15912 |944615 |  12.9 |    28M |  91 | 507 | 488 | 488 |   0 |  1 |   0 |2628k| 1.457577e-01 | 1.500026e-01 |   2.91%|  98.67%
 1663s| 73100 | 15898 |946166 |  12.9 |    28M |  91 | 507 | 488 | 488 |   0 |  1 |   0 |2631k| 1.457717e-01 | 1.500026e-01 |   2.90%|  98.68%
 1665s| 73200 | 15896 |947553 |  12.9 |    28M |  91 | 507 | 488 | 488 |   0 |  1 |   0 |2633k| 1.457805e-01 | 1.500026e-01 |   2.90%|  98.68%
 1666s| 73300 | 15882 |948908 |  12.9 |    28M |  91 | 507 | 488 | 488 |   0 |  1 |   0 |2636k| 1.457904e-01 | 1.500026e-01 |   2.89%|  98.68%
 time | node  | left  |LP iter|LP it/n|mem/heur|mdpt |vars |cons |rows |cuts |sepa|confs|strbr|  dualbound   | primalbound  |  gap   | compl. 
 1668s| 73400 | 15870 |950194 |  12.9 |    28M |  91 | 507 | 488 | 488 |   0 |  1 |   0 |2638k| 1.457965e-01 | 1.500026e-01 |   2.88%|  98.68%
 1669s| 73500 | 15872 |951420 |  12.9 |    28M |  91 | 507 | 488 | 488 |   0 |  1 |   0 |2640k| 1.458140e-01 | 1.500026e-01 |   2.87%|  98.69%
 1670s| 73600 | 15876 |952543 |  12.9 |    28M |  91 | 507 | 488 | 488 |   0 |  1 |   0 |2642k| 1.458192e-01 | 1.500026e-01 |   2.87%|  98.69%
 1671s| 73700 | 15874 |953990 |  12.9 |    28M |  91 | 507 | 488 | 488 |   0 |  1 |   0 |2645k| 1.458286e-01 | 1.500026e-01 |   2.86%|  98.69%
 1673s| 73800 | 15886 |955387 |  12.9 |    28M |  91 | 507 | 488 | 488 |   0 |  1 |   0 |2648k| 1.458309e-01 | 1.500026e-01 |   2.86%|  98.69%
 1675s| 73900 | 15896 |956523 |  12.9 |    28M |  91 | 507 | 488 | 488 |   0 |  1 |   0 |2650k| 1.458401e-01 | 1.500026e-01 |   2.85%|  98.69%
 1676s| 74000 | 15882 |957637 |  12.9 |    28M |  91 | 507 | 488 | 488 |   0 |  1 |   0 |2652k| 1.458405e-01 | 1.500026e-01 |   2.85%|  98.69%
 1678s| 74100 | 15886 |959117 |  12.9 |    28M |  91 | 507 | 488 | 488 |   0 |  1 |   0 |2655k| 1.458509e-01 | 1.500026e-01 |   2.85%|  98.70%
 1679s| 74200 | 15878 |960154 |  12.9 |    28M |  91 | 507 | 488 | 488 |   0 |  1 |   0 |2656k| 1.458615e-01 | 1.500026e-01 |   2.84%|  98.70%
 1680s| 74300 | 15876 |961393 |  12.9 |    28M |  91 | 507 | 488 | 488 |   0 |  2 |   0 |2659k| 1.458662e-01 | 1.500026e-01 |   2.84%|  98.70%
 1681s| 74400 | 15884 |962371 |  12.9 |    28M |  91 | 507 | 488 | 488 |   0 |  1 |   0 |2661k| 1.458662e-01 | 1.500026e-01 |   2.84%|  98.70%
 1683s| 74500 | 15870 |963769 |  12.9 |    28M |  91 | 507 | 488 | 488 |   0 |  1 |   0 |2663k| 1.458738e-01 | 1.500026e-01 |   2.83%|  98.70%
 1684s| 74600 | 15870 |964924 |  12.9 |    28M |  91 | 507 | 488 | 488 |   0 |  1 |   0 |2666k| 1.458824e-01 | 1.500026e-01 |   2.82%|  98.70%
 1686s| 74700 | 15868 |966318 |  12.9 |    28M |  91 | 507 | 488 | 488 |   0 |  1 |   0 |2668k| 1.458938e-01 | 1.500026e-01 |   2.82%|  98.73%
 1687s| 74800 | 15856 |967947 |  12.9 |    28M |  91 | 507 | 488 | 488 |   0 |  1 |   0 |2671k| 1.459034e-01 | 1.500026e-01 |   2.81%|  98.73%
 time | node  | left  |LP iter|LP it/n|mem/heur|mdpt |vars |cons |rows |cuts |sepa|confs|strbr|  dualbound   | primalbound  |  gap   | compl. 
 1689s| 74900 | 15858 |968946 |  12.9 |    28M |  91 | 507 | 488 | 488 |   0 |  1 |   0 |2673k| 1.459050e-01 | 1.500026e-01 |   2.81%|  98.73%
 1690s| 75000 | 15862 |970392 |  12.9 |    28M |  91 | 507 | 488 | 488 |   0 |  1 |   0 |2676k| 1.459075e-01 | 1.500026e-01 |   2.81%|  98.73%
 1692s| 75100 | 15858 |971664 |  12.9 |    28M |  91 | 507 | 488 | 488 |   0 |  2 |   0 |2678k| 1.459127e-01 | 1.500026e-01 |   2.80%|  98.73%
 1694s| 75200 | 15860 |973170 |  12.9 |    28M |  91 | 507 | 488 | 488 |   0 |  9 |   0 |2681k| 1.459177e-01 | 1.500026e-01 |   2.80%|  98.73%
 1695s| 75300 | 15846 |974656 |  12.9 |    28M |  91 | 507 | 488 | 488 |   0 |  1 |   0 |2683k| 1.459200e-01 | 1.500026e-01 |   2.80%|  98.73%
 1697s| 75400 | 15842 |976269 |  12.9 |    28M |  91 | 507 | 488 | 488 |   0 |  2 |   0 |2686k| 1.459308e-01 | 1.500026e-01 |   2.79%|  98.75%
 1698s| 75500 | 15850 |977075 |  12.9 |    28M |  91 | 507 | 488 | 488 |   0 |  2 |   0 |2689k| 1.459311e-01 | 1.500026e-01 |   2.79%|  98.75%
 1699s| 75600 | 15838 |978189 |  12.9 |    28M |  91 | 507 | 488 | 488 |   0 |  1 |   0 |2690k| 1.459417e-01 | 1.500026e-01 |   2.78%|  98.75%
 1700s| 75700 | 15850 |979186 |  12.9 |    28M |  91 | 507 | 488 | 488 |   0 |  1 |   0 |2692k| 1.459600e-01 | 1.500026e-01 |   2.77%|  98.75%
 1701s| 75800 | 15872 |980084 |  12.9 |    28M |  91 | 507 | 488 | 488 |   0 |  1 |   0 |2694k| 1.459606e-01 | 1.500026e-01 |   2.77%|  98.76%
 1702s| 75900 | 15888 |980984 |  12.9 |    28M |  91 | 507 | 488 | 488 |   0 |  1 |   0 |2695k| 1.459616e-01 | 1.500026e-01 |   2.77%|  98.76%
 1703s| 76000 | 15882 |982674 |  12.9 |    28M |  91 | 507 | 488 | 488 |   0 |  1 |   0 |2697k| 1.459674e-01 | 1.500026e-01 |   2.76%|  98.76%
 1705s| 76100 | 15878 |984001 |  12.9 |    28M |  91 | 507 | 488 | 488 |   0 |  1 |   0 |2699k| 1.459752e-01 | 1.500026e-01 |   2.76%|  98.76%
 1706s| 76200 | 15896 |985060 |  12.9 |    28M |  91 | 507 | 488 | 488 |   0 |  2 |   0 |2702k| 1.459809e-01 | 1.500026e-01 |   2.75%|  98.76%
 1707s| 76300 | 15908 |985985 |  12.9 |    28M |  91 | 507 | 488 | 488 |   0 |  1 |   0 |2703k| 1.459825e-01 | 1.500026e-01 |   2.75%|  98.76%
 time | node  | left  |LP iter|LP it/n|mem/heur|mdpt |vars |cons |rows |cuts |sepa|confs|strbr|  dualbound   | primalbound  |  gap   | compl. 
 1708s| 76400 | 15894 |987375 |  12.9 |    28M |  91 | 507 | 488 | 488 |   0 |  1 |   0 |2705k| 1.459830e-01 | 1.500026e-01 |   2.75%|  98.76%
 1710s| 76500 | 15876 |989195 |  12.9 |    28M |  91 | 507 | 488 | 488 |   0 |  1 |   0 |2708k| 1.459891e-01 | 1.500026e-01 |   2.75%|  98.77%
 1711s| 76600 | 15862 |990602 |  12.9 |    28M |  91 | 507 | 488 | 488 |   0 |  2 |   0 |2709k| 1.459974e-01 | 1.500026e-01 |   2.74%|  98.77%
 1712s| 76700 | 15856 |991987 |  12.9 |    28M |  91 | 507 | 488 | 488 |   0 |  1 |   0 |2712k| 1.460064e-01 | 1.500026e-01 |   2.74%|  98.77%
 1714s| 76800 | 15846 |993214 |  12.9 |    28M |  91 | 507 | 488 | 488 |   0 |  1 |   0 |2714k| 1.460071e-01 | 1.500026e-01 |   2.74%|  98.77%
 1715s| 76900 | 15850 |994371 |  12.9 |    28M |  91 | 507 | 488 | 488 |   0 |  1 |   0 |2716k| 1.460087e-01 | 1.500026e-01 |   2.74%|  98.77%
 1717s| 77000 | 15860 |995926 |  12.9 |    28M |  91 | 507 | 488 | 488 |   0 |  1 |   0 |2720k| 1.460190e-01 | 1.500026e-01 |   2.73%|  98.77%
 1718s| 77100 | 15868 |996996 |  12.9 |    28M |  91 | 507 | 488 | 488 |   0 |  2 |   0 |2721k| 1.460224e-01 | 1.500026e-01 |   2.73%|  98.77%
 1719s| 77200 | 15836 |998610 |  12.9 |    28M |  91 | 507 | 488 | 488 |   0 |  1 |   0 |2723k| 1.460380e-01 | 1.500026e-01 |   2.71%|  98.78%
 1720s| 77300 | 15824 |  1000k|  12.9 |    28M |  91 | 507 | 488 | 488 |   0 |  1 |   0 |2725k| 1.460447e-01 | 1.500026e-01 |   2.71%|  98.78%
 1722s| 77400 | 15814 |  1001k|  12.9 |    28M |  91 | 507 | 488 | 488 |   0 |  1 |   0 |2728k| 1.460505e-01 | 1.500026e-01 |   2.71%|  98.78%
 1723s| 77500 | 15766 |  1002k|  12.9 |    28M |  91 | 507 | 488 | 488 |   0 |  1 |   0 |2729k| 1.460581e-01 | 1.500026e-01 |   2.70%|  98.78%
 1724s| 77600 | 15740 |  1004k|  12.9 |    28M |  91 | 507 | 488 | 488 |   0 |  1 |   0 |2731k| 1.460639e-01 | 1.500026e-01 |   2.70%|  98.79%
 1725s| 77700 | 15746 |  1005k|  12.9 |    28M |  91 | 507 | 488 | 488 |   0 |  1 |   0 |2733k| 1.460675e-01 | 1.500026e-01 |   2.69%|  98.79%
 1727s| 77800 | 15730 |  1006k|  12.9 |    28M |  91 | 507 | 488 | 488 |   0 |  1 |   0 |2735k| 1.460770e-01 | 1.500026e-01 |   2.69%|  98.79%
 time | node  | left  |LP iter|LP it/n|mem/heur|mdpt |vars |cons |rows |cuts |sepa|confs|strbr|  dualbound   | primalbound  |  gap   | compl. 
 1728s| 77900 | 15724 |  1007k|  12.9 |    28M |  91 | 507 | 488 | 488 |   0 |  1 |   0 |2737k| 1.460804e-01 | 1.500026e-01 |   2.68%|  98.79%
 1729s| 78000 | 15726 |  1009k|  12.9 |    28M |  91 | 507 | 488 | 488 |   0 |  1 |   0 |2739k| 1.460816e-01 | 1.500026e-01 |   2.68%|  98.79%
 1730s| 78100 | 15706 |  1010k|  12.9 |    28M |  91 | 507 | 488 | 488 |   0 |  1 |   0 |2741k| 1.460869e-01 | 1.500026e-01 |   2.68%|  98.79%
 1732s| 78200 | 15700 |  1011k|  12.9 |    28M |  91 | 507 | 488 | 488 |   0 |  1 |   0 |2743k| 1.460989e-01 | 1.500026e-01 |   2.67%|  98.79%
 1733s| 78300 | 15700 |  1013k|  12.9 |    28M |  91 | 507 | 488 | 488 |   0 |  1 |   0 |2746k| 1.461047e-01 | 1.500026e-01 |   2.67%|  98.80%
 1734s| 78400 | 15692 |  1014k|  12.9 |    28M |  91 | 507 | 488 | 488 |   0 |  1 |   0 |2748k| 1.461142e-01 | 1.500026e-01 |   2.66%|  98.81%
 1735s| 78500 | 15680 |  1015k|  12.9 |    28M |  92 | 507 | 488 | 488 |   0 |  1 |   0 |2750k| 1.461201e-01 | 1.500026e-01 |   2.66%|  98.81%
 1737s| 78600 | 15674 |  1017k|  12.9 |    28M |  92 | 507 | 488 | 488 |   0 |  1 |   0 |2752k| 1.461221e-01 | 1.500026e-01 |   2.66%|  98.81%
 1738s| 78700 | 15678 |  1018k|  12.9 |    28M |  92 | 507 | 488 | 488 |   0 |  1 |   0 |2754k| 1.461277e-01 | 1.500026e-01 |   2.65%|  98.81%
 1739s| 78800 | 15652 |  1019k|  12.9 |    28M |  92 | 507 | 488 | 488 |   0 |  1 |   0 |2756k| 1.461501e-01 | 1.500026e-01 |   2.64%|  98.81%
 1740s| 78900 | 15654 |  1020k|  12.9 |    28M |  92 | 507 | 488 | 488 |   0 |  3 |   0 |2758k| 1.461525e-01 | 1.500026e-01 |   2.63%|  98.81%
 1741s| 79000 | 15650 |  1021k|  12.9 |    28M |  92 | 507 | 488 | 488 |   0 |  1 |   0 |2759k| 1.461553e-01 | 1.500026e-01 |   2.63%|  98.82%
 1742s| 79100 | 15634 |  1022k|  12.9 |    28M |  92 | 507 | 488 | 488 |   0 |  1 |   0 |2761k| 1.461611e-01 | 1.500026e-01 |   2.63%|  98.82%
 1743s| 79200 | 15610 |  1024k|  12.9 |    28M |  92 | 507 | 488 | 488 |   0 |  1 |   0 |2763k| 1.461755e-01 | 1.500026e-01 |   2.62%|  98.82%
 1744s| 79300 | 15598 |  1025k|  12.9 |    28M |  92 | 507 | 488 | 488 |   0 |  1 |   0 |2765k| 1.461955e-01 | 1.500026e-01 |   2.60%|  98.83%
 time | node  | left  |LP iter|LP it/n|mem/heur|mdpt |vars |cons |rows |cuts |sepa|confs|strbr|  dualbound   | primalbound  |  gap   | compl. 
 1745s| 79400 | 15588 |  1026k|  12.9 |    28M |  92 | 507 | 488 | 488 |   0 |  1 |   0 |2767k| 1.462073e-01 | 1.500026e-01 |   2.60%|  98.83%
 1746s| 79500 | 15564 |  1027k|  12.9 |    28M |  92 | 507 | 488 | 488 |   0 |  1 |   0 |2768k| 1.462086e-01 | 1.500026e-01 |   2.59%|  98.83%
 1748s| 79600 | 15542 |  1029k|  12.9 |    28M |  92 | 507 | 488 | 488 |   0 |  1 |   0 |2771k| 1.462128e-01 | 1.500026e-01 |   2.59%|  98.83%
 1749s| 79700 | 15540 |  1030k|  12.9 |    28M |  92 | 507 | 488 | 488 |   0 |  1 |   0 |2773k| 1.462230e-01 | 1.500026e-01 |   2.58%|  98.84%
 1751s| 79800 | 15538 |  1031k|  12.9 |    28M |  92 | 507 | 488 | 488 |   0 |  3 |   0 |2776k| 1.462310e-01 | 1.500026e-01 |   2.58%|  98.84%
 1753s| 79900 | 15518 |  1032k|  12.9 |    28M |  92 | 507 | 488 | 488 |   0 |  1 |   0 |2779k| 1.462365e-01 | 1.500026e-01 |   2.58%|  98.84%
 1755s| 80000 | 15506 |  1034k|  12.9 |    28M |  92 | 507 | 488 | 488 |   0 |  1 |   0 |2782k| 1.462449e-01 | 1.500026e-01 |   2.57%|  98.84%
 1756s| 80100 | 15508 |  1035k|  12.9 |    28M |  92 | 507 | 488 | 488 |   0 |  1 |   0 |2784k| 1.462483e-01 | 1.500026e-01 |   2.57%|  98.84%
 1757s| 80200 | 15474 |  1036k|  12.9 |    28M |  92 | 507 | 488 | 488 |   0 |  1 |   0 |2786k| 1.462573e-01 | 1.500026e-01 |   2.56%|  98.84%
 1759s| 80300 | 15478 |  1037k|  12.9 |    28M |  92 | 507 | 488 | 488 |   0 |  1 |   0 |2789k| 1.462580e-01 | 1.500026e-01 |   2.56%|  98.84%
 1760s| 80400 | 15458 |  1039k|  12.9 |    28M |  92 | 507 | 488 | 488 |   0 |  7 |   0 |2791k| 1.462647e-01 | 1.500026e-01 |   2.56%|  98.85%
 1762s| 80500 | 15448 |  1040k|  12.9 |    28M |  92 | 507 | 488 | 488 |   0 |  1 |   0 |2793k| 1.462721e-01 | 1.500026e-01 |   2.55%|  98.85%
 1763s| 80600 | 15432 |  1042k|  12.9 |    28M |  92 | 507 | 488 | 488 |   0 |  1 |   0 |2796k| 1.462757e-01 | 1.500026e-01 |   2.55%|  98.85%
 1765s| 80700 | 15420 |  1043k|  12.9 |    28M |  92 | 507 | 488 | 488 |   0 |  1 |   0 |2798k| 1.462836e-01 | 1.500026e-01 |   2.54%|  98.85%
 1766s| 80800 | 15408 |  1044k|  12.9 |    28M |  92 | 507 | 488 | 488 |   0 |  1 |   0 |2800k| 1.462859e-01 | 1.500026e-01 |   2.54%|  98.85%
 time | node  | left  |LP iter|LP it/n|mem/heur|mdpt |vars |cons |rows |cuts |sepa|confs|strbr|  dualbound   | primalbound  |  gap   | compl. 
 1767s| 80900 | 15384 |  1046k|  12.9 |    28M |  92 | 507 | 488 | 488 |   0 |  5 |   0 |2802k| 1.462907e-01 | 1.500026e-01 |   2.54%|  98.85%
 1768s| 81000 | 15366 |  1047k|  12.9 |    28M |  92 | 507 | 488 | 488 |   0 |  1 |   0 |2804k| 1.462950e-01 | 1.500026e-01 |   2.53%|  98.85%
 1770s| 81100 | 15356 |  1048k|  12.9 |    28M |  92 | 507 | 488 | 488 |   0 |  1 |   0 |2807k| 1.462975e-01 | 1.500026e-01 |   2.53%|  98.85%
 1771s| 81200 | 15332 |  1050k|  12.9 |    28M |  92 | 507 | 488 | 488 |   0 |  3 |   0 |2809k| 1.463112e-01 | 1.500026e-01 |   2.52%|  98.86%
 1773s| 81300 | 15330 |  1051k|  12.9 |    28M |  92 | 507 | 488 | 488 |   0 |  1 |   0 |2811k| 1.463151e-01 | 1.500026e-01 |   2.52%|  98.86%
 1774s| 81400 | 15308 |  1053k|  12.9 |    28M |  92 | 507 | 488 | 488 |   0 |  1 |   0 |2813k| 1.463249e-01 | 1.500026e-01 |   2.51%|  98.86%
 1775s| 81500 | 15308 |  1054k|  12.9 |    28M |  92 | 507 | 488 | 488 |   0 |  1 |   0 |2815k| 1.463339e-01 | 1.500026e-01 |   2.51%|  98.87%
 1777s| 81600 | 15298 |  1055k|  12.9 |    28M |  92 | 507 | 488 | 488 |   0 |  2 |   0 |2818k| 1.463361e-01 | 1.500026e-01 |   2.51%|  98.87%
 1778s| 81700 | 15296 |  1057k|  12.9 |    28M |  92 | 507 | 488 | 488 |   0 |  1 |   0 |2820k| 1.463430e-01 | 1.500026e-01 |   2.50%|  98.87%
 1780s| 81800 | 15284 |  1058k|  12.9 |    29M |  92 | 507 | 488 | 488 |   0 |  2 |   0 |2822k| 1.463478e-01 | 1.500026e-01 |   2.50%|  98.88%
 1781s| 81900 | 15270 |  1059k|  12.9 |    29M |  92 | 507 | 488 | 488 |   0 |  1 |   0 |2824k| 1.463526e-01 | 1.500026e-01 |   2.49%|  98.89%
 1782s| 82000 | 15268 |  1061k|  12.9 |    29M |  92 | 507 | 488 | 488 |   0 |  1 |   0 |2826k| 1.463547e-01 | 1.500026e-01 |   2.49%|  98.89%
 1783s| 82100 | 15264 |  1062k|  12.9 |    29M |  92 | 507 | 488 | 488 |   0 |  1 |   0 |2828k| 1.463595e-01 | 1.500026e-01 |   2.49%|  98.89%
 1784s| 82200 | 15256 |  1063k|  12.9 |    29M |  92 | 507 | 488 | 488 |   0 |  1 |   0 |2830k| 1.463625e-01 | 1.500026e-01 |   2.49%|  98.89%
 1786s| 82300 | 15260 |  1064k|  12.9 |    29M |  92 | 507 | 488 | 488 |   0 |  2 |   0 |2832k| 1.463630e-01 | 1.500026e-01 |   2.49%|  98.89%
 time | node  | left  |LP iter|LP it/n|mem/heur|mdpt |vars |cons |rows |cuts |sepa|confs|strbr|  dualbound   | primalbound  |  gap   | compl. 
 1786s| 82400 | 15238 |  1066k|  12.9 |    29M |  92 | 507 | 488 | 488 |   0 |  1 |   0 |2834k| 1.463671e-01 | 1.500026e-01 |   2.48%|  98.89%
 1787s| 82500 | 15226 |  1067k|  12.9 |    29M |  92 | 507 | 488 | 488 |   0 |  1 |   0 |2835k| 1.463782e-01 | 1.500026e-01 |   2.48%|  98.90%
 1788s| 82600 | 15198 |  1068k|  12.9 |    29M |  92 | 507 | 488 | 488 |   0 |  2 |   0 |2837k| 1.463988e-01 | 1.500026e-01 |   2.46%|  98.91%
 1789s| 82700 | 15180 |  1069k|  12.9 |    29M |  92 | 507 | 488 | 488 |   0 |  1 |   0 |2839k| 1.464071e-01 | 1.500026e-01 |   2.46%|  98.91%
 1791s| 82800 | 15154 |  1071k|  12.9 |    29M |  92 | 507 | 488 | 488 |   0 |  1 |   0 |2841k| 1.464095e-01 | 1.500026e-01 |   2.45%|  98.91%
 1792s| 82900 | 15142 |  1072k|  12.9 |    29M |  92 | 507 | 488 | 488 |   0 |  1 |   0 |2843k| 1.464145e-01 | 1.500026e-01 |   2.45%|  98.92%
 1793s| 83000 | 15134 |  1073k|  12.9 |    29M |  92 | 507 | 488 | 488 |   0 |  1 |   0 |2845k| 1.464173e-01 | 1.500026e-01 |   2.45%|  98.92%
 1795s| 83100 | 15114 |  1074k|  12.9 |    29M |  92 | 507 | 488 | 488 |   0 |  1 |   0 |2847k| 1.464213e-01 | 1.500026e-01 |   2.45%|  98.92%
 1796s| 83200 | 15106 |  1076k|  12.9 |    29M |  92 | 507 | 488 | 488 |   0 |  1 |   0 |2849k| 1.464262e-01 | 1.500026e-01 |   2.44%|  98.92%
 1797s| 83300 | 15092 |  1077k|  12.9 |    29M |  92 | 507 | 488 | 488 |   0 |  1 |   0 |2851k| 1.464310e-01 | 1.500026e-01 |   2.44%|  98.92%
 1798s| 83400 | 15082 |  1078k|  12.9 |    29M |  92 | 507 | 488 | 488 |   0 |  1 |   0 |2853k| 1.464337e-01 | 1.500026e-01 |   2.44%|  98.92%
 1799s| 83500 | 15082 |  1079k|  12.9 |    29M |  92 | 507 | 488 | 488 |   0 |  1 |   0 |2855k| 1.464441e-01 | 1.500026e-01 |   2.43%|  98.92%
 1800s| 83600 | 15080 |  1080k|  12.9 |    29M |  92 | 507 | 488 | 488 |   0 |  1 |   0 |2857k| 1.464481e-01 | 1.500026e-01 |   2.43%|  98.92%
 1801s| 83700 | 15096 |  1081k|  12.9 |    29M |  92 | 507 | 488 | 488 |   0 |  1 |   0 |2859k| 1.464499e-01 | 1.500026e-01 |   2.43%|  98.92%
 1802s| 83800 | 15078 |  1082k|  12.9 |    29M |  92 | 507 | 488 | 488 |   0 |  1 |   0 |2860k| 1.464539e-01 | 1.500026e-01 |   2.42%|  98.92%
 time | node  | left  |LP iter|LP it/n|mem/heur|mdpt |vars |cons |rows |cuts |sepa|confs|strbr|  dualbound   | primalbound  |  gap   | compl. 
 1804s| 83900 | 15082 |  1083k|  12.9 |    29M |  92 | 507 | 488 | 488 |   0 |  1 |   0 |2862k| 1.464632e-01 | 1.500026e-01 |   2.42%|  98.93%
 1805s| 84000 | 15100 |  1084k|  12.9 |    29M |  92 | 507 | 488 | 488 |   0 |  1 |   0 |2864k| 1.464654e-01 | 1.500026e-01 |   2.42%|  98.93%
 1806s| 84100 | 15104 |  1085k|  12.9 |    29M |  92 | 507 | 488 | 488 |   0 |  4 |   0 |2866k| 1.464706e-01 | 1.500026e-01 |   2.41%|  98.93%
 1807s| 84200 | 15110 |  1086k|  12.9 |    29M |  92 | 507 | 488 | 488 |   0 |  1 |   0 |2868k| 1.464764e-01 | 1.500026e-01 |   2.41%|  98.93%
 1808s| 84300 | 15110 |  1088k|  12.9 |    29M |  92 | 507 | 488 | 488 |   0 |  1 |   0 |2870k| 1.464834e-01 | 1.500026e-01 |   2.40%|  98.93%
 1810s| 84400 | 15086 |  1089k|  12.9 |    29M |  92 | 507 | 488 | 488 |   0 |  5 |   0 |2872k| 1.464867e-01 | 1.500026e-01 |   2.40%|  98.93%
 1811s| 84500 | 15082 |  1090k|  12.9 |    29M |  92 | 507 | 488 | 488 |   0 |  1 |   0 |2875k| 1.464898e-01 | 1.500026e-01 |   2.40%|  98.93%
 1812s| 84600 | 15070 |  1092k|  12.9 |    29M |  92 | 507 | 488 | 488 |   0 |  1 |   0 |2877k| 1.464987e-01 | 1.500026e-01 |   2.39%|  98.94%
 1814s| 84700 | 15050 |  1093k|  12.9 |    29M |  92 | 507 | 488 | 488 |   0 |  1 |   0 |2879k| 1.465034e-01 | 1.500026e-01 |   2.39%|  98.94%
 1815s| 84800 | 15046 |  1095k|  12.9 |    29M |  92 | 507 | 488 | 488 |   0 |  1 |   0 |2881k| 1.465057e-01 | 1.500026e-01 |   2.39%|  98.94%
 1817s| 84900 | 15030 |  1096k|  12.9 |    29M |  92 | 507 | 488 | 488 |   0 |  1 |   0 |2884k| 1.465086e-01 | 1.500026e-01 |   2.38%|  98.94%
 1818s| 85000 | 15000 |  1098k|  12.9 |    29M |  92 | 507 | 488 | 488 |   0 |  1 |   0 |2886k| 1.465128e-01 | 1.500026e-01 |   2.38%|  98.94%
 1819s| 85100 | 14998 |  1099k|  12.9 |    29M |  92 | 507 | 488 | 488 |   0 |  1 |   0 |2888k| 1.465167e-01 | 1.500026e-01 |   2.38%|  98.94%
 1820s| 85200 | 14986 |  1100k|  12.9 |    29M |  92 | 507 | 488 | 488 |   0 |  1 |   0 |2890k| 1.465206e-01 | 1.500026e-01 |   2.38%|  98.94%
 1821s| 85300 | 14944 |  1101k|  12.9 |    29M |  92 | 507 | 488 | 488 |   0 |  1 |   0 |2891k| 1.465329e-01 | 1.500026e-01 |   2.37%|  98.95%
 time | node  | left  |LP iter|LP it/n|mem/heur|mdpt |vars |cons |rows |cuts |sepa|confs|strbr|  dualbound   | primalbound  |  gap   | compl. 
 1822s| 85400 | 14930 |  1102k|  12.9 |    29M |  92 | 507 | 488 | 488 |   0 |  1 |   0 |2893k| 1.465412e-01 | 1.500026e-01 |   2.36%|  98.95%
 1823s| 85500 | 14910 |  1104k|  12.9 |    29M |  92 | 507 | 488 | 488 |   0 |  1 |   0 |2895k| 1.465518e-01 | 1.500026e-01 |   2.35%|  98.95%
 1825s| 85600 | 14890 |  1105k|  12.9 |    29M |  92 | 507 | 488 | 488 |   0 |  1 |   0 |2897k| 1.465569e-01 | 1.500026e-01 |   2.35%|  98.95%
 1826s| 85700 | 14860 |  1107k|  12.9 |    29M |  92 | 507 | 488 | 488 |   0 |  1 |   0 |2899k| 1.465640e-01 | 1.500026e-01 |   2.35%|  98.95%
 1827s| 85800 | 14834 |  1108k|  12.9 |    29M |  92 | 507 | 488 | 488 |   0 |  1 |   0 |2901k| 1.465671e-01 | 1.500026e-01 |   2.34%|  98.95%
 1828s| 85900 | 14822 |  1109k|  12.9 |    29M |  92 | 507 | 488 | 488 |   0 |  2 |   0 |2903k| 1.465707e-01 | 1.500026e-01 |   2.34%|  98.95%
 1829s| 86000 | 14830 |  1110k|  12.9 |    29M |  92 | 507 | 488 | 488 |   0 |  1 |   0 |2904k| 1.465728e-01 | 1.500026e-01 |   2.34%|  98.95%
 1830s| 86100 | 14814 |  1111k|  12.9 |    29M |  92 | 507 | 488 | 488 |   0 |  1 |   0 |2906k| 1.465800e-01 | 1.500026e-01 |   2.33%|  98.96%
 1831s| 86200 | 14806 |  1112k|  12.9 |    29M |  92 | 507 | 488 | 488 |   0 |  1 |   0 |2908k| 1.465882e-01 | 1.500026e-01 |   2.33%|  98.96%
 1832s| 86300 | 14820 |  1113k|  12.9 |    29M |  92 | 507 | 488 | 488 |   0 |  1 |   0 |2910k| 1.465913e-01 | 1.500026e-01 |   2.33%|  98.96%
 1833s| 86400 | 14796 |  1114k|  12.9 |    29M |  92 | 507 | 488 | 488 |   0 |  1 |   0 |2911k| 1.465984e-01 | 1.500026e-01 |   2.32%|  98.96%
 1834s| 86500 | 14776 |  1116k|  12.9 |    29M |  92 | 507 | 488 | 488 |   0 |  2 |   0 |2913k| 1.466016e-01 | 1.500026e-01 |   2.32%|  98.96%
 1835s| 86600 | 14758 |  1117k|  12.9 |    29M |  92 | 507 | 488 | 488 |   0 |  2 |   0 |2915k| 1.466052e-01 | 1.500026e-01 |   2.32%|  98.96%
 1837s| 86700 | 14724 |  1118k|  12.9 |    29M |  92 | 507 | 488 | 488 |   0 |  1 |   0 |2917k| 1.466111e-01 | 1.500026e-01 |   2.31%|  98.97%
 1838s| 86800 | 14720 |  1120k|  12.9 |    29M |  92 | 507 | 488 | 488 |   0 |  1 |   0 |2920k| 1.466255e-01 | 1.500026e-01 |   2.30%|  98.97%
 time | node  | left  |LP iter|LP it/n|mem/heur|mdpt |vars |cons |rows |cuts |sepa|confs|strbr|  dualbound   | primalbound  |  gap   | compl. 
 1840s| 86900 | 14688 |  1122k|  12.9 |    29M |  92 | 507 | 488 | 488 |   0 |  1 |   0 |2922k| 1.466325e-01 | 1.500026e-01 |   2.30%|  98.98%
 1840s| 87000 | 14652 |  1123k|  12.9 |    29M |  92 | 507 | 488 | 488 |   0 |  1 |   0 |2923k| 1.466424e-01 | 1.500026e-01 |   2.29%|  98.98%
 1841s| 87100 | 14622 |  1124k|  12.9 |    29M |  92 | 507 | 488 | 488 |   0 |  1 |   0 |2925k| 1.466449e-01 | 1.500026e-01 |   2.29%|  98.98%
 1842s| 87200 | 14582 |  1126k|  12.9 |    29M |  92 | 507 | 488 | 488 |   0 |  1 |   0 |2926k| 1.466481e-01 | 1.500026e-01 |   2.29%|  98.98%
 1844s| 87300 | 14556 |  1128k|  12.9 |    29M |  92 | 507 | 488 | 488 |   0 |  1 |   0 |2928k| 1.466515e-01 | 1.500026e-01 |   2.29%|  98.98%
 1845s| 87400 | 14528 |  1129k|  12.9 |    29M |  92 | 507 | 488 | 488 |   0 |  1 |   0 |2930k| 1.466571e-01 | 1.500026e-01 |   2.28%|  98.99%
 1846s| 87500 | 14502 |  1130k|  12.9 |    29M |  92 | 507 | 488 | 488 |   0 |  1 |   0 |2933k| 1.466682e-01 | 1.500026e-01 |   2.27%|  98.99%
 1847s| 87600 | 14480 |  1132k|  12.9 |    29M |  92 | 507 | 488 | 488 |   0 |  1 |   0 |2934k| 1.466728e-01 | 1.500026e-01 |   2.27%|  98.99%
 1848s| 87700 | 14440 |  1133k|  12.9 |    29M |  92 | 507 | 488 | 488 |   0 |  1 |   0 |2936k| 1.466757e-01 | 1.500026e-01 |   2.27%|  98.99%
 1850s| 87800 | 14418 |  1134k|  12.9 |    29M |  92 | 507 | 488 | 488 |   0 |  1 |   0 |2938k| 1.466784e-01 | 1.500026e-01 |   2.27%|  98.99%
 1851s| 87900 | 14400 |  1136k|  12.9 |    29M |  92 | 507 | 488 | 488 |   0 |  1 |   0 |2940k| 1.466852e-01 | 1.500026e-01 |   2.26%|  98.99%
 1852s| 88000 | 14378 |  1137k|  12.9 |    29M |  92 | 507 | 488 | 488 |   0 |  2 |   0 |2942k| 1.466882e-01 | 1.500026e-01 |   2.26%|  98.99%
 1853s| 88100 | 14348 |  1139k|  12.9 |    29M |  92 | 507 | 488 | 488 |   0 |  1 |   0 |2944k| 1.466923e-01 | 1.500026e-01 |   2.26%|  99.00%
 1854s| 88200 | 14318 |  1140k|  12.9 |    29M |  92 | 507 | 488 | 488 |   0 |  1 |   0 |2946k| 1.466974e-01 | 1.500026e-01 |   2.25%|  99.00%
 1856s| 88300 | 14304 |  1142k|  12.9 |    29M |  92 | 507 | 488 | 488 |   0 |  2 |   0 |2949k| 1.467073e-01 | 1.500026e-01 |   2.25%|  99.00%
 time | node  | left  |LP iter|LP it/n|mem/heur|mdpt |vars |cons |rows |cuts |sepa|confs|strbr|  dualbound   | primalbound  |  gap   | compl. 
 1857s| 88400 | 14280 |  1143k|  12.9 |    29M |  92 | 507 | 488 | 488 |   0 |  1 |   0 |2951k| 1.467131e-01 | 1.500026e-01 |   2.24%|  99.00%
 1858s| 88500 | 14268 |  1144k|  12.9 |    29M |  92 | 507 | 488 | 488 |   0 |  1 |   0 |2953k| 1.467155e-01 | 1.500026e-01 |   2.24%|  99.00%
 1859s| 88600 | 14234 |  1146k|  12.9 |    29M |  92 | 507 | 488 | 488 |   0 |  1 |   0 |2954k| 1.467219e-01 | 1.500026e-01 |   2.24%|  99.01%
 1861s| 88700 | 14220 |  1147k|  12.9 |    29M |  92 | 507 | 488 | 488 |   0 |  1 |   0 |2957k| 1.467288e-01 | 1.500026e-01 |   2.23%|  99.01%
 1862s| 88800 | 14196 |  1148k|  12.9 |    29M |  92 | 507 | 488 | 488 |   0 |  1 |   0 |2958k| 1.467351e-01 | 1.500026e-01 |   2.23%|  99.01%
 1863s| 88900 | 14162 |  1150k|  12.9 |    29M |  92 | 507 | 488 | 488 |   0 |  1 |   0 |2960k| 1.467422e-01 | 1.500026e-01 |   2.22%|  99.01%
 1865s| 89000 | 14144 |  1151k|  12.9 |    29M |  92 | 507 | 488 | 488 |   0 |  1 |   0 |2963k| 1.467484e-01 | 1.500026e-01 |   2.22%|  99.01%
 1866s| 89100 | 14122 |  1153k|  12.9 |    29M |  92 | 507 | 488 | 488 |   0 |  1 |   0 |2965k| 1.467545e-01 | 1.500026e-01 |   2.21%|  99.01%
 1867s| 89200 | 14094 |  1154k|  12.9 |    29M |  92 | 507 | 488 | 488 |   0 |  1 |   0 |2967k| 1.467603e-01 | 1.500026e-01 |   2.21%|  99.01%
 1869s| 89300 | 14060 |  1156k|  12.9 |    29M |  92 | 507 | 488 | 488 |   0 |  3 |   0 |2969k| 1.467615e-01 | 1.500026e-01 |   2.21%|  99.02%
 1869s| 89400 | 14020 |  1158k|  12.9 |    29M |  92 | 507 | 488 | 488 |   0 |  1 |   0 |2971k| 1.467669e-01 | 1.500026e-01 |   2.20%|  99.02%
 1871s| 89500 | 14014 |  1159k|  13.0 |    29M |  92 | 507 | 488 | 488 |   0 |  2 |   0 |2973k| 1.467694e-01 | 1.500026e-01 |   2.20%|  99.02%
 1872s| 89600 | 13994 |  1160k|  13.0 |    29M |  92 | 507 | 488 | 488 |   0 |  1 |   0 |2974k| 1.467795e-01 | 1.500026e-01 |   2.20%|  99.02%
 1873s| 89700 | 13980 |  1162k|  13.0 |    29M |  92 | 507 | 488 | 488 |   0 |  2 |   0 |2976k| 1.467838e-01 | 1.500026e-01 |   2.19%|  99.02%
 1875s| 89800 | 13976 |  1163k|  13.0 |    29M |  92 | 507 | 488 | 488 |   0 |  1 |   0 |2979k| 1.467853e-01 | 1.500026e-01 |   2.19%|  99.02%
 time | node  | left  |LP iter|LP it/n|mem/heur|mdpt |vars |cons |rows |cuts |sepa|confs|strbr|  dualbound   | primalbound  |  gap   | compl. 
 1876s| 89900 | 13954 |  1164k|  13.0 |    29M |  92 | 507 | 488 | 488 |   0 |  1 |   0 |2981k| 1.467869e-01 | 1.500026e-01 |   2.19%|  99.02%
 1877s| 90000 | 13926 |  1166k|  13.0 |    29M |  92 | 507 | 488 | 488 |   0 |  1 |   0 |2983k| 1.467946e-01 | 1.500026e-01 |   2.19%|  99.03%
 1878s| 90100 | 13902 |  1167k|  13.0 |    29M |  92 | 507 | 488 | 488 |   0 |  1 |   0 |2985k| 1.467967e-01 | 1.500026e-01 |   2.18%|  99.03%
 1879s| 90200 | 13878 |  1168k|  13.0 |    29M |  92 | 507 | 488 | 488 |   0 |  1 |   0 |2986k| 1.467987e-01 | 1.500026e-01 |   2.18%|  99.03%
 1880s| 90300 | 13858 |  1170k|  13.0 |    29M |  92 | 507 | 488 | 488 |   0 |  4 |   0 |2988k| 1.468000e-01 | 1.500026e-01 |   2.18%|  99.03%
 1881s| 90400 | 13832 |  1171k|  13.0 |    29M |  92 | 507 | 488 | 488 |   0 |  1 |   0 |2990k| 1.468053e-01 | 1.500026e-01 |   2.18%|  99.05%
 1883s| 90500 | 13814 |  1173k|  13.0 |    29M |  92 | 507 | 488 | 488 |   0 |  1 |   0 |2992k| 1.468116e-01 | 1.500026e-01 |   2.17%|  99.05%
 1884s| 90600 | 13812 |  1174k|  13.0 |    29M |  92 | 507 | 488 | 488 |   0 |  1 |   0 |2994k| 1.468146e-01 | 1.500026e-01 |   2.17%|  99.05%
 1885s| 90700 | 13796 |  1175k|  13.0 |    29M |  92 | 507 | 488 | 488 |   0 |  2 |   0 |2997k| 1.468175e-01 | 1.500026e-01 |   2.17%|  99.05%
 1887s| 90800 | 13770 |  1177k|  13.0 |    29M |  92 | 507 | 488 | 488 |   0 |  1 |   0 |2999k| 1.468192e-01 | 1.500026e-01 |   2.17%|  99.05%
 1887s| 90900 | 13756 |  1178k|  13.0 |    29M |  92 | 507 | 488 | 488 |   0 |  1 |   0 |3000k| 1.468223e-01 | 1.500026e-01 |   2.17%|  99.05%
 1889s| 91000 | 13746 |  1179k|  13.0 |    29M |  92 | 507 | 488 | 488 |   0 |  2 |   0 |3002k| 1.468310e-01 | 1.500026e-01 |   2.16%|  99.05%
 1890s| 91100 | 13726 |  1181k|  13.0 |    29M |  92 | 507 | 488 | 488 |   0 |  1 |   0 |3005k| 1.468340e-01 | 1.500026e-01 |   2.16%|  99.05%
 1891s| 91200 | 13702 |  1182k|  13.0 |    29M |  92 | 507 | 488 | 488 |   0 |  1 |   0 |3006k| 1.468399e-01 | 1.500026e-01 |   2.15%|  99.06%
 1892s| 91300 | 13682 |  1184k|  13.0 |    29M |  92 | 507 | 488 | 488 |   0 |  1 |   0 |3008k| 1.468432e-01 | 1.500026e-01 |   2.15%|  99.06%
 time | node  | left  |LP iter|LP it/n|mem/heur|mdpt |vars |cons |rows |cuts |sepa|confs|strbr|  dualbound   | primalbound  |  gap   | compl. 
 1894s| 91400 | 13678 |  1185k|  13.0 |    29M |  92 | 507 | 488 | 488 |   0 |  2 |   0 |3010k| 1.468458e-01 | 1.500026e-01 |   2.15%|  99.06%
 1895s| 91500 | 13664 |  1186k|  13.0 |    29M |  92 | 507 | 488 | 488 |   0 |  2 |   0 |3012k| 1.468536e-01 | 1.500026e-01 |   2.14%|  99.06%
 1896s| 91600 | 13630 |  1188k|  13.0 |    29M |  92 | 507 | 488 | 488 |   0 |  1 |   0 |3014k| 1.468580e-01 | 1.500026e-01 |   2.14%|  99.06%
 1897s| 91700 | 13600 |  1189k|  13.0 |    29M |  92 | 507 | 488 | 488 |   0 |  1 |   0 |3016k| 1.468609e-01 | 1.500026e-01 |   2.14%|  99.06%
 1899s| 91800 | 13572 |  1191k|  13.0 |    29M |  92 | 507 | 488 | 488 |   0 |  1 |   0 |3018k| 1.468779e-01 | 1.500026e-01 |   2.13%|  99.07%
 1900s| 91900 | 13560 |  1192k|  13.0 |    29M |  92 | 507 | 488 | 488 |   0 |  1 |   0 |3020k| 1.468827e-01 | 1.500026e-01 |   2.12%|  99.07%
 1901s| 92000 | 13544 |  1193k|  13.0 |    29M |  92 | 507 | 488 | 488 |   0 |  1 |   0 |3022k| 1.468880e-01 | 1.500026e-01 |   2.12%|  99.07%
 1902s| 92100 | 13516 |  1194k|  13.0 |    29M |  92 | 507 | 488 | 488 |   0 |  1 |   0 |3023k| 1.468941e-01 | 1.500026e-01 |   2.12%|  99.07%
 1903s| 92200 | 13516 |  1196k|  13.0 |    29M |  92 | 507 | 488 | 488 |   0 |  1 |   0 |3025k| 1.468969e-01 | 1.500026e-01 |   2.11%|  99.07%
 1904s| 92300 | 13500 |  1197k|  13.0 |    29M |  92 | 507 | 488 | 488 |   0 |  1 |   0 |3027k| 1.469021e-01 | 1.500026e-01 |   2.11%|  99.07%
 1905s| 92400 | 13498 |  1198k|  13.0 |    29M |  92 | 507 | 488 | 488 |   0 |  1 |   0 |3029k| 1.469050e-01 | 1.500026e-01 |   2.11%|  99.07%
 1907s| 92500 | 13480 |  1200k|  13.0 |    29M |  92 | 507 | 488 | 488 |   0 |  1 |   0 |3032k| 1.469140e-01 | 1.500026e-01 |   2.10%|  99.07%
 1908s| 92600 | 13478 |  1201k|  13.0 |    29M |  92 | 507 | 488 | 488 |   0 |  3 |   0 |3034k| 1.469256e-01 | 1.500026e-01 |   2.09%|  99.08%
 1910s| 92700 | 13466 |  1202k|  13.0 |    29M |  92 | 507 | 488 | 488 |   0 |  1 |   0 |3036k| 1.469341e-01 | 1.500026e-01 |   2.09%|  99.08%
 1911s| 92800 | 13446 |  1204k|  13.0 |    29M |  92 | 507 | 488 | 488 |   0 |  1 |   0 |3038k| 1.469380e-01 | 1.500026e-01 |   2.09%|  99.08%
 time | node  | left  |LP iter|LP it/n|mem/heur|mdpt |vars |cons |rows |cuts |sepa|confs|strbr|  dualbound   | primalbound  |  gap   | compl. 
 1912s| 92900 | 13436 |  1205k|  13.0 |    29M |  92 | 507 | 488 | 488 |   0 |  1 |   0 |3040k| 1.469399e-01 | 1.500026e-01 |   2.08%|  99.08%
 1913s| 93000 | 13412 |  1206k|  13.0 |    29M |  92 | 507 | 488 | 488 |   0 |  2 |   0 |3042k| 1.469431e-01 | 1.500026e-01 |   2.08%|  99.08%
 1914s| 93100 | 13396 |  1208k|  13.0 |    29M |  92 | 507 | 488 | 488 |   0 |  1 |   0 |3044k| 1.469486e-01 | 1.500026e-01 |   2.08%|  99.09%
 1915s| 93200 | 13390 |  1209k|  13.0 |    29M |  92 | 507 | 488 | 488 |   0 |  2 |   0 |3046k| 1.469531e-01 | 1.500026e-01 |   2.08%|  99.09%
 1917s| 93300 | 13380 |  1210k|  13.0 |    29M |  92 | 507 | 488 | 488 |   0 |  1 |   0 |3048k| 1.469556e-01 | 1.500026e-01 |   2.07%|  99.09%
 1918s| 93400 | 13366 |  1212k|  13.0 |    29M |  92 | 507 | 488 | 488 |   0 |  1 |   0 |3049k| 1.469574e-01 | 1.500026e-01 |   2.07%|  99.09%
 1919s| 93500 | 13342 |  1214k|  13.0 |    29M |  92 | 507 | 488 | 488 |   0 |  1 |   0 |3052k| 1.469582e-01 | 1.500026e-01 |   2.07%|  99.09%
 1921s| 93600 | 13328 |  1215k|  13.0 |    29M |  92 | 507 | 488 | 488 |   0 |  2 |   0 |3054k| 1.469618e-01 | 1.500026e-01 |   2.07%|  99.09%
 1922s| 93700 | 13280 |  1216k|  13.0 |    29M |  92 | 507 | 488 | 488 |   0 |  1 |   0 |3056k| 1.469721e-01 | 1.500026e-01 |   2.06%|  99.09%
 1923s| 93800 | 13268 |  1217k|  13.0 |    29M |  92 | 507 | 488 | 488 |   0 |  1 |   0 |3058k| 1.469786e-01 | 1.500026e-01 |   2.06%|  99.09%
 1924s| 93900 | 13250 |  1219k|  13.0 |    29M |  92 | 507 | 488 | 488 |   0 |  2 |   0 |3060k| 1.469853e-01 | 1.500026e-01 |   2.05%|  99.09%
 1925s| 94000 | 13228 |  1220k|  13.0 |    29M |  92 | 507 | 488 | 488 |   0 |  1 |   0 |3062k| 1.469907e-01 | 1.500026e-01 |   2.05%|  99.09%
 1926s| 94100 | 13196 |  1221k|  13.0 |    29M |  92 | 507 | 488 | 488 |   0 |  1 |   0 |3063k| 1.469940e-01 | 1.500026e-01 |   2.05%|  99.10%
 1927s| 94200 | 13188 |  1222k|  13.0 |    29M |  92 | 507 | 488 | 488 |   0 |  1 |   0 |3065k| 1.469989e-01 | 1.500026e-01 |   2.04%|  99.10%
 1928s| 94300 | 13154 |  1224k|  13.0 |    29M |  92 | 507 | 488 | 488 |   0 |  1 |   0 |3066k| 1.470099e-01 | 1.500026e-01 |   2.04%|  99.10%
 time | node  | left  |LP iter|LP it/n|mem/heur|mdpt |vars |cons |rows |cuts |sepa|confs|strbr|  dualbound   | primalbound  |  gap   | compl. 
 1929s| 94400 | 13122 |  1225k|  13.0 |    29M |  92 | 507 | 488 | 488 |   0 |  1 |   0 |3068k| 1.470130e-01 | 1.500026e-01 |   2.03%|  99.10%
 1930s| 94500 | 13100 |  1227k|  13.0 |    29M |  92 | 507 | 488 | 488 |   0 |  1 |   0 |3070k| 1.470195e-01 | 1.500026e-01 |   2.03%|  99.10%
 1931s| 94600 | 13068 |  1228k|  13.0 |    29M |  92 | 507 | 488 | 488 |   0 |  2 |   0 |3072k| 1.470216e-01 | 1.500026e-01 |   2.03%|  99.10%
 1933s| 94700 | 13042 |  1229k|  13.0 |    29M |  92 | 507 | 488 | 488 |   0 |  1 |   0 |3074k| 1.470271e-01 | 1.500026e-01 |   2.02%|  99.10%
 1934s| 94800 | 12986 |  1231k|  13.0 |    29M |  92 | 507 | 488 | 488 |   0 |  1 |   0 |3076k| 1.470371e-01 | 1.500026e-01 |   2.02%|  99.11%
 1935s| 94900 | 12946 |  1233k|  13.0 |    29M |  92 | 507 | 488 | 488 |   0 |  1 |   0 |3078k| 1.470477e-01 | 1.500026e-01 |   2.01%|  99.11%
 1936s| 95000 | 12938 |  1234k|  13.0 |    29M |  92 | 507 | 488 | 488 |   0 |  1 |   0 |3080k| 1.470521e-01 | 1.500026e-01 |   2.01%|  99.11%
 1938s| 95100 | 12924 |  1235k|  13.0 |    29M |  92 | 507 | 488 | 488 |   0 |  1 |   0 |3082k| 1.470551e-01 | 1.500026e-01 |   2.00%|  99.11%
 1939s| 95200 | 12920 |  1236k|  13.0 |    29M |  92 | 507 | 488 | 488 |   0 |  1 |   0 |3084k| 1.470578e-01 | 1.500026e-01 |   2.00%|  99.11%
 1940s| 95300 | 12888 |  1238k|  13.0 |    29M |  92 | 507 | 488 | 488 |   0 |  1 |   0 |3085k| 1.470619e-01 | 1.500026e-01 |   2.00%|  99.11%
 1941s| 95400 | 12876 |  1239k|  13.0 |    29M |  92 | 507 | 488 | 488 |   0 |  1 |   0 |3088k| 1.470669e-01 | 1.500026e-01 |   2.00%|  99.18%
 1942s| 95500 | 12838 |  1240k|  13.0 |    29M |  92 | 507 | 488 | 488 |   0 |  1 |   0 |3089k| 1.470726e-01 | 1.500026e-01 |   1.99%|  99.19%
 1943s| 95600 | 12796 |  1242k|  13.0 |    29M |  92 | 507 | 488 | 488 |   0 |  4 |   0 |3091k| 1.470763e-01 | 1.500026e-01 |   1.99%|  99.19%
 1944s| 95700 | 12754 |  1244k|  13.0 |    29M |  92 | 507 | 488 | 488 |   0 |  2 |   0 |3093k| 1.470843e-01 | 1.500026e-01 |   1.98%|  99.19%
 1945s| 95800 | 12712 |  1245k|  13.0 |    29M |  92 | 507 | 488 | 488 |   0 |  1 |   0 |3094k| 1.470905e-01 | 1.500026e-01 |   1.98%|  99.19%
 time | node  | left  |LP iter|LP it/n|mem/heur|mdpt |vars |cons |rows |cuts |sepa|confs|strbr|  dualbound   | primalbound  |  gap   | compl. 
 1946s| 95900 | 12694 |  1246k|  13.0 |    29M |  92 | 507 | 488 | 488 |   0 |  2 |   0 |3096k| 1.470923e-01 | 1.500026e-01 |   1.98%|  99.19%
 1947s| 96000 | 12642 |  1248k|  13.0 |    29M |  92 | 507 | 488 | 488 |   0 |  2 |   0 |3098k| 1.470966e-01 | 1.500026e-01 |   1.98%|  99.19%
 1948s| 96100 | 12606 |  1249k|  13.0 |    29M |  92 | 507 | 488 | 488 |   0 |  1 |   0 |3099k| 1.470977e-01 | 1.500026e-01 |   1.97%|  99.19%
 1950s| 96200 | 12566 |  1251k|  13.0 |    29M |  92 | 507 | 488 | 488 |   0 |  1 |   0 |3102k| 1.471001e-01 | 1.500026e-01 |   1.97%|  99.19%
 1951s| 96300 | 12534 |  1253k|  13.0 |    29M |  92 | 507 | 488 | 488 |   0 |  1 |   0 |3104k| 1.471036e-01 | 1.500026e-01 |   1.97%|  99.20%
 1952s| 96400 | 12482 |  1254k|  13.0 |    29M |  92 | 507 | 488 | 488 |   0 |  2 |   0 |3105k| 1.471130e-01 | 1.500026e-01 |   1.96%|  99.20%
 1953s| 96500 | 12462 |  1255k|  13.0 |    29M |  92 | 507 | 488 | 488 |   0 |  1 |   0 |3107k| 1.471255e-01 | 1.500026e-01 |   1.96%|  99.20%
 1954s| 96600 | 12426 |  1257k|  13.0 |    29M |  92 | 507 | 488 | 488 |   0 |  1 |   0 |3109k| 1.471294e-01 | 1.500026e-01 |   1.95%|  99.20%
 1955s| 96700 | 12394 |  1258k|  13.0 |    29M |  92 | 507 | 488 | 488 |   0 |  1 |   0 |3110k| 1.471352e-01 | 1.500026e-01 |   1.95%|  99.20%
 1956s| 96800 | 12390 |  1259k|  13.0 |    29M |  92 | 507 | 488 | 488 |   0 |  1 |   0 |3112k| 1.471362e-01 | 1.500026e-01 |   1.95%|  99.20%
 1957s| 96900 | 12366 |  1261k|  13.0 |    29M |  92 | 507 | 488 | 488 |   0 |  3 |   0 |3113k| 1.471401e-01 | 1.500026e-01 |   1.95%|  99.21%
 1958s| 97000 | 12334 |  1262k|  13.0 |    29M |  92 | 507 | 488 | 488 |   0 |  1 |   0 |3115k| 1.471436e-01 | 1.500026e-01 |   1.94%|  99.21%
 1959s| 97100 | 12310 |  1263k|  13.0 |    29M |  92 | 507 | 488 | 488 |   0 |  1 |   0 |3117k| 1.471439e-01 | 1.500026e-01 |   1.94%|  99.21%
 1960s| 97200 | 12270 |  1265k|  13.0 |    29M |  92 | 507 | 488 | 488 |   0 |  1 |   0 |3118k| 1.471468e-01 | 1.500026e-01 |   1.94%|  99.21%
 1960s| 97300 | 12236 |  1266k|  13.0 |    29M |  92 | 507 | 488 | 488 |   0 |  1 |   0 |3120k| 1.471561e-01 | 1.500026e-01 |   1.93%|  99.21%
 time | node  | left  |LP iter|LP it/n|mem/heur|mdpt |vars |cons |rows |cuts |sepa|confs|strbr|  dualbound   | primalbound  |  gap   | compl. 
 1962s| 97400 | 12186 |  1268k|  13.0 |    29M |  92 | 507 | 488 | 488 |   0 |  1 |   0 |3122k| 1.471602e-01 | 1.500026e-01 |   1.93%|  99.21%
 1963s| 97500 | 12140 |  1269k|  13.0 |    29M |  92 | 507 | 488 | 488 |   0 |  1 |   0 |3123k| 1.471640e-01 | 1.500026e-01 |   1.93%|  99.22%
 1964s| 97600 | 12094 |  1271k|  13.0 |    29M |  92 | 507 | 488 | 488 |   0 |  1 |   0 |3125k| 1.471694e-01 | 1.500026e-01 |   1.93%|  99.22%
 1965s| 97700 | 12066 |  1272k|  13.0 |    29M |  92 | 507 | 488 | 488 |   0 |  2 |   0 |3127k| 1.471752e-01 | 1.500026e-01 |   1.92%|  99.22%
 1966s| 97800 | 12016 |  1274k|  13.0 |    29M |  92 | 507 | 488 | 488 |   0 |  2 |   0 |3128k| 1.471790e-01 | 1.500026e-01 |   1.92%|  99.22%
 1967s| 97900 | 11990 |  1275k|  13.0 |    29M |  92 | 507 | 488 | 488 |   0 |  1 |   0 |3130k| 1.471845e-01 | 1.500026e-01 |   1.91%|  99.22%
 1968s| 98000 | 11962 |  1276k|  13.0 |    29M |  92 | 507 | 488 | 488 |   0 |  3 |   0 |3132k| 1.471915e-01 | 1.500026e-01 |   1.91%|  99.22%
 1969s| 98100 | 11910 |  1278k|  13.0 |    29M |  92 | 507 | 488 | 488 |   0 |  2 |   0 |3134k| 1.471947e-01 | 1.500026e-01 |   1.91%|  99.22%
 1970s| 98200 | 11900 |  1280k|  13.0 |    29M |  92 | 507 | 488 | 488 |   0 | 10 |   0 |3136k| 1.471970e-01 | 1.500026e-01 |   1.91%|  99.22%
 1971s| 98300 | 11864 |  1281k|  13.0 |    29M |  92 | 507 | 488 | 488 |   0 |  1 |   0 |3137k| 1.472045e-01 | 1.500026e-01 |   1.90%|  99.22%
 1972s| 98400 | 11838 |  1282k|  13.0 |    29M |  92 | 507 | 488 | 488 |   0 |  1 |   0 |3139k| 1.472073e-01 | 1.500026e-01 |   1.90%|  99.22%
 1973s| 98500 | 11800 |  1284k|  13.0 |    29M |  92 | 507 | 488 | 488 |   0 |  1 |   0 |3141k| 1.472114e-01 | 1.500026e-01 |   1.90%|  99.23%
 1974s| 98600 | 11756 |  1285k|  13.0 |    29M |  92 | 507 | 488 | 488 |   0 |  3 |   0 |3143k| 1.472176e-01 | 1.500026e-01 |   1.89%|  99.23%
 1975s| 98700 | 11704 |  1287k|  13.0 |    29M |  92 | 507 | 488 | 488 |   0 |  1 |   0 |3144k| 1.472269e-01 | 1.500026e-01 |   1.89%|  99.23%
 1976s| 98800 | 11672 |  1288k|  13.0 |    29M |  92 | 507 | 488 | 488 |   0 |  1 |   0 |3146k| 1.472285e-01 | 1.500026e-01 |   1.88%|  99.23%
 time | node  | left  |LP iter|LP it/n|mem/heur|mdpt |vars |cons |rows |cuts |sepa|confs|strbr|  dualbound   | primalbound  |  gap   | compl. 
 1978s| 98900 | 11652 |  1289k|  13.0 |    29M |  92 | 507 | 488 | 488 |   0 |  1 |   0 |3148k| 1.472304e-01 | 1.500026e-01 |   1.88%|  99.23%
 1979s| 99000 | 11624 |  1291k|  13.0 |    29M |  92 | 507 | 488 | 488 |   0 |  1 |   0 |3150k| 1.472360e-01 | 1.500026e-01 |   1.88%|  99.23%
 1980s| 99100 | 11602 |  1293k|  13.0 |    29M |  92 | 507 | 488 | 488 |   0 |  1 |   0 |3152k| 1.472390e-01 | 1.500026e-01 |   1.88%|  99.23%
 1981s| 99200 | 11578 |  1294k|  13.0 |    29M |  92 | 507 | 488 | 488 |   0 |  1 |   0 |3153k| 1.472417e-01 | 1.500026e-01 |   1.88%|  99.23%
 1982s| 99300 | 11526 |  1296k|  13.0 |    29M |  92 | 507 | 488 | 488 |   0 |  1 |   0 |3156k| 1.472427e-01 | 1.500026e-01 |   1.87%|  99.23%
 1984s| 99400 | 11502 |  1297k|  13.1 |    29M |  92 | 507 | 488 | 488 |   0 |  1 |   0 |3158k| 1.472461e-01 | 1.500026e-01 |   1.87%|  99.23%
 1985s| 99500 | 11474 |  1299k|  13.1 |    29M |  92 | 507 | 488 | 488 |   0 |  1 |   0 |3160k| 1.472491e-01 | 1.500026e-01 |   1.87%|  99.31%
 1986s| 99600 | 11424 |  1300k|  13.1 |    29M |  92 | 507 | 488 | 488 |   0 |  1 |   0 |3161k| 1.472504e-01 | 1.500026e-01 |   1.87%|  99.31%
 1987s| 99700 | 11394 |  1302k|  13.1 |    29M |  92 | 507 | 488 | 488 |   0 |  1 |   0 |3163k| 1.472530e-01 | 1.500026e-01 |   1.87%|  99.31%
 1989s| 99800 | 11376 |  1304k|  13.1 |    29M |  92 | 507 | 488 | 488 |   0 |  1 |   0 |3166k| 1.472616e-01 | 1.500026e-01 |   1.86%|  99.31%
 1990s| 99900 | 11342 |  1305k|  13.1 |    29M |  92 | 507 | 488 | 488 |   0 |  1 |   0 |3167k| 1.472660e-01 | 1.500026e-01 |   1.86%|  99.31%
 1991s|100000 | 11320 |  1307k|  13.1 |    29M |  92 | 507 | 488 | 488 |   0 |  1 |   0 |3169k| 1.472700e-01 | 1.500026e-01 |   1.86%|  99.31%
 1992s|100100 | 11292 |  1308k|  13.1 |    29M |  92 | 507 | 488 | 488 |   0 |  1 |   0 |3171k| 1.472788e-01 | 1.500026e-01 |   1.85%|  99.31%
 1993s|100200 | 11256 |  1309k|  13.1 |    29M |  92 | 507 | 488 | 488 |   0 |  3 |   0 |3173k| 1.472806e-01 | 1.500026e-01 |   1.85%|  99.31%
 1994s|100300 | 11236 |  1311k|  13.1 |    29M |  92 | 507 | 488 | 488 |   0 |  1 |   0 |3175k| 1.472847e-01 | 1.500026e-01 |   1.85%|  99.31%
 time | node  | left  |LP iter|LP it/n|mem/heur|mdpt |vars |cons |rows |cuts |sepa|confs|strbr|  dualbound   | primalbound  |  gap   | compl. 
 1995s|100400 | 11190 |  1312k|  13.1 |    29M |  92 | 507 | 488 | 488 |   0 |  1 |   0 |3177k| 1.472948e-01 | 1.500026e-01 |   1.84%|  99.32%
 1996s|100500 | 11164 |  1314k|  13.1 |    29M |  92 | 507 | 488 | 488 |   0 |  1 |   0 |3178k| 1.472980e-01 | 1.500026e-01 |   1.84%|  99.32%
 1998s|100600 | 11140 |  1315k|  13.1 |    29M |  92 | 507 | 488 | 488 |   0 |  1 |   0 |3180k| 1.473028e-01 | 1.500026e-01 |   1.83%|  99.32%
 1999s|100700 | 11132 |  1316k|  13.1 |    29M |  92 | 507 | 488 | 488 |   0 |  1 |   0 |3182k| 1.473094e-01 | 1.500026e-01 |   1.83%|  99.32%
 2000s|100800 | 11096 |  1318k|  13.1 |    29M |  92 | 507 | 488 | 488 |   0 |  3 |   0 |3184k| 1.473136e-01 | 1.500026e-01 |   1.83%|  99.32%
 2001s|100900 | 11060 |  1319k|  13.1 |    29M |  92 | 507 | 488 | 488 |   0 |  4 |   0 |3186k| 1.473191e-01 | 1.500026e-01 |   1.82%|  99.32%
 2002s|101000 | 11036 |  1321k|  13.1 |    29M |  92 | 507 | 488 | 488 |   0 |  2 |   0 |3188k| 1.473227e-01 | 1.500026e-01 |   1.82%|  99.33%
 2003s|101100 | 11018 |  1322k|  13.1 |    29M |  92 | 507 | 488 | 488 |   0 |  1 |   0 |3190k| 1.473284e-01 | 1.500026e-01 |   1.82%|  99.33%
 2004s|101200 | 10992 |  1323k|  13.1 |    29M |  92 | 507 | 488 | 488 |   0 |  2 |   0 |3192k| 1.473324e-01 | 1.500026e-01 |   1.81%|  99.33%
 2005s|101300 | 10962 |  1325k|  13.1 |    29M |  92 | 507 | 488 | 488 |   0 |  1 |   0 |3194k| 1.473342e-01 | 1.500026e-01 |   1.81%|  99.33%
 2007s|101400 | 10904 |  1326k|  13.1 |    29M |  92 | 507 | 488 | 488 |   0 |  1 |   0 |3195k| 1.473432e-01 | 1.500026e-01 |   1.80%|  99.33%
 2008s|101500 | 10850 |  1328k|  13.1 |    29M |  92 | 507 | 488 | 488 |   0 |  1 |   0 |3197k| 1.473486e-01 | 1.500026e-01 |   1.80%|  99.33%
 2009s|101600 | 10812 |  1329k|  13.1 |    29M |  92 | 507 | 488 | 488 |   0 |  2 |   0 |3199k| 1.473535e-01 | 1.500026e-01 |   1.80%|  99.33%
 2010s|101700 | 10796 |  1331k|  13.1 |    29M |  92 | 507 | 488 | 488 |   0 |  1 |   0 |3200k| 1.473577e-01 | 1.500026e-01 |   1.79%|  99.33%
 2010s|101800 | 10780 |  1332k|  13.1 |    29M |  92 | 507 | 488 | 488 |   0 |  1 |   0 |3201k| 1.473606e-01 | 1.500026e-01 |   1.79%|  99.33%
 time | node  | left  |LP iter|LP it/n|mem/heur|mdpt |vars |cons |rows |cuts |sepa|confs|strbr|  dualbound   | primalbound  |  gap   | compl. 
 2011s|101900 | 10752 |  1333k|  13.1 |    29M |  92 | 507 | 488 | 488 |   0 |  1 |   0 |3203k| 1.473632e-01 | 1.500026e-01 |   1.79%|  99.34%
 2013s|102000 | 10724 |  1335k|  13.1 |    29M |  92 | 507 | 488 | 488 |   0 |  8 |   0 |3205k| 1.473697e-01 | 1.500026e-01 |   1.79%|  99.34%
 2014s|102100 | 10708 |  1336k|  13.1 |    29M |  92 | 507 | 488 | 488 |   0 |  1 |   0 |3207k| 1.473737e-01 | 1.500026e-01 |   1.78%|  99.34%
 2015s|102200 | 10682 |  1338k|  13.1 |    29M |  92 | 507 | 488 | 488 |   0 |  1 |   0 |3209k| 1.473752e-01 | 1.500026e-01 |   1.78%|  99.34%
 2016s|102300 | 10674 |  1339k|  13.1 |    29M |  92 | 507 | 488 | 488 |   0 |  1 |   0 |3211k| 1.473757e-01 | 1.500026e-01 |   1.78%|  99.34%
 2017s|102400 | 10650 |  1340k|  13.1 |    29M |  92 | 507 | 488 | 488 |   0 |  2 |   0 |3213k| 1.473803e-01 | 1.500026e-01 |   1.78%|  99.34%
 2018s|102500 | 10632 |  1341k|  13.1 |    29M |  92 | 507 | 488 | 488 |   0 |  2 |   0 |3214k| 1.473843e-01 | 1.500026e-01 |   1.78%|  99.34%
 2019s|102600 | 10612 |  1342k|  13.1 |    29M |  92 | 507 | 488 | 488 |   0 |  1 |   0 |3216k| 1.473846e-01 | 1.500026e-01 |   1.78%|  99.34%
 2020s|102700 | 10590 |  1344k|  13.1 |    29M |  92 | 507 | 488 | 488 |   0 |  1 |   0 |3218k| 1.473892e-01 | 1.500026e-01 |   1.77%|  99.34%
 2022s|102800 | 10570 |  1345k|  13.1 |    29M |  92 | 507 | 488 | 488 |   0 |  1 |   0 |3220k| 1.473975e-01 | 1.500026e-01 |   1.77%|  99.34%
 2022s|102900 | 10550 |  1347k|  13.1 |    29M |  92 | 507 | 488 | 488 |   0 |  2 |   0 |3221k| 1.473991e-01 | 1.500026e-01 |   1.77%|  99.34%
 2024s|103000 | 10514 |  1348k|  13.1 |    29M |  92 | 507 | 488 | 488 |   0 |  1 |   0 |3223k| 1.474030e-01 | 1.500026e-01 |   1.76%|  99.34%
 2025s|103100 | 10490 |  1350k|  13.1 |    29M |  92 | 507 | 488 | 488 |   0 |  2 |   0 |3225k| 1.474043e-01 | 1.500026e-01 |   1.76%|  99.34%
 2026s|103200 | 10478 |  1351k|  13.1 |    29M |  92 | 507 | 488 | 488 |   0 |  1 |   0 |3227k| 1.474077e-01 | 1.500026e-01 |   1.76%|  99.35%
 2027s|103300 | 10458 |  1352k|  13.1 |    29M |  92 | 507 | 488 | 488 |   0 |  1 |   0 |3228k| 1.474143e-01 | 1.500026e-01 |   1.76%|  99.35%
 time | node  | left  |LP iter|LP it/n|mem/heur|mdpt |vars |cons |rows |cuts |sepa|confs|strbr|  dualbound   | primalbound  |  gap   | compl. 
 2028s|103400 | 10410 |  1354k|  13.1 |    29M |  92 | 507 | 488 | 488 |   0 |  1 |   0 |3230k| 1.474240e-01 | 1.500026e-01 |   1.75%|  99.35%
 2029s|103500 | 10372 |  1355k|  13.1 |    29M |  92 | 507 | 488 | 488 |   0 |  1 |   0 |3231k| 1.474305e-01 | 1.500026e-01 |   1.74%|  99.36%
 2030s|103600 | 10336 |  1357k|  13.1 |    29M |  92 | 507 | 488 | 488 |   0 |  1 |   0 |3233k| 1.474342e-01 | 1.500026e-01 |   1.74%|  99.36%
 2031s|103700 | 10306 |  1358k|  13.1 |    29M |  92 | 507 | 488 | 488 |   0 |  1 |   0 |3235k| 1.474413e-01 | 1.500026e-01 |   1.74%|  99.36%
 2032s|103800 | 10260 |  1359k|  13.1 |    29M |  92 | 507 | 488 | 488 |   0 |  1 |   0 |3236k| 1.474478e-01 | 1.500026e-01 |   1.73%|  99.36%
 2033s|103900 | 10208 |  1361k|  13.1 |    29M |  92 | 507 | 488 | 488 |   0 |  1 |   0 |3238k| 1.474512e-01 | 1.500026e-01 |   1.73%|  99.36%
 2034s|104000 | 10192 |  1362k|  13.1 |    29M |  92 | 507 | 488 | 488 |   0 |  1 |   0 |3240k| 1.474593e-01 | 1.500026e-01 |   1.72%|  99.37%
 2035s|104100 | 10160 |  1364k|  13.1 |    29M |  92 | 507 | 488 | 488 |   0 |  1 |   0 |3242k| 1.474612e-01 | 1.500026e-01 |   1.72%|  99.37%
 2036s|104200 | 10134 |  1365k|  13.1 |    29M |  92 | 507 | 488 | 488 |   0 |  1 |   0 |3244k| 1.474695e-01 | 1.500026e-01 |   1.72%|  99.37%
 2037s|104300 | 10114 |  1366k|  13.1 |    29M |  92 | 507 | 488 | 488 |   0 |  1 |   0 |3245k| 1.474724e-01 | 1.500026e-01 |   1.72%|  99.37%
 2038s|104400 | 10068 |  1368k|  13.1 |    29M |  92 | 507 | 488 | 488 |   0 |  1 |   0 |3247k| 1.474788e-01 | 1.500026e-01 |   1.71%|  99.37%
 2039s|104500 | 10046 |  1369k|  13.1 |    29M |  92 | 507 | 488 | 488 |   0 |  2 |   0 |3249k| 1.474863e-01 | 1.500026e-01 |   1.71%|  99.37%
 2040s|104600 | 10012 |  1370k|  13.1 |    29M |  92 | 507 | 488 | 488 |   0 |  2 |   0 |3250k| 1.474889e-01 | 1.500026e-01 |   1.70%|  99.37%
 2041s|104700 |  9966 |  1372k|  13.1 |    29M |  92 | 507 | 488 | 488 |   0 |  1 |   0 |3252k| 1.474940e-01 | 1.500026e-01 |   1.70%|  99.37%
 2042s|104800 |  9928 |  1373k|  13.1 |    29M |  92 | 507 | 488 | 488 |   0 |  1 |   0 |3254k| 1.475000e-01 | 1.500026e-01 |   1.70%|  99.38%
 time | node  | left  |LP iter|LP it/n|mem/heur|mdpt |vars |cons |rows |cuts |sepa|confs|strbr|  dualbound   | primalbound  |  gap   | compl. 
 2043s|104900 |  9884 |  1375k|  13.1 |    29M |  92 | 507 | 488 | 488 |   0 |  8 |   0 |3255k| 1.475060e-01 | 1.500026e-01 |   1.69%|  99.38%
 2044s|105000 |  9834 |  1377k|  13.1 |    29M |  92 | 507 | 488 | 488 |   0 |  1 |   0 |3257k| 1.475111e-01 | 1.500026e-01 |   1.69%|  99.38%
 2045s|105100 |  9792 |  1378k|  13.1 |    29M |  92 | 507 | 488 | 488 |   0 |  1 |   0 |3258k| 1.475128e-01 | 1.500026e-01 |   1.69%|  99.38%
 2046s|105200 |  9778 |  1379k|  13.1 |    29M |  92 | 507 | 488 | 488 |   0 |  1 |   0 |3260k| 1.475141e-01 | 1.500026e-01 |   1.69%|  99.38%
 2047s|105300 |  9746 |  1381k|  13.1 |    29M |  92 | 507 | 488 | 488 |   0 |  1 |   0 |3261k| 1.475191e-01 | 1.500026e-01 |   1.68%|  99.38%
 2048s|105400 |  9714 |  1382k|  13.1 |    29M |  92 | 507 | 488 | 488 |   0 |  1 |   0 |3263k| 1.475233e-01 | 1.500026e-01 |   1.68%|  99.38%
 2049s|105500 |  9672 |  1383k|  13.1 |    29M |  92 | 507 | 488 | 488 |   0 |  1 |   0 |3264k| 1.475297e-01 | 1.500026e-01 |   1.68%|  99.38%
 2049s|105600 |  9626 |  1384k|  13.1 |    29M |  92 | 507 | 488 | 488 |   0 |  3 |   0 |3265k| 1.475325e-01 | 1.500026e-01 |   1.67%|  99.38%
 2050s|105700 |  9588 |  1386k|  13.1 |    29M |  92 | 507 | 488 | 488 |   0 |  1 |   0 |3267k| 1.475354e-01 | 1.500026e-01 |   1.67%|  99.38%
 2051s|105800 |  9542 |  1387k|  13.1 |    29M |  92 | 507 | 488 | 488 |   0 |  2 |   0 |3269k| 1.475393e-01 | 1.500026e-01 |   1.67%|  99.39%
 2052s|105900 |  9492 |  1389k|  13.1 |    29M |  92 | 507 | 488 | 488 |   0 |  1 |   0 |3271k| 1.475439e-01 | 1.500026e-01 |   1.67%|  99.39%
 2054s|106000 |  9444 |  1391k|  13.1 |    29M |  92 | 507 | 488 | 488 |   0 |  1 |   0 |3273k| 1.475483e-01 | 1.500026e-01 |   1.66%|  99.39%
 2055s|106100 |  9410 |  1392k|  13.1 |    29M |  92 | 507 | 488 | 488 |   0 |  2 |   0 |3274k| 1.475520e-01 | 1.500026e-01 |   1.66%|  99.39%
 2056s|106200 |  9350 |  1394k|  13.1 |    29M |  92 | 507 | 488 | 488 |   0 |  1 |   0 |3276k| 1.475567e-01 | 1.500026e-01 |   1.66%|  99.39%
 2057s|106300 |  9308 |  1395k|  13.1 |    29M |  92 | 507 | 488 | 488 |   0 |  1 |   0 |3277k| 1.475620e-01 | 1.500026e-01 |   1.65%|  99.39%
 time | node  | left  |LP iter|LP it/n|mem/heur|mdpt |vars |cons |rows |cuts |sepa|confs|strbr|  dualbound   | primalbound  |  gap   | compl. 
 2058s|106400 |  9276 |  1396k|  13.1 |    29M |  92 | 507 | 488 | 488 |   0 |  1 |   0 |3279k| 1.475646e-01 | 1.500026e-01 |   1.65%|  99.39%
 2059s|106500 |  9236 |  1398k|  13.1 |    29M |  92 | 507 | 488 | 488 |   0 |  2 |   0 |3281k| 1.475695e-01 | 1.500026e-01 |   1.65%|  99.39%
 2060s|106600 |  9200 |  1399k|  13.1 |    29M |  92 | 507 | 488 | 488 |   0 |  1 |   0 |3283k| 1.475739e-01 | 1.500026e-01 |   1.65%|  99.39%
 2061s|106700 |  9178 |  1400k|  13.1 |    29M |  92 | 507 | 488 | 488 |   0 |  3 |   0 |3284k| 1.475761e-01 | 1.500026e-01 |   1.64%|  99.40%
 2062s|106800 |  9156 |  1402k|  13.1 |    29M |  92 | 507 | 488 | 488 |   0 |  2 |   0 |3286k| 1.475803e-01 | 1.500026e-01 |   1.64%|  99.40%
 2062s|106900 |  9114 |  1403k|  13.1 |    29M |  92 | 507 | 488 | 488 |   0 |  1 |   0 |3287k| 1.475830e-01 | 1.500026e-01 |   1.64%|  99.40%
 2063s|107000 |  9068 |  1404k|  13.1 |    29M |  92 | 507 | 488 | 488 |   0 |  1 |   0 |3288k| 1.475878e-01 | 1.500026e-01 |   1.64%|  99.40%
 2064s|107100 |  9032 |  1406k|  13.1 |    29M |  92 | 507 | 488 | 488 |   0 |  1 |   0 |3290k| 1.475898e-01 | 1.500026e-01 |   1.63%|  99.40%
 2065s|107200 |  8990 |  1407k|  13.1 |    29M |  92 | 507 | 488 | 488 |   0 |  1 |   0 |3291k| 1.475958e-01 | 1.500026e-01 |   1.63%|  99.40%
 2066s|107300 |  8926 |  1409k|  13.1 |    29M |  92 | 507 | 488 | 488 |   0 |  8 |   0 |3293k| 1.475996e-01 | 1.500026e-01 |   1.63%|  99.40%
 2067s|107400 |  8876 |  1410k|  13.1 |    29M |  92 | 507 | 488 | 488 |   0 |  1 |   0 |3294k| 1.476053e-01 | 1.500026e-01 |   1.62%|  99.41%
 2068s|107500 |  8836 |  1411k|  13.1 |    29M |  92 | 507 | 488 | 488 |   0 |  1 |   0 |3296k| 1.476122e-01 | 1.500026e-01 |   1.62%|  99.41%
 2069s|107600 |  8786 |  1413k|  13.1 |    29M |  92 | 507 | 488 | 488 |   0 |  1 |   0 |3298k| 1.476143e-01 | 1.500026e-01 |   1.62%|  99.41%
 2070s|107700 |  8740 |  1414k|  13.1 |    29M |  92 | 507 | 488 | 488 |   0 |  3 |   0 |3299k| 1.476206e-01 | 1.500026e-01 |   1.61%|  99.41%
 2071s|107800 |  8682 |  1416k|  13.1 |    29M |  92 | 507 | 488 | 488 |   0 |  1 |   0 |3301k| 1.476269e-01 | 1.500026e-01 |   1.61%|  99.41%
 time | node  | left  |LP iter|LP it/n|mem/heur|mdpt |vars |cons |rows |cuts |sepa|confs|strbr|  dualbound   | primalbound  |  gap   | compl. 
 2072s|107900 |  8626 |  1417k|  13.1 |    29M |  92 | 507 | 488 | 488 |   0 |  1 |   0 |3302k| 1.476297e-01 | 1.500026e-01 |   1.61%|  99.41%
 2072s|108000 |  8570 |  1419k|  13.1 |    29M |  92 | 507 | 488 | 488 |   0 |  1 |   0 |3303k| 1.476351e-01 | 1.500026e-01 |   1.60%|  99.41%
 2073s|108100 |  8526 |  1420k|  13.1 |    29M |  92 | 507 | 488 | 488 |   0 |  1 |   0 |3305k| 1.476398e-01 | 1.500026e-01 |   1.60%|  99.41%
 2074s|108200 |  8462 |  1422k|  13.1 |    29M |  92 | 507 | 488 | 488 |   0 |  3 |   0 |3307k| 1.476469e-01 | 1.500026e-01 |   1.60%|  99.41%
 2075s|108300 |  8422 |  1424k|  13.1 |    29M |  92 | 507 | 488 | 488 |   0 |  2 |   0 |3308k| 1.476505e-01 | 1.500026e-01 |   1.59%|  99.42%
 2076s|108400 |  8374 |  1425k|  13.1 |    29M |  92 | 507 | 488 | 488 |   0 |  1 |   0 |3310k| 1.476525e-01 | 1.500026e-01 |   1.59%|  99.42%
 2077s|108500 |  8334 |  1427k|  13.1 |    29M |  92 | 507 | 488 | 488 |   0 |  5 |   0 |3311k| 1.476573e-01 | 1.500026e-01 |   1.59%|  99.42%
 2078s|108600 |  8306 |  1428k|  13.1 |    29M |  92 | 507 | 488 | 488 |   0 |  1 |   0 |3313k| 1.476598e-01 | 1.500026e-01 |   1.59%|  99.42%
 2079s|108700 |  8262 |  1429k|  13.2 |    29M |  92 | 507 | 488 | 488 |   0 |  0 |   0 |3315k| 1.476631e-01 | 1.500026e-01 |   1.58%|  99.42%
 2080s|108800 |  8218 |  1431k|  13.2 |    29M |  92 | 507 | 488 | 488 |   0 |  1 |   0 |3316k| 1.476667e-01 | 1.500026e-01 |   1.58%|  99.42%
 2081s|108900 |  8172 |  1432k|  13.2 |    29M |  92 | 507 | 488 | 488 |   0 |  1 |   0 |3318k| 1.476702e-01 | 1.500026e-01 |   1.58%|  99.42%
 2082s|109000 |  8124 |  1434k|  13.2 |    29M |  92 | 507 | 488 | 488 |   0 |  1 |   0 |3319k| 1.476731e-01 | 1.500026e-01 |   1.58%|  99.42%
 2083s|109100 |  8088 |  1435k|  13.2 |    29M |  92 | 507 | 488 | 488 |   0 |  1 |   0 |3321k| 1.476750e-01 | 1.500026e-01 |   1.58%|  99.42%
 2084s|109200 |  8048 |  1437k|  13.2 |    29M |  92 | 507 | 488 | 488 |   0 |  1 |   0 |3322k| 1.476796e-01 | 1.500026e-01 |   1.57%|  99.42%
 2085s|109300 |  7994 |  1438k|  13.2 |    29M |  92 | 507 | 488 | 488 |   0 |  4 |   0 |3324k| 1.476841e-01 | 1.500026e-01 |   1.57%|  99.42%
 time | node  | left  |LP iter|LP it/n|mem/heur|mdpt |vars |cons |rows |cuts |sepa|confs|strbr|  dualbound   | primalbound  |  gap   | compl. 
 2085s|109400 |  7942 |  1439k|  13.2 |    29M |  92 | 507 | 488 | 488 |   0 |  2 |   0 |3325k| 1.476873e-01 | 1.500026e-01 |   1.57%|  99.42%
 2086s|109500 |  7898 |  1441k|  13.2 |    29M |  92 | 507 | 488 | 488 |   0 |  1 |   0 |3327k| 1.476912e-01 | 1.500026e-01 |   1.57%|  99.43%
 2087s|109600 |  7844 |  1443k|  13.2 |    29M |  92 | 507 | 488 | 488 |   0 |  1 |   0 |3328k| 1.476952e-01 | 1.500026e-01 |   1.56%|  99.43%
 2089s|109700 |  7790 |  1445k|  13.2 |    29M |  92 | 507 | 488 | 488 |   0 |  1 |   0 |3330k| 1.477004e-01 | 1.500026e-01 |   1.56%|  99.43%
 2090s|109800 |  7758 |  1446k|  13.2 |    29M |  92 | 507 | 488 | 488 |   0 |  2 |   0 |3332k| 1.477068e-01 | 1.500026e-01 |   1.55%|  99.43%
 2091s|109900 |  7718 |  1448k|  13.2 |    29M |  92 | 507 | 488 | 488 |   0 |  1 |   0 |3334k| 1.477095e-01 | 1.500026e-01 |   1.55%|  99.43%
 2092s|110000 |  7652 |  1450k|  13.2 |    29M |  92 | 507 | 488 | 488 |   0 |  1 |   0 |3336k| 1.477162e-01 | 1.500026e-01 |   1.55%|  99.43%
 2093s|110100 |  7612 |  1452k|  13.2 |    29M |  92 | 507 | 488 | 488 |   0 |  1 |   0 |3338k| 1.477211e-01 | 1.500026e-01 |   1.54%|  99.43%
 2094s|110200 |  7566 |  1453k|  13.2 |    29M |  92 | 507 | 488 | 488 |   0 |  1 |   0 |3339k| 1.477261e-01 | 1.500026e-01 |   1.54%|  99.43%
 2095s|110300 |  7534 |  1455k|  13.2 |    29M |  92 | 507 | 488 | 488 |   0 |  4 |   0 |3341k| 1.477338e-01 | 1.500026e-01 |   1.54%|  99.44%
 2096s|110400 |  7500 |  1456k|  13.2 |    29M |  92 | 507 | 488 | 488 |   0 |  2 |   0 |3342k| 1.477423e-01 | 1.500026e-01 |   1.53%|  99.44%
 2097s|110500 |  7448 |  1458k|  13.2 |    29M |  92 | 507 | 488 | 488 |   0 |  1 |   0 |3344k| 1.477495e-01 | 1.500026e-01 |   1.52%|  99.44%
 2098s|110600 |  7406 |  1459k|  13.2 |    29M |  92 | 507 | 488 | 488 |   0 |  2 |   0 |3345k| 1.477524e-01 | 1.500026e-01 |   1.52%|  99.44%
 2099s|110700 |  7366 |  1461k|  13.2 |    29M |  92 | 507 | 488 | 488 |   0 |  3 |   0 |3347k| 1.477573e-01 | 1.500026e-01 |   1.52%|  99.44%
 2100s|110800 |  7316 |  1462k|  13.2 |    29M |  92 | 507 | 488 | 488 |   0 |  1 |   0 |3348k| 1.477681e-01 | 1.500026e-01 |   1.51%|  99.44%
 time | node  | left  |LP iter|LP it/n|mem/heur|mdpt |vars |cons |rows |cuts |sepa|confs|strbr|  dualbound   | primalbound  |  gap   | compl. 
 2101s|110900 |  7274 |  1464k|  13.2 |    29M |  92 | 507 | 488 | 488 |   0 |  1 |   0 |3350k| 1.477774e-01 | 1.500026e-01 |   1.51%|  99.45%
 2101s|111000 |  7218 |  1466k|  13.2 |    29M |  92 | 507 | 488 | 488 |   0 |  1 |   0 |3351k| 1.477830e-01 | 1.500026e-01 |   1.50%|  99.45%
 2102s|111100 |  7176 |  1467k|  13.2 |    29M |  92 | 507 | 488 | 488 |   0 |  1 |   0 |3353k| 1.477885e-01 | 1.500026e-01 |   1.50%|  99.45%
 2103s|111200 |  7134 |  1469k|  13.2 |    29M |  92 | 507 | 488 | 488 |   0 |  1 |   0 |3354k| 1.477910e-01 | 1.500026e-01 |   1.50%|  99.45%
 2104s|111300 |  7100 |  1470k|  13.2 |    29M |  92 | 507 | 488 | 488 |   0 |  2 |   0 |3356k| 1.477962e-01 | 1.500026e-01 |   1.49%|  99.45%
 2105s|111400 |  7064 |  1471k|  13.2 |    29M |  92 | 507 | 488 | 488 |   0 |  2 |   0 |3357k| 1.478002e-01 | 1.500026e-01 |   1.49%|  99.45%
 2106s|111500 |  7016 |  1473k|  13.2 |    29M |  92 | 507 | 488 | 488 |   0 |  2 |   0 |3359k| 1.478068e-01 | 1.500026e-01 |   1.49%|  99.45%
 2107s|111600 |  6968 |  1475k|  13.2 |    29M |  92 | 507 | 488 | 488 |   0 |  1 |   0 |3361k| 1.478095e-01 | 1.500026e-01 |   1.48%|  99.45%
 2109s|111700 |  6920 |  1477k|  13.2 |    29M |  92 | 507 | 488 | 488 |   0 |  1 |   0 |3363k| 1.478120e-01 | 1.500026e-01 |   1.48%|  99.46%
 2109s|111800 |  6876 |  1478k|  13.2 |    29M |  92 | 507 | 488 | 488 |   0 |  2 |   0 |3364k| 1.478176e-01 | 1.500026e-01 |   1.48%|  99.46%
 2110s|111900 |  6810 |  1480k|  13.2 |    29M |  92 | 507 | 488 | 488 |   0 |  1 |   0 |3366k| 1.478211e-01 | 1.500026e-01 |   1.48%|  99.46%
 2111s|112000 |  6750 |  1482k|  13.2 |    29M |  92 | 507 | 488 | 488 |   0 |  1 |   0 |3367k| 1.478252e-01 | 1.500026e-01 |   1.47%|  99.46%
 2112s|112100 |  6696 |  1483k|  13.2 |    29M |  92 | 507 | 488 | 488 |   0 |  1 |   0 |3369k| 1.478325e-01 | 1.500026e-01 |   1.47%|  99.46%
 2113s|112200 |  6648 |  1485k|  13.2 |    29M |  92 | 507 | 488 | 488 |   0 |  1 |   0 |3370k| 1.478384e-01 | 1.500026e-01 |   1.46%|  99.46%
 2114s|112300 |  6616 |  1486k|  13.2 |    29M |  92 | 507 | 488 | 488 |   0 |  1 |   0 |3372k| 1.478404e-01 | 1.500026e-01 |   1.46%|  99.46%
 time | node  | left  |LP iter|LP it/n|mem/heur|mdpt |vars |cons |rows |cuts |sepa|confs|strbr|  dualbound   | primalbound  |  gap   | compl. 
 2115s|112400 |  6574 |  1488k|  13.2 |    29M |  92 | 507 | 488 | 488 |   0 |  1 |   0 |3374k| 1.478411e-01 | 1.500026e-01 |   1.46%|  99.46%
 2116s|112500 |  6540 |  1489k|  13.2 |    29M |  92 | 507 | 488 | 488 |   0 |  1 |   0 |3375k| 1.478422e-01 | 1.500026e-01 |   1.46%|  99.46%
 2117s|112600 |  6488 |  1491k|  13.2 |    29M |  92 | 507 | 488 | 488 |   0 |  1 |   0 |3377k| 1.478458e-01 | 1.500026e-01 |   1.46%|  99.46%
 2118s|112700 |  6448 |  1492k|  13.2 |    29M |  92 | 507 | 488 | 488 |   0 |  1 |   0 |3378k| 1.478478e-01 | 1.500026e-01 |   1.46%|  99.46%
 2119s|112800 |  6416 |  1494k|  13.2 |    29M |  92 | 507 | 488 | 488 |   0 |  1 |   0 |3380k| 1.478498e-01 | 1.500026e-01 |   1.46%|  99.46%
 2120s|112900 |  6376 |  1495k|  13.2 |    29M |  92 | 507 | 488 | 488 |   0 |  1 |   0 |3382k| 1.478552e-01 | 1.500026e-01 |   1.45%|  99.47%
 2121s|113000 |  6356 |  1497k|  13.2 |    29M |  92 | 507 | 488 | 488 |   0 |  1 |   0 |3383k| 1.478604e-01 | 1.500026e-01 |   1.45%|  99.47%
 2122s|113100 |  6326 |  1498k|  13.2 |    29M |  92 | 507 | 488 | 488 |   0 |  1 |   0 |3385k| 1.478634e-01 | 1.500026e-01 |   1.45%|  99.47%
 2123s|113200 |  6270 |  1500k|  13.2 |    29M |  92 | 507 | 488 | 488 |   0 |  1 |   0 |3386k| 1.478691e-01 | 1.500026e-01 |   1.44%|  99.47%
 2124s|113300 |  6228 |  1501k|  13.3 |    29M |  92 | 507 | 488 | 488 |   0 |  9 |   0 |3388k| 1.478727e-01 | 1.500026e-01 |   1.44%|  99.47%
 2125s|113400 |  6192 |  1503k|  13.3 |    29M |  92 | 507 | 488 | 488 |   0 |  1 |   0 |3390k| 1.478776e-01 | 1.500026e-01 |   1.44%|  99.47%
 2126s|113500 |  6164 |  1504k|  13.3 |    29M |  92 | 507 | 488 | 488 |   0 |  1 |   0 |3391k| 1.478789e-01 | 1.500026e-01 |   1.44%|  99.47%
 2127s|113600 |  6128 |  1506k|  13.3 |    29M |  92 | 507 | 488 | 488 |   0 |  3 |   0 |3393k| 1.478854e-01 | 1.500026e-01 |   1.43%|  99.47%
 2128s|113700 |  6078 |  1508k|  13.3 |    29M |  92 | 507 | 488 | 488 |   0 |  1 |   0 |3395k| 1.478904e-01 | 1.500026e-01 |   1.43%|  99.47%
 2129s|113800 |  6020 |  1509k|  13.3 |    29M |  92 | 507 | 488 | 488 |   0 |  1 |   0 |3396k| 1.478998e-01 | 1.500026e-01 |   1.42%|  99.48%
 time | node  | left  |LP iter|LP it/n|mem/heur|mdpt |vars |cons |rows |cuts |sepa|confs|strbr|  dualbound   | primalbound  |  gap   | compl. 
 2130s|113900 |  5986 |  1511k|  13.3 |    29M |  92 | 507 | 488 | 488 |   0 |  8 |   0 |3398k| 1.479031e-01 | 1.500026e-01 |   1.42%|  99.48%
 2131s|114000 |  5952 |  1512k|  13.3 |    29M |  92 | 507 | 488 | 488 |   0 |  2 |   0 |3399k| 1.479067e-01 | 1.500026e-01 |   1.42%|  99.48%
 2132s|114100 |  5916 |  1513k|  13.3 |    29M |  92 | 507 | 488 | 488 |   0 |  1 |   0 |3401k| 1.479108e-01 | 1.500026e-01 |   1.41%|  99.48%
 2132s|114200 |  5874 |  1515k|  13.3 |    29M |  92 | 507 | 488 | 488 |   0 |  1 |   0 |3402k| 1.479153e-01 | 1.500026e-01 |   1.41%|  99.48%
 2134s|114300 |  5820 |  1516k|  13.3 |    29M |  92 | 507 | 488 | 488 |   0 |  1 |   0 |3404k| 1.479195e-01 | 1.500026e-01 |   1.41%|  99.48%
 2134s|114400 |  5768 |  1518k|  13.3 |    29M |  92 | 507 | 488 | 488 |   0 |  1 |   0 |3405k| 1.479257e-01 | 1.500026e-01 |   1.40%|  99.48%
 2135s|114500 |  5718 |  1519k|  13.3 |    29M |  92 | 507 | 488 | 488 |   0 |  1 |   0 |3406k| 1.479314e-01 | 1.500026e-01 |   1.40%|  99.48%
 2136s|114600 |  5654 |  1521k|  13.3 |    29M |  92 | 507 | 488 | 488 |   0 |  1 |   0 |3408k| 1.479365e-01 | 1.500026e-01 |   1.40%|  99.48%
 2137s|114700 |  5600 |  1522k|  13.3 |    29M |  92 | 507 | 488 | 488 |   0 |  1 |   0 |3409k| 1.479433e-01 | 1.500026e-01 |   1.39%|  99.48%
 2138s|114800 |  5536 |  1524k|  13.3 |    29M |  92 | 507 | 488 | 488 |   0 |  1 |   0 |3411k| 1.479541e-01 | 1.500026e-01 |   1.38%|  99.49%
 2139s|114900 |  5474 |  1526k|  13.3 |    29M |  92 | 507 | 488 | 488 |   0 |  1 |   0 |3412k| 1.479629e-01 | 1.500026e-01 |   1.38%|  99.49%
 2140s|115000 |  5430 |  1527k|  13.3 |    29M |  92 | 507 | 488 | 488 |   0 |  1 |   0 |3414k| 1.479685e-01 | 1.500026e-01 |   1.37%|  99.49%
 2140s|115100 |  5378 |  1529k|  13.3 |    29M |  92 | 507 | 488 | 488 |   0 |  1 |   0 |3415k| 1.479733e-01 | 1.500026e-01 |   1.37%|  99.49%
 2141s|115200 |  5332 |  1530k|  13.3 |    29M |  92 | 507 | 488 | 488 |   0 |  1 |   0 |3416k| 1.479762e-01 | 1.500026e-01 |   1.37%|  99.49%
 2142s|115300 |  5284 |  1531k|  13.3 |    29M |  92 | 507 | 488 | 488 |   0 |  1 |   0 |3418k| 1.479795e-01 | 1.500026e-01 |   1.37%|  99.49%
 time | node  | left  |LP iter|LP it/n|mem/heur|mdpt |vars |cons |rows |cuts |sepa|confs|strbr|  dualbound   | primalbound  |  gap   | compl. 
 2143s|115400 |  5210 |  1533k|  13.3 |    29M |  92 | 507 | 488 | 488 |   0 |  1 |   0 |3419k| 1.479833e-01 | 1.500026e-01 |   1.36%|  99.49%
 2144s|115500 |  5144 |  1535k|  13.3 |    29M |  92 | 507 | 488 | 488 |   0 |  1 |   0 |3420k| 1.479854e-01 | 1.500026e-01 |   1.36%|  99.49%
 2145s|115600 |  5086 |  1536k|  13.3 |    29M |  92 | 507 | 488 | 488 |   0 |  1 |   0 |3422k| 1.479911e-01 | 1.500026e-01 |   1.36%|  99.50%
 2145s|115700 |  5038 |  1538k|  13.3 |    29M |  92 | 507 | 488 | 488 |   0 |  2 |   0 |3423k| 1.479937e-01 | 1.500026e-01 |   1.36%|  99.50%
 2146s|115800 |  4974 |  1539k|  13.3 |    29M |  92 | 507 | 488 | 488 |   0 |  1 |   0 |3424k| 1.480002e-01 | 1.500026e-01 |   1.35%|  99.50%
 2147s|115900 |  4920 |  1541k|  13.3 |    29M |  92 | 507 | 488 | 488 |   0 |  1 |   0 |3425k| 1.480037e-01 | 1.500026e-01 |   1.35%|  99.50%
 2148s|116000 |  4862 |  1543k|  13.3 |    29M |  92 | 507 | 488 | 488 |   0 |  1 |   0 |3427k| 1.480101e-01 | 1.500026e-01 |   1.35%|  99.50%
 2148s|116100 |  4800 |  1544k|  13.3 |    29M |  92 | 507 | 488 | 488 |   0 |  1 |   0 |3428k| 1.480130e-01 | 1.500026e-01 |   1.34%|  99.50%
 2149s|116200 |  4748 |  1546k|  13.3 |    29M |  92 | 507 | 488 | 488 |   0 |  9 |   0 |3429k| 1.480164e-01 | 1.500026e-01 |   1.34%|  99.50%
 2150s|116300 |  4682 |  1547k|  13.3 |    29M |  92 | 507 | 488 | 488 |   0 |  2 |   0 |3430k| 1.480220e-01 | 1.500026e-01 |   1.34%|  99.51%
 2151s|116400 |  4618 |  1549k|  13.3 |    29M |  92 | 507 | 488 | 488 |   0 |  1 |   0 |3432k| 1.480266e-01 | 1.500026e-01 |   1.33%|  99.51%
 2151s|116500 |  4564 |  1550k|  13.3 |    29M |  92 | 507 | 488 | 488 |   0 |  4 |   0 |3433k| 1.480299e-01 | 1.500026e-01 |   1.33%|  99.51%
 2152s|116600 |  4506 |  1552k|  13.3 |    29M |  93 | 507 | 488 | 488 |   0 |  1 |   0 |3434k| 1.480329e-01 | 1.500026e-01 |   1.33%|  99.51%
 2153s|116700 |  4438 |  1553k|  13.3 |    29M |  93 | 507 | 488 | 488 |   0 |  1 |   0 |3436k| 1.480369e-01 | 1.500026e-01 |   1.33%|  99.51%
 2154s|116800 |  4364 |  1555k|  13.3 |    29M |  93 | 507 | 488 | 488 |   0 |  1 |   0 |3437k| 1.480430e-01 | 1.500026e-01 |   1.32%|  99.51%
 time | node  | left  |LP iter|LP it/n|mem/heur|mdpt |vars |cons |rows |cuts |sepa|confs|strbr|  dualbound   | primalbound  |  gap   | compl. 
 2155s|116900 |  4302 |  1557k|  13.3 |    29M |  93 | 507 | 488 | 488 |   0 |  5 |   0 |3438k| 1.480486e-01 | 1.500026e-01 |   1.32%|  99.51%
 2155s|117000 |  4242 |  1558k|  13.3 |    29M |  93 | 507 | 488 | 488 |   0 |  1 |   0 |3439k| 1.480557e-01 | 1.500026e-01 |   1.31%|  99.51%
 2156s|117100 |  4192 |  1560k|  13.3 |    29M |  93 | 507 | 488 | 488 |   0 |  1 |   0 |3441k| 1.480587e-01 | 1.500026e-01 |   1.31%|  99.51%
 2157s|117200 |  4128 |  1562k|  13.3 |    29M |  93 | 507 | 488 | 488 |   0 |  1 |   0 |3442k| 1.480629e-01 | 1.500026e-01 |   1.31%|  99.51%
 2158s|117300 |  4066 |  1563k|  13.3 |    29M |  93 | 507 | 488 | 488 |   0 |  1 |   0 |3443k| 1.480645e-01 | 1.500026e-01 |   1.31%|  99.52%
 2159s|117400 |  4008 |  1565k|  13.3 |    29M |  93 | 507 | 488 | 488 |   0 |  1 |   0 |3444k| 1.480699e-01 | 1.500026e-01 |   1.31%|  99.52%
 2160s|117500 |  3954 |  1567k|  13.3 |    29M |  93 | 507 | 488 | 488 |   0 |  1 |   0 |3446k| 1.480767e-01 | 1.500026e-01 |   1.30%|  99.52%
 2160s|117600 |  3900 |  1568k|  13.3 |    29M |  93 | 507 | 488 | 488 |   0 |  1 |   0 |3447k| 1.480781e-01 | 1.500026e-01 |   1.30%|  99.52%
 2161s|117700 |  3844 |  1569k|  13.3 |    29M |  93 | 507 | 488 | 488 |   0 |  1 |   0 |3448k| 1.480815e-01 | 1.500026e-01 |   1.30%|  99.52%
 2162s|117800 |  3776 |  1571k|  13.3 |    29M |  93 | 507 | 488 | 488 |   0 |  1 |   0 |3450k| 1.480906e-01 | 1.500026e-01 |   1.29%|  99.52%
 2163s|117900 |  3716 |  1573k|  13.3 |    29M |  93 | 507 | 488 | 488 |   0 |  1 |   0 |3451k| 1.480944e-01 | 1.500026e-01 |   1.29%|  99.52%
 2164s|118000 |  3672 |  1575k|  13.3 |    29M |  93 | 507 | 488 | 488 |   0 |  1 |   0 |3453k| 1.481031e-01 | 1.500026e-01 |   1.28%|  99.52%
 2165s|118100 |  3624 |  1576k|  13.3 |    29M |  93 | 507 | 488 | 488 |   0 |  1 |   0 |3454k| 1.481059e-01 | 1.500026e-01 |   1.28%|  99.52%
 2165s|118200 |  3550 |  1578k|  13.4 |    29M |  93 | 507 | 488 | 488 |   0 |  1 |   0 |3455k| 1.481158e-01 | 1.500026e-01 |   1.27%|  99.53%
 2166s|118300 |  3490 |  1580k|  13.4 |    29M |  93 | 507 | 488 | 488 |   0 |  1 |   0 |3457k| 1.481248e-01 | 1.500026e-01 |   1.27%|  99.53%
 time | node  | left  |LP iter|LP it/n|mem/heur|mdpt |vars |cons |rows |cuts |sepa|confs|strbr|  dualbound   | primalbound  |  gap   | compl. 
 2167s|118400 |  3446 |  1582k|  13.4 |    29M |  93 | 507 | 488 | 488 |   0 |  1 |   0 |3459k| 1.481295e-01 | 1.500026e-01 |   1.26%|  99.53%
 2168s|118500 |  3378 |  1583k|  13.4 |    29M |  93 | 507 | 488 | 488 |   0 |  1 |   0 |3460k| 1.481350e-01 | 1.500026e-01 |   1.26%|  99.53%
 2169s|118600 |  3334 |  1585k|  13.4 |    29M |  93 | 507 | 488 | 488 |   0 |  1 |   0 |3461k| 1.481394e-01 | 1.500026e-01 |   1.26%|  99.53%
 2170s|118700 |  3280 |  1587k|  13.4 |    29M |  93 | 507 | 488 | 488 |   0 |  2 |   0 |3463k| 1.481417e-01 | 1.500026e-01 |   1.26%|  99.53%
 2171s|118800 |  3234 |  1588k|  13.4 |    29M |  93 | 507 | 488 | 488 |   0 |  2 |   0 |3464k| 1.481437e-01 | 1.500026e-01 |   1.25%|  99.53%
 2172s|118900 |  3178 |  1590k|  13.4 |    29M |  93 | 507 | 488 | 488 |   0 |  1 |   0 |3466k| 1.481493e-01 | 1.500026e-01 |   1.25%|  99.53%
 2173s|119000 |  3124 |  1592k|  13.4 |    29M |  93 | 507 | 488 | 488 |   0 |  2 |   0 |3467k| 1.481558e-01 | 1.500026e-01 |   1.25%|  99.54%
 2173s|119100 |  3066 |  1594k|  13.4 |    29M |  93 | 507 | 488 | 488 |   0 |  1 |   0 |3469k| 1.481640e-01 | 1.500026e-01 |   1.24%|  99.54%
 2174s|119200 |  3012 |  1595k|  13.4 |    29M |  93 | 507 | 488 | 488 |   0 |  5 |   0 |3470k| 1.481698e-01 | 1.500026e-01 |   1.24%|  99.54%
 2175s|119300 |  2964 |  1597k|  13.4 |    29M |  93 | 507 | 488 | 488 |   0 |  1 |   0 |3472k| 1.481810e-01 | 1.500026e-01 |   1.23%|  99.54%
 2176s|119400 |  2914 |  1599k|  13.4 |    29M |  93 | 507 | 488 | 488 |   0 |  1 |   0 |3473k| 1.481912e-01 | 1.500026e-01 |   1.22%|  99.55%
 2177s|119500 |  2856 |  1600k|  13.4 |    29M |  93 | 507 | 488 | 488 |   0 |  1 |   0 |3474k| 1.482003e-01 | 1.500026e-01 |   1.22%|  99.55%
 2178s|119600 |  2808 |  1602k|  13.4 |    29M |  93 | 507 | 488 | 488 |   0 |  1 |   0 |3476k| 1.482043e-01 | 1.500026e-01 |   1.21%|  99.55%
 2179s|119700 |  2774 |  1604k|  13.4 |    29M |  93 | 507 | 488 | 488 |   0 |  3 |   0 |3477k| 1.482184e-01 | 1.500026e-01 |   1.20%|  99.55%
 2180s|119800 |  2730 |  1606k|  13.4 |    29M |  93 | 507 | 488 | 488 |   0 |  4 |   0 |3479k| 1.482193e-01 | 1.500026e-01 |   1.20%|  99.55%
 time | node  | left  |LP iter|LP it/n|mem/heur|mdpt |vars |cons |rows |cuts |sepa|confs|strbr|  dualbound   | primalbound  |  gap   | compl. 
 2181s|119900 |  2680 |  1607k|  13.4 |    29M |  93 | 507 | 488 | 488 |   0 |  3 |   0 |3480k| 1.482280e-01 | 1.500026e-01 |   1.20%|  99.55%
 2181s|120000 |  2628 |  1609k|  13.4 |    29M |  93 | 507 | 488 | 488 |   0 |  1 |   0 |3481k| 1.482340e-01 | 1.500026e-01 |   1.19%|  99.56%
 2182s|120100 |  2596 |  1610k|  13.4 |    29M |  93 | 507 | 488 | 488 |   0 |  1 |   0 |3482k| 1.482404e-01 | 1.500026e-01 |   1.19%|  99.56%
 2183s|120200 |  2548 |  1612k|  13.4 |    29M |  93 | 507 | 488 | 488 |   0 |  1 |   0 |3484k| 1.482472e-01 | 1.500026e-01 |   1.18%|  99.56%
 2184s|120300 |  2520 |  1614k|  13.4 |    29M |  93 | 507 | 488 | 488 |   0 |  2 |   0 |3486k| 1.482532e-01 | 1.500026e-01 |   1.18%|  99.56%
 2185s|120400 |  2472 |  1616k|  13.4 |    29M |  93 | 507 | 488 | 488 |   0 |  1 |   0 |3487k| 1.482662e-01 | 1.500026e-01 |   1.17%|  99.56%
 2186s|120500 |  2448 |  1617k|  13.4 |    29M |  93 | 507 | 488 | 488 |   0 |  1 |   0 |3488k| 1.482699e-01 | 1.500026e-01 |   1.17%|  99.56%
 2186s|120600 |  2424 |  1619k|  13.4 |    29M |  93 | 507 | 488 | 488 |   0 |  1 |   0 |3489k| 1.482798e-01 | 1.500026e-01 |   1.16%|  99.57%
 2187s|120700 |  2386 |  1620k|  13.4 |    29M |  93 | 507 | 488 | 488 |   0 |  1 |   0 |3490k| 1.482849e-01 | 1.500026e-01 |   1.16%|  99.57%
 2188s|120800 |  2340 |  1622k|  13.4 |    29M |  93 | 507 | 488 | 488 |   0 |  3 |   0 |3491k| 1.482938e-01 | 1.500026e-01 |   1.15%|  99.57%
 2188s|120900 |  2302 |  1623k|  13.4 |    29M |  93 | 507 | 488 | 488 |   0 |  2 |   0 |3492k| 1.483062e-01 | 1.500026e-01 |   1.14%|  99.57%
 2189s|121000 |  2264 |  1624k|  13.4 |    29M |  93 | 507 | 488 | 488 |   0 |  1 |   0 |3493k| 1.483144e-01 | 1.500026e-01 |   1.14%|  99.57%
 2190s|121100 |  2208 |  1626k|  13.4 |    29M |  93 | 507 | 488 | 488 |   0 |  2 |   0 |3494k| 1.483409e-01 | 1.500026e-01 |   1.12%|  99.58%
 2190s|121200 |  2144 |  1627k|  13.4 |    29M |  93 | 507 | 488 | 488 |   0 |  1 |   0 |3495k| 1.483512e-01 | 1.500026e-01 |   1.11%|  99.58%
 2191s|121300 |  2096 |  1629k|  13.4 |    29M |  93 | 507 | 488 | 488 |   0 |  2 |   0 |3496k| 1.483608e-01 | 1.500026e-01 |   1.11%|  99.58%
 time | node  | left  |LP iter|LP it/n|mem/heur|mdpt |vars |cons |rows |cuts |sepa|confs|strbr|  dualbound   | primalbound  |  gap   | compl. 
 2191s|121400 |  2056 |  1630k|  13.4 |    29M |  93 | 507 | 488 | 488 |   0 |  1 |   0 |3497k| 1.483676e-01 | 1.500026e-01 |   1.10%|  99.59%
 2192s|121500 |  2002 |  1631k|  13.4 |    29M |  93 | 507 | 488 | 488 |   0 |  1 |   0 |3498k| 1.483719e-01 | 1.500026e-01 |   1.10%|  99.59%
 2193s|121600 |  1954 |  1633k|  13.4 |    29M |  93 | 507 | 488 | 488 |   0 |  1 |   0 |3499k| 1.483778e-01 | 1.500026e-01 |   1.10%|  99.59%
 2193s|121700 |  1926 |  1634k|  13.4 |    29M |  93 | 507 | 488 | 488 |   0 |  1 |   0 |3500k| 1.483904e-01 | 1.500026e-01 |   1.09%|  99.61%
 2194s|121800 |  1876 |  1636k|  13.4 |    29M |  93 | 507 | 488 | 488 |   0 |  2 |   0 |3501k| 1.483981e-01 | 1.500026e-01 |   1.08%|  99.61%
 2195s|121900 |  1834 |  1638k|  13.4 |    29M |  93 | 507 | 488 | 488 |   0 |  1 |   0 |3502k| 1.484211e-01 | 1.500026e-01 |   1.07%|  99.62%
 2195s|122000 |  1802 |  1639k|  13.4 |    29M |  93 | 507 | 488 | 488 |   0 |  1 |   0 |3503k| 1.484216e-01 | 1.500026e-01 |   1.07%|  99.62%
 2196s|122100 |  1756 |  1640k|  13.4 |    29M |  93 | 507 | 488 | 488 |   0 |  1 |   0 |3504k| 1.484327e-01 | 1.500026e-01 |   1.06%|  99.62%
 2196s|122200 |  1720 |  1641k|  13.4 |    29M |  93 | 507 | 488 | 488 |   0 |  0 |   0 |3505k| 1.484394e-01 | 1.500026e-01 |   1.05%|  99.62%
 2197s|122300 |  1688 |  1642k|  13.4 |    29M |  93 | 507 | 488 | 488 |   0 |  1 |   0 |3505k| 1.484415e-01 | 1.500026e-01 |   1.05%|  99.62%
 2197s|122400 |  1648 |  1644k|  13.4 |    29M |  93 | 507 | 488 | 488 |   0 |  2 |   0 |3506k| 1.484496e-01 | 1.500026e-01 |   1.05%|  99.62%
 2198s|122500 |  1592 |  1645k|  13.4 |    29M |  93 | 507 | 488 | 488 |   0 |  1 |   0 |3507k| 1.484684e-01 | 1.500026e-01 |   1.03%|  99.63%
 2199s|122600 |  1546 |  1646k|  13.4 |    29M |  93 | 507 | 488 | 488 |   0 |  5 |   0 |3508k| 1.484722e-01 | 1.500026e-01 |   1.03%|  99.63%
 2199s|122700 |  1494 |  1648k|  13.4 |    29M |  93 | 507 | 488 | 488 |   0 |  4 |   0 |3509k| 1.484750e-01 | 1.500026e-01 |   1.03%|  99.63%
 2200s|122800 |  1442 |  1649k|  13.4 |    29M |  93 | 507 | 488 | 488 |   0 |  1 |   0 |3510k| 1.484936e-01 | 1.500026e-01 |   1.02%|  99.63%
 time | node  | left  |LP iter|LP it/n|mem/heur|mdpt |vars |cons |rows |cuts |sepa|confs|strbr|  dualbound   | primalbound  |  gap   | compl. 
 2200s|122900 |  1382 |  1651k|  13.4 |    29M |  93 | 507 | 488 | 488 |   0 |  2 |   0 |3511k| 1.485052e-01 | 1.500026e-01 |   1.01%|  99.64%
 2201s|123000 |  1328 |  1652k|  13.4 |    29M |  93 | 507 | 488 | 488 |   0 |  1 |   0 |3512k| 1.485248e-01 | 1.500026e-01 |   0.99%|  99.64%
 2201s|123100 |  1278 |  1653k|  13.4 |    29M |  93 | 507 | 488 | 488 |   0 |  1 |   0 |3512k| 1.485408e-01 | 1.500026e-01 |   0.98%|  99.64%
 2202s|123200 |  1240 |  1655k|  13.4 |    29M |  93 | 507 | 488 | 488 |   0 |  1 |   0 |3513k| 1.485426e-01 | 1.500026e-01 |   0.98%|  99.64%
 2202s|123300 |  1194 |  1656k|  13.4 |    29M |  93 | 507 | 488 | 488 |   0 |  1 |   0 |3514k| 1.485633e-01 | 1.500026e-01 |   0.97%|  99.65%
 2203s|123400 |  1160 |  1657k|  13.4 |    29M |  93 | 507 | 488 | 488 |   0 |  3 |   0 |3515k| 1.486010e-01 | 1.500026e-01 |   0.94%|  99.66%
 2203s|123500 |  1112 |  1658k|  13.4 |    29M |  93 | 507 | 488 | 488 |   0 |  2 |   0 |3515k| 1.486412e-01 | 1.500026e-01 |   0.92%|  99.67%
 2204s|123600 |  1074 |  1659k|  13.4 |    29M |  93 | 507 | 488 | 488 |   0 |  4 |   0 |3516k| 1.486552e-01 | 1.500026e-01 |   0.91%|  99.67%
 2204s|123700 |  1036 |  1660k|  13.4 |    29M |  93 | 507 | 488 | 488 |   0 |  1 |   0 |3517k| 1.486703e-01 | 1.500026e-01 |   0.90%|  99.67%
 2205s|123800 |   990 |  1661k|  13.4 |    29M |  93 | 507 | 488 | 488 |   0 |  2 |   0 |3518k| 1.487024e-01 | 1.500026e-01 |   0.87%|  99.68%
 2205s|123900 |   940 |  1662k|  13.4 |    29M |  93 | 507 | 488 | 488 |   0 |  1 |   0 |3518k| 1.487316e-01 | 1.500026e-01 |   0.85%|  99.69%
 2206s|124000 |   896 |  1664k|  13.4 |    29M |  93 | 507 | 488 | 488 |   0 |  1 |   0 |3519k| 1.487443e-01 | 1.500026e-01 |   0.85%|  99.69%
 2206s|124100 |   858 |  1665k|  13.4 |    29M |  93 | 507 | 488 | 488 |   0 |  2 |   0 |3520k| 1.487752e-01 | 1.500026e-01 |   0.82%|  99.70%
 2207s|124200 |   824 |  1666k|  13.4 |    29M |  93 | 507 | 488 | 488 |   0 |  1 |   0 |3521k| 1.487879e-01 | 1.500026e-01 |   0.82%|  99.70%
 2207s|124300 |   794 |  1667k|  13.4 |    29M |  93 | 507 | 488 | 488 |   0 |  2 |   0 |3522k| 1.488053e-01 | 1.500026e-01 |   0.80%|  99.70%
 time | node  | left  |LP iter|LP it/n|mem/heur|mdpt |vars |cons |rows |cuts |sepa|confs|strbr|  dualbound   | primalbound  |  gap   | compl. 
 2208s|124400 |   758 |  1668k|  13.4 |    29M |  95 | 507 | 488 | 488 |   0 |  2 |   0 |3522k| 1.488430e-01 | 1.500026e-01 |   0.78%|  99.71%
 2208s|124500 |   712 |  1669k|  13.4 |    29M |  95 | 507 | 488 | 488 |   0 |  1 |   0 |3523k| 1.488801e-01 | 1.500026e-01 |   0.75%|  99.72%
 2209s|124600 |   668 |  1670k|  13.4 |    29M |  95 | 507 | 488 | 488 |   0 |  4 |   0 |3524k| 1.489178e-01 | 1.500026e-01 |   0.73%|  99.73%
 2209s|124700 |   624 |  1671k|  13.4 |    29M |  95 | 507 | 488 | 488 |   0 |  2 |   0 |3524k| 1.489235e-01 | 1.500026e-01 |   0.72%|  99.73%
 2210s|124800 |   568 |  1673k|  13.4 |    29M |  95 | 507 | 488 | 488 |   0 |  2 |   0 |3525k| 1.489757e-01 | 1.500026e-01 |   0.69%|  99.74%
 2210s|124900 |   518 |  1674k|  13.4 |    29M |  95 | 507 | 488 | 488 |   0 |  4 |   0 |3526k| 1.490315e-01 | 1.500026e-01 |   0.65%|  99.75%
 2211s|125000 |   456 |  1675k|  13.4 |    29M |  95 | 507 | 488 | 488 |   0 |  1 |   0 |3527k| 1.490701e-01 | 1.500026e-01 |   0.63%|  99.77%
 2211s|125100 |   396 |  1676k|  13.4 |    29M |  95 | 507 | 488 | 488 |   0 |  4 |   0 |3527k| 1.490886e-01 | 1.500026e-01 |   0.61%|  99.77%
 2211s|125200 |   328 |  1678k|  13.4 |    29M |  95 | 507 | 488 | 488 |   0 |  4 |   0 |3528k| 1.491220e-01 | 1.500026e-01 |   0.59%|  99.78%
 2212s|125300 |   272 |  1679k|  13.4 |    29M |  95 | 507 | 488 | 488 |   0 |  1 |   0 |3529k| 1.491303e-01 | 1.500026e-01 |   0.58%|  99.78%
 2212s|125400 |   222 |  1680k|  13.4 |    29M |  95 | 507 | 488 | 488 |   0 |  1 |   0 |3529k| 1.491598e-01 | 1.500026e-01 |   0.57%|  99.79%
 2213s|125500 |   164 |  1682k|  13.4 |    29M |  95 | 507 | 488 | 488 |   0 |  1 |   0 |3530k| 1.491977e-01 | 1.500026e-01 |   0.54%|  99.80%
 2213s|125600 |   106 |  1683k|  13.4 |    29M |  95 | 507 | 488 | 488 |   0 |  2 |   0 |3530k| 1.492850e-01 | 1.500026e-01 |   0.48%|  99.82%
 2214s|125700 |    68 |  1684k|  13.4 |    29M |  95 | 507 | 488 | 488 |   0 |  1 |   0 |3531k| 1.493570e-01 | 1.500026e-01 |   0.43%|  99.83%

SCIP Status        : problem is solved [optimal solution found]
Solving Time (sec) : 2213.94
Solving Nodes      : 125794
Primal Bound       : +1.50002577422577e-01 (2050 solutions)
Dual Bound         : +1.50002577422577e-01
Gap                : 0.00 %

primal solution:
================

objective value:                    0.150002577422577
D0299                                               1 	(obj:0.00045)
D0001                                               1 	(obj:0.00045)
D0002                                               1 	(obj:0.00045)
D0005                                               1 	(obj:0.00045)
D0006                                               1 	(obj:0.00045)
D0007                                               1 	(obj:0.00134)
D0012                                               1 	(obj:0.00045)
D0017                                               1 	(obj:0.00045)
D0018                                               1 	(obj:0.00045)
D0019                                               1 	(obj:0.00178)
D0020                                               1 	(obj:0.00045)
D0022                                               1 	(obj:0.01723)
D0025                                               1 	(obj:0.00045)
D0026                                               1 	(obj:0.00045)
D0028                                               1 	(obj:0.01302)
D0031                                               1 	(obj:0.00045)
D0034                                               1 	(obj:0.00045)
D0037                                               1 	(obj:0.00045)
D0040                                               1 	(obj:0.00089)
D0045                                               1 	(obj:0.00045)
D0048                                               1 	(obj:0.00045)
D0052                                               1 	(obj:0.00045)
D0053                                               1 	(obj:0.00045)
D0054                                               1 	(obj:0.00045)
D0055                                               1 	(obj:0.00045)
D0057                                               1 	(obj:0.00045)
D0059                                               1 	(obj:0.00846)
D0060                                               1 	(obj:0.00045)
D0062                                               1 	(obj:0.00045)
D0063                                               1 	(obj:0.00312)
D0066                                               1 	(obj:0.00089)
D0067                                               1 	(obj:0.00178)
D0070                                               1 	(obj:0.00134)
D0071                                               1 	(obj:0.00045)
D0073                                               1 	(obj:0.00045)
D0074                                               1 	(obj:0.00045)
D0077                                               1 	(obj:0.00045)
D0079                                               1 	(obj:0.00045)
D0081                                               1 	(obj:0.00045)
D0082                                               1 	(obj:0.00045)
D0083                                               1 	(obj:0.00045)
D0086                                               1 	(obj:0.00223)
D0090                                               1 	(obj:0.00045)
D0091                                               1 	(obj:0.00134)
D0094                                               1 	(obj:0.00045)
D0095                                               1 	(obj:0.00045)
D0098                                               1 	(obj:0.00045)
D0099                                               1 	(obj:0.00089)
D0101                                               1 	(obj:0.00045)
D0102                                               1 	(obj:0.00356)
D0104                                               1 	(obj:0.00045)
D0105                                               1 	(obj:0.00267)
D0108                                               1 	(obj:0.00045)
D0110                                               1 	(obj:0.00089)
D0113                                               1 	(obj:0.00045)
D0115                                               1 	(obj:0.00045)
D0116                                               1 	(obj:0.00401)
D0118                                               1 	(obj:0.00045)
D0120                                               1 	(obj:0.00045)
D0124                                               1 	(obj:0.00045)
D0126                                               1 	(obj:0.00045)
D0127                                               1 	(obj:0.00668)
D0133                                               1 	(obj:0.00045)
D0134                                               1 	(obj:0.00045)
D0137                                               1 	(obj:0.00045)
D0139                                               1 	(obj:0.00045)
D0142                                               1 	(obj:0.00045)
D0144                                               1 	(obj:0.00045)
D0145                                               1 	(obj:0.00045)
D0146                                               1 	(obj:0.00089)
D0148                                               1 	(obj:0.00045)
D0150                                               1 	(obj:0.00089)
D0151                                               1 	(obj:0.00045)
D0152                                               1 	(obj:0.00045)
D0154                                               1 	(obj:0.00178)
D0157                                               1 	(obj:0.00045)
D0158                                               1 	(obj:0.00089)
D0160                                               1 	(obj:0.00089)
D0163                                               1 	(obj:0.00045)
D0164                                               1 	(obj:0.00045)
D0165                                               1 	(obj:0.00045)
D0166                                               1 	(obj:0.00045)
D0167                                               1 	(obj:0.00045)
D0168                                               1 	(obj:0.00045)
D0169                                               1 	(obj:0.00045)
D0171                                               1 	(obj:0.00045)
D0173                                               1 	(obj:0.00267)
D0176                                               1 	(obj:0.00045)
D0180                                               1 	(obj:0.00045)
D0181                                               1 	(obj:0.00089)
D0182                                               1 	(obj:0.00045)
D0183                                               1 	(obj:0.00045)
D0185                                               1 	(obj:0.00089)
D0187                                               1 	(obj:0.00045)
D0190                                               1 	(obj:0.00045)
D0191                                               1 	(obj:0.00089)
D0197                                               1 	(obj:0.00045)
D0198                                               1 	(obj:0.00267)
D0200                                               1 	(obj:0.00089)
D0204                                               1 	(obj:0.00045)
D0206                                               1 	(obj:0.00045)
D0208                                               1 	(obj:0.00134)
D0209                                               1 	(obj:0.00045)
D0210                                               1 	(obj:0.00045)
D0212                                               1 	(obj:0.00045)
D0213                                               1 	(obj:0.00045)
D0216                                               1 	(obj:0.00045)
D0217                                               1 	(obj:0.00045)
D0218                                               1 	(obj:0.00089)
D0219                                               1 	(obj:0.00267)
D0220                                               1 	(obj:0.00045)
D0221                                               1 	(obj:0.00045)
D0222                                               1 	(obj:0.00045)
D0225                                               1 	(obj:0.00045)
D0230                                               1 	(obj:0.00045)
D0235                                               1 	(obj:0.00045)
D0238                                               1 	(obj:0.00045)
D0248                                               1 	(obj:0.00045)
D0252                                               1 	(obj:0.00045)
D0253                                               1 	(obj:0.00089)
D0255                                               1 	(obj:0.00089)
D0262                                               1 	(obj:0.00045)
D0263                                               1 	(obj:0.00045)
D0267                                               1 	(obj:0.00045)
D0268                                               1 	(obj:0.00045)
D0269                                               1 	(obj:0.00045)
D0272                                               1 	(obj:0.00579)
D0274                                               1 	(obj:0.00089)
D0276                                               1 	(obj:0.00045)
D0277                                               1 	(obj:0.00045)
D0278                                               1 	(obj:0.00045)
D0279                                               1 	(obj:0.00045)
D0280                                               1 	(obj:0.00045)
D0281                                               1 	(obj:0.00045)
D0283                                               1 	(obj:0.00045)
D0285                                               1 	(obj:0.00045)
D0286                                               1 	(obj:0.00045)
D0289                                               1 	(obj:0.00045)
D0291                                               1 	(obj:0.00045)
D0292                                               1 	(obj:0.00045)
D0293                                               1 	(obj:0.00045)
D0295                                               1 	(obj:0.00045)
D0300                                               1 	(obj:0.00045)
A01                                             0.003 	(obj:0)
A03                                             0.002 	(obj:0)
A04                                              0.03 	(obj:0)
A06                                             0.014 	(obj:0)
A07                               0.00300000000000001 	(obj:0)
A08                                             0.004 	(obj:0)
A09                                             0.011 	(obj:0)
A10                                             0.004 	(obj:0)
A11                                              0.04 	(obj:0)
A12                                             0.032 	(obj:0)
A13                                             0.024 	(obj:0)
A14                                              0.04 	(obj:0)
A15                                              0.04 	(obj:0)
A16                                             0.008 	(obj:0)
A17                                             0.008 	(obj:0)
A19                                              0.01 	(obj:0)
A20                                             0.026 	(obj:0)
A21                                             0.006 	(obj:0)
A22                                              0.04 	(obj:0)
A23                                             0.034 	(obj:0)
A24                                             0.008 	(obj:0)
A25                                             0.287 	(obj:0)
B25                                             0.326 	(obj:0)
D0302                               0.012987012987013 	(obj:0.00045)
D0303                             0.00499500499500499 	(obj:0.00045)
D0304                             0.00999000999000999 	(obj:0.00045)
D0305                               0.031968031968032 	(obj:0.00045)
D0306                             0.00499500499500499 	(obj:0.00089)
D0307                                0.00999000999001 	(obj:0.00045)
D0309                               0.054945054945055 	(obj:0.00045)
D0313                               0.011988011988012 	(obj:0.00045)
D0314                               0.011988011988012 	(obj:0.00045)
D0315                                0.04995004995005 	(obj:0.00045)
D0316                               0.033966033966034 	(obj:0.00045)
D0317                               0.031968031968032 	(obj:0.00045)
D0318                               0.052947052947053 	(obj:0.00045)
D0319                               0.025974025974026 	(obj:0.00045)
D0320                             0.00799200799200799 	(obj:0.00134)
D0322                               0.001998001998002 	(obj:0.00045)
D0324                              0.0739260739260739 	(obj:0.00045)
D0327                               0.037962037962038 	(obj:0.00045)
D0328                              0.0899100899100899 	(obj:0.00045)
D0329                             0.00999000999000999 	(obj:0.00045)
D0330                              0.0819180819180819 	(obj:0.00045)
D0331                                0.00999000999001 	(obj:0.00045)
D0332                               0.001998001998002 	(obj:0.00045)
D0334                              0.0759240759240759 	(obj:0.00045)
D0338                               0.041958041958042 	(obj:0.00223)
D0341                               0.055944055944056 	(obj:0.00045)
D0343                             0.00999000999000999 	(obj:0.00045)
D0344                              0.0699300699300699 	(obj:0.00045)
D0345                               0.031968031968032 	(obj:0.00045)
D0346                             0.00499500499500499 	(obj:0.00045)
D0347                                0.02997002997003 	(obj:0.00045)
D0348                               0.035964035964036 	(obj:0.00045)
D0349                               0.041958041958042 	(obj:0.00045)
D0351                               0.012987012987013 	(obj:0.00045)
D0352                               0.030969030969031 	(obj:0.00045)
D0354                               0.060939060939061 	(obj:0.00045)
D0355                               0.003996003996004 	(obj:0.00045)
D0356                               0.025974025974026 	(obj:0.00045)
D0357                               0.018981018981019 	(obj:0.00045)
D0358                               0.106893106893107 	(obj:0.00045)
D0360                             0.00999000999000999 	(obj:0.00045)
D0363                                0.00999000999001 	(obj:0.00045)
D0364                               0.034965034965035 	(obj:0.00045)
D0365                                0.01998001998002 	(obj:0.00045)
D0367                               0.014985014985015 	(obj:0.00045)
D0369                             0.00499500499500499 	(obj:0.00045)
D0370                                0.00999000999001 	(obj:0.00089)
D0371                             0.00499500499500499 	(obj:0.00045)
D0372                                0.00999000999001 	(obj:0.00045)
D0373                               0.027972027972028 	(obj:0.00045)
D0375                               0.031968031968032 	(obj:0.00045)
D0376                             0.00999000999000999 	(obj:0.00045)
D0377                               0.025974025974026 	(obj:0.00045)
D0378                               0.015984015984016 	(obj:0.00045)
D0380                                0.00999000999001 	(obj:0.00089)
D0381                               0.011988011988012 	(obj:0.00089)
D0382                                0.00999000999001 	(obj:0.00045)
D0383                                0.01998001998002 	(obj:0.00045)
D0384                               0.045954045954046 	(obj:0.00045)
D0385                               0.012987012987013 	(obj:0.00045)
D0386                               0.001998001998002 	(obj:0.00045)
D0388                               0.014985014985015 	(obj:0.00045)
D0389                               0.041958041958042 	(obj:0.00045)
D0390                               0.057942057942058 	(obj:0.00045)
D0391                                0.01998001998002 	(obj:0.00045)
D0392                               0.043956043956044 	(obj:0.00045)
D0393                               0.017982017982018 	(obj:0.00089)
D0394                             0.00799200799200799 	(obj:0.00045)
D0398                               0.025974025974026 	(obj:0.00045)
D0399                                0.03996003996004 	(obj:0.00045)
D0400                               0.103896103896104 	(obj:0.00045)
D0402                                0.04995004995005 	(obj:0.00089)
D0405                             0.00799200799200799 	(obj:0.00045)
D0406                               0.054945054945055 	(obj:0.00045)
D0407                             0.00799200799200799 	(obj:0.00045)
D0408                               0.011988011988012 	(obj:0.00045)
D0409                                0.01998001998002 	(obj:0.00045)
D0410                                0.01998001998002 	(obj:0.00045)
D0411                                0.03996003996004 	(obj:0.00045)
D0412                               0.011988011988012 	(obj:0.00045)
D0413                               0.033966033966034 	(obj:0.00045)
D0414                               0.027972027972028 	(obj:0.00045)
D0416                               0.017982017982018 	(obj:0.00045)
D0417                               0.004995004995005 	(obj:0.00045)
D0418                               0.035964035964036 	(obj:0.00045)
D0419                               0.010989010989011 	(obj:0.02326)
D0420                               0.015984015984016 	(obj:0.00045)
D0421                               0.012987012987013 	(obj:0.00045)
D0425                               0.017982017982018 	(obj:0.00089)
D0428                               0.012987012987013 	(obj:0.00045)
D0430                               0.023976023976024 	(obj:0.00045)
D0431                               0.041958041958042 	(obj:0.00045)
D0432                               0.001998001998002 	(obj:0.00045)
D0433                               0.022977022977023 	(obj:0.00045)
D0434                               0.031968031968032 	(obj:0.00045)
D0435                               0.017982017982018 	(obj:0.00045)
D0436                                0.10989010989011 	(obj:0.00045)
D0438                               0.041958041958042 	(obj:0.00045)
D0439                               0.045954045954046 	(obj:0.00045)
D0441                               0.055944055944056 	(obj:0.00045)
D0443                               0.041958041958042 	(obj:0.00045)
D0446                               0.063936063936064 	(obj:0.00045)
D0447                               0.053946053946054 	(obj:0.00045)
D0448                               0.037962037962038 	(obj:0.00045)
D0450                               0.033966033966034 	(obj:0.00045)
D0451                                0.01998001998002 	(obj:0.00045)
D0452                              0.0739260739260739 	(obj:0.00045)
D0454                               0.035964035964036 	(obj:0.00045)
D0456                               0.067932067932068 	(obj:0.00045)
D0458                               0.065934065934066 	(obj:0.00045)
D0459                               0.033966033966034 	(obj:0.00045)
D0460                               0.001998001998002 	(obj:0.00045)
D0461                               0.041958041958042 	(obj:0.00045)
D0462                                0.02997002997003 	(obj:0.00045)
D0464                               0.112887112887113 	(obj:0.00045)
D0468                             0.00799200799200799 	(obj:0.00045)
D0469                               0.005994005994006 	(obj:0.00045)
D0471                               0.015984015984016 	(obj:0.00045)
D0472                               0.005994005994006 	(obj:0.00045)
D0473                             0.00799200799200799 	(obj:0.00045)
D0476                                0.04995004995005 	(obj:0.00045)
D0477                               0.028971028971029 	(obj:0.00045)
D0478                               0.031968031968032 	(obj:0.00045)
D0480                              0.0919080919080919 	(obj:0.00045)
D0482                               0.018981018981019 	(obj:0.00045)
D0484                               0.043956043956044 	(obj:0.00045)

Statistics
==========

SCIP Status        : problem is solved [optimal solution found]
Total Time         :    2214.04
  solving          :    2213.94
  presolving       :       0.04 (included in solving)
  reading          :       0.10
  copying          :       0.00 (0 times copied the problem)
Original Problem   :
  Problem name     : neos17
  Variables        : 535 (300 binary, 0 integer, 0 implicit integer, 235 continuous)
  Constraints      : 486 initial, 486 maximal
  Objective        : minimize, 485 non-zeros (abs.min = 0.00045, abs.max = 0.27015)
Presolved Problem  :
  Problem name     : t_neos17
  Variables        : 507 (298 binary, 0 integer, 0 implicit integer, 209 continuous)
  Constraints      : 488 initial, 488 maximal
  Objective        : minimize, 483 non-zeros (abs.min = 0.00045, abs.max = 0.07257)
  Nonzeros         : 2436 constraint, 6 clique table
Presolvers         :   ExecTime  SetupTime  Calls  FixedVars   AggrVars   ChgTypes  ChgBounds   AddHoles    DelCons    AddCons   ChgSides   ChgCoefs
  boundshift       :       0.00       0.00      0          0          0          0          0          0          0          0          0          0
  convertinttobin  :       0.00       0.00      0          0          0          0          0          0          0          0          0          0
  domcol           :       0.00       0.00      4          0          0          0          0          0          0          0          0          0
  dualagg          :       0.00       0.00      0          0          0          0          0          0          0          0          0          0
  dualcomp         :       0.00       0.00      4          0          0          0          0          0          0          0          0          0
  dualinfer        :       0.00       0.00      0          0          0          0          0          0          0          0          0          0
  dualsparsify     :       0.02       0.00      3          0          0          0          0          0          0          0          0        693
  gateextraction   :       0.00       0.00      0          0          0          0          0          0          0          0          0          0
  implics          :       0.00       0.00      7          0          0          0          0          0          0          0          0          0
  inttobinary      :       0.00       0.00      0          0          0          0          0          0          0          0          0          0
  qpkktref         :       0.00       0.00      0          0          0          0          0          0          0          0          0          0
  redvub           :       0.00       0.00      0          0          0          0          0          0          0          0          0          0
  sparsify         :       0.00       0.00      2          0          0          0          0          0          0          0          0          0
  stuffing         :       0.00       0.00      0          0          0          0          0          0          0          0          0          0
  trivial          :       0.00       0.00     12         24          0          0          0          0          0          0          0          0
  tworowbnd        :       0.00       0.00      0          0          0          0          0          0          0          0          0          0
  dualfix          :       0.00       0.00     12          2          0          0          0          0          0          0          0          0
  genvbounds       :       0.00       0.00      0          0          0          0          0          0          0          0          0          0
  probing          :       0.00       0.00      3          0          0          0          0          0          0          0          0          0
  pseudoobj        :       0.00       0.00      1          0          0          0          1          0          0          0          0          0
  symmetry         :       0.00       0.00      1          0          0          0          0          0          0          3          0          0
  vbounds          :       0.00       0.00      1          0          0          0          0          0          0          0          0          0
  varbound         :       0.00       0.00      6          0          0          0          0          0          0          0          0          0
  setppc           :       0.00       0.00      3          0          0          0          0          0          0          0          0          0
  linear           :       0.02       0.00     19          1          1          0         30          0          2          0          1         23
  benders          :       0.00       0.00      0          0          0          0          0          0          0          0          0          0
  components       :       0.00       0.00      1          0          0          0          0          0          0          0          0          0
  root node        :          -          -      -        124          -          -        124          -          -          -          -          -
Constraints        :     Number  MaxNumber  #Separate #Propagate    #EnfoLP    #EnfoRelax  #EnfoPS    #Check   #ResProp    Cutoffs    DomReds       Cuts    Applied      Conss   Children
  benderslp        :          0          0          0          0     184613          0          0       2052          0          0          0          0          0          0          0
  integral         :          0          0          0          0     184613          0          0       2052          0          0     121716          0          0          0     125794
  varbound         :          2          2          0          9          0          0          0       2050          0          0          0          0          0          0          0
  setppc           :          3          3          0          1          0          0          0       2050          0          0          0          0          0          0          0
  linear           :        483        483          0         64          0          0          0       2050          0          0          0          0          0          0          0
  benders          :          0          0          0          0          0          0          0       2051          0          0          0          0          0          0          0
  fixedvar         :          0          0          0          0          0          0          0       2051          0          0          0          0          0          0          0
  countsols        :          0          0          0          0          0          0          0       2051          0          0          0          0          0          0          0
  components       :          0          0          0          0          0          0          0          0          0          0          0          0          0          0          0
Constraint Timings :  TotalTime  SetupTime   Separate  Propagate     EnfoLP     EnfoPS     EnfoRelax   Check    ResProp    SB-Prop
  benderslp        :       0.06       0.00       0.00       0.00       0.06       0.00       0.00       0.00       0.00       0.00
  integral         :    2133.29       0.00       0.00       0.00    2133.28       0.00       0.00       0.01       0.00       0.00
  varbound         :       0.00       0.00       0.00       0.00       0.00       0.00       0.00       0.00       0.00       0.00
  setppc           :       0.00       0.00       0.00       0.00       0.00       0.00       0.00       0.00       0.00       0.00
  linear           :       0.02       0.00       0.00       0.00       0.00       0.00       0.00       0.02       0.00       0.00
  benders          :       0.86       0.00       0.86       0.00       0.00       0.00       0.00       0.00       0.00       0.00
  fixedvar         :       0.01       0.00       0.00       0.00       0.00       0.00       0.00       0.01       0.00       0.00
  countsols        :       0.00       0.00       0.00       0.00       0.00       0.00       0.00       0.00       0.00       0.00
  components       :       0.00       0.00       0.00       0.00       0.00       0.00       0.00       0.00       0.00       0.00
Propagators        : #Propagate   #ResProp    Cutoffs    DomReds
  dualfix          :          1          0          0          0
  genvbounds       :          0          0          0          0
  nlobbt           :          0          0          0          0
  obbt             :          0          0          0          0
  probing          :          0          0          0          0
  pseudoobj        :          3          0          0          0
  redcost          :          2          0          0          0
  rootredcost      :          0          0          0          0
  symmetry         :          0          0          0          0
  vbounds          :          0          0          0          0
Propagator Timings :  TotalTime  SetupTime   Presolve  Propagate    ResProp    SB-Prop
  dualfix          :       0.00       0.00       0.00       0.00       0.00       0.00
  genvbounds       :       0.00       0.00       0.00       0.00       0.00       0.00
  nlobbt           :       0.00       0.00       0.00       0.00       0.00       0.00
  obbt             :       0.00       0.00       0.00       0.00       0.00       0.00
  probing          :       0.00       0.00       0.00       0.00       0.00       0.00
  pseudoobj        :       0.00       0.00       0.00       0.00       0.00       0.00
  redcost          :       0.00       0.00       0.00       0.00       0.00       0.00
  rootredcost      :       0.00       0.00       0.00       0.00       0.00       0.00
  symmetry         :       0.00       0.00       0.00       0.00       0.00       0.00
  vbounds          :       0.00       0.00       0.00       0.00       0.00       0.00
Symmetry           :
  orbitopal red.   :          0 reductions applied,          0 cutoffs
  orbital reduction:          0 reductions applied,          0 cutoffs
  lexicographic red:          0 reductions applied,          0 cutoffs
  shadow tree time :       0.00 s
Conflict Analysis  :       Time      Calls    Success    DomReds  Conflicts   Literals    Reconvs ReconvLits   Dualrays   Nonzeros   LP Iters   (pool size: [--,--])
  propagation      :       0.00          0          0          -          0        0.0          0        0.0          -          -          -
  infeasible LP    :       0.00          0          0          -          0        0.0          0        0.0          0        0.0          0
  bound exceed. LP :       0.00          0          0          -          0        0.0          0        0.0          0        0.0          0
  strong branching :       0.00          0          0          -          0        0.0          0        0.0          -          -          0
  pseudo solution  :       0.00          0          0          -          0        0.0          0        0.0          -          -          -
  applied globally :       0.00          -          -          0          0        0.0          -          -          0          -          -
  applied locally  :          -          -          -          0          0        0.0          -          -          0          -          -
Separators         :   ExecTime  SetupTime      Calls  RootCalls    Cutoffs    DomReds  FoundCuts ViaPoolAdd  DirectAdd    Applied ViaPoolApp  DirectApp      Conss
  cut pool         :       0.00          -          0          0          -          -          0          0          -          -          -          -          -    (maximal pool size:          0)
  aggregation      :       0.00       0.00          0          0          0          0          0          0          0          0          0          0          0
  > cmir           :          -          -          -          -          -          -          -          0          0          0          0          0          -
  > flowcover      :          -          -          -          -          -          -          -          0          0          0          0          0          -
  > knapsackcover  :          -          -          -          -          -          -          -          0          0          0          0          0          -
  cgmip            :       0.00       0.00          0          0          0          0          0          0          0          0          0          0          0
  clique           :       0.00       0.00          0          0          0          0          0          0          0          0          0          0          0
  closecuts        :       0.00       0.00          0          0          0          0          0          0          0          0          0          0          0
  convexproj       :       0.00       0.00          0          0          0          0          0          0          0          0          0          0          0
  disjunctive      :       0.00       0.00          0          0          0          0          0          0          0          0          0          0          0
  eccuts           :       0.00       0.00          0          0          0          0          0          0          0          0          0          0          0
  gauge            :       0.00       0.00          0          0          0          0          0          0          0          0          0          0          0
  gomory           :       0.00       0.00          0          0          0          0          0          0          0          0          0          0          0
  > gomorymi       :          -          -          -          -          -          -          -          0          0          0          0          0          -
  > strongcg       :          -          -          -          -          -          -          -          0          0          0          0          0          -
  impliedbounds    :       0.00       0.00          0          0          0          0          0          0          0          0          0          0          0
  interminor       :       0.00       0.00          0          0          0          0          0          0          0          0          0          0          0
  intobj           :       0.00       0.00          0          0          0          0          0          0          0          0          0          0          0
  lagromory        :       0.00       0.00          0          0          0          0          0          0          0          0          0          0          0
  mcf              :       0.00       0.00          0          0          0          0          0          0          0          0          0          0          0
  minor            :       0.00       0.00          0          0          0          0          0          0          0          0          0          0          0
  mixing           :       0.00       0.00          0          0          0          0          0          0          0          0          0          0          0
  oddcycle         :       0.00       0.00          0          0          0          0          0          0          0          0          0          0          0
  rapidlearning    :       0.00       0.00          0          0          0          0          0          0          0          0          0          0          0
  rlt              :       0.00       0.00          0          0          0          0          0          0          0          0          0          0          0
  zerohalf         :       0.00       0.00          0          0          0          0          0          0          0          0          0          0          0
Cutselectors       :   ExecTime  SetupTime      Calls  RootCalls   Selected     Forced   Filtered  RootSelec   RootForc   RootFilt 
  hybrid           :       0.00       0.00          0          0          0          0          0          0          0          0
  ensemble         :       0.00       0.00          0          0          0          0          0          0          0          0
  dynamic          :       0.00       0.00          0          0          0          0          0          0          0          0
Pricers            :   ExecTime  SetupTime      Calls       Vars
  problem variables:       0.00          -          0          0
Branching Rules    :   ExecTime  SetupTime   BranchLP  BranchExt   BranchPS    Cutoffs    DomReds       Cuts      Conss   Children
  allfullstrong    :       0.00       0.00          0          0          0          0          0          0          0          0
  cloud            :       0.00       0.00          0          0          0          0          0          0          0          0
  distribution     :       0.00       0.00          0          0          0          0          0          0          0          0
  fullstrong       :    2133.12       0.00     184613          0          0          0     121716          0          0     125794
  general_disjuncti:       0.00       0.00          0          0          0          0          0          0          0          0
  GeneralDisjunction(extra): subMILPs=0 fairNodes of all MILPs=0 probingLPs=0
  gomory           :       0.00       0.00          0          0          0          0          0          0          0          0
  inference        :       0.00       0.00          0          0          0          0          0          0          0          0
  leastinf         :       0.00       0.00          0          0          0          0          0          0          0          0
  lookahead        :       0.00       0.00          0          0          0          0          0          0          0          0
  mostinf          :       0.00       0.00          0          0          0          0          0          0          0          0
  multaggr         :       0.00       0.00          0          0          0          0          0          0          0          0
  nodereopt        :       0.00       0.00          0          0          0          0          0          0          0          0
  pscost           :       0.00       0.00          0          0          0          0          0          0          0          0
  random           :       0.00       0.00          0          0          0          0          0          0          0          0
  relpscost        :       0.00       0.00          0          0          0          0          0          0          0          0
  vanillafullstrong:       0.00       0.00          0          0          0          0          0          0          0          0
Primal Heuristics  :   ExecTime  SetupTime      Calls      Found       Best
  LP solutions     :       0.00          -          -          0          0
  relax solutions  :       0.00          -          -          0          0
  pseudo solutions :       0.00          -          -          0          0
  strong branching :      73.84          -          -       2050          1
  actconsdiving    :       0.00       0.00          0          0          0
  adaptivediving   :       0.00       0.00          0          0          0
  alns             :       0.00       0.00          0          0          0
  bound            :       0.00       0.00          0          0          0
  clique           :       0.00       0.00          0          0          0
  coefdiving       :       0.00       0.00          0          0          0
  completesol      :       0.00       0.00          0          0          0
  conflictdiving   :       0.00       0.00          0          0          0
  crossover        :       0.00       0.00          0          0          0
  dins             :       0.00       0.00          0          0          0
  distributiondivin:       0.00       0.00          0          0          0
  dps              :       0.00       0.00          0          0          0
  dualval          :       0.00       0.00          0          0          0
  farkasdiving     :       0.00       0.00          0          0          0
  feaspump         :       0.00       0.00          0          0          0
  fixandinfer      :       0.00       0.00          0          0          0
  fracdiving       :       0.00       0.00          0          0          0
  gins             :       0.00       0.00          0          0          0
  guideddiving     :       0.00       0.00          0          0          0
  indicator        :       0.00       0.00          0          0          0
  indicatordiving  :       0.00       0.00          0          0          0
  intdiving        :       0.00       0.00          0          0          0
  intshifting      :       0.00       0.00          0          0          0
  linesearchdiving :       0.00       0.00          0          0          0
  localbranching   :       0.00       0.00          0          0          0
  locks            :       0.00       0.00          0          0          0
  lpface           :       0.00       0.00          0          0          0
  mpec             :       0.00       0.00          0          0          0
  multistart       :       0.00       0.00          0          0          0
  mutation         :       0.00       0.00          0          0          0
  nlpdiving        :       0.00       0.00          0          0          0
  objpscostdiving  :       0.00       0.00          0          0          0
  octane           :       0.00       0.00          0          0          0
  ofins            :       0.00       0.00          0          0          0
  oneopt           :       0.00       0.00          0          0          0
  padm             :       0.00       0.00          0          0          0
  proximity        :       0.00       0.00          0          0          0
  pscostdiving     :       0.00       0.00          0          0          0
  randrounding     :       0.00       0.00          0          0          0
  rens             :       0.00       0.00          0          0          0
  reoptsols        :       0.00       0.00          0          0          0
  repair           :       0.00       0.00          0          0          0
  rins             :       0.00       0.00          0          0          0
  rootsoldiving    :       0.00       0.00          0          0          0
  rounding         :       0.00       0.00          0          0          0
  scheduler        :       0.00       0.00          0          0          0
  shiftandpropagate:       0.00       0.00          0          0          0
  shifting         :       0.00       0.00          0          0          0
  simplerounding   :       0.00       0.00          0          0          0
  subnlp           :       0.00       0.00          0          0          0
  trivial          :       0.00       0.00          0          0          0
  trivialnegation  :       0.00       0.00          0          0          0
  trustregion      :       0.00       0.00          0          0          0
  trysol           :       0.00       0.00          0          0          0
  twoopt           :       0.00       0.00          0          0          0
  undercover       :       0.00       0.00          0          0          0
  vbounds          :       0.00       0.00          0          0          0
  veclendiving     :       0.00       0.00          0          0          0
  zeroobj          :       0.00       0.00          0          0          0
  zirounding       :       0.00       0.00          0          0          0
  other solutions  :          -          -          -          1          -
LNS (Scheduler)    :      Calls  SetupTime  SolveTime SolveNodes       Sols       Best       Exp3    Exp3-IX  EpsGreedy        UCB TgtFixRate  Opt  Inf Node Stal  Sol  Usr Othr Actv
  rens             :          0       0.00       0.00          0          0          0    0.00000    0.12500   -1.00000    1.00000      0.900    0    0    0    0    0    0    0    1
  rins             :          0       0.00       0.00          0          0          0    0.00000    0.12500   -1.00000    1.00000      0.900    0    0    0    0    0    0    0    1
  mutation         :          0       0.00       0.00          0          0          0    0.00000    0.12500   -1.00000    1.00000      0.900    0    0    0    0    0    0    0    1
  localbranching   :          0       0.00       0.00          0          0          0    0.00000    0.12500   -1.00000    1.00000      0.900    0    0    0    0    0    0    0    1
  crossover        :          0       0.00       0.00          0          0          0    0.00000    0.12500   -1.00000    1.00000      0.900    0    0    0    0    0    0    0    1
  proximity        :          0       0.00       0.00          0          0          0    0.00000    0.12500   -1.00000    1.00000      0.900    0    0    0    0    0    0    0    1
  zeroobjective    :          0       0.00       0.00          0          0          0    0.00000    0.12500   -1.00000    1.00000      0.900    0    0    0    0    0    0    0    1
  dins             :          0       0.00       0.00          0          0          0    0.00000    0.12500   -1.00000    1.00000      0.900    0    0    0    0    0    0    0    1
  trustregion      :          0       0.00       0.00          0          0          0    0.00000    0.00000   -1.00000    1.00000      0.900    0    0    0    0    0    0    0    0
LP                 :       Time      Calls Iterations  Iter/call   Iter/sec  Time-0-It Calls-0-It    ItLimit
  primal LP        :       0.00          0          0       0.00          -       0.00          0
  dual LP          :      53.54     187983    1686132       8.97   31491.84       0.01         46
  lex dual LP      :       0.00          0          0       0.00          -
  barrier LP       :       0.00          0          0       0.00          -       0.00          0
  resolve instable :       0.00          0          0       0.00          -
  diving/probing LP:      26.72          0          0       0.00       0.00
  strong branching :    1721.50    3531925   48547914      13.75   28200.90          -          -          0
    (at root node) :          -        171       4517      26.42          -
  conflict analysis:       0.00          0          0       0.00          -
B&B Tree           :
  number of runs   :          1
  nodes            :     125794 (62897 internal, 62897 leaves)
  feasible leaves  :          0
  infeas. leaves   :      59592
  objective leaves :       3305
  nodes (total)    :     125794 (62897 internal, 62897 leaves)
  nodes left       :          0
  max depth        :         95
  max depth (total):         95
  backtracks       :      50819 (40.4%)
  early backtracks :          0 (0.0%)
  nodes exc. ref.  :          0 (0.0%)
  delayed cutoffs  :          0
  repropagations   :          0 (0 domain reductions, 0 cutoffs)
  avg switch length:      39.45
  switching time   :       4.66
Root Node          :
  First LP value   : +6.81548381548382e-04
  First LP Iters   :        455 (64365.54 Iter/sec)
  First LP Time    :       0.01
  Final Dual Bound : +1.00902488902489e-03
  Final Root Iters :        455
  Root LP Estimate : +1.64104746575827e-03
Solution           :
  Solutions found  :       2050 (2 improvements)
  First Solution   : +1.50002577423721e-01   (in run 0, after 0 nodes, 0.00 seconds, depth -1, found by <initial>)
  Gap First Sol.   :   infinite
  Gap Last Sol.    :   infinite
  Primal Bound     : +1.50002577422577e-01   (in run 0, after 0 nodes, 0.00 seconds, depth -1, found by <initial>)
  Dual Bound       : +1.50002577422577e-01
  Gap              :       0.00 %
Integrals          :      Total       Avg%
  primal-dual      :   16826.71       7.60
  primal-ref       :          -          - (not evaluated)
  dual-ref         :          -          - (not evaluated)
