SCIP version 9.2.2 [precision: 8 byte] [memory: block] [mode: optimized] [LP solver: CPLEX 12.10.0.0] [GitHash: 416226a4f8]
Copyright (c) 2002-2025 Zuse Institute Berlin (ZIB)

reading parameter file </scratch/htc/yzhou/exp_scipmip/settings/allon_gendj.set>

read problem </scratch/htc/yzhou/exp_scipmip/instances/additional/arki001.mps>
============

original problem has 1388 variables (442 bin, 96 int, 0 impl, 850 cont) and 1048 constraints
   1048 constraints of type <linear>
Reading Time: 0.02
solve problem
=============
LP Solver <CPLEX 12.10.0.0>: fastmip setting not available -- SCIP parameter has no effect
LP Solver <CPLEX 12.10.0.0>: clock type cannot be set
LP Solver <CPLEX 12.10.0.0>: row representation of the basis not available -- SCIP parameter lp/rowrepswitch has no effect
LP Solver <CPLEX 12.10.0.0>: solution polishing not available -- SCIP parameter lp/solutionpolishing has no effect
LP Solver <CPLEX 12.10.0.0>: refactorization interval not available -- SCIP parameter lp/refactorinterval has no effect
transformed problem has 1388 variables (442 bin, 96 int, 0 impl, 850 cont) and 1048 constraints
   1048 constraints of type <linear>

original problem has 20439 active (1.40511%) nonzeros and 20439 (1.40511%) check nonzeros

presolving:
(round 1, fast)       390 del vars, 257 del conss, 0 add conss, 149 chg bounds, 12 chg sides, 16 chg coeffs, 0 upgd conss, 0 impls, 2 clqs
(round 2, fast)       390 del vars, 265 del conss, 0 add conss, 149 chg bounds, 20 chg sides, 61 chg coeffs, 0 upgd conss, 0 impls, 2 clqs
(round 3, exhaustive) 390 del vars, 283 del conss, 0 add conss, 149 chg bounds, 25 chg sides, 61 chg coeffs, 0 upgd conss, 0 impls, 2 clqs
(round 4, exhaustive) 390 del vars, 283 del conss, 0 add conss, 149 chg bounds, 25 chg sides, 61 chg coeffs, 388 upgd conss, 0 impls, 2 clqs
(round 5, medium)     390 del vars, 289 del conss, 0 add conss, 155 chg bounds, 26 chg sides, 67 chg coeffs, 388 upgd conss, 367 impls, 2 clqs
(round 6, exhaustive) 427 del vars, 289 del conss, 0 add conss, 155 chg bounds, 26 chg sides, 67 chg coeffs, 388 upgd conss, 367 impls, 2 clqs
   (0.1s) probing: 100/387 (25.8%) - 0 fixings, 0 aggregations, 36 implications, 15 bound changes
   (0.1s) probing: 200/387 (51.7%) - 0 fixings, 0 aggregations, 79 implications, 18 bound changes
   (0.1s) probing: 300/387 (77.5%) - 0 fixings, 0 aggregations, 93 implications, 21 bound changes
   (0.1s) probing cycle finished: starting next cycle
(round 7, exhaustive) 427 del vars, 289 del conss, 0 add conss, 179 chg bounds, 26 chg sides, 67 chg coeffs, 388 upgd conss, 497 impls, 6 clqs
(round 8, fast)       427 del vars, 289 del conss, 0 add conss, 179 chg bounds, 26 chg sides, 91 chg coeffs, 388 upgd conss, 497 impls, 6 clqs
   (0.1s) probing: 46/387 (11.9%) - 0 fixings, 0 aggregations, 134 implications, 24 bound changes
   (0.1s) probing aborted: 50/50 successive totally useless probings
   (0.1s) symmetry computation started: requiring (bin +, int +, cont +), (fixed: bin -, int -, cont -)
   (0.1s) no symmetry present (symcode time: 0.00)
clique table cleanup detected 0 bound changes

presolved problem has 15380 active (2.10859%) nonzeros and 15380 (2.10859%) check nonzeros

presolving (9 rounds: 9 fast, 6 medium, 5 exhaustive):
 427 deleted vars, 289 deleted constraints, 0 added constraints, 179 tightened bounds, 0 added holes, 26 changed sides, 91 changed coefficients
 497 implications, 6 cliques
presolved problem has 961 variables (387 bin, 96 int, 0 impl, 478 cont) and 759 constraints
    361 constraints of type <varbound>
     19 constraints of type <knapsack>
      2 constraints of type <setppc>
    377 constraints of type <linear>
Presolving Time: 0.09

 time | node  | left  |LP iter|LP it/n|mem/heur|mdpt |vars |cons |rows |cuts |sepa|confs|strbr|  dualbound   | primalbound  |  gap   | compl. 
  0.2s|     1 |     0 |  1275 |     - |    18M |   0 | 961 | 759 | 759 |   0 |  0 |   0 |   0 | 7.579622e+06 |      --      |    Inf | unknown
  0.2s|     1 |     0 |  1606 |     - |    19M |   0 | 961 | 759 | 759 |   0 |  0 |   0 |   0 | 7.579622e+06 |      --      |    Inf | unknown
  0.3s|     1 |     0 |  1702 |     - |    19M |   0 | 961 | 759 | 806 |  47 |  1 |   0 |   0 | 7.579780e+06 |      --      |    Inf | unknown
  0.4s|     1 |     0 |  1772 |     - |    20M |   0 | 961 | 759 | 839 |  80 |  2 |   0 |   0 | 7.579951e+06 |      --      |    Inf | unknown
  0.6s|     1 |     0 |  1850 |     - |    21M |   0 | 961 | 759 | 864 | 105 |  3 |   0 |   0 | 7.579971e+06 |      --      |    Inf | unknown
  0.7s|     1 |     0 |  1906 |     - |    21M |   0 | 961 | 759 | 887 | 128 |  4 |   0 |   0 | 7.579994e+06 |      --      |    Inf | unknown
  0.9s|     1 |     0 |  1949 |     - |    22M |   0 | 961 | 759 | 905 | 146 |  5 |   0 |   0 | 7.580020e+06 |      --      |    Inf | unknown
  1.1s|     1 |     0 |  1971 |     - |    23M |   0 | 961 | 759 | 919 | 160 |  6 |   0 |   0 | 7.580025e+06 |      --      |    Inf | unknown
  1.3s|     1 |     0 |  1996 |     - |    24M |   0 | 961 | 759 | 935 | 176 |  7 |   0 |   0 | 7.580090e+06 |      --      |    Inf | unknown
  1.5s|     1 |     0 |  2012 |     - |    24M |   0 | 961 | 759 | 946 | 187 |  8 |   0 |   0 | 7.580090e+06 |      --      |    Inf | unknown
  1.7s|     1 |     0 |  2032 |     - |    25M |   0 | 961 | 759 | 956 | 197 |  9 |   0 |   0 | 7.580106e+06 |      --      |    Inf | unknown
  1.9s|     1 |     0 |  2078 |     - |    26M |   0 | 961 | 759 | 964 | 205 | 10 |   0 |   0 | 7.580124e+06 |      --      |    Inf | unknown
  2.1s|     1 |     0 |  2098 |     - |    26M |   0 | 961 | 759 | 975 | 216 | 11 |   0 |   0 | 7.580127e+06 |      --      |    Inf | unknown
Truncate separation round because of stalling (10 stall rounds).
_____________________________________
Now starting branching with general disjunction
Current branching Node number: 1
LP objective value: 7.58013e+06
Node lower bound: 7.58015e+06
Node upper bound: 1e+20
gap to the primal bound: 1e+20
Preck submodel is infeasible, continue branching
Time limit exceeded (1000.1s), stopping submodel solve loop
General disjunction: No feasible solution found, use SCIP default branching rule
 1002s|     1 |     2 |  2116 |     - |    26M |   0 | 961 | 759 | 975 | 216 | 11 |   0 |  37 | 7.580147e+06 |      --      |    Inf | unknown
_____________________________________
Now starting branching with general disjunction
Current branching Node number: 2
LP objective value: 7.58017e+06
Node lower bound: 7.58018e+06
Node upper bound: 1e+20
gap to the primal bound: 1e+20
Preck submodel is infeasible, continue branching
Time limit exceeded (1000.08s), stopping submodel solve loop
General disjunction: No feasible solution found, use SCIP default branching rule
_____________________________________
Now starting branching with general disjunction
Current branching Node number: 5
LP objective value: 7.58725e+06
Node lower bound: 7.58735e+06
Node upper bound: 1e+20
gap to the primal bound: 1e+20
Preck submodel is infeasible, continue branching
Time limit exceeded (1000.09s), stopping submodel solve loop
General disjunction: No feasible solution found, use SCIP default branching rule
_____________________________________
Now starting branching with general disjunction
Current branching Node number: 7
LP objective value: 7.58923e+06
Node lower bound: 7.58923e+06
Node upper bound: 1e+20
gap to the primal bound: 1e+20
Preck submodel is infeasible, continue branching
Time limit exceeded (1000.09s), stopping submodel solve loop
General disjunction: No feasible solution found, use SCIP default branching rule
_____________________________________
Now starting branching with general disjunction
Current branching Node number: 8
LP objective value: 7.58923e+06
Node lower bound: 7.58924e+06
Node upper bound: 1e+20
gap to the primal bound: 1e+20
Preck submodel is infeasible, continue branching
Time limit exceeded (1000.08s), stopping submodel solve loop
General disjunction: No feasible solution found, use SCIP default branching rule
_____________________________________
Now starting branching with general disjunction
Current branching Node number: 10
LP objective value: 7.58924e+06
Node lower bound: 7.58925e+06
Node upper bound: 1e+20
gap to the primal bound: 1e+20
Preck submodel is infeasible, continue branching
Time limit exceeded (1000.08s), stopping submodel solve loop
General disjunction: No feasible solution found, use SCIP default branching rule
_____________________________________
Now starting branching with general disjunction
Current branching Node number: 13
LP objective value: 7.58941e+06
Node lower bound: 7.58942e+06
Node upper bound: 1e+20
gap to the primal bound: 1e+20
Preck submodel is infeasible, continue branching
Time limit exceeded (1000.08s), stopping submodel solve loop
General disjunction: No feasible solution found, use SCIP default branching rule
_____________________________________
Now starting branching with general disjunction
Current branching Node number: 15
LP objective value: 7.58948e+06
Node lower bound: 7.58948e+06
Node upper bound: 1e+20
gap to the primal bound: 1e+20
Preck submodel is infeasible, continue branching
Time limit exceeded (1000.08s), stopping submodel solve loop
General disjunction: No feasible solution found, use SCIP default branching rule
_____________________________________
Now starting branching with general disjunction
Current branching Node number: 16
LP objective value: 7.58948e+06
Node lower bound: 7.58948e+06
Node upper bound: 1e+20
gap to the primal bound: 1e+20
Preck submodel is infeasible, continue branching
Time limit exceeded (1000.08s), stopping submodel solve loop
General disjunction: No feasible solution found, use SCIP default branching rule
_____________________________________
Now starting branching with general disjunction
Current branching Node number: 19
LP objective value: 7.5896e+06
Node lower bound: 7.5896e+06
Node upper bound: 1e+20
gap to the primal bound: 1e+20
Preck submodel is infeasible, continue branching
Time limit exceeded (1000.09s), stopping submodel solve loop
General disjunction: No feasible solution found, use SCIP default branching rule
_____________________________________
Now starting branching with general disjunction
Current branching Node number: 21
LP objective value: 7.58966e+06
Node lower bound: 7.58967e+06
Node upper bound: 1e+20
gap to the primal bound: 1e+20
Preck submodel is infeasible, continue branching
Time limit exceeded (1000.08s), stopping submodel solve loop
General disjunction: No feasible solution found, use SCIP default branching rule
_____________________________________
Now starting branching with general disjunction
Current branching Node number: 23
LP objective value: 7.58969e+06
Node lower bound: 7.5897e+06
Node upper bound: 1e+20
gap to the primal bound: 1e+20
Preck submodel is infeasible, continue branching
Time limit exceeded (1000.08s), stopping submodel solve loop
General disjunction: No feasible solution found, use SCIP default branching rule
_____________________________________
Now starting branching with general disjunction
Current branching Node number: 25
LP objective value: 7.59043e+06
Node lower bound: 7.59043e+06
Node upper bound: 1e+20
gap to the primal bound: 1e+20
Preck submodel is infeasible, continue branching
Time limit exceeded (1000.09s), stopping submodel solve loop
General disjunction: No feasible solution found, use SCIP default branching rule
_____________________________________
Now starting branching with general disjunction
Current branching Node number: 26
LP objective value: 7.59046e+06
Node lower bound: 7.59046e+06
Node upper bound: 1e+20
gap to the primal bound: 1e+20
Preck submodel is infeasible, continue branching
Time limit exceeded (1000.09s), stopping submodel solve loop
General disjunction: No feasible solution found, use SCIP default branching rule
_____________________________________
Now starting branching with general disjunction
Current branching Node number: 29
LP objective value: 7.59052e+06
Node lower bound: 7.59052e+06
Node upper bound: 1e+20
gap to the primal bound: 1e+20
Preck submodel is infeasible, continue branching
Time limit exceeded (1000.09s), stopping submodel solve loop
General disjunction: No feasible solution found, use SCIP default branching rule
d 250m|    15 |    16 |  2814 |  51.1 |pscostdi|  14 | 961 | 761 | 850 |   0 |  1 |   2 | 268 | 7.580147e+06 | 7.596768e+06 |   0.22%| unknown
_____________________________________
Now starting branching with general disjunction
Current branching Node number: 3
LP objective value: 7.58013e+06
Node lower bound: 7.58015e+06
Node upper bound: 7.59677e+06
gap to the primal bound: 0.00219263
Preck submodel is infeasible, continue branching
Time limit exceeded (1345.8s), stopping submodel solve loop
General disjunction: No feasible solution found, use SCIP default branching rule
_____________________________________
Now starting branching with general disjunction
Current branching Node number: 32
LP objective value: 7.58014e+06
Node lower bound: 7.58015e+06
Node upper bound: 7.59677e+06
gap to the primal bound: 0.00219263
Preck submodel is infeasible, continue branching
Time limit exceeded (1062.88s), stopping submodel solve loop
General disjunction: No feasible solution found, use SCIP default branching rule
_____________________________________
Now starting branching with general disjunction
Current branching Node number: 35
LP objective value: 7.5802e+06
Node lower bound: 7.5802e+06
Node upper bound: 7.59677e+06
gap to the primal bound: 0.00219263
Preck submodel is infeasible, continue branching
Time limit exceeded (1404.12s), stopping submodel solve loop
General disjunction: No feasible solution found, use SCIP default branching rule
_____________________________________
Now starting branching with general disjunction
Current branching Node number: 37
LP objective value: 7.58107e+06
Node lower bound: 7.58107e+06
Node upper bound: 7.59677e+06
gap to the primal bound: 0.00219263
Preck submodel is infeasible, continue branching
Time limit exceeded (1137s), stopping submodel solve loop
General disjunction: No feasible solution found, use SCIP default branching rule
_____________________________________
Now starting branching with general disjunction
Current branching Node number: 38
LP objective value: 7.58111e+06
Node lower bound: 7.58111e+06
Node upper bound: 7.59677e+06
gap to the primal bound: 0.00219263
Preck submodel is infeasible, continue branching
Time limit exceeded (1000.08s), stopping submodel solve loop
General disjunction: No feasible solution found, use SCIP default branching rule
_____________________________________
Now starting branching with general disjunction
Current branching Node number: 41
LP objective value: 7.58111e+06
Node lower bound: 7.58111e+06
Node upper bound: 7.59677e+06
gap to the primal bound: 0.00219263
Preck submodel is infeasible, continue branching
Time limit exceeded (1000.08s), stopping submodel solve loop
General disjunction: No feasible solution found, use SCIP default branching rule
_____________________________________
Now starting branching with general disjunction
Current branching Node number: 43
LP objective value: 7.58111e+06
Node lower bound: 7.58111e+06
Node upper bound: 7.59677e+06
gap to the primal bound: 0.00219263
Preck submodel is infeasible, continue branching
Time limit exceeded (1094.06s), stopping submodel solve loop
General disjunction: No feasible solution found, use SCIP default branching rule
_____________________________________
Now starting branching with general disjunction
Current branching Node number: 44
LP objective value: 7.58111e+06
Node lower bound: 7.58111e+06
Node upper bound: 7.59677e+06
gap to the primal bound: 0.00219263
Preck submodel is infeasible, continue branching
Time limit exceeded (1692.84s), stopping submodel solve loop
General disjunction: No feasible solution found, use SCIP default branching rule
_____________________________________
Now starting branching with general disjunction
Current branching Node number: 46
LP objective value: 7.58111e+06
Node lower bound: 7.58111e+06
Node upper bound: 7.59677e+06
gap to the primal bound: 0.00219263
Preck submodel is infeasible, continue branching
Time limit exceeded (1017.86s), stopping submodel solve loop
General disjunction: No feasible solution found, use SCIP default branching rule
_____________________________________
Now starting branching with general disjunction
Current branching Node number: 48
LP objective value: 7.58111e+06
Node lower bound: 7.58111e+06
Node upper bound: 7.59677e+06
gap to the primal bound: 0.00219263
Preck submodel is infeasible, continue branching
Time limit exceeded (1177.34s), stopping submodel solve loop
General disjunction: No feasible solution found, use SCIP default branching rule
_____________________________________
Now starting branching with general disjunction
Current branching Node number: 51
LP objective value: 7.58111e+06
Node lower bound: 7.58111e+06
Node upper bound: 7.59677e+06
gap to the primal bound: 0.00219263
Preck submodel is infeasible, continue branching
Time limit exceeded (1205.72s), stopping submodel solve loop
General disjunction: No feasible solution found, use SCIP default branching rule
_____________________________________
Now starting branching with general disjunction
Current branching Node number: 52
LP objective value: 7.58117e+06
Node lower bound: 7.58117e+06
Node upper bound: 7.59677e+06
gap to the primal bound: 0.00219263
Preck submodel is infeasible, continue branching
Time limit exceeded (1432.91s), stopping submodel solve loop
General disjunction: No feasible solution found, use SCIP default branching rule
_____________________________________
Now starting branching with general disjunction
Current branching Node number: 55
LP objective value: 7.58117e+06
Node lower bound: 7.58117e+06
Node upper bound: 7.59677e+06
gap to the primal bound: 0.00219263
Preck submodel is infeasible, continue branching
Time limit exceeded (1000.08s), stopping submodel solve loop
General disjunction: No feasible solution found, use SCIP default branching rule
_____________________________________
Now starting branching with general disjunction
Current branching Node number: 56
LP objective value: 7.58118e+06
Node lower bound: 7.58118e+06
Node upper bound: 7.59677e+06
gap to the primal bound: 0.00219263
Preck submodel is infeasible, continue branching
Time limit exceeded (1145.97s), stopping submodel solve loop
General disjunction: No feasible solution found, use SCIP default branching rule
_____________________________________
Now starting branching with general disjunction
Current branching Node number: 34
LP objective value: 7.58015e+06
Node lower bound: 7.58016e+06
Node upper bound: 7.59677e+06
gap to the primal bound: 0.00219263
Preck submodel is infeasible, continue branching
Time limit exceeded (1000.08s), stopping submodel solve loop
General disjunction: No feasible solution found, use SCIP default branching rule
_____________________________________
Now starting branching with general disjunction
Current branching Node number: 60
LP objective value: 7.58336e+06
Node lower bound: 7.58336e+06
Node upper bound: 7.59677e+06
gap to the primal bound: 0.00219263
Preck submodel is infeasible, continue branching
Time limit exceeded (1481.63s), stopping submodel solve loop
General disjunction: No feasible solution found, use SCIP default branching rule
_____________________________________
Now starting branching with general disjunction
Current branching Node number: 62
LP objective value: 7.58551e+06
Node lower bound: 7.58552e+06
Node upper bound: 7.59677e+06
gap to the primal bound: 0.00219263
Preck submodel is infeasible, continue branching
Time limit exceeded (1010.48s), stopping submodel solve loop
General disjunction: No feasible solution found, use SCIP default branching rule
_____________________________________
Now starting branching with general disjunction
Current branching Node number: 65
LP objective value: 7.58637e+06
Node lower bound: 7.58637e+06
Node upper bound: 7.59677e+06
gap to the primal bound: 0.00219263
Preck submodel is infeasible, continue branching
Time limit exceeded (1000.09s), stopping submodel solve loop
General disjunction: No feasible solution found, use SCIP default branching rule
_____________________________________
Now starting branching with general disjunction
Current branching Node number: 67
LP objective value: 7.58637e+06
Node lower bound: 7.58637e+06
Node upper bound: 7.59677e+06
gap to the primal bound: 0.00219263
Preck submodel is infeasible, continue branching
Time limit exceeded (1068.54s), stopping submodel solve loop
General disjunction: No feasible solution found, use SCIP default branching rule
_____________________________________
Now starting branching with general disjunction
Current branching Node number: 68
LP objective value: 7.58786e+06
Node lower bound: 7.58786e+06
Node upper bound: 7.59677e+06
gap to the primal bound: 0.00219263
Preck submodel is infeasible, continue branching
Time limit exceeded (1175.9s), stopping submodel solve loop
General disjunction: No feasible solution found, use SCIP default branching rule
_____________________________________
Now starting branching with general disjunction
Current branching Node number: 70
LP objective value: 7.58806e+06
Node lower bound: 7.58806e+06
Node upper bound: 7.59677e+06
gap to the primal bound: 0.00219263
Preck submodel is infeasible, continue branching
Time limit exceeded (1186.33s), stopping submodel solve loop
General disjunction: No feasible solution found, use SCIP default branching rule
_____________________________________
Now starting branching with general disjunction
Current branching Node number: 72
LP objective value: 7.58953e+06
Node lower bound: 7.58954e+06
Node upper bound: 7.59677e+06
gap to the primal bound: 0.00219263
Preck submodel is infeasible, continue branching
Time limit exceeded (1012.73s), stopping submodel solve loop
General disjunction: No feasible solution found, use SCIP default branching rule
_____________________________________
Now starting branching with general disjunction
Current branching Node number: 74
LP objective value: 7.58969e+06
Node lower bound: 7.5897e+06
Node upper bound: 7.59677e+06
gap to the primal bound: 0.00219263
Preck submodel is infeasible, continue branching
Time limit exceeded (1044.49s), stopping submodel solve loop
General disjunction: No feasible solution found, use SCIP default branching rule
_____________________________________
Now starting branching with general disjunction
Current branching Node number: 76
LP objective value: 7.58985e+06
Node lower bound: 7.58987e+06
Node upper bound: 7.59677e+06
gap to the primal bound: 0.00219263
Preck submodel is infeasible, continue branching
Time limit exceeded (1558.49s), stopping submodel solve loop
General disjunction: No feasible solution found, use SCIP default branching rule
_____________________________________
Now starting branching with general disjunction
Current branching Node number: 79
LP objective value: 7.59014e+06
Node lower bound: 7.59015e+06
Node upper bound: 7.59677e+06
gap to the primal bound: 0.00219263
Preck submodel is infeasible, continue branching
Time limit exceeded (1105.03s), stopping submodel solve loop
General disjunction: No feasible solution found, use SCIP default branching rule
_____________________________________
Now starting branching with general disjunction
Current branching Node number: 80
LP objective value: 7.59017e+06
Node lower bound: 7.59017e+06
Node upper bound: 7.59677e+06
gap to the primal bound: 0.00219263
Preck submodel is infeasible, continue branching
Time limit exceeded (1437.71s), stopping submodel solve loop
General disjunction: No feasible solution found, use SCIP default branching rule
_____________________________________
Now starting branching with general disjunction
Current branching Node number: 4
LP objective value: 7.58018e+06
Node lower bound: 7.58018e+06
Node upper bound: 7.59677e+06
gap to the primal bound: 0.00219263
Preck submodel is infeasible, continue branching
Time limit exceeded (1029.66s), stopping submodel solve loop
General disjunction: No feasible solution found, use SCIP default branching rule
_____________________________________
Now starting branching with general disjunction
Current branching Node number: 84
LP objective value: 7.58338e+06
Node lower bound: 7.58338e+06
Node upper bound: 7.59677e+06
gap to the primal bound: 0.00219263
Preck submodel is infeasible, continue branching
Time limit exceeded (1072.06s), stopping submodel solve loop
General disjunction: No feasible solution found, use SCIP default branching rule
_____________________________________
Now starting branching with general disjunction
Current branching Node number: 86
LP objective value: 7.58483e+06
Node lower bound: 7.58483e+06
Node upper bound: 7.59677e+06
gap to the primal bound: 0.00219263
Preck submodel is infeasible, continue branching
Time limit exceeded (1115.05s), stopping submodel solve loop
General disjunction: No feasible solution found, use SCIP default branching rule
_____________________________________
Now starting branching with general disjunction
Current branching Node number: 88
LP objective value: 7.58703e+06
Node lower bound: 7.58703e+06
Node upper bound: 7.59677e+06
gap to the primal bound: 0.00219263
Preck submodel is infeasible, continue branching
Time limit exceeded (1000.1s), stopping submodel solve loop
General disjunction: No feasible solution found, use SCIP default branching rule
_____________________________________
Now starting branching with general disjunction
Current branching Node number: 91
LP objective value: 7.58703e+06
Node lower bound: 7.58706e+06
Node upper bound: 7.59677e+06
gap to the primal bound: 0.00219263
Preck submodel is infeasible, continue branching
Time limit exceeded (1422.84s), stopping submodel solve loop
General disjunction: No feasible solution found, use SCIP default branching rule
_____________________________________
Now starting branching with general disjunction
Current branching Node number: 92
LP objective value: 7.58707e+06
Node lower bound: 7.58709e+06
Node upper bound: 7.59677e+06
gap to the primal bound: 0.00219263
Preck submodel is infeasible, continue branching
Time limit exceeded (1388.45s), stopping submodel solve loop
General disjunction: No feasible solution found, use SCIP default branching rule
_____________________________________
Now starting branching with general disjunction
Current branching Node number: 94
LP objective value: 7.58728e+06
Node lower bound: 7.58728e+06
Node upper bound: 7.59677e+06
gap to the primal bound: 0.00219263
Preck submodel is infeasible, continue branching
Time limit exceeded (1901s), stopping submodel solve loop
General disjunction: No feasible solution found, use SCIP default branching rule
_____________________________________
Now starting branching with general disjunction
Current branching Node number: 97
LP objective value: 7.58729e+06
Node lower bound: 7.5873e+06
Node upper bound: 7.59677e+06
gap to the primal bound: 0.00219263
Preck submodel is infeasible, continue branching
Time limit exceeded (1000.1s), stopping submodel solve loop
General disjunction: No feasible solution found, use SCIP default branching rule
_____________________________________
Now starting branching with general disjunction
Current branching Node number: 99
Relpscost reduced domain, skip general disjunction branching
_____________________________________
Now starting branching with general disjunction
Current branching Node number: 99
LP objective value: 7.58768e+06
Node lower bound: 7.58768e+06
Node upper bound: 7.59677e+06
gap to the primal bound: 0.00219263
Preck submodel is infeasible, continue branching
Time limit exceeded (1004.66s), stopping submodel solve loop
General disjunction: No feasible solution found, use SCIP default branching rule
_____________________________________
Now starting branching with general disjunction
Current branching Node number: 100
Relpscost reduced domain, skip general disjunction branching
_____________________________________
Now starting branching with general disjunction
Current branching Node number: 100
LP objective value: 7.58917e+06
Node lower bound: 7.58918e+06
Node upper bound: 7.59677e+06
gap to the primal bound: 0.00219263
Preck submodel is infeasible, continue branching
Time limit exceeded (1809.27s), stopping submodel solve loop
General disjunction: No feasible solution found, use SCIP default branching rule
_____________________________________
Now starting branching with general disjunction
Current branching Node number: 102
LP objective value: 7.58917e+06
Node lower bound: 7.58918e+06
Node upper bound: 7.59677e+06
gap to the primal bound: 0.00219263
Preck submodel is infeasible, continue branching
Time limit exceeded (1170.06s), stopping submodel solve loop
General disjunction: No feasible solution found, use SCIP default branching rule
_____________________________________
Now starting branching with general disjunction
Current branching Node number: 105
LP objective value: 7.58917e+06
Node lower bound: 7.58918e+06
Node upper bound: 7.59677e+06
gap to the primal bound: 0.00219263
Preck submodel is infeasible, continue branching
Time limit exceeded (1285.52s), stopping submodel solve loop
General disjunction: No feasible solution found, use SCIP default branching rule
_____________________________________
Now starting branching with general disjunction
Current branching Node number: 36
LP objective value: 7.5802e+06
Node lower bound: 7.5802e+06
Node upper bound: 7.59677e+06
gap to the primal bound: 0.00219263
Preck submodel is infeasible, continue branching
Time limit exceeded (1488.83s), stopping submodel solve loop
General disjunction: No feasible solution found, use SCIP default branching rule
_____________________________________
Now starting branching with general disjunction
Current branching Node number: 108
LP objective value: 7.58344e+06
Node lower bound: 7.58344e+06
Node upper bound: 7.59677e+06
gap to the primal bound: 0.00219263
Preck submodel is infeasible, continue branching
Time limit exceeded (1012.18s), stopping submodel solve loop
General disjunction: No feasible solution found, use SCIP default branching rule
_____________________________________
Now starting branching with general disjunction
Current branching Node number: 110
LP objective value: 7.58494e+06
Node lower bound: 7.58495e+06
Node upper bound: 7.59677e+06
gap to the primal bound: 0.00219263
Preck submodel is infeasible, continue branching
Time limit exceeded (1000.11s), stopping submodel solve loop
General disjunction: No feasible solution found, use SCIP default branching rule
_____________________________________
Now starting branching with general disjunction
Current branching Node number: 112
Relpscost reduced domain, skip general disjunction branching
_____________________________________
Now starting branching with general disjunction
Current branching Node number: 112
LP objective value: 7.58715e+06
Node lower bound: 7.58715e+06
Node upper bound: 7.59677e+06
gap to the primal bound: 0.00219263
Preck submodel is infeasible, continue branching
Time limit exceeded (1000.12s), stopping submodel solve loop
General disjunction: No feasible solution found, use SCIP default branching rule
_____________________________________
Now starting branching with general disjunction
Current branching Node number: 114
LP objective value: 7.58717e+06
Node lower bound: 7.58717e+06
Node upper bound: 7.59677e+06
gap to the primal bound: 0.00219263
Preck submodel is infeasible, continue branching
Time limit exceeded (1000.1s), stopping submodel solve loop
General disjunction: No feasible solution found, use SCIP default branching rule
_____________________________________
Now starting branching with general disjunction
Current branching Node number: 116
LP objective value: 7.58737e+06
Node lower bound: 7.58737e+06
Node upper bound: 7.59677e+06
gap to the primal bound: 0.00219263
Preck submodel is infeasible, continue branching
Time limit exceeded (1066.61s), stopping submodel solve loop
General disjunction: No feasible solution found, use SCIP default branching rule
_____________________________________
Now starting branching with general disjunction
Current branching Node number: 119
LP objective value: 7.58746e+06
Node lower bound: 7.58747e+06
Node upper bound: 7.59677e+06
gap to the primal bound: 0.00219263
Preck submodel is infeasible, continue branching
Time limit exceeded (1317.96s), stopping submodel solve loop
General disjunction: No feasible solution found, use SCIP default branching rule
_____________________________________
Now starting branching with general disjunction
Current branching Node number: 120
LP objective value: 7.5889e+06
Node lower bound: 7.5889e+06
Node upper bound: 7.59677e+06
gap to the primal bound: 0.00219263
Preck submodel is infeasible, continue branching
Time limit exceeded (1000.11s), stopping submodel solve loop
General disjunction: No feasible solution found, use SCIP default branching rule
_____________________________________
Now starting branching with general disjunction
Current branching Node number: 123
LP objective value: 7.58891e+06
Node lower bound: 7.58891e+06
Node upper bound: 7.59677e+06
gap to the primal bound: 0.00219263
Preck submodel is infeasible, continue branching
Time limit exceeded (1004.36s), stopping submodel solve loop
General disjunction: No feasible solution found, use SCIP default branching rule
_____________________________________
Now starting branching with general disjunction
Current branching Node number: 124
LP objective value: 7.589e+06
Node lower bound: 7.589e+06
Node upper bound: 7.59677e+06
gap to the primal bound: 0.00219263
Preck submodel is infeasible, continue branching
Time limit exceeded (1000.11s), stopping submodel solve loop
General disjunction: No feasible solution found, use SCIP default branching rule
_____________________________________
Now starting branching with general disjunction
Current branching Node number: 127
LP objective value: 7.58902e+06
Node lower bound: 7.58902e+06
Node upper bound: 7.59677e+06
gap to the primal bound: 0.00219263
Preck submodel is infeasible, continue branching
Time limit exceeded (1261.58s), stopping submodel solve loop
General disjunction: No feasible solution found, use SCIP default branching rule
_____________________________________
Now starting branching with general disjunction
Current branching Node number: 128
LP objective value: 7.59147e+06
Node lower bound: 7.59148e+06
Node upper bound: 7.59677e+06
gap to the primal bound: 0.00219263
Preck submodel is infeasible, continue branching
Time limit exceeded (1409.24s), stopping submodel solve loop
General disjunction: No feasible solution found, use SCIP default branching rule
_____________________________________
Now starting branching with general disjunction
Current branching Node number: 33
LP objective value: 7.58029e+06
Node lower bound: 7.58029e+06
Node upper bound: 7.59677e+06
gap to the primal bound: 0.00219119
Preck submodel is infeasible, continue branching
Time limit exceeded (1269.34s), stopping submodel solve loop
General disjunction: No feasible solution found, use SCIP default branching rule
_____________________________________
Now starting branching with general disjunction
Current branching Node number: 132
LP objective value: 7.58349e+06
Node lower bound: 7.58349e+06
Node upper bound: 7.59677e+06
gap to the primal bound: 0.00219119
Preck submodel is infeasible, continue branching
Time limit exceeded (1212.89s), stopping submodel solve loop
General disjunction: No feasible solution found, use SCIP default branching rule
_____________________________________
Now starting branching with general disjunction
Current branching Node number: 134
LP objective value: 7.58492e+06
Node lower bound: 7.58492e+06
Node upper bound: 7.59677e+06
gap to the primal bound: 0.00219119
Preck submodel is infeasible, continue branching
Time limit exceeded (1000.11s), stopping submodel solve loop
General disjunction: No feasible solution found, use SCIP default branching rule
_____________________________________
Now starting branching with general disjunction
Current branching Node number: 136
LP objective value: 7.58712e+06
Node lower bound: 7.58712e+06
Node upper bound: 7.59677e+06
gap to the primal bound: 0.00219119
Preck submodel is infeasible, continue branching
Time limit exceeded (1588.78s), stopping submodel solve loop
General disjunction: No feasible solution found, use SCIP default branching rule
_____________________________________
Now starting branching with general disjunction
Current branching Node number: 139
LP objective value: 7.58795e+06
Node lower bound: 7.58795e+06
Node upper bound: 7.59677e+06
gap to the primal bound: 0.00219119
Preck submodel is infeasible, continue branching
Time limit exceeded (1000.1s), stopping submodel solve loop
General disjunction: No feasible solution found, use SCIP default branching rule
_____________________________________
Now starting branching with general disjunction
Current branching Node number: 140
LP objective value: 7.58815e+06
Node lower bound: 7.58815e+06
Node upper bound: 7.59677e+06
gap to the primal bound: 0.00219119
Preck submodel is infeasible, continue branching
Time limit exceeded (1078.01s), stopping submodel solve loop
General disjunction: No feasible solution found, use SCIP default branching rule
_____________________________________
Now starting branching with general disjunction
Current branching Node number: 143
LP objective value: 7.58815e+06
Node lower bound: 7.58815e+06
Node upper bound: 7.59677e+06
gap to the primal bound: 0.00219119
Preck submodel is infeasible, continue branching
Time limit exceeded (1000.11s), stopping submodel solve loop
General disjunction: No feasible solution found, use SCIP default branching rule
_____________________________________
Now starting branching with general disjunction
Current branching Node number: 144
LP objective value: 7.58958e+06
Node lower bound: 7.58958e+06
Node upper bound: 7.59677e+06
gap to the primal bound: 0.00219119
Preck submodel is infeasible, continue branching
Time limit exceeded (1186.46s), stopping submodel solve loop
General disjunction: No feasible solution found, use SCIP default branching rule
_____________________________________
Now starting branching with general disjunction
Current branching Node number: 146
LP objective value: 7.58976e+06
Node lower bound: 7.58976e+06
Node upper bound: 7.59677e+06
gap to the primal bound: 0.00219119
Preck submodel is infeasible, continue branching
Time limit exceeded (1440.71s), stopping submodel solve loop
General disjunction: No feasible solution found, use SCIP default branching rule
_____________________________________
Now starting branching with general disjunction
Current branching Node number: 148
LP objective value: 7.58976e+06
Node lower bound: 7.58977e+06
Node upper bound: 7.59677e+06
gap to the primal bound: 0.00219119
Preck submodel is infeasible, continue branching
Time limit exceeded (1120.05s), stopping submodel solve loop
General disjunction: No feasible solution found, use SCIP default branching rule

SCIP Status        : solving was interrupted [time limit reached]
Solving Time (sec) : 86461.60
Solving Nodes      : 75
Primal Bound       : +7.59676784845090e+06 (1 solutions)
Dual Bound         : +7.58015828854770e+06
Gap                : 0.22 %

primal solution:
================

objective value:                      7596767.8484509
x851                                                1 	(obj:0)
x852                                                1 	(obj:0)
x853                                                1 	(obj:0)
x854                                                1 	(obj:0)
x855                                                1 	(obj:0)
x856                                                1 	(obj:0)
x857                                                1 	(obj:0)
x858                                                1 	(obj:0)
x859                                                1 	(obj:0)
x860                                                1 	(obj:0)
x861                                                1 	(obj:0)
x862                                                1 	(obj:0)
x865                                                1 	(obj:0)
x866                                                1 	(obj:0)
x868                                                1 	(obj:0)
x879                                                1 	(obj:0)
x880                                                1 	(obj:0)
x882                                                1 	(obj:0)
x883                                                1 	(obj:0)
x884                                                1 	(obj:0)
x885                                                1 	(obj:0)
x886                                                1 	(obj:0)
x887                                                1 	(obj:0)
x888                                                1 	(obj:0)
x889                                                1 	(obj:0)
x890                                                1 	(obj:0)
x891                                                1 	(obj:0)
x892                                                1 	(obj:0)
x893                                                1 	(obj:0)
x912                                                1 	(obj:0)
x913                                                1 	(obj:0)
x915                                                1 	(obj:0)
x916                                                1 	(obj:0)
x917                                                1 	(obj:0)
x918                                                1 	(obj:0)
x919                                                1 	(obj:0)
x920                                                1 	(obj:0)
x921                                                1 	(obj:0)
x925                                                1 	(obj:0)
x926                                                1 	(obj:0)
x927                                                1 	(obj:0)
x928                                                1 	(obj:0)
x929                                                1 	(obj:0)
x931                                                1 	(obj:0)
x932                                                1 	(obj:0)
x933                                                1 	(obj:0)
x934                                                1 	(obj:0)
x952                                                1 	(obj:0)
x956                                                1 	(obj:0)
x957                                                1 	(obj:0)
x958                                                1 	(obj:0)
x961                                                1 	(obj:0)
x962                                                1 	(obj:0)
x963                                                1 	(obj:0)
x965                                                1 	(obj:0)
x967                                                1 	(obj:0)
x968                                                1 	(obj:0)
x990                                                1 	(obj:0)
x995                                                1 	(obj:0)
x996                                                1 	(obj:0)
x998                                                1 	(obj:0)
x999                                                1 	(obj:0)
x1000                                               1 	(obj:0)
x1001                                               1 	(obj:0)
x1002                                               1 	(obj:0)
x1003                                               1 	(obj:0)
x1004                                               1 	(obj:0)
x1005                                               1 	(obj:0)
x1006                                               1 	(obj:0)
x1007                                               1 	(obj:0)
x1013                                               1 	(obj:0)
x1018                                               1 	(obj:0)
x1028                                               1 	(obj:0)
x1029                                               1 	(obj:0)
x1030                                               1 	(obj:0)
x1031                                               1 	(obj:0)
x1034                                               1 	(obj:0)
x1038                                               1 	(obj:0)
x1039                                               1 	(obj:0)
x1043                               0.999999999959807 	(obj:0)
x1063                                               1 	(obj:0)
x1085                                               1 	(obj:0)
x1087                                               1 	(obj:0)
x1088                                               1 	(obj:0)
x1089                                               1 	(obj:0)
x1090                                               1 	(obj:0)
x1091                                               1 	(obj:0)
x1092                                               1 	(obj:0)
x1093                                               1 	(obj:0)
x1095                                               1 	(obj:0)
x1096                                               1 	(obj:0)
x1097                                               1 	(obj:0)
x1098                                               1 	(obj:0)
x1099                                               1 	(obj:0)
x1101                                               1 	(obj:0)
x1102                                               1 	(obj:0)
x1103                                               1 	(obj:0)
x1108                                               1 	(obj:0)
x1115                                               1 	(obj:0)
x1121                                               1 	(obj:0)
x1124                                               1 	(obj:0)
x1128                            -8.46483073219106e-09 	(obj:0)
x1130                                               1 	(obj:0)
x1131                                               1 	(obj:0)
x1132                                               1 	(obj:0)
x1133                                               1 	(obj:0)
x1134                                               1 	(obj:0)
x1136                                               1 	(obj:0)
x1137                                               1 	(obj:0)
x1138                                               1 	(obj:0)
x1139                                               1 	(obj:0)
x1140                                               1 	(obj:0)
x1141                                               1 	(obj:0)
x1142                                               1 	(obj:0)
x1146                                               1 	(obj:0)
x1147                                               1 	(obj:0)
x1148                                               1 	(obj:0)
x1161                                               1 	(obj:0)
x1162                                               1 	(obj:0)
x1163                                               1 	(obj:0)
x1165                                               1 	(obj:0)
x1167                               0.999999999773941 	(obj:0)
x1168                                               1 	(obj:0)
x1169                                               1 	(obj:0)
x1170                                               1 	(obj:0)
x1171                                               1 	(obj:0)
x1172                                               1 	(obj:0)
x1173                                               1 	(obj:0)
x1174                                               1 	(obj:0)
x1175                                               1 	(obj:0)
x1176                                               1 	(obj:0)
x1177                                               1 	(obj:0)
x1178                                               1 	(obj:0)
x1179                                               1 	(obj:0)
x1180                                               1 	(obj:0)
x1181                                               1 	(obj:0)
x1182                                               1 	(obj:0)
x1183                                               1 	(obj:0)
x1184                                               1 	(obj:0)
x1185                                               1 	(obj:0)
x1186                                               1 	(obj:0)
x1220                                               1 	(obj:0)
x1244                                               1 	(obj:0)
x1245                                               1 	(obj:0)
x1246                                               1 	(obj:0)
x1247                                               1 	(obj:0)
x1248                                               1 	(obj:0)
x1249                                               1 	(obj:0)
x1250                                               1 	(obj:0)
x1253                                               1 	(obj:0)
x1254                                               1 	(obj:0)
x1255                                               1 	(obj:0)
x1256                                               1 	(obj:0)
x1257                                               1 	(obj:0)
x1258                                               1 	(obj:0)
x1259                                               1 	(obj:0)
x1260                                               1 	(obj:0)
x1261                                               1 	(obj:0)
x1262                                               1 	(obj:0)
x1263                                               1 	(obj:0)
x1264                                               1 	(obj:0)
x1265                                               1 	(obj:0)
x1266                                               1 	(obj:0)
x1370                                               1 	(obj:0)
x1388                                               1 	(obj:0)
x1360                                               2 	(obj:0)
x1358                                               3 	(obj:0)
x1356                                               1 	(obj:0)
x1345                                               3 	(obj:0)
x1344                                              10 	(obj:0)
x1343                                               3 	(obj:0)
x1342                                               3 	(obj:0)
x1341                                               3 	(obj:0)
x1339                                               3 	(obj:0)
x1338                                               1 	(obj:0)
x1336                                               2 	(obj:0)
x1335                                               1 	(obj:0)
x1334                                               3 	(obj:0)
x1333                                               3 	(obj:0)
x1332                                               3 	(obj:0)
x1331                                               3 	(obj:0)
x1329                                               1 	(obj:0)
x1323                                               4 	(obj:0)
x1317                                               3 	(obj:0)
x1313                                               1 	(obj:0)
x1305                                               1 	(obj:0)
x1303                                               3 	(obj:0)
x1302                                               2 	(obj:0)
x1301                                               2 	(obj:0)
x1299                                               6 	(obj:0)
x1297                                               1 	(obj:0)
x1296                                               3 	(obj:0)
x1295                                               2 	(obj:0)
x1293                                               4 	(obj:0)
x1292                                               5 	(obj:0)
x1291                                               1 	(obj:0)
x1290                                               2 	(obj:0)
x1287                                               3 	(obj:0)
x1285                                               4 	(obj:0)
x1275                                               2 	(obj:0)
x850                                  7596767.8484509 	(obj:1)
x1                                                  2 	(obj:0)
x2                                                  2 	(obj:0)
x3                                                  2 	(obj:0)
x4                                                  2 	(obj:0)
x5                                                  4 	(obj:0)
x6                                                  4 	(obj:0)
x7                                                  4 	(obj:0)
x8                                                  4 	(obj:0)
x9                                                  2 	(obj:0)
x10                                                 4 	(obj:0)
x11                                                 4 	(obj:0)
x12                                                 4 	(obj:0)
x13                                               0.5 	(obj:0)
x14                                               0.5 	(obj:0)
x15                                               0.5 	(obj:0)
x16                                  3.45930543696945 	(obj:0)
x17                                               0.5 	(obj:0)
x18                                                 2 	(obj:0)
x19                                               0.5 	(obj:0)
x20                                               0.5 	(obj:0)
x21                                               0.5 	(obj:0)
x22                                               0.5 	(obj:0)
x23                                               0.5 	(obj:0)
x24                                               0.5 	(obj:0)
x25                                               0.5 	(obj:0)
x26                                               0.5 	(obj:0)
x27                                               0.5 	(obj:0)
x28                                               0.5 	(obj:0)
x29                                  3.00685084135324 	(obj:0)
x30                                  4.50314915864676 	(obj:0)
x31                                               0.5 	(obj:0)
x32                                               0.5 	(obj:0)
x33                                                15 	(obj:0)
x34                                               0.5 	(obj:0)
x35                                  10.7356662445634 	(obj:0)
x36                                                20 	(obj:0)
x37                                  17.3187238961766 	(obj:0)
x38                                                20 	(obj:0)
x39                                                20 	(obj:0)
x40                                   3.5605343703221 	(obj:0)
x41                                  15.2465775764207 	(obj:0)
x42                                  15.5984979125171 	(obj:0)
x43                                                 6 	(obj:0)
x44                                               0.5 	(obj:0)
x45                                               0.5 	(obj:0)
x46                                               0.5 	(obj:0)
x47                                               0.5 	(obj:0)
x48                                               0.5 	(obj:0)
x49                                               0.5 	(obj:0)
x50                                               0.5 	(obj:0)
x51                                               0.5 	(obj:0)
x52                                               0.5 	(obj:0)
x53                                               0.5 	(obj:0)
x54                                               0.5 	(obj:0)
x55                                               0.5 	(obj:0)
x56                                               0.5 	(obj:0)
x57                                               0.5 	(obj:0)
x58                                               0.5 	(obj:0)
x59                                               0.5 	(obj:0)
x60                                               0.5 	(obj:0)
x61                                               0.5 	(obj:0)
x62                                             2.691 	(obj:0)
x63                                  12.3994062245526 	(obj:0)
x64                                               0.5 	(obj:0)
x65                                             18.74 	(obj:0)
x66                                  14.2643337554366 	(obj:0)
x67                                                 5 	(obj:0)
x68                                  7.68127610382339 	(obj:0)
x69                                                 5 	(obj:0)
x70                                  1.28610933216268 	(obj:0)
x71                                                20 	(obj:0)
x72                                               0.5 	(obj:0)
x73                                               0.5 	(obj:0)
x74                                               0.5 	(obj:0)
x75                                  12.5698686906386 	(obj:0)
x76                                                 8 	(obj:0)
x77                                  15.7326800587537 	(obj:0)
x78                                  14.4548778089371 	(obj:0)
x79                                                22 	(obj:0)
x80                                               0.5 	(obj:0)
x81                                  8.62602444342528 	(obj:0)
x82                                                10 	(obj:0)
x83                                                10 	(obj:0)
x84                                              5.76 	(obj:0)
x85                                               0.5 	(obj:0)
x86                                               0.5 	(obj:0)
x87                                               0.5 	(obj:0)
x88                                               0.5 	(obj:0)
x89                                               0.5 	(obj:0)
x90                                               0.5 	(obj:0)
x91                                               0.5 	(obj:0)
x92                                               0.5 	(obj:0)
x93                                               0.5 	(obj:0)
x94                                               0.5 	(obj:0)
x95                                               0.5 	(obj:0)
x96                                               0.5 	(obj:0)
x97                                               0.5 	(obj:0)
x98                                               0.5 	(obj:0)
x99                                               0.5 	(obj:0)
x100                                 0.50000000046815 	(obj:0)
x101                                              0.5 	(obj:0)
x102                                 11.8937532866257 	(obj:0)
x103                                              0.5 	(obj:0)
x104                                              0.5 	(obj:0)
x105                                              0.5 	(obj:0)
x106                                 6.66074236789219 	(obj:0)
x107                                 2.39521862237887 	(obj:0)
x108                                 2.03746752612006 	(obj:0)
x109                                              0.5 	(obj:0)
x110                                              0.5 	(obj:0)
x111                                 17.3525661110294 	(obj:0)
x112                                 10.9439728272133 	(obj:0)
x113                                 8.94581466027291 	(obj:0)
x114                                              0.5 	(obj:0)
x115                                 19.2704645984676 	(obj:0)
x116                                              0.5 	(obj:0)
x117                                               20 	(obj:0)
x118                                              0.5 	(obj:0)
x119                                              0.5 	(obj:0)
x120                                              0.5 	(obj:0)
x121                                              0.5 	(obj:0)
x122                                              0.5 	(obj:0)
x123                                              0.5 	(obj:0)
x124                                              0.5 	(obj:0)
x125                                              0.5 	(obj:0)
x126                                              0.5 	(obj:0)
x127                                              0.5 	(obj:0)
x128                                              0.5 	(obj:0)
x129                                              0.5 	(obj:0)
x130                                              0.5 	(obj:0)
x131                                              0.5 	(obj:0)
x132                                              0.5 	(obj:0)
x133                                              0.5 	(obj:0)
x134                                              0.5 	(obj:0)
x135                                              0.5 	(obj:0)
x136                                              0.5 	(obj:0)
x137                                              0.5 	(obj:0)
x138                                              0.5 	(obj:0)
x139                                              0.5 	(obj:0)
x140                                 3.43785763050735 	(obj:0)
x141                                              0.5 	(obj:0)
x142                                              0.5 	(obj:0)
x143                                              0.5 	(obj:0)
x144                                              0.5 	(obj:0)
x145                                 7.20483874358342 	(obj:0)
x146                                 6.55506669195776 	(obj:0)
x147                                              0.5 	(obj:0)
x148                                  3.1954664469089 	(obj:0)
x149                                              0.5 	(obj:0)
x150                                 2.00976071540089 	(obj:0)
x151                                 6.84008360994457 	(obj:0)
x152                                 8.11051465201044 	(obj:0)
x153                                 6.94931625015181 	(obj:0)
x154                                              0.5 	(obj:0)
x155                                 6.86260924732561 	(obj:0)
x156                                 3.25469017173704 	(obj:0)
x157                                 1.44979584047222 	(obj:0)
x158                                              0.5 	(obj:0)
x159                                              0.5 	(obj:0)
x160                                              0.5 	(obj:0)
x161                                              0.5 	(obj:0)
x162                                              0.5 	(obj:0)
x163                                 1.68796052783458 	(obj:0)
x164                                              0.5 	(obj:0)
x165                                              0.5 	(obj:0)
x166                                              0.5 	(obj:0)
x167                                              0.5 	(obj:0)
x168                                 4.40977893580578 	(obj:0)
x169                                              0.5 	(obj:0)
x170                                              0.5 	(obj:0)
x171                                              0.5 	(obj:0)
x172                                              0.5 	(obj:0)
x173                                              0.5 	(obj:0)
x174                                              0.5 	(obj:0)
x175                                              0.5 	(obj:0)
x176                                              0.5 	(obj:0)
x177                                              0.5 	(obj:0)
x178                                 16.6158689022191 	(obj:0)
x179                                               22 	(obj:0)
x180                                 21.2001555416743 	(obj:0)
x181                                               22 	(obj:0)
x182                                              0.5 	(obj:0)
x183                                              0.5 	(obj:0)
x184                                 21.3739755561066 	(obj:0)
x185                                              0.5 	(obj:0)
x186                                              0.5 	(obj:0)
x187                                              0.5 	(obj:0)
x188                                              0.5 	(obj:0)
x189                                0.806855274840999 	(obj:0)
x190                                              0.5 	(obj:0)
x191                                              0.5 	(obj:0)
x192                                              0.5 	(obj:0)
x193                                 16.0748093795622 	(obj:0)
x194                                0.781959843435978 	(obj:0)
x195                                0.604344189629358 	(obj:0)
x196                                 1.09564167406213 	(obj:0)
x197                                 1.08770069723902 	(obj:0)
x198                                0.487500839394865 	(obj:0)
x199                                0.546423643050439 	(obj:0)
x200                                0.229082082272731 	(obj:0)
x201                                0.224618359902478 	(obj:0)
x202                                0.779542296877294 	(obj:0)
x203                                0.377960943039321 	(obj:0)
x204                                0.336172178816321 	(obj:0)
x205                                0.414605430685165 	(obj:0)
x206                                0.142272918034561 	(obj:0)
x207                                0.015881302199444 	(obj:0)
x208                                0.138254584068388 	(obj:0)
x209                                0.854386677761505 	(obj:0)
x210                                0.158774945257581 	(obj:0)
x211                                0.606777934691892 	(obj:0)
x212                                0.369769439581483 	(obj:0)
x213                                                2 	(obj:0)
x214                                              0.5 	(obj:0)
x215                                              0.5 	(obj:0)
x216                                              0.5 	(obj:0)
x217                                              0.5 	(obj:0)
x218                                              0.5 	(obj:0)
x219                                              0.5 	(obj:0)
x220                                              0.5 	(obj:0)
x221                                              0.5 	(obj:0)
x222                                              0.5 	(obj:0)
x223                                              0.5 	(obj:0)
x224                                              0.5 	(obj:0)
x225                                              0.5 	(obj:0)
x226                                              0.5 	(obj:0)
x227                                              0.5 	(obj:0)
x228                                              0.5 	(obj:0)
x229                                              0.5 	(obj:0)
x230                                              0.5 	(obj:0)
x231                                              0.5 	(obj:0)
x232                                              0.5 	(obj:0)
x233                                              0.5 	(obj:0)
x234                                              0.5 	(obj:0)
x235                                              0.5 	(obj:0)
x236                                              0.5 	(obj:0)
x237                                             2.46 	(obj:0)
x238                                              0.5 	(obj:0)
x239                                                4 	(obj:0)
x240                                             4.25 	(obj:0)
x241                                             4.25 	(obj:0)
x242                                             4.25 	(obj:0)
x243                                 1.75254476216158 	(obj:0)
x244                                              0.5 	(obj:0)
x245                                 1.69092937016044 	(obj:0)
x246                                                3 	(obj:0)
x247                                                3 	(obj:0)
x248                                             4.25 	(obj:0)
x249                                                3 	(obj:0)
x250                                              0.5 	(obj:0)
x251                                 2.09180798969243 	(obj:0)
x252                                0.834717877985558 	(obj:0)
x253                                             4.25 	(obj:0)
x254                                              0.5 	(obj:0)
x255                                              0.5 	(obj:0)
x256                                              0.5 	(obj:0)
x257                                              0.5 	(obj:0)
x258                                 7.92926149996892 	(obj:0)
x259                                              0.5 	(obj:0)
x260                                              0.5 	(obj:0)
x261                                              0.5 	(obj:0)
x262                                              0.5 	(obj:0)
x263                                              0.5 	(obj:0)
x264                                              0.5 	(obj:0)
x265                                 1.81707424440868 	(obj:0)
x266                                              0.5 	(obj:0)
x267                                              0.5 	(obj:0)
x268                                              0.5 	(obj:0)
x269                                              0.5 	(obj:0)
x270                                              0.5 	(obj:0)
x271                                 5.42397672669689 	(obj:0)
x272                                              0.5 	(obj:0)
x273                                              0.5 	(obj:0)
x274                                0.641693254439416 	(obj:0)
x275                                              0.5 	(obj:0)
x276                                              0.5 	(obj:0)
x277                                              0.5 	(obj:0)
x278                                0.499999884170249 	(obj:0)
x279                                              0.5 	(obj:0)
x280                                 12.8124812849568 	(obj:0)
x281                                 7.92512491803232 	(obj:0)
x282                                 4.99347264411179 	(obj:0)
x283                                 6.20623640376554 	(obj:0)
x284                                 11.6291379571474 	(obj:0)
x285                                              0.5 	(obj:0)
x286                                               20 	(obj:0)
x287                                               20 	(obj:0)
x288                                 7.96660531563119 	(obj:0)
x289                                 12.2226999517784 	(obj:0)
x290                                 3.85250989566568 	(obj:0)
x291                                 2.04625632781715 	(obj:0)
x292                                 19.5792219019275 	(obj:0)
x293                                              0.5 	(obj:0)
x294                                              0.5 	(obj:0)
x295                                              0.5 	(obj:0)
x296                                  3.3909750130448 	(obj:0)
x297                                 19.5848646365511 	(obj:0)
x298                                 17.7477236577437 	(obj:0)
x299                                              0.5 	(obj:0)
x300                                              0.5 	(obj:0)
x301                                              0.5 	(obj:0)
x302                                              0.5 	(obj:0)
x303                                              0.5 	(obj:0)
x304                                              0.5 	(obj:0)
x305                                              0.5 	(obj:0)
x306                                              0.5 	(obj:0)
x307                                              0.5 	(obj:0)
x308                                              0.5 	(obj:0)
x309                                              0.5 	(obj:0)
x310                                              0.5 	(obj:0)
x311                                 2.36965753483338 	(obj:0)
x312                                 1.95938883585609 	(obj:0)
x313                                 3.83888429563103 	(obj:0)
x314                                              0.5 	(obj:0)
x315                                 4.37001996920171 	(obj:0)
x316                                              0.5 	(obj:0)
x317                                 8.09332583727278 	(obj:0)
x318                                 2.94384369615005 	(obj:0)
x319                                                3 	(obj:0)
x320                                 1.03625907085398 	(obj:0)
x321                                 1.29737578222941 	(obj:0)
x322                                                3 	(obj:0)
x323                                                3 	(obj:0)
x324                                                3 	(obj:0)
x325                                                3 	(obj:0)
x326                                  2.3244441177376 	(obj:0)
x327                                                3 	(obj:0)
x328                                                3 	(obj:0)
x329                                                3 	(obj:0)
x330                                                3 	(obj:0)
x331                                                3 	(obj:0)
x332                                                3 	(obj:0)
x333                                 2.82120658472823 	(obj:0)
x334                                                3 	(obj:0)
x335                                                3 	(obj:0)
x336                                                3 	(obj:0)
x337                                              0.5 	(obj:0)
x338                                              0.5 	(obj:0)
x339                                              0.5 	(obj:0)
x340                                              0.5 	(obj:0)
x341                                              0.5 	(obj:0)
x342                                              0.5 	(obj:0)
x343                                              0.5 	(obj:0)
x344                                              0.5 	(obj:0)
x345                                              0.5 	(obj:0)
x346                                              0.5 	(obj:0)
x347                                              0.5 	(obj:0)
x348                                              0.5 	(obj:0)
x349                                              0.5 	(obj:0)
x350                                              0.5 	(obj:0)
x351                                              0.5 	(obj:0)
x352                                              0.5 	(obj:0)
x353                                              0.5 	(obj:0)
x354                                              0.5 	(obj:0)
x355                                              0.5 	(obj:0)
x356                                              0.5 	(obj:0)
x357                                              0.5 	(obj:0)
x358                                              0.5 	(obj:0)
x359                                              0.5 	(obj:0)
x360                                              0.5 	(obj:0)
x361                                              0.5 	(obj:0)
x362                                              0.5 	(obj:0)
x363                                              0.5 	(obj:0)
x364                                              0.5 	(obj:0)
x365                                              0.5 	(obj:0)
x366                                              0.5 	(obj:0)
x367                                              0.5 	(obj:0)
x368                                              0.5 	(obj:0)
x369                                              0.5 	(obj:0)
x370                                  1.2713558669088 	(obj:0)
x371                                              0.5 	(obj:0)
x372                                              0.5 	(obj:0)
x373                                              0.5 	(obj:0)
x374                                              0.5 	(obj:0)
x375                                              0.5 	(obj:0)
x376                                              0.5 	(obj:0)
x377                                              0.5 	(obj:0)
x378                                              0.5 	(obj:0)
x379                                              0.5 	(obj:0)
x380                                              0.5 	(obj:0)
x381                                              0.5 	(obj:0)
x382                                              0.5 	(obj:0)
x383                                              0.5 	(obj:0)
x384                                              0.5 	(obj:0)
x385                                              0.5 	(obj:0)
x386                                              0.5 	(obj:0)
x387                                              0.5 	(obj:0)
x388                                              0.5 	(obj:0)
x389                                              0.5 	(obj:0)
x390                                              0.5 	(obj:0)
x391                                              0.5 	(obj:0)
x392                                              0.5 	(obj:0)
x393                                              0.5 	(obj:0)
x394                                              0.5 	(obj:0)
x395                                 1.85903887441885 	(obj:0)
x396                                 3.32213620592265 	(obj:0)
x397                                 1.85895433711894 	(obj:0)
x398                                 1.59853840329036 	(obj:0)
x399                                              0.5 	(obj:0)
x400                                              0.5 	(obj:0)
x401                                              0.5 	(obj:0)
x402                                              0.5 	(obj:0)
x403                                  7.0367637234728 	(obj:0)
x404                                 3.58488709055817 	(obj:0)
x405                                 1.04968136521823 	(obj:0)
x445                                0.764287853298335 	(obj:0)
x446                                0.537263755044052 	(obj:0)
x447                                0.525340279259643 	(obj:0)
x448                                0.369621640916703 	(obj:0)
x449                              0.00638245789662045 	(obj:0)
x450                                 0.69458481451516 	(obj:0)
x466                                0.230977729008895 	(obj:0)

Statistics
==========

SCIP Status        : solving was interrupted [time limit reached]
Total Time         :   86461.62
  solving          :   86461.60
  presolving       :       0.09 (included in solving)
  reading          :       0.02
  copying          :       0.01 (2 #copies) (minimal 0.00, maximal 0.00, average 0.00)
Original Problem   :
  Problem name     : arki001
  Variables        : 1388 (442 binary, 96 integer, 0 implicit integer, 850 continuous)
  Constraints      : 1048 initial, 1048 maximal
  Objective        : minimize, 1 non-zeros (abs.min = 1, abs.max = 1)
Presolved Problem  :
  Problem name     : t_arki001
  Variables        : 961 (387 binary, 96 integer, 0 implicit integer, 478 continuous)
  Constraints      : 759 initial, 769 maximal
  Objective        : minimize, 1 non-zeros (abs.min = 1, abs.max = 1)
  Nonzeros         : 15380 constraint, 34 clique table
Presolvers         :   ExecTime  SetupTime  Calls  FixedVars   AggrVars   ChgTypes  ChgBounds   AddHoles    DelCons    AddCons   ChgSides   ChgCoefs
  boundshift       :       0.00       0.00      0          0          0          0          0          0          0          0          0          0
  convertinttobin  :       0.00       0.00      0          0          0          0          0          0          0          0          0          0
  domcol           :       0.00       0.00      3         37          0          0          0          0          0          0          0          0
  dualagg          :       0.00       0.00      0          0          0          0          0          0          0          0          0          0
  dualcomp         :       0.00       0.00      3          0          0          0          0          0          0          0          0          0
  dualinfer        :       0.00       0.00      0          0          0          0          0          0          0          0          0          0
  dualsparsify     :       0.00       0.00      1          0          0          0          0          0          0          0          0          0
  gateextraction   :       0.00       0.00      0          0          0          0          0          0          0          0          0          0
  implics          :       0.00       0.00      6          0          0          0          6          0          0          0          0          0
  inttobinary      :       0.00       0.00      9          0          0          0          0          0          0          0          0          0
  qpkktref         :       0.00       0.00      0          0          0          0          0          0          0          0          0          0
  redvub           :       0.00       0.00      0          0          0          0          0          0          0          0          0          0
  sparsify         :       0.01       0.00      1          0          0          0          0          0          0          0          0          0
  stuffing         :       0.00       0.00      0          0          0          0          0          0          0          0          0          0
  trivial          :       0.00       0.00      9        353          0          0          0          0          0          0          0          0
  tworowbnd        :       0.00       0.00      0          0          0          0          0          0          0          0          0          0
  dualfix          :       0.00       0.00      9         19          0          0          0          0          0          0          0          0
  genvbounds       :       0.00       0.00      0          0          0          0          0          0          0          0          0          0
  probing          :       0.03       0.00      2          0          0          0         24          0          0          0          0          0
  pseudoobj        :       0.00       0.00      0          0          0          0          0          0          0          0          0          0
  symmetry         :       0.01       0.00      1          0          0          0          0          0          0          0          0          0
  vbounds          :       0.00       0.00      2          0          0          0          0          0          0          0          0          0
  varbound         :       0.00       0.00      9          0          0          0          0          0          6          0          1         30
  knapsack         :       0.00       0.00     12          0          0          0          0          0          0          0          0          0
  setppc           :       0.00       0.00     12          0          0          0          0          0          0          0          0          0
  linear           :       0.03       0.00     14         18          0          0        149          0        283          0         25         61
  bounddisjunction :       0.00       0.00      0          0          0          0          0          0          0          0          0          0
  benders          :       0.00       0.00      0          0          0          0          0          0          0          0          0          0
  components       :       0.00       0.00      1          0          0          0          0          0          0          0          0          0
  root node        :          -          -      -          1          -          -         40          -          -          -          -          -
Constraints        :     Number  MaxNumber  #Separate #Propagate    #EnfoLP    #EnfoRelax  #EnfoPS    #Check   #ResProp    Cutoffs    DomReds       Cuts    Applied      Conss   Children
  benderslp        :          0          0          0          0         78          0          0         22          0          0          0          0          0          0          0
  integral         :          0          0          0          0         78          0          0         22          0          0          4          0          0          1        150
  varbound         :        361        361         11       4951          0          0          0         16         52          0         26          0          0          0          0
  knapsack         :         19         19         11       4771          0          0          0          4          0          0          0          0          0          0          0
  setppc           :          2          2         11       4508          0          0          0          3         11          0          0          0          0          0          0
  linear           :        377+       378         11       4980          0          0          0          7          8         13        326         25          2          0          0
  bounddisjunction :          0+         9          0         44          0          0          0          0          0          0          1          0          0          0          0
  benders          :          0          0          0          0          0          0          0          2          0          0          0          0          0          0          0
  fixedvar         :          0          0          0          0          0          0          0          2          0          0          0          0          0          0          0
  countsols        :          0          0          0          0          0          0          0          2          0          0          0          0          0          0          0
  components       :          0          0          0          0          0          0          0          0          0          0          0          0          0          0          0
Constraint Timings :  TotalTime  SetupTime   Separate  Propagate     EnfoLP     EnfoPS     EnfoRelax   Check    ResProp    SB-Prop
  benderslp        :       0.00       0.00       0.00       0.00       0.00       0.00       0.00       0.00       0.00       0.00
  integral         :   86458.79       0.00       0.00       0.00   86458.79       0.00       0.00       0.00       0.00       0.00
  varbound         :       0.01       0.00       0.00       0.00       0.00       0.00       0.00       0.00       0.00       0.00
  knapsack         :       0.00       0.00       0.00       0.00       0.00       0.00       0.00       0.00       0.00       0.00
  setppc           :       0.00       0.00       0.00       0.00       0.00       0.00       0.00       0.00       0.00       0.00
  linear           :       0.07       0.00       0.01       0.05       0.00       0.00       0.00       0.00       0.00       0.02
  bounddisjunction :       0.00       0.00       0.00       0.00       0.00       0.00       0.00       0.00       0.00       0.00
  benders          :       0.00       0.00       0.00       0.00       0.00       0.00       0.00       0.00       0.00       0.00
  fixedvar         :       0.00       0.00       0.00       0.00       0.00       0.00       0.00       0.00       0.00       0.00
  countsols        :       0.00       0.00       0.00       0.00       0.00       0.00       0.00       0.00       0.00       0.00
  components       :       0.00       0.00       0.00       0.00       0.00       0.00       0.00       0.00       0.00       0.00
Propagators        : #Propagate   #ResProp    Cutoffs    DomReds
  dualfix          :          2          0          0          0
  genvbounds       :          0          0          0          0
  nlobbt           :          0          0          0          0
  obbt             :          0          0          0          0
  probing          :          0          0          0          0
  pseudoobj        :        208          0          0          2
  redcost          :        172          0          0         91
  rootredcost      :          1          0          0         37
  symmetry         :          0          0          0          0
  vbounds          :        986          0          0          0
Propagator Timings :  TotalTime  SetupTime   Presolve  Propagate    ResProp    SB-Prop
  dualfix          :       0.00       0.00       0.00       0.00       0.00       0.00
  genvbounds       :       0.00       0.00       0.00       0.00       0.00       0.00
  nlobbt           :       0.00       0.00       0.00       0.00       0.00       0.00
  obbt             :       0.00       0.00       0.00       0.00       0.00       0.00
  probing          :       0.03       0.00       0.03       0.00       0.00       0.00
  pseudoobj        :       0.00       0.00       0.00       0.00       0.00       0.00
  redcost          :       0.00       0.00       0.00       0.00       0.00       0.00
  rootredcost      :       0.00       0.00       0.00       0.00       0.00       0.00
  symmetry         :       0.01       0.00       0.01       0.00       0.00       0.00
  vbounds          :       0.00       0.00       0.00       0.00       0.00       0.00
Symmetry           :
  orbitopal red.   :          0 reductions applied,          0 cutoffs
  orbital reduction:          0 reductions applied,          0 cutoffs
  lexicographic red:          0 reductions applied,          0 cutoffs
  shadow tree time :       0.00 s
Conflict Analysis  :       Time      Calls    Success    DomReds  Conflicts   Literals    Reconvs ReconvLits   Dualrays   Nonzeros   LP Iters   (pool size: [10000,10000])
  propagation      :       0.00          0          0          -          0        0.0          0        0.0          -          -          -
  infeasible LP    :       0.00          2          1          -          1        8.0          0        0.0          1      104.0          0
  bound exceed. LP :       0.01          6          6          -          9       29.1          0        0.0          1        1.0         80
  strong branching :       0.00          0          0          -          0        0.0          0        0.0          -          -          0
  pseudo solution  :       0.00          0          0          -          0        0.0          0        0.0          -          -          -
  applied globally :       0.00          -          -          1          9       22.0          -          -          2          -          -
  applied locally  :          -          -          -          0          0        0.0          -          -          0          -          -
Separators         :   ExecTime  SetupTime      Calls  RootCalls    Cutoffs    DomReds  FoundCuts ViaPoolAdd  DirectAdd    Applied ViaPoolApp  DirectApp      Conss
  cut pool         :       0.01          -         47         21          -          -       1445       2566          -          -          -          -          -    (maximal pool size:       1445)
  aggregation      :       1.84       0.00         24         11          0          0        976       1530         18        198        198          0          0
  > cmir           :          -          -          -          -          -          -          -       1427         18        165        165          0          -
  > flowcover      :          -          -          -          -          -          -          -         89          0         28         28          0          -
  > knapsackcover  :          -          -          -          -          -          -          -         14          0          5          5          0          -
  cgmip            :       0.00       0.00          0          0          0          0          0          0          0          0          0          0          0
  clique           :       0.00       0.00         11         11          0          0          0          0          0          0          0          0          0
  closecuts        :       0.00       0.00          0          0          0          0          0          0          0          0          0          0          0
  convexproj       :       0.00       0.00          0          0          0          0          0          0          0          0          0          0          0
  disjunctive      :       0.00       0.00          0          0          0          0          0          0          0          0          0          0          0
  eccuts           :       0.00       0.00          0          0          0          0          0          0          0          0          0          0          0
  gauge            :       0.00       0.00          0          0          0          0          0          0          0          0          0          0          0
  gomory           :       0.11       0.00         23         10          0          0        504       1021         22        197        191          6          0
  > gomorymi       :          -          -          -          -          -          -          -       1018         22        196        190          6          -
  > strongcg       :          -          -          -          -          -          -          -          3          0          1          1          0          -
  impliedbounds    :       0.00       0.00         24         11          0          0          1          3          0          1          1          0          0
  interminor       :       0.00       0.00          0          0          0          0          0          0          0          0          0          0          0
  intobj           :       0.00       0.00          0          0          0          0          0          0          0          0          0          0          0
  lagromory        :       0.00       0.00          0          0          0          0          0          0          0          0          0          0          0
  mcf              :       0.00       0.00          2          2          0          0          0          0          0          0          0          0          0
  minor            :       0.00       0.00          0          0          0          0          0          0          0          0          0          0          0
  mixing           :       0.00       0.00         24         11          0          0          4         12          0          3          3          0          0
  oddcycle         :       0.00       0.00          0          0          0          0          0          0          0          0          0          0          0
  rapidlearning    :       0.00       0.00          0          0          0          0          0          0          0          0          0          0          0
  rlt              :       0.00       0.00         10         10          0          0          0          0          0          0          0          0          0
  zerohalf         :       0.01       0.00         24         11          0          0          0          0          0          0          0          0          0
Cutselectors       :   ExecTime  SetupTime      Calls  RootCalls   Selected     Forced   Filtered  RootSelec   RootForc   RootFilt 
  hybrid           :       0.01       0.00         24         11        401          0       2230        216          0       1190
  ensemble         :       0.00       0.00          0          0          0          0          0          0          0          0
  dynamic          :       0.00       0.00          0          0          0          0          0          0          0          0
Pricers            :   ExecTime  SetupTime      Calls       Vars
  problem variables:       0.00          -          0          0
Branching Rules    :   ExecTime  SetupTime   BranchLP  BranchExt   BranchPS    Cutoffs    DomReds       Cuts      Conss   Children
  allfullstrong    :       0.00       0.00          0          0          0          0          0          0          0          0
  cloud            :       0.00       0.00          0          0          0          0          0          0          0          0
  distribution     :       0.00       0.00          0          0          0          0          0          0          0          0
  fullstrong       :       0.00       0.00          0          0          0          0          0          0          0          0
  general_disjuncti:   86458.33       0.00         78          0          0          0          4          0          1          0
  GeneralDisjunction(extra): subMILPs=413 fairNodes of all MILPs=54600 probingLPs=0
  gomory           :       0.00       0.00          0          0          0          0          0          0          0          0
  inference        :       0.00       0.00          0          0          0          0          0          0          0          0
  leastinf         :       0.00       0.00          0          0          0          0          0          0          0          0
  lookahead        :       0.00       0.00          0          0          0          0          0          0          0          0
  mostinf          :       0.00       0.00          0          0          0          0          0          0          0          0
  multaggr         :       0.00       0.00          0          0          0          0          0          0          0          0
  nodereopt        :       0.00       0.00          0          0          0          0          0          0          0          0
  pscost           :       0.00       0.00          0          0          0          0          0          0          0          0
  random           :       0.00       0.00          0          0          0          0          0          0          0          0
  relpscost        :       0.46       0.00         75          0          0          0          0          0          0        150
  vanillafullstrong:       0.00       0.00          0          0          0          0          0          0          0          0
Primal Heuristics  :   ExecTime  SetupTime      Calls      Found       Best
  LP solutions     :       0.00          -          -          0          0
  relax solutions  :       0.00          -          -          0          0
  pseudo solutions :       0.00          -          -          0          0
  strong branching :       0.00          -          -          0          0
  actconsdiving    :       0.00       0.00          0          0          0
  adaptivediving   :       0.01       0.00          1          0          0
  alns             :       0.01       0.00          1          0          0
  bound            :       0.00       0.00          0          0          0
  clique           :       0.00       0.00          1          0          0
  coefdiving       :       0.00       0.00          0          0          0
  completesol      :       0.00       0.00          0          0          0
  conflictdiving   :       0.03       0.00          1          0          0
  crossover        :       0.00       0.00          0          0          0
  dins             :       0.00       0.00          0          0          0
  distributiondivin:       0.02       0.00          1          0          0
  dps              :       0.00       0.00          0          0          0
  dualval          :       0.00       0.00          0          0          0
  farkasdiving     :       0.00       0.00          0          0          0
  feaspump         :       0.06       0.00          1          0          0
  fixandinfer      :       0.00       0.00          0          0          0
  fracdiving       :       0.02       0.00          1          0          0
  gins             :       0.00       0.00          0          0          0
  guideddiving     :       0.00       0.00          0          0          0
  indicator        :       0.00       0.00          0          0          0
  indicatordiving  :       0.00       0.00          0          0          0
  intdiving        :       0.00       0.00          0          0          0
  intshifting      :       0.00       0.00          1          0          0
  linesearchdiving :       0.00       0.00          0          0          0
  localbranching   :       0.00       0.00          0          0          0
  locks            :       0.01       0.00          1          0          0
  lpface           :       0.00       0.00          0          0          0
  mpec             :       0.00       0.00          0          0          0
  multistart       :       0.00       0.00          0          0          0
  mutation         :       0.00       0.00          0          0          0
  nlpdiving        :       0.00       0.00          0          0          0
  objpscostdiving  :       0.00       0.00          0          0          0
  octane           :       0.00       0.00          0          0          0
  ofins            :       0.00       0.00          0          0          0
  oneopt           :       0.00       0.00          1          0          0
  padm             :       0.00       0.00          0          0          0
  proximity        :       0.00       0.00          0          0          0
  pscostdiving     :       0.04       0.00          1          1          1
  randrounding     :       0.02       0.00         13          0          0
  rens             :       0.08       0.00          1          0          0
  reoptsols        :       0.00       0.00          0          0          0
  repair           :       0.00       0.00          0          0          0
  rins             :       0.00       0.00          0          0          0
  rootsoldiving    :       0.00       0.00          0          0          0
  rounding         :       0.00       0.00        101          0          0
  scheduler        :       0.00       0.00          0          0          0
  shiftandpropagate:       0.01       0.00          1          0          0
  shifting         :       0.01       0.00         32          0          0
  simplerounding   :       0.00       0.00          0          0          0
  subnlp           :       0.00       0.00          0          0          0
  trivial          :       0.00       0.00          2          0          0
  trivialnegation  :       0.00       0.00          0          0          0
  trustregion      :       0.00       0.00          0          0          0
  trysol           :       0.00       0.00          0          0          0
  twoopt           :       0.00       0.00          0          0          0
  undercover       :       0.00       0.00          0          0          0
  vbounds          :       0.00       0.00          0          0          0
  veclendiving     :       0.00       0.00          0          0          0
  zeroobj          :       0.00       0.00          0          0          0
  zirounding       :       0.00       0.00         74          0          0
  other solutions  :          -          -          -          0          -
LNS (Scheduler)    :      Calls  SetupTime  SolveTime SolveNodes       Sols       Best       Exp3    Exp3-IX  EpsGreedy        UCB TgtFixRate  Opt  Inf Node Stal  Sol  Usr Othr Actv
  rens             :          0       0.00       0.00          0          0          0    0.00000    0.12500   -1.00000    1.00000      0.900    0    0    0    0    0    0    0    1
  rins             :          0       0.00       0.00          0          0          0    0.00000    0.12500   -1.00000    1.00000      0.900    0    0    0    0    0    0    0    1
  mutation         :          0       0.00       0.00          0          0          0    0.00000    0.12500   -1.00000    1.00000      0.900    0    0    0    0    0    0    0    1
  localbranching   :          0       0.00       0.00          0          0          0    0.00000    0.12500   -1.00000    1.00000      0.900    0    0    0    0    0    0    0    1
  crossover        :          0       0.00       0.00          0          0          0    0.00000    0.12500   -1.00000    1.00000      0.900    0    0    0    0    0    0    0    1
  proximity        :          0       0.00       0.00          0          0          0    0.00000    0.12500   -1.00000    1.00000      0.900    0    0    0    0    0    0    0    1
  zeroobjective    :          0       0.00       0.00          0          0          0    0.00000    0.12500   -1.00000    1.00000      0.900    0    0    0    0    0    0    0    1
  dins             :          0       0.00       0.00          0          0          0    0.00000    0.12500   -1.00000    1.00000      0.900    0    0    0    0    0    0    0    1
  trustregion      :          0       0.00       0.00          0          0          0    0.00000    0.00000   -1.00000    1.00000      0.900    0    0    0    0    0    0    0    0
LP                 :       Time      Calls Iterations  Iter/call   Iter/sec  Time-0-It Calls-0-It    ItLimit
  primal LP        :       0.10         12          0       0.00       0.00       0.10         12
  dual LP          :       0.25        138       3632      35.96   14591.27       0.01         37
  lex dual LP      :       0.00          0          0       0.00          -
  barrier LP       :       0.00          0          0       0.00          -       0.00          0
  resolve instable :       0.00          0          0       0.00          -
  diving/probing LP:       0.19         65       1655      25.46    8635.13
  strong branching :       1.31        521      10729      20.59    8217.70          -          -         36
    (at root node) :          -         37       1493      40.35          -
  conflict analysis:       0.01          8         80      10.00          -
B&B Tree           :
  number of runs   :          1
  nodes            :         75 (75 internal, 0 leaves)
  feasible leaves  :          0
  infeas. leaves   :          0
  objective leaves :          0
  nodes (total)    :         75 (75 internal, 0 leaves)
  nodes left       :         76
  max depth        :         15
  max depth (total):         15
  backtracks       :          5 (6.7%)
  early backtracks :          0 (0.0%)
  nodes exc. ref.  :          0 (0.0%)
  delayed cutoffs  :          0
  repropagations   :          2 (0 domain reductions, 0 cutoffs)
  avg switch length:       2.16
  switching time   :       0.10
Root Node          :
  First LP value   : +7.57962183083643e+06
  First LP Iters   :       1275 (34698.60 Iter/sec)
  First LP Time    :       0.04
  Final Dual Bound : +7.58014737704093e+06
  Final Root Iters :       2098
  Root LP Estimate : +7.58064826376289e+06
Solution           :
  Solutions found  :          1 (1 improvements)
  First Solution   : +7.59676784845090e+06   (in run 1, after 15 nodes, 15004.38 seconds, depth 131, found by <pscostdiving>)
  Gap First Sol.   :       0.22 %
  Gap Last Sol.    :       0.22 %
  Primal Bound     : +7.59676784845090e+06   (in run 1, after 15 nodes, 15004.38 seconds, depth 131, found by <pscostdiving>)
  Dual Bound       : +7.58015828854770e+06
  Gap              :       0.22 %
Integrals          :      Total       Avg%
  primal-dual      : 1516070.20      17.53
  primal-ref       :          -          - (not evaluated)
  dual-ref         :          -          - (not evaluated)
