SCIP version 9.2.2 [precision: 8 byte] [memory: block] [mode: optimized] [LP solver: CPLEX 12.10.0.0] [GitHash: 416226a4f8]
Copyright (c) 2002-2025 Zuse Institute Berlin (ZIB)

reading parameter file </scratch/htc/yzhou/exp_scipmip/settings/allon_gendj.set>

read problem </scratch/htc/yzhou/exp_scipmip/instances/additional/beasleyC3.mps>
============

original problem has 2500 variables (1250 bin, 0 int, 0 impl, 1250 cont) and 1750 constraints
   1750 constraints of type <linear>
Reading Time: 0.01
solve problem
=============
LP Solver <CPLEX 12.10.0.0>: fastmip setting not available -- SCIP parameter has no effect
LP Solver <CPLEX 12.10.0.0>: clock type cannot be set
LP Solver <CPLEX 12.10.0.0>: row representation of the basis not available -- SCIP parameter lp/rowrepswitch has no effect
LP Solver <CPLEX 12.10.0.0>: solution polishing not available -- SCIP parameter lp/solutionpolishing has no effect
LP Solver <CPLEX 12.10.0.0>: refactorization interval not available -- SCIP parameter lp/refactorinterval has no effect
transformed problem has 2500 variables (1250 bin, 0 int, 0 impl, 1250 cont) and 1750 constraints
   1750 constraints of type <linear>

original problem has 5000 active (0.114286%) nonzeros and 5000 (0.114286%) check nonzeros

presolving:
(round 1, fast)       206 del vars, 206 del conss, 0 add conss, 1149 chg bounds, 0 chg sides, 13 chg coeffs, 0 upgd conss, 0 impls, 0 clqs
(round 2, fast)       339 del vars, 399 del conss, 0 add conss, 1167 chg bounds, 0 chg sides, 32 chg coeffs, 0 upgd conss, 0 impls, 0 clqs
(round 3, fast)       595 del vars, 587 del conss, 0 add conss, 1169 chg bounds, 0 chg sides, 33 chg coeffs, 0 upgd conss, 0 impls, 0 clqs
(round 4, fast)       786 del vars, 597 del conss, 0 add conss, 1169 chg bounds, 0 chg sides, 33 chg coeffs, 0 upgd conss, 0 impls, 0 clqs
(round 5, fast)       796 del vars, 597 del conss, 0 add conss, 1169 chg bounds, 0 chg sides, 33 chg coeffs, 0 upgd conss, 0 impls, 0 clqs
(round 6, exhaustive) 796 del vars, 597 del conss, 0 add conss, 1169 chg bounds, 0 chg sides, 33 chg coeffs, 852 upgd conss, 0 impls, 0 clqs
   (0.0s) probing: 51/852 (6.0%) - 0 fixings, 0 aggregations, 0 implications, 0 bound changes
   (0.0s) probing aborted: 50/50 successive totally useless probings
   (0.0s) symmetry computation started: requiring (bin +, int +, cont +), (fixed: bin -, int -, cont -)
   (0.0s) no symmetry present (symcode time: 0.00)
clique table cleanup detected 0 bound changes

presolved problem has 3408 active (0.173461%) nonzeros and 3408 (0.173461%) check nonzeros

presolving (7 rounds: 7 fast, 2 medium, 2 exhaustive):
 796 deleted vars, 597 deleted constraints, 0 added constraints, 1169 tightened bounds, 0 added holes, 0 changed sides, 33 changed coefficients
 852 implications, 0 cliques
presolved problem has 1704 variables (852 bin, 0 int, 0 impl, 852 cont) and 1153 constraints
    852 constraints of type <varbound>
    301 constraints of type <linear>
transformed objective value is always integral (scale: 1)
Presolving Time: 0.02

 time | node  | left  |LP iter|LP it/n|mem/heur|mdpt |vars |cons |rows |cuts |sepa|confs|strbr|  dualbound   | primalbound  |  gap   | compl. 
p 0.0s|     1 |     0 |    90 |     - |   locks|   0 |1704 |1153 |1153 |   0 |  0 |   0 |   0 | 2.050000e+02 | 4.945000e+03 |2312.20%| unknown
i 0.0s|     1 |     0 |    90 |     - |  oneopt|   0 |1704 |1153 |1153 |   0 |  0 |   0 |   0 | 2.050000e+02 | 2.294000e+03 |1019.02%| unknown
  0.0s|     1 |     0 |   261 |     - |    16M |   0 |1704 |1153 |1153 |   0 |  0 |   0 |   0 | 2.379878e+02 | 2.294000e+03 | 863.91%| unknown
r 0.0s|     1 |     0 |   261 |     - |simplero|   0 |1704 |1153 |1153 |   0 |  0 |   0 |   0 | 2.379878e+02 | 9.580000e+02 | 302.54%| unknown
  0.0s|     1 |     0 |   507 |     - |    18M |   0 |1704 |1153 |1263 | 110 |  1 |   0 |   0 | 4.159208e+02 | 9.580000e+02 | 130.33%| unknown
  0.1s|     1 |     0 |   705 |     - |    19M |   0 |1704 |1153 |1354 | 201 |  2 |   0 |   0 | 4.570224e+02 | 9.580000e+02 | 109.62%| unknown
  0.1s|     1 |     0 |  1023 |     - |    20M |   0 |1704 |1153 |1445 | 292 |  3 |   0 |   0 | 5.076260e+02 | 9.580000e+02 |  88.72%| unknown
  0.2s|     1 |     0 |  1257 |     - |    21M |   0 |1704 |1153 |1516 | 363 |  4 |   0 |   0 | 5.337524e+02 | 9.580000e+02 |  79.48%| unknown
  0.2s|     1 |     0 |  1509 |     - |    23M |   0 |1704 |1153 |1592 | 439 |  5 |   0 |   0 | 5.739292e+02 | 9.580000e+02 |  66.92%| unknown
  0.3s|     1 |     0 |  1713 |     - |    25M |   0 |1704 |1153 |1672 | 519 |  6 |   0 |   0 | 5.822803e+02 | 9.580000e+02 |  64.53%| unknown
  0.3s|     1 |     0 |  1986 |     - |    26M |   0 |1704 |1153 |1751 | 598 |  7 |   0 |   0 | 6.020387e+02 | 9.580000e+02 |  59.13%| unknown
  0.4s|     1 |     0 |  2245 |     - |    29M |   0 |1704 |1153 |1840 | 687 |  8 |   0 |   0 | 6.144359e+02 | 9.580000e+02 |  55.92%| unknown
  0.5s|     1 |     0 |  2586 |     - |    30M |   0 |1704 |1153 |1920 | 767 |  9 |   0 |   0 | 6.303272e+02 | 9.580000e+02 |  51.98%| unknown
  0.7s|     1 |     0 |  2855 |     - |    31M |   0 |1704 |1153 |2002 | 849 | 10 |   0 |   0 | 6.487336e+02 | 9.580000e+02 |  47.67%| unknown
  0.8s|     1 |     0 |  3104 |     - |    33M |   0 |1704 |1153 |2082 | 929 | 11 |   0 |   0 | 6.590115e+02 | 9.580000e+02 |  45.37%| unknown
 time | node  | left  |LP iter|LP it/n|mem/heur|mdpt |vars |cons |rows |cuts |sepa|confs|strbr|  dualbound   | primalbound  |  gap   | compl. 
  0.9s|     1 |     0 |  3389 |     - |    34M |   0 |1704 |1153 |2163 |1010 | 12 |   0 |   0 | 6.655483e+02 | 9.580000e+02 |  43.94%| unknown
  1.0s|     1 |     0 |  3663 |     - |    35M |   0 |1704 |1153 |2236 |1083 | 13 |   0 |   0 | 6.730885e+02 | 9.580000e+02 |  42.33%| unknown
  1.1s|     1 |     0 |  3923 |     - |    36M |   0 |1704 |1153 |2306 |1153 | 14 |   0 |   0 | 6.825193e+02 | 9.580000e+02 |  40.36%| unknown
  1.3s|     1 |     0 |  4289 |     - |    37M |   0 |1704 |1153 |2370 |1217 | 15 |   0 |   0 | 6.937838e+02 | 9.580000e+02 |  38.08%| unknown
  1.4s|     1 |     0 |  4591 |     - |    38M |   0 |1704 |1153 |2269 |1288 | 16 |   0 |   0 | 7.019244e+02 | 9.580000e+02 |  36.48%| unknown
  1.5s|     1 |     0 |  4798 |     - |    38M |   0 |1704 |1153 |2333 |1352 | 17 |   0 |   0 | 7.038332e+02 | 9.580000e+02 |  36.11%| unknown
  1.7s|     1 |     0 |  5065 |     - |    40M |   0 |1704 |1153 |2394 |1413 | 18 |   0 |   0 | 7.074169e+02 | 9.580000e+02 |  35.42%| unknown
  1.9s|     1 |     0 |  5427 |     - |    42M |   0 |1704 |1153 |2457 |1476 | 19 |   0 |   0 | 7.127498e+02 | 9.580000e+02 |  34.41%| unknown
  2.0s|     1 |     0 |  5708 |     - |    44M |   0 |1704 |1153 |2524 |1543 | 20 |   0 |   0 | 7.179648e+02 | 9.580000e+02 |  33.43%| unknown
  2.2s|     1 |     0 |  6091 |     - |    45M |   0 |1704 |1153 |2595 |1614 | 21 |   0 |   0 | 7.214912e+02 | 9.580000e+02 |  32.78%| unknown
  2.4s|     1 |     0 |  6350 |     - |    45M |   0 |1704 |1153 |2341 |1671 | 22 |   0 |   0 | 7.233810e+02 | 9.580000e+02 |  32.43%| unknown
  2.5s|     1 |     0 |  6693 |     - |    45M |   0 |1704 |1153 |2401 |1731 | 23 |   0 |   0 | 7.262744e+02 | 9.580000e+02 |  31.91%| unknown
  2.6s|     1 |     0 |  6988 |     - |    45M |   0 |1704 |1153 |2455 |1785 | 24 |   0 |   0 | 7.284630e+02 | 9.580000e+02 |  31.51%| unknown
  2.8s|     1 |     0 |  7216 |     - |    48M |   0 |1704 |1155 |2507 |1837 | 25 |   2 |   0 | 7.294802e+02 | 9.580000e+02 |  31.33%| unknown
  2.9s|     1 |     0 |  7417 |     - |    48M |   0 |1704 |1155 |2561 |1891 | 26 |   2 |   0 | 7.317131e+02 | 9.580000e+02 |  30.93%| unknown
 time | node  | left  |LP iter|LP it/n|mem/heur|mdpt |vars |cons |rows |cuts |sepa|confs|strbr|  dualbound   | primalbound  |  gap   | compl. 
  3.0s|     1 |     0 |  7662 |     - |    49M |   0 |1704 |1155 |2603 |1933 | 27 |   2 |   0 | 7.334564e+02 | 9.580000e+02 |  30.61%| unknown
  3.2s|     1 |     0 |  7844 |     - |    49M |   0 |1704 |1155 |2327 |1982 | 28 |   2 |   0 | 7.339063e+02 | 9.580000e+02 |  30.53%| unknown
  3.3s|     1 |     0 |  8056 |     - |    50M |   0 |1704 |1155 |2371 |2026 | 29 |   2 |   0 | 7.350999e+02 | 9.580000e+02 |  30.32%| unknown
  3.4s|     1 |     0 |  8263 |     - |    50M |   0 |1704 |1155 |2419 |2074 | 30 |   2 |   0 | 7.366950e+02 | 9.580000e+02 |  30.04%| unknown
  3.5s|     1 |     0 |  8498 |     - |    52M |   0 |1704 |1155 |2466 |2121 | 31 |   2 |   0 | 7.389690e+02 | 9.580000e+02 |  29.64%| unknown
  3.7s|     1 |     0 |  8661 |     - |    52M |   0 |1704 |1155 |2507 |2162 | 32 |   2 |   0 | 7.395282e+02 | 9.580000e+02 |  29.54%| unknown
  3.8s|     1 |     0 |  8855 |     - |    52M |   0 |1704 |1155 |2551 |2206 | 33 |   2 |   0 | 7.399704e+02 | 9.580000e+02 |  29.46%| unknown
  3.9s|     1 |     0 |  9144 |     - |    52M |   0 |1704 |1155 |2264 |2245 | 34 |   2 |   0 | 7.415173e+02 | 9.580000e+02 |  29.19%| unknown
  4.1s|     1 |     0 |  9361 |     - |    53M |   0 |1704 |1155 |2301 |2282 | 35 |   2 |   0 | 7.423645e+02 | 9.580000e+02 |  29.05%| unknown
  4.2s|     1 |     0 |  9568 |     - |    54M |   0 |1704 |1155 |2345 |2326 | 36 |   2 |   0 | 7.433147e+02 | 9.580000e+02 |  28.88%| unknown
  4.3s|     1 |     0 |  9756 |     - |    56M |   0 |1704 |1155 |2388 |2369 | 37 |   2 |   0 | 7.441130e+02 | 9.580000e+02 |  28.74%| unknown
  4.4s|     1 |     0 |  9882 |     - |    56M |   0 |1704 |1155 |2431 |2412 | 38 |   2 |   0 | 7.443668e+02 | 9.580000e+02 |  28.70%| unknown
  4.5s|     1 |     0 | 10077 |     - |    57M |   0 |1704 |1155 |2461 |2442 | 39 |   2 |   0 | 7.449989e+02 | 9.580000e+02 |  28.59%| unknown
  4.7s|     1 |     0 | 10214 |     - |    58M |   0 |1704 |1155 |2224 |2478 | 40 |   2 |   0 | 7.450526e+02 | 9.580000e+02 |  28.58%| unknown
  4.8s|     1 |     0 | 10407 |     - |    58M |   0 |1704 |1155 |2255 |2509 | 41 |   2 |   0 | 7.454127e+02 | 9.580000e+02 |  28.52%| unknown
 time | node  | left  |LP iter|LP it/n|mem/heur|mdpt |vars |cons |rows |cuts |sepa|confs|strbr|  dualbound   | primalbound  |  gap   | compl. 
  4.9s|     1 |     0 | 10531 |     - |    58M |   0 |1704 |1155 |2288 |2542 | 42 |   2 |   0 | 7.455877e+02 | 9.580000e+02 |  28.49%| unknown
  5.0s|     1 |     0 | 10644 |     - |    58M |   0 |1704 |1155 |2312 |2566 | 43 |   2 |   0 | 7.457345e+02 | 9.580000e+02 |  28.46%| unknown
  5.1s|     1 |     0 | 10815 |     - |    58M |   0 |1704 |1155 |2338 |2592 | 44 |   2 |   0 | 7.464989e+02 | 9.580000e+02 |  28.33%| unknown
  5.2s|     1 |     0 | 10922 |     - |    58M |   0 |1704 |1155 |2363 |2617 | 45 |   2 |   0 | 7.466341e+02 | 9.580000e+02 |  28.31%| unknown
  5.3s|     1 |     0 | 11046 |     - |    58M |   0 |1704 |1155 |2132 |2647 | 46 |   2 |   0 | 7.467564e+02 | 9.580000e+02 |  28.29%| unknown
  5.4s|     1 |     0 | 11241 |     - |    59M |   0 |1704 |1155 |2161 |2676 | 47 |   2 |   0 | 7.468778e+02 | 9.580000e+02 |  28.27%| unknown
  5.5s|     1 |     0 | 11383 |     - |    60M |   0 |1704 |1155 |2196 |2711 | 48 |   2 |   0 | 7.469059e+02 | 9.580000e+02 |  28.26%| unknown
  5.7s|     1 |     0 | 11514 |     - |    61M |   0 |1704 |1155 |2222 |2737 | 49 |   2 |   0 | 7.469247e+02 | 9.580000e+02 |  28.26%| unknown
  5.8s|     1 |     0 | 11682 |     - |    61M |   0 |1704 |1155 |2244 |2759 | 50 |   2 |   0 | 7.469549e+02 | 9.580000e+02 |  28.25%| unknown
  5.9s|     1 |     0 | 11835 |     - |    61M |   0 |1704 |1155 |2273 |2788 | 51 |   2 |   0 | 7.469674e+02 | 9.580000e+02 |  28.25%| unknown
  6.0s|     1 |     0 | 12017 |     - |    61M |   0 |1704 |1155 |2079 |2811 | 52 |   2 |   0 | 7.470150e+02 | 9.580000e+02 |  28.24%| unknown
  6.1s|     1 |     0 | 12201 |     - |    61M |   0 |1704 |1155 |2095 |2827 | 53 |   2 |   0 | 7.471253e+02 | 9.580000e+02 |  28.22%| unknown
  6.2s|     1 |     0 | 12422 |     - |    61M |   0 |1704 |1155 |2120 |2852 | 54 |   2 |   0 | 7.471932e+02 | 9.580000e+02 |  28.21%| unknown
  6.3s|     1 |     0 | 12618 |     - |    61M |   0 |1704 |1155 |2157 |2889 | 55 |   2 |   0 | 7.473056e+02 | 9.580000e+02 |  28.19%| unknown
  6.4s|     1 |     0 | 12740 |     - |    61M |   0 |1704 |1155 |2174 |2906 | 56 |   2 |   0 | 7.474110e+02 | 9.580000e+02 |  28.18%| unknown
 time | node  | left  |LP iter|LP it/n|mem/heur|mdpt |vars |cons |rows |cuts |sepa|confs|strbr|  dualbound   | primalbound  |  gap   | compl. 
  6.5s|     1 |     0 | 12819 |     - |    61M |   0 |1704 |1155 |2189 |2921 | 57 |   2 |   0 | 7.475126e+02 | 9.580000e+02 |  28.16%| unknown
  6.6s|     1 |     0 | 12917 |     - |    61M |   0 |1704 |1155 |2037 |2937 | 58 |   2 |   0 | 7.475866e+02 | 9.580000e+02 |  28.15%| unknown
  6.7s|     1 |     0 | 12978 |     - |    62M |   0 |1704 |1155 |2052 |2952 | 59 |   2 |   0 | 7.476161e+02 | 9.580000e+02 |  28.14%| unknown
  6.7s|     1 |     0 | 13048 |     - |    62M |   0 |1704 |1155 |2064 |2964 | 60 |   2 |   0 | 7.476882e+02 | 9.580000e+02 |  28.13%| unknown
  6.8s|     1 |     0 | 13153 |     - |    64M |   0 |1704 |1155 |2079 |2979 | 61 |   2 |   0 | 7.476919e+02 | 9.580000e+02 |  28.13%| unknown
  6.9s|     1 |     0 | 13219 |     - |    64M |   0 |1704 |1155 |2092 |2992 | 62 |   2 |   0 | 7.476999e+02 | 9.580000e+02 |  28.13%| unknown
  7.0s|     1 |     0 | 13293 |     - |    64M |   0 |1704 |1155 |2105 |3005 | 63 |   2 |   0 | 7.477079e+02 | 9.580000e+02 |  28.12%| unknown
  7.1s|     1 |     0 | 13410 |     - |    64M |   0 |1704 |1155 |1961 |3013 | 64 |   2 |   0 | 7.477829e+02 | 9.580000e+02 |  28.11%| unknown
  7.2s|     1 |     0 | 13586 |     - |    64M |   0 |1704 |1155 |1979 |3031 | 65 |   2 |   0 | 7.478455e+02 | 9.580000e+02 |  28.10%| unknown
  7.2s|     1 |     0 | 13710 |     - |    64M |   0 |1704 |1155 |2002 |3054 | 66 |   2 |   0 | 7.478583e+02 | 9.580000e+02 |  28.10%| unknown
  7.3s|     1 |     0 | 13870 |     - |    64M |   0 |1704 |1155 |2028 |3080 | 67 |   2 |   0 | 7.479290e+02 | 9.580000e+02 |  28.09%| unknown
  7.4s|     1 |     0 | 13987 |     - |    65M |   0 |1704 |1155 |2051 |3103 | 68 |   2 |   0 | 7.479717e+02 | 9.580000e+02 |  28.08%| unknown
  7.5s|     1 |     0 | 14152 |     - |    65M |   0 |1704 |1155 |2078 |3130 | 69 |   2 |   0 | 7.480233e+02 | 9.580000e+02 |  28.07%| unknown
  7.6s|     1 |     0 | 14236 |     - |    65M |   0 |1704 |1155 |1988 |3152 | 70 |   2 |   0 | 7.480330e+02 | 9.580000e+02 |  28.07%| unknown
  7.7s|     1 |     0 | 14426 |     - |    65M |   0 |1704 |1155 |2009 |3173 | 71 |   2 |   0 | 7.481051e+02 | 9.580000e+02 |  28.06%| unknown
 time | node  | left  |LP iter|LP it/n|mem/heur|mdpt |vars |cons |rows |cuts |sepa|confs|strbr|  dualbound   | primalbound  |  gap   | compl. 
  7.8s|     1 |     0 | 14502 |     - |    65M |   0 |1704 |1155 |2028 |3192 | 72 |   2 |   0 | 7.481083e+02 | 9.580000e+02 |  28.06%| unknown
  7.8s|     1 |     0 | 14573 |     - |    65M |   0 |1704 |1155 |2047 |3211 | 73 |   2 |   0 | 7.481326e+02 | 9.580000e+02 |  28.05%| unknown
  7.9s|     1 |     0 | 14702 |     - |    65M |   0 |1704 |1155 |2057 |3221 | 74 |   2 |   0 | 7.481587e+02 | 9.580000e+02 |  28.05%| unknown
  8.0s|     1 |     0 | 14874 |     - |    65M |   0 |1704 |1155 |2071 |3235 | 75 |   2 |   0 | 7.481863e+02 | 9.580000e+02 |  28.04%| unknown
  8.1s|     1 |     0 | 15015 |     - |    65M |   0 |1704 |1155 |1993 |3249 | 76 |   2 |   0 | 7.481991e+02 | 9.580000e+02 |  28.04%| unknown
  8.1s|     1 |     0 | 15116 |     - |    65M |   0 |1704 |1155 |2005 |3261 | 77 |   2 |   0 | 7.482016e+02 | 9.580000e+02 |  28.04%| unknown
  8.2s|     1 |     0 | 15171 |     - |    65M |   0 |1704 |1155 |2026 |3282 | 78 |   2 |   0 | 7.482038e+02 | 9.580000e+02 |  28.04%| unknown
  8.3s|     1 |     0 | 15247 |     - |    65M |   0 |1704 |1155 |2040 |3296 | 79 |   2 |   0 | 7.482056e+02 | 9.580000e+02 |  28.04%| unknown
  8.4s|     1 |     0 | 15366 |     - |    66M |   0 |1704 |1155 |2053 |3309 | 80 |   2 |   0 | 7.482480e+02 | 9.580000e+02 |  28.03%| unknown
  8.5s|     1 |     0 | 15489 |     - |    66M |   0 |1704 |1155 |2068 |3324 | 81 |   2 |   0 | 7.482692e+02 | 9.580000e+02 |  28.03%| unknown
  8.6s|     1 |     0 | 15590 |     - |    66M |   0 |1704 |1155 |1990 |3356 | 82 |   2 |   0 | 7.482820e+02 | 9.580000e+02 |  28.03%| unknown
  8.7s|     1 |     0 | 15659 |     - |    66M |   0 |1704 |1155 |2011 |3377 | 83 |   2 |   0 | 7.483003e+02 | 9.580000e+02 |  28.02%| unknown
Truncate separation round because of stalling (10 stall rounds).
L 9.4s|     1 |     0 | 20304 |     - |    rens|   0 |1704 |1182 |2011 |3377 | 83 |  29 |   0 | 7.483003e+02 | 7.580000e+02 |   1.30%| unknown
  9.4s|     1 |     0 | 20304 |     - |    67M |   0 |1704 |1182 |2011 |3377 | 83 |  29 |   0 | 7.483003e+02 | 7.580000e+02 |   1.30%| unknown
  9.5s|     1 |     0 | 20421 |     - |    67M |   0 |1704 |1182 |2030 |3396 | 84 |  29 |   0 | 7.483381e+02 | 7.580000e+02 |   1.29%| unknown
 time | node  | left  |LP iter|LP it/n|mem/heur|mdpt |vars |cons |rows |cuts |sepa|confs|strbr|  dualbound   | primalbound  |  gap   | compl. 
  9.5s|     1 |     0 | 20559 |     - |    67M |   0 |1704 |1182 |2049 |3415 | 85 |  29 |   0 | 7.483413e+02 | 7.580000e+02 |   1.29%| unknown
_____________________________________
Now starting branching with general disjunction
Current branching Node number: 1
LP objective value: 543.341
Node lower bound: 544.245
Node upper bound: 758
gap to the primal bound: 0.011685
Preck submodel is infeasible, continue branching
Time limit exceeded (1000.14s), stopping submodel solve loop
General disjunction: No feasible solution found, use SCIP default branching rule
 1013s|     1 |     2 | 20559 |     - |    67M |   0 |1704 |1182 |2049 |3415 | 85 |  29 |  68 | 7.495445e+02 | 7.580000e+02 |   1.13%| unknown
_____________________________________
Now starting branching with general disjunction
Current branching Node number: 2
LP objective value: 544.048
Node lower bound: 544.863
Node upper bound: 758
gap to the primal bound: 0.0112808
Preck submodel is infeasible, continue branching
Time limit exceeded (1000.13s), stopping submodel solve loop
General disjunction: No feasible solution found, use SCIP default branching rule
_____________________________________
Now starting branching with general disjunction
Current branching Node number: 5
LP objective value: 544.228
Node lower bound: 544.863
Node upper bound: 758
gap to the primal bound: 0.0112808
Preck submodel is infeasible, continue branching
Time limit exceeded (1000.14s), stopping submodel solve loop
General disjunction: No feasible solution found, use SCIP default branching rule
_____________________________________
Now starting branching with general disjunction
Current branching Node number: 6
LP objective value: 544.334
Node lower bound: 544.863
Node upper bound: 758
gap to the primal bound: 0.0112808
Preck submodel is infeasible, continue branching
Time limit exceeded (1000.12s), stopping submodel solve loop
General disjunction: No feasible solution found, use SCIP default branching rule
_____________________________________
Now starting branching with general disjunction
Current branching Node number: 8
LP objective value: 544.747
Node lower bound: 544.863
Node upper bound: 758
gap to the primal bound: 0.0112808
Preck submodel is infeasible, continue branching
Time limit exceeded (1000.12s), stopping submodel solve loop
General disjunction: No feasible solution found, use SCIP default branching rule
_____________________________________
Now starting branching with general disjunction
Current branching Node number: 10
Relpscost reduced domain, skip general disjunction branching
_____________________________________
Now starting branching with general disjunction
Current branching Node number: 10
LP objective value: 544.941
Node lower bound: 545.134
Node upper bound: 758
gap to the primal bound: 0.0112808
Preck submodel is infeasible, continue branching
Time limit exceeded (1000.12s), stopping submodel solve loop
General disjunction: No feasible solution found, use SCIP default branching rule
_____________________________________
Now starting branching with general disjunction
Current branching Node number: 12
LP objective value: 545.136
Node lower bound: 545.465
Node upper bound: 758
gap to the primal bound: 0.0112808
Preck submodel is infeasible, continue branching
Time limit exceeded (1000.11s), stopping submodel solve loop
General disjunction: No feasible solution found, use SCIP default branching rule
_____________________________________
Now starting branching with general disjunction
Current branching Node number: 14
LP objective value: 545.175
Node lower bound: 545.465
Node upper bound: 758
gap to the primal bound: 0.0112808
Preck submodel is infeasible, continue branching
Time limit exceeded (1000.12s), stopping submodel solve loop
General disjunction: No feasible solution found, use SCIP default branching rule
_____________________________________
Now starting branching with general disjunction
Current branching Node number: 16
LP objective value: 545.239
Node lower bound: 545.465
Node upper bound: 758
gap to the primal bound: 0.0112808
Preck submodel is infeasible, continue branching
Time limit exceeded (1000.12s), stopping submodel solve loop
General disjunction: No feasible solution found, use SCIP default branching rule
_____________________________________
Now starting branching with general disjunction
Current branching Node number: 18
LP objective value: 545.372
Node lower bound: 545.516
Node upper bound: 758
gap to the primal bound: 0.0112808
Preck submodel is infeasible, continue branching
Time limit exceeded (1000.12s), stopping submodel solve loop
General disjunction: No feasible solution found, use SCIP default branching rule
_____________________________________
Now starting branching with general disjunction
Current branching Node number: 21
Relpscost reduced domain, skip general disjunction branching
_____________________________________
Now starting branching with general disjunction
Current branching Node number: 21
Relpscost reduced domain, skip general disjunction branching
_____________________________________
Now starting branching with general disjunction
Current branching Node number: 21
Relpscost reduced domain, skip general disjunction branching
_____________________________________
Now starting branching with general disjunction
Current branching Node number: 21
Relpscost reduced domain, skip general disjunction branching
_____________________________________
Now starting branching with general disjunction
Current branching Node number: 21
Relpscost reduced domain, skip general disjunction branching
_____________________________________
Now starting branching with general disjunction
Current branching Node number: 21
Relpscost reduced domain, skip general disjunction branching
_____________________________________
Now starting branching with general disjunction
Current branching Node number: 21
Relpscost reduced domain, skip general disjunction branching
_____________________________________
Now starting branching with general disjunction
Current branching Node number: 21
Relpscost reduced domain, skip general disjunction branching
_____________________________________
Now starting branching with general disjunction
Current branching Node number: 21
Relpscost reduced domain, skip general disjunction branching
_____________________________________
Now starting branching with general disjunction
Current branching Node number: 21
Relpscost reduced domain, skip general disjunction branching
_____________________________________
Now starting branching with general disjunction
Current branching Node number: 21
Relpscost reduced domain, skip general disjunction branching
_____________________________________
Now starting branching with general disjunction
Current branching Node number: 21
Relpscost reduced domain, skip general disjunction branching
_____________________________________
Now starting branching with general disjunction
Current branching Node number: 21
Relpscost reduced domain, skip general disjunction branching
_____________________________________
Now starting branching with general disjunction
Current branching Node number: 21
Relpscost reduced domain, skip general disjunction branching
_____________________________________
Now starting branching with general disjunction
Current branching Node number: 21
Relpscost reduced domain, skip general disjunction branching
_____________________________________
Now starting branching with general disjunction
Current branching Node number: 21
Relpscost reduced domain, skip general disjunction branching
_____________________________________
Now starting branching with general disjunction
Current branching Node number: 21
Relpscost reduced domain, skip general disjunction branching
_____________________________________
Now starting branching with general disjunction
Current branching Node number: 21
Relpscost reduced domain, skip general disjunction branching
_____________________________________
Now starting branching with general disjunction
Current branching Node number: 21
Relpscost reduced domain, skip general disjunction branching
_____________________________________
Now starting branching with general disjunction
Current branching Node number: 21
Relpscost reduced domain, skip general disjunction branching
_____________________________________
Now starting branching with general disjunction
Current branching Node number: 21
Relpscost reduced domain, skip general disjunction branching
_____________________________________
Now starting branching with general disjunction
Current branching Node number: 21
Relpscost reduced domain, skip general disjunction branching
_____________________________________
Now starting branching with general disjunction
Current branching Node number: 21
Relpscost reduced domain, skip general disjunction branching
_____________________________________
Now starting branching with general disjunction
Current branching Node number: 21
Relpscost reduced domain, skip general disjunction branching
_____________________________________
Now starting branching with general disjunction
Current branching Node number: 21
Relpscost reduced domain, skip general disjunction branching
_____________________________________
Now starting branching with general disjunction
Current branching Node number: 21
Relpscost reduced domain, skip general disjunction branching
_____________________________________
Now starting branching with general disjunction
Current branching Node number: 21
Relpscost reduced domain, skip general disjunction branching
_____________________________________
Now starting branching with general disjunction
Current branching Node number: 21
Relpscost reduced domain, skip general disjunction branching
_____________________________________
Now starting branching with general disjunction
Current branching Node number: 21
Relpscost reduced domain, skip general disjunction branching
_____________________________________
Now starting branching with general disjunction
Current branching Node number: 21
Relpscost reduced domain, skip general disjunction branching
_____________________________________
Now starting branching with general disjunction
Current branching Node number: 21
Relpscost reduced domain, skip general disjunction branching
_____________________________________
Now starting branching with general disjunction
Current branching Node number: 21
Relpscost reduced domain, skip general disjunction branching
_____________________________________
Now starting branching with general disjunction
Current branching Node number: 21
Relpscost reduced domain, skip general disjunction branching
_____________________________________
Now starting branching with general disjunction
Current branching Node number: 21
Relpscost reduced domain, skip general disjunction branching
_____________________________________
Now starting branching with general disjunction
Current branching Node number: 19
Relpscost reduced domain, skip general disjunction branching
_____________________________________
Now starting branching with general disjunction
Current branching Node number: 19
Relpscost reduced domain, skip general disjunction branching
_____________________________________
Now starting branching with general disjunction
Current branching Node number: 19
Relpscost reduced domain, skip general disjunction branching
_____________________________________
Now starting branching with general disjunction
Current branching Node number: 19
Relpscost reduced domain, skip general disjunction branching
_____________________________________
Now starting branching with general disjunction
Current branching Node number: 19
Relpscost reduced domain, skip general disjunction branching
_____________________________________
Now starting branching with general disjunction
Current branching Node number: 19
Relpscost reduced domain, skip general disjunction branching
_____________________________________
Now starting branching with general disjunction
Current branching Node number: 19
Relpscost reduced domain, skip general disjunction branching
_____________________________________
Now starting branching with general disjunction
Current branching Node number: 19
Relpscost reduced domain, skip general disjunction branching
_____________________________________
Now starting branching with general disjunction
Current branching Node number: 19
Relpscost reduced domain, skip general disjunction branching
_____________________________________
Now starting branching with general disjunction
Current branching Node number: 19
Relpscost reduced domain, skip general disjunction branching
_____________________________________
Now starting branching with general disjunction
Current branching Node number: 19
Relpscost reduced domain, skip general disjunction branching
_____________________________________
Now starting branching with general disjunction
Current branching Node number: 19
Relpscost reduced domain, skip general disjunction branching
_____________________________________
Now starting branching with general disjunction
Current branching Node number: 19
Relpscost reduced domain, skip general disjunction branching
_____________________________________
Now starting branching with general disjunction
Current branching Node number: 19
Relpscost reduced domain, skip general disjunction branching
_____________________________________
Now starting branching with general disjunction
Current branching Node number: 19
Relpscost reduced domain, skip general disjunction branching
_____________________________________
Now starting branching with general disjunction
Current branching Node number: 19
Relpscost reduced domain, skip general disjunction branching
_____________________________________
Now starting branching with general disjunction
Current branching Node number: 19
Relpscost reduced domain, skip general disjunction branching
_____________________________________
Now starting branching with general disjunction
Current branching Node number: 19
Relpscost reduced domain, skip general disjunction branching
_____________________________________
Now starting branching with general disjunction
Current branching Node number: 19
Relpscost reduced domain, skip general disjunction branching
_____________________________________
Now starting branching with general disjunction
Current branching Node number: 19
Relpscost reduced domain, skip general disjunction branching
_____________________________________
Now starting branching with general disjunction
Current branching Node number: 19
Relpscost reduced domain, skip general disjunction branching
_____________________________________
Now starting branching with general disjunction
Current branching Node number: 13
LP objective value: 546.663
Node lower bound: 546.85
Node upper bound: 758
gap to the primal bound: 0.0112808
Preck submodel is infeasible, continue branching
Time limit exceeded (1000.12s), stopping submodel solve loop
General disjunction: No feasible solution found, use SCIP default branching rule
_____________________________________
Now starting branching with general disjunction
Current branching Node number: 13
Relpscost reduced domain, skip general disjunction branching
_____________________________________
Now starting branching with general disjunction
Current branching Node number: 13
Relpscost reduced domain, skip general disjunction branching
_____________________________________
Now starting branching with general disjunction
Current branching Node number: 13
Relpscost reduced domain, skip general disjunction branching
_____________________________________
Now starting branching with general disjunction
Current branching Node number: 13
Relpscost reduced domain, skip general disjunction branching
_____________________________________
Now starting branching with general disjunction
Current branching Node number: 13
Relpscost reduced domain, skip general disjunction branching
_____________________________________
Now starting branching with general disjunction
Current branching Node number: 13
Relpscost reduced domain, skip general disjunction branching
_____________________________________
Now starting branching with general disjunction
Current branching Node number: 13
Relpscost reduced domain, skip general disjunction branching
_____________________________________
Now starting branching with general disjunction
Current branching Node number: 13
Relpscost reduced domain, skip general disjunction branching
_____________________________________
Now starting branching with general disjunction
Current branching Node number: 13
Relpscost reduced domain, skip general disjunction branching
_____________________________________
Now starting branching with general disjunction
Current branching Node number: 13
Relpscost reduced domain, skip general disjunction branching
_____________________________________
Now starting branching with general disjunction
Current branching Node number: 13
Relpscost reduced domain, skip general disjunction branching
_____________________________________
Now starting branching with general disjunction
Current branching Node number: 13
Relpscost reduced domain, skip general disjunction branching
_____________________________________
Now starting branching with general disjunction
Current branching Node number: 13
Relpscost reduced domain, skip general disjunction branching
_____________________________________
Now starting branching with general disjunction
Current branching Node number: 13
Relpscost reduced domain, skip general disjunction branching
_____________________________________
Now starting branching with general disjunction
Current branching Node number: 13
Relpscost reduced domain, skip general disjunction branching
_____________________________________
Now starting branching with general disjunction
Current branching Node number: 13
Relpscost reduced domain, skip general disjunction branching
_____________________________________
Now starting branching with general disjunction
Current branching Node number: 13
Relpscost reduced domain, skip general disjunction branching
_____________________________________
Now starting branching with general disjunction
Current branching Node number: 13
Relpscost reduced domain, skip general disjunction branching
_____________________________________
Now starting branching with general disjunction
Current branching Node number: 11
LP objective value: 548.742
Node lower bound: 548.829
Node upper bound: 758
gap to the primal bound: 0.0112808
Preck submodel is infeasible, continue branching
Time limit exceeded (1000.12s), stopping submodel solve loop
General disjunction: No feasible solution found, use SCIP default branching rule
_____________________________________
Now starting branching with general disjunction
Current branching Node number: 22
Relpscost reduced domain, skip general disjunction branching
_____________________________________
Now starting branching with general disjunction
Current branching Node number: 22
Relpscost reduced domain, skip general disjunction branching
_____________________________________
Now starting branching with general disjunction
Current branching Node number: 22
Relpscost reduced domain, skip general disjunction branching
_____________________________________
Now starting branching with general disjunction
Current branching Node number: 22
Relpscost reduced domain, skip general disjunction branching
_____________________________________
Now starting branching with general disjunction
Current branching Node number: 22
Relpscost reduced domain, skip general disjunction branching
_____________________________________
Now starting branching with general disjunction
Current branching Node number: 22
LP objective value: 550.641
Node lower bound: 550.947
Node upper bound: 758
gap to the primal bound: 0.0112808
Preck submodel is infeasible, continue branching
Time limit exceeded (1000.12s), stopping submodel solve loop
General disjunction: No feasible solution found, use SCIP default branching rule
_____________________________________
Now starting branching with general disjunction
Current branching Node number: 22
Relpscost reduced domain, skip general disjunction branching
_____________________________________
Now starting branching with general disjunction
Current branching Node number: 22
Relpscost reduced domain, skip general disjunction branching
_____________________________________
Now starting branching with general disjunction
Current branching Node number: 22
Relpscost reduced domain, skip general disjunction branching
_____________________________________
Now starting branching with general disjunction
Current branching Node number: 22
Relpscost reduced domain, skip general disjunction branching
_____________________________________
Now starting branching with general disjunction
Current branching Node number: 22
Relpscost reduced domain, skip general disjunction branching
_____________________________________
Now starting branching with general disjunction
Current branching Node number: 22
Relpscost reduced domain, skip general disjunction branching
_____________________________________
Now starting branching with general disjunction
Current branching Node number: 22
Relpscost reduced domain, skip general disjunction branching
_____________________________________
Now starting branching with general disjunction
Current branching Node number: 22
Relpscost reduced domain, skip general disjunction branching
_____________________________________
Now starting branching with general disjunction
Current branching Node number: 22
Relpscost reduced domain, skip general disjunction branching
_____________________________________
Now starting branching with general disjunction
Current branching Node number: 22
Relpscost reduced domain, skip general disjunction branching
_____________________________________
Now starting branching with general disjunction
Current branching Node number: 22
Relpscost reduced domain, skip general disjunction branching
_____________________________________
Now starting branching with general disjunction
Current branching Node number: 22
Relpscost reduced domain, skip general disjunction branching
_____________________________________
Now starting branching with general disjunction
Current branching Node number: 22
Relpscost reduced domain, skip general disjunction branching
_____________________________________
Now starting branching with general disjunction
Current branching Node number: 22
Relpscost reduced domain, skip general disjunction branching
_____________________________________
Now starting branching with general disjunction
Current branching Node number: 22
Relpscost reduced domain, skip general disjunction branching
_____________________________________
Now starting branching with general disjunction
Current branching Node number: 22
Relpscost reduced domain, skip general disjunction branching
_____________________________________
Now starting branching with general disjunction
Current branching Node number: 22
Relpscost reduced domain, skip general disjunction branching
_____________________________________
Now starting branching with general disjunction
Current branching Node number: 22
Relpscost reduced domain, skip general disjunction branching
_____________________________________
Now starting branching with general disjunction
Current branching Node number: 22
Relpscost reduced domain, skip general disjunction branching
_____________________________________
Now starting branching with general disjunction
Current branching Node number: 22
Relpscost reduced domain, skip general disjunction branching
_____________________________________
Now starting branching with general disjunction
Current branching Node number: 22
Relpscost reduced domain, skip general disjunction branching
_____________________________________
Now starting branching with general disjunction
Current branching Node number: 22
Relpscost reduced domain, skip general disjunction branching
_____________________________________
Now starting branching with general disjunction
Current branching Node number: 22
Relpscost reduced domain, skip general disjunction branching
_____________________________________
Now starting branching with general disjunction
Current branching Node number: 22
Relpscost reduced domain, skip general disjunction branching
_____________________________________
Now starting branching with general disjunction
Current branching Node number: 22
Relpscost reduced domain, skip general disjunction branching
_____________________________________
Now starting branching with general disjunction
Current branching Node number: 22
Relpscost reduced domain, skip general disjunction branching
_____________________________________
Now starting branching with general disjunction
Current branching Node number: 22
Relpscost reduced domain, skip general disjunction branching
_____________________________________
Now starting branching with general disjunction
Current branching Node number: 22
LP objective value: 550.656
Node lower bound: 550.947
Node upper bound: 758
gap to the primal bound: 0.0112808
Preck submodel is infeasible, continue branching
Time limit exceeded (1000.12s), stopping submodel solve loop
General disjunction: No feasible solution found, use SCIP default branching rule
_____________________________________
Now starting branching with general disjunction
Current branching Node number: 24
Relpscost reduced domain, skip general disjunction branching
_____________________________________
Now starting branching with general disjunction
Current branching Node number: 24
LP objective value: 550.661
Node lower bound: 550.988
Node upper bound: 758
gap to the primal bound: 0.0112808
Preck submodel is infeasible, continue branching
Time limit exceeded (1000.12s), stopping submodel solve loop
General disjunction: No feasible solution found, use SCIP default branching rule
_____________________________________
Now starting branching with general disjunction
Current branching Node number: 26
Relpscost reduced domain, skip general disjunction branching
_____________________________________
Now starting branching with general disjunction
Current branching Node number: 26
Relpscost reduced domain, skip general disjunction branching
_____________________________________
Now starting branching with general disjunction
Current branching Node number: 26
LP objective value: 550.703
Node lower bound: 550.988
Node upper bound: 758
gap to the primal bound: 0.0112808
Preck submodel is infeasible, continue branching
Time limit exceeded (1000.13s), stopping submodel solve loop
General disjunction: No feasible solution found, use SCIP default branching rule
_____________________________________
Now starting branching with general disjunction
Current branching Node number: 28
Relpscost reduced domain, skip general disjunction branching
_____________________________________
Now starting branching with general disjunction
Current branching Node number: 28
Relpscost reduced domain, skip general disjunction branching
_____________________________________
Now starting branching with general disjunction
Current branching Node number: 28
Relpscost reduced domain, skip general disjunction branching
_____________________________________
Now starting branching with general disjunction
Current branching Node number: 28
Relpscost reduced domain, skip general disjunction branching
_____________________________________
Now starting branching with general disjunction
Current branching Node number: 28
Relpscost reduced domain, skip general disjunction branching
_____________________________________
Now starting branching with general disjunction
Current branching Node number: 28
Relpscost reduced domain, skip general disjunction branching
_____________________________________
Now starting branching with general disjunction
Current branching Node number: 28
Relpscost reduced domain, skip general disjunction branching
_____________________________________
Now starting branching with general disjunction
Current branching Node number: 28
Relpscost reduced domain, skip general disjunction branching
_____________________________________
Now starting branching with general disjunction
Current branching Node number: 28
Relpscost reduced domain, skip general disjunction branching
_____________________________________
Now starting branching with general disjunction
Current branching Node number: 28
Relpscost reduced domain, skip general disjunction branching
_____________________________________
Now starting branching with general disjunction
Current branching Node number: 28
Relpscost reduced domain, skip general disjunction branching
_____________________________________
Now starting branching with general disjunction
Current branching Node number: 28
Relpscost reduced domain, skip general disjunction branching
_____________________________________
Now starting branching with general disjunction
Current branching Node number: 28
Relpscost reduced domain, skip general disjunction branching
_____________________________________
Now starting branching with general disjunction
Current branching Node number: 28
LP objective value: 550.953
Node lower bound: 551.002
Node upper bound: 758
gap to the primal bound: 0.0112808
Preck submodel is infeasible, continue branching
Time limit exceeded (1000.12s), stopping submodel solve loop
General disjunction: No feasible solution found, use SCIP default branching rule
_____________________________________
Now starting branching with general disjunction
Current branching Node number: 23
LP objective value: 548.785
Node lower bound: 549.069
Node upper bound: 758
gap to the primal bound: 0.0112808
Preck submodel is infeasible, continue branching
Time limit exceeded (1000.11s), stopping submodel solve loop
General disjunction: No feasible solution found, use SCIP default branching rule
_____________________________________
Now starting branching with general disjunction
Current branching Node number: 23
Relpscost reduced domain, skip general disjunction branching
_____________________________________
Now starting branching with general disjunction
Current branching Node number: 23
Relpscost reduced domain, skip general disjunction branching
_____________________________________
Now starting branching with general disjunction
Current branching Node number: 23
Relpscost reduced domain, skip general disjunction branching
_____________________________________
Now starting branching with general disjunction
Current branching Node number: 23
Relpscost reduced domain, skip general disjunction branching
_____________________________________
Now starting branching with general disjunction
Current branching Node number: 23
Relpscost reduced domain, skip general disjunction branching
_____________________________________
Now starting branching with general disjunction
Current branching Node number: 23
Relpscost reduced domain, skip general disjunction branching
_____________________________________
Now starting branching with general disjunction
Current branching Node number: 23
Relpscost reduced domain, skip general disjunction branching
_____________________________________
Now starting branching with general disjunction
Current branching Node number: 23
Relpscost reduced domain, skip general disjunction branching
_____________________________________
Now starting branching with general disjunction
Current branching Node number: 23
Relpscost reduced domain, skip general disjunction branching
_____________________________________
Now starting branching with general disjunction
Current branching Node number: 23
Relpscost reduced domain, skip general disjunction branching
_____________________________________
Now starting branching with general disjunction
Current branching Node number: 23
Relpscost reduced domain, skip general disjunction branching
_____________________________________
Now starting branching with general disjunction
Current branching Node number: 23
Relpscost reduced domain, skip general disjunction branching
_____________________________________
Now starting branching with general disjunction
Current branching Node number: 23
Relpscost reduced domain, skip general disjunction branching
_____________________________________
Now starting branching with general disjunction
Current branching Node number: 23
Relpscost reduced domain, skip general disjunction branching
_____________________________________
Now starting branching with general disjunction
Current branching Node number: 23
LP objective value: 548.924
Node lower bound: 549.069
Node upper bound: 758
gap to the primal bound: 0.0112808
Preck submodel is infeasible, continue branching
Time limit exceeded (1000.13s), stopping submodel solve loop
General disjunction: No feasible solution found, use SCIP default branching rule
_____________________________________
Now starting branching with general disjunction
Current branching Node number: 32
Relpscost reduced domain, skip general disjunction branching
_____________________________________
Now starting branching with general disjunction
Current branching Node number: 32
Relpscost reduced domain, skip general disjunction branching
_____________________________________
Now starting branching with general disjunction
Current branching Node number: 32
Relpscost reduced domain, skip general disjunction branching
_____________________________________
Now starting branching with general disjunction
Current branching Node number: 32
Relpscost reduced domain, skip general disjunction branching
_____________________________________
Now starting branching with general disjunction
Current branching Node number: 32
Relpscost reduced domain, skip general disjunction branching
_____________________________________
Now starting branching with general disjunction
Current branching Node number: 32
Relpscost reduced domain, skip general disjunction branching
_____________________________________
Now starting branching with general disjunction
Current branching Node number: 32
Relpscost reduced domain, skip general disjunction branching
_____________________________________
Now starting branching with general disjunction
Current branching Node number: 32
Relpscost reduced domain, skip general disjunction branching
_____________________________________
Now starting branching with general disjunction
Current branching Node number: 32
Relpscost reduced domain, skip general disjunction branching
_____________________________________
Now starting branching with general disjunction
Current branching Node number: 32
Relpscost reduced domain, skip general disjunction branching
_____________________________________
Now starting branching with general disjunction
Current branching Node number: 33
Relpscost reduced domain, skip general disjunction branching
_____________________________________
Now starting branching with general disjunction
Current branching Node number: 33
Relpscost reduced domain, skip general disjunction branching
_____________________________________
Now starting branching with general disjunction
Current branching Node number: 33
Relpscost reduced domain, skip general disjunction branching
_____________________________________
Now starting branching with general disjunction
Current branching Node number: 33
Relpscost reduced domain, skip general disjunction branching
_____________________________________
Now starting branching with general disjunction
Current branching Node number: 33
Relpscost reduced domain, skip general disjunction branching
_____________________________________
Now starting branching with general disjunction
Current branching Node number: 33
Relpscost reduced domain, skip general disjunction branching
_____________________________________
Now starting branching with general disjunction
Current branching Node number: 33
Relpscost reduced domain, skip general disjunction branching
_____________________________________
Now starting branching with general disjunction
Current branching Node number: 33
Relpscost reduced domain, skip general disjunction branching
_____________________________________
Now starting branching with general disjunction
Current branching Node number: 33
Relpscost reduced domain, skip general disjunction branching
_____________________________________
Now starting branching with general disjunction
Current branching Node number: 33
Relpscost reduced domain, skip general disjunction branching
_____________________________________
Now starting branching with general disjunction
Current branching Node number: 33
LP objective value: 549.431
Node lower bound: 549.449
Node upper bound: 758
gap to the primal bound: 0.0112808
Preck submodel is infeasible, continue branching
Time limit exceeded (1000.12s), stopping submodel solve loop
General disjunction: No feasible solution found, use SCIP default branching rule
_____________________________________
Now starting branching with general disjunction
Current branching Node number: 34
Relpscost reduced domain, skip general disjunction branching
_____________________________________
Now starting branching with general disjunction
Current branching Node number: 34
Relpscost reduced domain, skip general disjunction branching
_____________________________________
Now starting branching with general disjunction
Current branching Node number: 34
Relpscost reduced domain, skip general disjunction branching
_____________________________________
Now starting branching with general disjunction
Current branching Node number: 34
Relpscost reduced domain, skip general disjunction branching
_____________________________________
Now starting branching with general disjunction
Current branching Node number: 34
Relpscost reduced domain, skip general disjunction branching
_____________________________________
Now starting branching with general disjunction
Current branching Node number: 34
LP objective value: 549.927
Node lower bound: 549.927
Node upper bound: 758
gap to the primal bound: 0.0112808
Preck submodel is infeasible, continue branching
Time limit exceeded (1000.13s), stopping submodel solve loop
General disjunction: No feasible solution found, use SCIP default branching rule
_____________________________________
Now starting branching with general disjunction
Current branching Node number: 36
LP objective value: 549.96
Node lower bound: 549.96
Node upper bound: 758
gap to the primal bound: 0.0112808
Preck submodel is infeasible, continue branching
Time limit exceeded (1000.12s), stopping submodel solve loop
General disjunction: No feasible solution found, use SCIP default branching rule
_____________________________________
Now starting branching with general disjunction
Current branching Node number: 38
Relpscost reduced domain, skip general disjunction branching
_____________________________________
Now starting branching with general disjunction
Current branching Node number: 38
Relpscost reduced domain, skip general disjunction branching
_____________________________________
Now starting branching with general disjunction
Current branching Node number: 38
Relpscost reduced domain, skip general disjunction branching
_____________________________________
Now starting branching with general disjunction
Current branching Node number: 38
Relpscost reduced domain, skip general disjunction branching
_____________________________________
Now starting branching with general disjunction
Current branching Node number: 38
Relpscost reduced domain, skip general disjunction branching
_____________________________________
Now starting branching with general disjunction
Current branching Node number: 38
Relpscost reduced domain, skip general disjunction branching
_____________________________________
Now starting branching with general disjunction
Current branching Node number: 38
Relpscost reduced domain, skip general disjunction branching
_____________________________________
Now starting branching with general disjunction
Current branching Node number: 38
Relpscost reduced domain, skip general disjunction branching
_____________________________________
Now starting branching with general disjunction
Current branching Node number: 38
Relpscost reduced domain, skip general disjunction branching
_____________________________________
Now starting branching with general disjunction
Current branching Node number: 38
Relpscost reduced domain, skip general disjunction branching
_____________________________________
Now starting branching with general disjunction
Current branching Node number: 38
Relpscost reduced domain, skip general disjunction branching
_____________________________________
Now starting branching with general disjunction
Current branching Node number: 38
Relpscost reduced domain, skip general disjunction branching
_____________________________________
Now starting branching with general disjunction
Current branching Node number: 38
Relpscost reduced domain, skip general disjunction branching
_____________________________________
Now starting branching with general disjunction
Current branching Node number: 38
Relpscost reduced domain, skip general disjunction branching
_____________________________________
Now starting branching with general disjunction
Current branching Node number: 38
Relpscost reduced domain, skip general disjunction branching
_____________________________________
Now starting branching with general disjunction
Current branching Node number: 38
Relpscost reduced domain, skip general disjunction branching
_____________________________________
Now starting branching with general disjunction
Current branching Node number: 38
Relpscost reduced domain, skip general disjunction branching
_____________________________________
Now starting branching with general disjunction
Current branching Node number: 38
Relpscost reduced domain, skip general disjunction branching
_____________________________________
Now starting branching with general disjunction
Current branching Node number: 38
Relpscost reduced domain, skip general disjunction branching
_____________________________________
Now starting branching with general disjunction
Current branching Node number: 38
Relpscost reduced domain, skip general disjunction branching
_____________________________________
Now starting branching with general disjunction
Current branching Node number: 38
Relpscost reduced domain, skip general disjunction branching
_____________________________________
Now starting branching with general disjunction
Current branching Node number: 38
Relpscost reduced domain, skip general disjunction branching
_____________________________________
Now starting branching with general disjunction
Current branching Node number: 38
Relpscost reduced domain, skip general disjunction branching
_____________________________________
Now starting branching with general disjunction
Current branching Node number: 38
Relpscost reduced domain, skip general disjunction branching
_____________________________________
Now starting branching with general disjunction
Current branching Node number: 38
Relpscost reduced domain, skip general disjunction branching
_____________________________________
Now starting branching with general disjunction
Current branching Node number: 38
Relpscost reduced domain, skip general disjunction branching
_____________________________________
Now starting branching with general disjunction
Current branching Node number: 38
Relpscost reduced domain, skip general disjunction branching
_____________________________________
Now starting branching with general disjunction
Current branching Node number: 38
Relpscost reduced domain, skip general disjunction branching
_____________________________________
Now starting branching with general disjunction
Current branching Node number: 38
LP objective value: 551.731
Node lower bound: 551.829
Node upper bound: 758
gap to the primal bound: 0.0112808
Preck submodel is infeasible, continue branching
Time limit exceeded (1000.12s), stopping submodel solve loop
General disjunction: No feasible solution found, use SCIP default branching rule
_____________________________________
Now starting branching with general disjunction
Current branching Node number: 40
LP objective value: 551.74
Node lower bound: 551.829
Node upper bound: 758
gap to the primal bound: 0.0112808
Preck submodel is infeasible, continue branching
Time limit exceeded (1000.12s), stopping submodel solve loop
General disjunction: No feasible solution found, use SCIP default branching rule
_____________________________________
Now starting branching with general disjunction
Current branching Node number: 43
Relpscost reduced domain, skip general disjunction branching
_____________________________________
Now starting branching with general disjunction
Current branching Node number: 43
Relpscost reduced domain, skip general disjunction branching
_____________________________________
Now starting branching with general disjunction
Current branching Node number: 43
Relpscost reduced domain, skip general disjunction branching
_____________________________________
Now starting branching with general disjunction
Current branching Node number: 43
LP objective value: 551.945
Node lower bound: 551.945
Node upper bound: 758
gap to the primal bound: 0.0112808
Preck submodel is infeasible, continue branching
Time limit exceeded (1000.12s), stopping submodel solve loop
General disjunction: No feasible solution found, use SCIP default branching rule
_____________________________________
Now starting branching with general disjunction
Current branching Node number: 17
Relpscost reduced domain, skip general disjunction branching
_____________________________________
Now starting branching with general disjunction
Current branching Node number: 17
Relpscost reduced domain, skip general disjunction branching
_____________________________________
Now starting branching with general disjunction
Current branching Node number: 17
Relpscost reduced domain, skip general disjunction branching
_____________________________________
Now starting branching with general disjunction
Current branching Node number: 17
Relpscost reduced domain, skip general disjunction branching
_____________________________________
Now starting branching with general disjunction
Current branching Node number: 17
Relpscost reduced domain, skip general disjunction branching
_____________________________________
Now starting branching with general disjunction
Current branching Node number: 17
LP objective value: 548.769
Node lower bound: 549.138
Node upper bound: 758
gap to the primal bound: 0.0112808
Preck submodel is infeasible, continue branching
Time limit exceeded (1000.11s), stopping submodel solve loop
General disjunction: No feasible solution found, use SCIP default branching rule
_____________________________________
Now starting branching with general disjunction
Current branching Node number: 46
Relpscost reduced domain, skip general disjunction branching
_____________________________________
Now starting branching with general disjunction
Current branching Node number: 46
Relpscost reduced domain, skip general disjunction branching
_____________________________________
Now starting branching with general disjunction
Current branching Node number: 46
Relpscost reduced domain, skip general disjunction branching
_____________________________________
Now starting branching with general disjunction
Current branching Node number: 47
Relpscost reduced domain, skip general disjunction branching
_____________________________________
Now starting branching with general disjunction
Current branching Node number: 9
LP objective value: 544.659
Node lower bound: 544.863
Node upper bound: 758
gap to the primal bound: 0.0112808
Preck submodel is infeasible, continue branching
Time limit exceeded (1000.11s), stopping submodel solve loop
General disjunction: No feasible solution found, use SCIP default branching rule
_____________________________________
Now starting branching with general disjunction
Current branching Node number: 49
Relpscost reduced domain, skip general disjunction branching
_____________________________________
Now starting branching with general disjunction
Current branching Node number: 49
Relpscost reduced domain, skip general disjunction branching
_____________________________________
Now starting branching with general disjunction
Current branching Node number: 49
Relpscost reduced domain, skip general disjunction branching
_____________________________________
Now starting branching with general disjunction
Current branching Node number: 49
Relpscost reduced domain, skip general disjunction branching
_____________________________________
Now starting branching with general disjunction
Current branching Node number: 49
Relpscost reduced domain, skip general disjunction branching
_____________________________________
Now starting branching with general disjunction
Current branching Node number: 49
LP objective value: 548.562
Node lower bound: 548.575
Node upper bound: 758
gap to the primal bound: 0.0112808
Preck submodel is infeasible, continue branching
Time limit exceeded (1000.11s), stopping submodel solve loop
General disjunction: No feasible solution found, use SCIP default branching rule
_____________________________________
Now starting branching with general disjunction
Current branching Node number: 50
LP objective value: 548.562
Node lower bound: 548.575
Node upper bound: 758
gap to the primal bound: 0.0112808
Preck submodel is infeasible, continue branching
Time limit exceeded (1000.12s), stopping submodel solve loop
General disjunction: No feasible solution found, use SCIP default branching rule
_____________________________________
Now starting branching with general disjunction
Current branching Node number: 52
LP objective value: 548.573
Node lower bound: 548.584
Node upper bound: 758
gap to the primal bound: 0.0112808
Preck submodel is infeasible, continue branching
Time limit exceeded (1000.12s), stopping submodel solve loop
General disjunction: No feasible solution found, use SCIP default branching rule
_____________________________________
Now starting branching with general disjunction
Current branching Node number: 54
LP objective value: 548.573
Node lower bound: 548.584
Node upper bound: 758
gap to the primal bound: 0.0112808
Preck submodel is infeasible, continue branching
Time limit exceeded (1000.13s), stopping submodel solve loop
General disjunction: No feasible solution found, use SCIP default branching rule
_____________________________________
Now starting branching with general disjunction
Current branching Node number: 56
Relpscost reduced domain, skip general disjunction branching
_____________________________________
Now starting branching with general disjunction
Current branching Node number: 56
Relpscost reduced domain, skip general disjunction branching
_____________________________________
Now starting branching with general disjunction
Current branching Node number: 56
Relpscost reduced domain, skip general disjunction branching
_____________________________________
Now starting branching with general disjunction
Current branching Node number: 56
Relpscost reduced domain, skip general disjunction branching
_____________________________________
Now starting branching with general disjunction
Current branching Node number: 56
Relpscost reduced domain, skip general disjunction branching
_____________________________________
Now starting branching with general disjunction
Current branching Node number: 56
Relpscost reduced domain, skip general disjunction branching
_____________________________________
Now starting branching with general disjunction
Current branching Node number: 56
Relpscost reduced domain, skip general disjunction branching
_____________________________________
Now starting branching with general disjunction
Current branching Node number: 56
Relpscost reduced domain, skip general disjunction branching
_____________________________________
Now starting branching with general disjunction
Current branching Node number: 56
Relpscost reduced domain, skip general disjunction branching
_____________________________________
Now starting branching with general disjunction
Current branching Node number: 56
Relpscost reduced domain, skip general disjunction branching
_____________________________________
Now starting branching with general disjunction
Current branching Node number: 56
LP objective value: 548.585
Node lower bound: 548.585
Node upper bound: 758
gap to the primal bound: 0.0112808
Preck submodel is infeasible, continue branching
Time limit exceeded (1000.11s), stopping submodel solve loop
General disjunction: No feasible solution found, use SCIP default branching rule
_____________________________________
Now starting branching with general disjunction
Current branching Node number: 58
Relpscost reduced domain, skip general disjunction branching
_____________________________________
Now starting branching with general disjunction
Current branching Node number: 58
Relpscost reduced domain, skip general disjunction branching
_____________________________________
Now starting branching with general disjunction
Current branching Node number: 58
Relpscost reduced domain, skip general disjunction branching
_____________________________________
Now starting branching with general disjunction
Current branching Node number: 58
Relpscost reduced domain, skip general disjunction branching
_____________________________________
Now starting branching with general disjunction
Current branching Node number: 58
Relpscost reduced domain, skip general disjunction branching
_____________________________________
Now starting branching with general disjunction
Current branching Node number: 58
Relpscost reduced domain, skip general disjunction branching
_____________________________________
Now starting branching with general disjunction
Current branching Node number: 58
Relpscost reduced domain, skip general disjunction branching
_____________________________________
Now starting branching with general disjunction
Current branching Node number: 58
Relpscost reduced domain, skip general disjunction branching
_____________________________________
Now starting branching with general disjunction
Current branching Node number: 58
Relpscost reduced domain, skip general disjunction branching
_____________________________________
Now starting branching with general disjunction
Current branching Node number: 58
Relpscost reduced domain, skip general disjunction branching
_____________________________________
Now starting branching with general disjunction
Current branching Node number: 58
Relpscost reduced domain, skip general disjunction branching
_____________________________________
Now starting branching with general disjunction
Current branching Node number: 58
LP objective value: 550.215
Node lower bound: 550.215
Node upper bound: 758
gap to the primal bound: 0.0112808
Preck submodel is infeasible, continue branching
Time limit exceeded (1000.12s), stopping submodel solve loop
General disjunction: No feasible solution found, use SCIP default branching rule
_____________________________________
Now starting branching with general disjunction
Current branching Node number: 60
Relpscost reduced domain, skip general disjunction branching
_____________________________________
Now starting branching with general disjunction
Current branching Node number: 60
Relpscost reduced domain, skip general disjunction branching
_____________________________________
Now starting branching with general disjunction
Current branching Node number: 60
LP objective value: 550.265
Node lower bound: 550.268
Node upper bound: 758
gap to the primal bound: 0.0112808
Preck submodel is infeasible, continue branching
Time limit exceeded (1000.1s), stopping submodel solve loop
General disjunction: No feasible solution found, use SCIP default branching rule
_____________________________________
Now starting branching with general disjunction
Current branching Node number: 62
LP objective value: 550.433
Node lower bound: 550.434
Node upper bound: 758
gap to the primal bound: 0.0112808
Preck submodel is infeasible, continue branching
Time limit exceeded (1000.11s), stopping submodel solve loop
General disjunction: No feasible solution found, use SCIP default branching rule
_____________________________________
Now starting branching with general disjunction
Current branching Node number: 64
LP objective value: 550.497
Node lower bound: 550.497
Node upper bound: 758
gap to the primal bound: 0.0112808
Preck submodel is infeasible, continue branching
Time limit exceeded (1000.12s), stopping submodel solve loop
General disjunction: No feasible solution found, use SCIP default branching rule
_____________________________________
Now starting branching with general disjunction
Current branching Node number: 66
Relpscost reduced domain, skip general disjunction branching
_____________________________________
Now starting branching with general disjunction
Current branching Node number: 66
Relpscost reduced domain, skip general disjunction branching
_____________________________________
Now starting branching with general disjunction
Current branching Node number: 66
Relpscost reduced domain, skip general disjunction branching
_____________________________________
Now starting branching with general disjunction
Current branching Node number: 66
Relpscost reduced domain, skip general disjunction branching
_____________________________________
Now starting branching with general disjunction
Current branching Node number: 66
Relpscost reduced domain, skip general disjunction branching
_____________________________________
Now starting branching with general disjunction
Current branching Node number: 66
Relpscost reduced domain, skip general disjunction branching
_____________________________________
Now starting branching with general disjunction
Current branching Node number: 66
LP objective value: 551.21
Node lower bound: 551.21
Node upper bound: 758
gap to the primal bound: 0.0112808
Preck submodel is infeasible, continue branching
Time limit exceeded (1000.12s), stopping submodel solve loop
General disjunction: No feasible solution found, use SCIP default branching rule
_____________________________________
Now starting branching with general disjunction
Current branching Node number: 48
Relpscost reduced domain, skip general disjunction branching
_____________________________________
Now starting branching with general disjunction
Current branching Node number: 48
Relpscost reduced domain, skip general disjunction branching
_____________________________________
Now starting branching with general disjunction
Current branching Node number: 48
Relpscost reduced domain, skip general disjunction branching
_____________________________________
Now starting branching with general disjunction
Current branching Node number: 48
Relpscost reduced domain, skip general disjunction branching
_____________________________________
Now starting branching with general disjunction
Current branching Node number: 48
Relpscost reduced domain, skip general disjunction branching
_____________________________________
Now starting branching with general disjunction
Current branching Node number: 48
LP objective value: 545.016
Node lower bound: 545.019
Node upper bound: 758
gap to the primal bound: 0.0112808
Preck submodel is infeasible, continue branching
Time limit exceeded (1000.11s), stopping submodel solve loop
General disjunction: No feasible solution found, use SCIP default branching rule
_____________________________________
Now starting branching with general disjunction
Current branching Node number: 71
Relpscost reduced domain, skip general disjunction branching
_____________________________________
Now starting branching with general disjunction
Current branching Node number: 71
Relpscost reduced domain, skip general disjunction branching
_____________________________________
Now starting branching with general disjunction
Current branching Node number: 71
Relpscost reduced domain, skip general disjunction branching
_____________________________________
Now starting branching with general disjunction
Current branching Node number: 71
LP objective value: 545.594
Node lower bound: 545.758
Node upper bound: 758
gap to the primal bound: 0.0112808
Preck submodel is infeasible, continue branching
Time limit exceeded (1000.13s), stopping submodel solve loop
General disjunction: No feasible solution found, use SCIP default branching rule
_____________________________________
Now starting branching with general disjunction
Current branching Node number: 72
Relpscost reduced domain, skip general disjunction branching
_____________________________________
Now starting branching with general disjunction
Current branching Node number: 72
LP objective value: 545.76
Node lower bound: 545.782
Node upper bound: 758
gap to the primal bound: 0.0112808
Preck submodel is infeasible, continue branching
Time limit exceeded (1000.12s), stopping submodel solve loop
General disjunction: No feasible solution found, use SCIP default branching rule
_____________________________________
Now starting branching with general disjunction
Current branching Node number: 74
LP objective value: 546.281
Node lower bound: 546.33
Node upper bound: 758
gap to the primal bound: 0.0112808
Preck submodel is infeasible, continue branching
Time limit exceeded (1000.12s), stopping submodel solve loop
General disjunction: No feasible solution found, use SCIP default branching rule
_____________________________________
Now starting branching with general disjunction
Current branching Node number: 76
LP objective value: 546.281
Node lower bound: 546.33
Node upper bound: 758
gap to the primal bound: 0.0112808
Preck submodel is infeasible, continue branching
Time limit exceeded (1000.12s), stopping submodel solve loop
General disjunction: No feasible solution found, use SCIP default branching rule
_____________________________________
Now starting branching with general disjunction
Current branching Node number: 78
Relpscost reduced domain, skip general disjunction branching
_____________________________________
Now starting branching with general disjunction
Current branching Node number: 78
Relpscost reduced domain, skip general disjunction branching
_____________________________________
Now starting branching with general disjunction
Current branching Node number: 78
Relpscost reduced domain, skip general disjunction branching
_____________________________________
Now starting branching with general disjunction
Current branching Node number: 78
Relpscost reduced domain, skip general disjunction branching
_____________________________________
Now starting branching with general disjunction
Current branching Node number: 69
Relpscost reduced domain, skip general disjunction branching
_____________________________________
Now starting branching with general disjunction
Current branching Node number: 69
Relpscost reduced domain, skip general disjunction branching
_____________________________________
Now starting branching with general disjunction
Current branching Node number: 69
LP objective value: 551.256
Node lower bound: 551.256
Node upper bound: 758
gap to the primal bound: 0.0112808
Preck submodel is infeasible, continue branching
Time limit exceeded (1000.13s), stopping submodel solve loop
General disjunction: No feasible solution found, use SCIP default branching rule
_____________________________________
Now starting branching with general disjunction
Current branching Node number: 80
Relpscost reduced domain, skip general disjunction branching
_____________________________________
Now starting branching with general disjunction
Current branching Node number: 80
Relpscost reduced domain, skip general disjunction branching
_____________________________________
Now starting branching with general disjunction
Current branching Node number: 80
Relpscost reduced domain, skip general disjunction branching
_____________________________________
Now starting branching with general disjunction
Current branching Node number: 80
Relpscost reduced domain, skip general disjunction branching
_____________________________________
Now starting branching with general disjunction
Current branching Node number: 80
LP objective value: 551.736
Node lower bound: 551.736
Node upper bound: 758
gap to the primal bound: 0.0112808
Preck submodel is infeasible, continue branching
Time limit exceeded (1000.15s), stopping submodel solve loop
General disjunction: No feasible solution found, use SCIP default branching rule
_____________________________________
Now starting branching with general disjunction
Current branching Node number: 82
LP objective value: 551.913
Node lower bound: 551.913
Node upper bound: 758
gap to the primal bound: 0.0112808
Preck submodel is infeasible, continue branching
Time limit exceeded (1000.14s), stopping submodel solve loop
General disjunction: No feasible solution found, use SCIP default branching rule
_____________________________________
Now starting branching with general disjunction
Current branching Node number: 81
Relpscost reduced domain, skip general disjunction branching
_____________________________________
Now starting branching with general disjunction
Current branching Node number: 81
LP objective value: 551.495
Node lower bound: 551.495
Node upper bound: 758
gap to the primal bound: 0.0112808
Preck submodel is infeasible, continue branching
Time limit exceeded (1000.14s), stopping submodel solve loop
General disjunction: No feasible solution found, use SCIP default branching rule
_____________________________________
Now starting branching with general disjunction
Current branching Node number: 86
Relpscost reduced domain, skip general disjunction branching
_____________________________________
Now starting branching with general disjunction
Current branching Node number: 86
Relpscost reduced domain, skip general disjunction branching
_____________________________________
Now starting branching with general disjunction
Current branching Node number: 86
LP objective value: 551.519
Node lower bound: 551.519
Node upper bound: 758
gap to the primal bound: 0.0112808
Preck submodel is infeasible, continue branching
Time limit exceeded (1000.15s), stopping submodel solve loop
General disjunction: No feasible solution found, use SCIP default branching rule
_____________________________________
Now starting branching with general disjunction
Current branching Node number: 88
LP objective value: 551.573
Node lower bound: 551.573
Node upper bound: 758
gap to the primal bound: 0.0112808
Preck submodel is infeasible, continue branching
Time limit exceeded (1000.13s), stopping submodel solve loop
General disjunction: No feasible solution found, use SCIP default branching rule
_____________________________________
Now starting branching with general disjunction
Current branching Node number: 90
Relpscost reduced domain, skip general disjunction branching
_____________________________________
Now starting branching with general disjunction
Current branching Node number: 90
Relpscost reduced domain, skip general disjunction branching
_____________________________________
Now starting branching with general disjunction
Current branching Node number: 90
Relpscost reduced domain, skip general disjunction branching
_____________________________________
Now starting branching with general disjunction
Current branching Node number: 90
Relpscost reduced domain, skip general disjunction branching
_____________________________________
Now starting branching with general disjunction
Current branching Node number: 90
LP objective value: 551.752
Node lower bound: 551.752
Node upper bound: 758
gap to the primal bound: 0.0112808
Preck submodel is infeasible, continue branching
Time limit exceeded (1000.15s), stopping submodel solve loop
General disjunction: No feasible solution found, use SCIP default branching rule
_____________________________________
Now starting branching with general disjunction
Current branching Node number: 92
Relpscost reduced domain, skip general disjunction branching
_____________________________________
Now starting branching with general disjunction
Current branching Node number: 70
LP objective value: 545.035
Node lower bound: 545.037
Node upper bound: 758
gap to the primal bound: 0.0112808
Preck submodel is infeasible, continue branching
Time limit exceeded (1000.14s), stopping submodel solve loop
General disjunction: No feasible solution found, use SCIP default branching rule
_____________________________________
Now starting branching with general disjunction
Current branching Node number: 94
LP objective value: 545.045
Node lower bound: 545.047
Node upper bound: 758
gap to the primal bound: 0.0112808
Preck submodel is infeasible, continue branching
Time limit exceeded (1000.13s), stopping submodel solve loop
General disjunction: No feasible solution found, use SCIP default branching rule
_____________________________________
Now starting branching with general disjunction
Current branching Node number: 96
Relpscost reduced domain, skip general disjunction branching
_____________________________________
Now starting branching with general disjunction
Current branching Node number: 96
Relpscost reduced domain, skip general disjunction branching
_____________________________________
Now starting branching with general disjunction
Current branching Node number: 96
LP objective value: 545.051
Node lower bound: 545.052
Node upper bound: 758
gap to the primal bound: 0.0112808
Preck submodel is infeasible, continue branching
Time limit exceeded (1000.14s), stopping submodel solve loop
General disjunction: No feasible solution found, use SCIP default branching rule
_____________________________________
Now starting branching with general disjunction
Current branching Node number: 98
LP objective value: 545.092
Node lower bound: 545.093
Node upper bound: 758
gap to the primal bound: 0.0112808
Preck submodel is infeasible, continue branching
Time limit exceeded (1000.14s), stopping submodel solve loop
General disjunction: No feasible solution found, use SCIP default branching rule
_____________________________________
Now starting branching with general disjunction
Current branching Node number: 100
Relpscost reduced domain, skip general disjunction branching
_____________________________________
Now starting branching with general disjunction
Current branching Node number: 100
Relpscost reduced domain, skip general disjunction branching
_____________________________________
Now starting branching with general disjunction
Current branching Node number: 100
Relpscost reduced domain, skip general disjunction branching
_____________________________________
Now starting branching with general disjunction
Current branching Node number: 100
Relpscost reduced domain, skip general disjunction branching
_____________________________________
Now starting branching with general disjunction
Current branching Node number: 100
Relpscost reduced domain, skip general disjunction branching
_____________________________________
Now starting branching with general disjunction
Current branching Node number: 100
Relpscost reduced domain, skip general disjunction branching
_____________________________________
Now starting branching with general disjunction
Current branching Node number: 97
Relpscost reduced domain, skip general disjunction branching
_____________________________________
Now starting branching with general disjunction
Current branching Node number: 97
Relpscost reduced domain, skip general disjunction branching
_____________________________________
Now starting branching with general disjunction
Current branching Node number: 63
Relpscost reduced domain, skip general disjunction branching
_____________________________________
Now starting branching with general disjunction
Current branching Node number: 63
LP objective value: 550.61
Node lower bound: 550.613
Node upper bound: 758
gap to the primal bound: 0.0112808
Preck submodel is infeasible, continue branching
Time limit exceeded (1000.14s), stopping submodel solve loop
General disjunction: No feasible solution found, use SCIP default branching rule
_____________________________________
Now starting branching with general disjunction
Current branching Node number: 103
Relpscost reduced domain, skip general disjunction branching
_____________________________________
Now starting branching with general disjunction
Current branching Node number: 103
Relpscost reduced domain, skip general disjunction branching
_____________________________________
Now starting branching with general disjunction
Current branching Node number: 103
Relpscost reduced domain, skip general disjunction branching
_____________________________________
Now starting branching with general disjunction
Current branching Node number: 103
LP objective value: 550.809
Node lower bound: 550.809
Node upper bound: 758
gap to the primal bound: 0.0112808
Preck submodel is infeasible, continue branching
Time limit exceeded (1000.14s), stopping submodel solve loop
General disjunction: No feasible solution found, use SCIP default branching rule
_____________________________________
Now starting branching with general disjunction
Current branching Node number: 104
Relpscost reduced domain, skip general disjunction branching
_____________________________________
Now starting branching with general disjunction
Current branching Node number: 104
LP objective value: 550.854
Node lower bound: 550.854
Node upper bound: 758
gap to the primal bound: 0.0112808
Preck submodel is infeasible, continue branching
Time limit exceeded (1000.15s), stopping submodel solve loop
General disjunction: No feasible solution found, use SCIP default branching rule
_____________________________________
Now starting branching with general disjunction
Current branching Node number: 106
Relpscost reduced domain, skip general disjunction branching
_____________________________________
Now starting branching with general disjunction
Current branching Node number: 106
Relpscost reduced domain, skip general disjunction branching
_____________________________________
Now starting branching with general disjunction
Current branching Node number: 106
Relpscost reduced domain, skip general disjunction branching
_____________________________________
Now starting branching with general disjunction
Current branching Node number: 106
Relpscost reduced domain, skip general disjunction branching
_____________________________________
Now starting branching with general disjunction
Current branching Node number: 106
Relpscost reduced domain, skip general disjunction branching
_____________________________________
Now starting branching with general disjunction
Current branching Node number: 106
Relpscost reduced domain, skip general disjunction branching
_____________________________________
Now starting branching with general disjunction
Current branching Node number: 106
Relpscost reduced domain, skip general disjunction branching
_____________________________________
Now starting branching with general disjunction
Current branching Node number: 106
Relpscost reduced domain, skip general disjunction branching
_____________________________________
Now starting branching with general disjunction
Current branching Node number: 106
Relpscost reduced domain, skip general disjunction branching
_____________________________________
Now starting branching with general disjunction
Current branching Node number: 106
Relpscost reduced domain, skip general disjunction branching
_____________________________________
Now starting branching with general disjunction
Current branching Node number: 106
Relpscost reduced domain, skip general disjunction branching
_____________________________________
Now starting branching with general disjunction
Current branching Node number: 106
Relpscost reduced domain, skip general disjunction branching
_____________________________________
Now starting branching with general disjunction
Current branching Node number: 106
Relpscost reduced domain, skip general disjunction branching
_____________________________________
Now starting branching with general disjunction
Current branching Node number: 106
Relpscost reduced domain, skip general disjunction branching
_____________________________________
Now starting branching with general disjunction
Current branching Node number: 106
Relpscost reduced domain, skip general disjunction branching
_____________________________________
Now starting branching with general disjunction
Current branching Node number: 106
Relpscost reduced domain, skip general disjunction branching
_____________________________________
Now starting branching with general disjunction
Current branching Node number: 106
Relpscost reduced domain, skip general disjunction branching
_____________________________________
Now starting branching with general disjunction
Current branching Node number: 106
Relpscost reduced domain, skip general disjunction branching
_____________________________________
Now starting branching with general disjunction
Current branching Node number: 106
Relpscost reduced domain, skip general disjunction branching
_____________________________________
Now starting branching with general disjunction
Current branching Node number: 106
Relpscost reduced domain, skip general disjunction branching
_____________________________________
Now starting branching with general disjunction
Current branching Node number: 106
LP objective value: 551.474
Node lower bound: 551.52
Node upper bound: 758
gap to the primal bound: 0.0112808
Preck submodel is infeasible, continue branching
Time limit exceeded (1000.16s), stopping submodel solve loop
General disjunction: No feasible solution found, use SCIP default branching rule
_____________________________________
Now starting branching with general disjunction
Current branching Node number: 108
Relpscost reduced domain, skip general disjunction branching
_____________________________________
Now starting branching with general disjunction
Current branching Node number: 108
LP objective value: 551.585
Node lower bound: 551.585
Node upper bound: 758
gap to the primal bound: 0.0112808
Preck submodel is infeasible, continue branching
Time limit exceeded (1000.16s), stopping submodel solve loop
General disjunction: No feasible solution found, use SCIP default branching rule
_____________________________________
Now starting branching with general disjunction
Current branching Node number: 110
LP objective value: 551.69
Node lower bound: 551.69
Node upper bound: 758
gap to the primal bound: 0.0112808
Preck submodel is infeasible, continue branching
Time limit exceeded (1000.17s), stopping submodel solve loop
General disjunction: No feasible solution found, use SCIP default branching rule
_____________________________________
Now starting branching with general disjunction
Current branching Node number: 112
Relpscost reduced domain, skip general disjunction branching
_____________________________________
Now starting branching with general disjunction
Current branching Node number: 112
LP objective value: 551.707
Node lower bound: 551.707
Node upper bound: 758
gap to the primal bound: 0.0112808
Preck submodel is infeasible, continue branching
Time limit exceeded (1000.18s), stopping submodel solve loop
General disjunction: No feasible solution found, use SCIP default branching rule
_____________________________________
Now starting branching with general disjunction
Current branching Node number: 115
LP objective value: 551.895
Node lower bound: 551.895
Node upper bound: 758
gap to the primal bound: 0.0112808
Preck submodel is infeasible, continue branching
Time limit exceeded (1000.17s), stopping submodel solve loop
General disjunction: No feasible solution found, use SCIP default branching rule
_____________________________________
Now starting branching with general disjunction
Current branching Node number: 3
LP objective value: 544.245
Node lower bound: 544.545
Node upper bound: 758
gap to the primal bound: 0.0112808
Preck submodel is infeasible, continue branching
Time limit exceeded (1000.17s), stopping submodel solve loop
General disjunction: No feasible solution found, use SCIP default branching rule
_____________________________________
Now starting branching with general disjunction
Current branching Node number: 119
LP objective value: 544.971
Node lower bound: 545.002
Node upper bound: 758
gap to the primal bound: 0.0112808
Preck submodel is infeasible, continue branching
Time limit exceeded (1000.17s), stopping submodel solve loop
General disjunction: No feasible solution found, use SCIP default branching rule
_____________________________________
Now starting branching with general disjunction
Current branching Node number: 119
LP objective value: 544.971
Node lower bound: 545.002
Node upper bound: 758
gap to the primal bound: 0.0112808
Preck submodel is infeasible, continue branching
Time limit exceeded (1000.18s), stopping submodel solve loop
General disjunction: No feasible solution found, use SCIP default branching rule
_____________________________________
Now starting branching with general disjunction
Current branching Node number: 120
LP objective value: 544.971
Node lower bound: 545.002
Node upper bound: 758
gap to the primal bound: 0.0112808
Preck submodel is infeasible, continue branching
Time limit exceeded (1000.16s), stopping submodel solve loop
General disjunction: No feasible solution found, use SCIP default branching rule
_____________________________________
Now starting branching with general disjunction
Current branching Node number: 122
LP objective value: 544.971
Node lower bound: 545.002
Node upper bound: 758
gap to the primal bound: 0.0112808
Preck submodel is infeasible, continue branching
Time limit exceeded (1000.17s), stopping submodel solve loop
General disjunction: No feasible solution found, use SCIP default branching rule
_____________________________________
Now starting branching with general disjunction
Current branching Node number: 124
LP objective value: 545.42
Node lower bound: 545.463
Node upper bound: 758
gap to the primal bound: 0.0112808
Preck submodel is infeasible, continue branching
Time limit exceeded (1000.17s), stopping submodel solve loop
General disjunction: No feasible solution found, use SCIP default branching rule
_____________________________________
Now starting branching with general disjunction
Current branching Node number: 126
LP objective value: 545.492
Node lower bound: 545.532
Node upper bound: 758
gap to the primal bound: 0.0112808
Preck submodel is infeasible, continue branching
Time limit exceeded (1000.17s), stopping submodel solve loop
General disjunction: No feasible solution found, use SCIP default branching rule
_____________________________________
Now starting branching with general disjunction
Current branching Node number: 128
LP objective value: 545.532
Node lower bound: 545.532
Node upper bound: 758
gap to the primal bound: 0.0112808
Preck submodel is infeasible, continue branching
Time limit exceeded (1000.17s), stopping submodel solve loop
General disjunction: No feasible solution found, use SCIP default branching rule
_____________________________________
Now starting branching with general disjunction
Current branching Node number: 130
LP objective value: 545.557
Node lower bound: 545.557
Node upper bound: 758
gap to the primal bound: 0.0112808
Preck submodel is infeasible, continue branching
Time limit exceeded (1000.17s), stopping submodel solve loop
General disjunction: No feasible solution found, use SCIP default branching rule
_____________________________________
Now starting branching with general disjunction
Current branching Node number: 132
LP objective value: 546.404
Node lower bound: 546.404
Node upper bound: 758
gap to the primal bound: 0.0112808
Preck submodel is infeasible, continue branching
Time limit exceeded (1000.15s), stopping submodel solve loop
General disjunction: No feasible solution found, use SCIP default branching rule
_____________________________________
Now starting branching with general disjunction
Current branching Node number: 134
Relpscost reduced domain, skip general disjunction branching
_____________________________________
Now starting branching with general disjunction
Current branching Node number: 134
Relpscost reduced domain, skip general disjunction branching
_____________________________________
Now starting branching with general disjunction
Current branching Node number: 134
Relpscost reduced domain, skip general disjunction branching
_____________________________________
Now starting branching with general disjunction
Current branching Node number: 134
Relpscost reduced domain, skip general disjunction branching
_____________________________________
Now starting branching with general disjunction
Current branching Node number: 134
Relpscost reduced domain, skip general disjunction branching
_____________________________________
Now starting branching with general disjunction
Current branching Node number: 134
Relpscost reduced domain, skip general disjunction branching
_____________________________________
Now starting branching with general disjunction
Current branching Node number: 134
Relpscost reduced domain, skip general disjunction branching
_____________________________________
Now starting branching with general disjunction
Current branching Node number: 134
Relpscost reduced domain, skip general disjunction branching
_____________________________________
Now starting branching with general disjunction
Current branching Node number: 134
Relpscost reduced domain, skip general disjunction branching
_____________________________________
Now starting branching with general disjunction
Current branching Node number: 134
Relpscost reduced domain, skip general disjunction branching
_____________________________________
Now starting branching with general disjunction
Current branching Node number: 134
Relpscost reduced domain, skip general disjunction branching
_____________________________________
Now starting branching with general disjunction
Current branching Node number: 134
Relpscost reduced domain, skip general disjunction branching
_____________________________________
Now starting branching with general disjunction
Current branching Node number: 134
Relpscost reduced domain, skip general disjunction branching
_____________________________________
Now starting branching with general disjunction
Current branching Node number: 134
Relpscost reduced domain, skip general disjunction branching
_____________________________________
Now starting branching with general disjunction
Current branching Node number: 134
Relpscost reduced domain, skip general disjunction branching
_____________________________________
Now starting branching with general disjunction
Current branching Node number: 134
Relpscost reduced domain, skip general disjunction branching
_____________________________________
Now starting branching with general disjunction
Current branching Node number: 134
Relpscost reduced domain, skip general disjunction branching
_____________________________________
Now starting branching with general disjunction
Current branching Node number: 134
Relpscost reduced domain, skip general disjunction branching
_____________________________________
Now starting branching with general disjunction
Current branching Node number: 134
Relpscost reduced domain, skip general disjunction branching
_____________________________________
Now starting branching with general disjunction
Current branching Node number: 134
Relpscost reduced domain, skip general disjunction branching
_____________________________________
Now starting branching with general disjunction
Current branching Node number: 134
Relpscost reduced domain, skip general disjunction branching
_____________________________________
Now starting branching with general disjunction
Current branching Node number: 134
LP objective value: 548.981
Node lower bound: 548.981
Node upper bound: 758
gap to the primal bound: 0.0112808
Preck submodel is infeasible, continue branching
Time limit exceeded (1000.16s), stopping submodel solve loop
General disjunction: No feasible solution found, use SCIP default branching rule
 1202m|   100 |    37 | 43998 | 284.6 |    75M |  20 |1704 |1216 |1795 |6088 | 29 | 627 |1688 | 7.495445e+02 | 7.580000e+02 |   1.13%|   2.38%
_____________________________________
Now starting branching with general disjunction
Current branching Node number: 136
Relpscost reduced domain, skip general disjunction branching
_____________________________________
Now starting branching with general disjunction
Current branching Node number: 136
LP objective value: 549.009
Node lower bound: 549.045
Node upper bound: 758
gap to the primal bound: 0.0112808
Preck submodel is infeasible, continue branching
Time limit exceeded (1000.18s), stopping submodel solve loop
General disjunction: No feasible solution found, use SCIP default branching rule
_____________________________________
Now starting branching with general disjunction
Current branching Node number: 138
Relpscost reduced domain, skip general disjunction branching
_____________________________________
Now starting branching with general disjunction
Current branching Node number: 138
Relpscost reduced domain, skip general disjunction branching
_____________________________________
Now starting branching with general disjunction
Current branching Node number: 138
LP objective value: 549.05
Node lower bound: 549.053
Node upper bound: 758
gap to the primal bound: 0.0112808
Preck submodel is infeasible, continue branching
Time limit exceeded (1000.17s), stopping submodel solve loop
General disjunction: No feasible solution found, use SCIP default branching rule
_____________________________________
Now starting branching with general disjunction
Current branching Node number: 140
Relpscost reduced domain, skip general disjunction branching
_____________________________________
Now starting branching with general disjunction
Current branching Node number: 140
Relpscost reduced domain, skip general disjunction branching
_____________________________________
Now starting branching with general disjunction
Current branching Node number: 140
Relpscost reduced domain, skip general disjunction branching
_____________________________________
Now starting branching with general disjunction
Current branching Node number: 140
Relpscost reduced domain, skip general disjunction branching
_____________________________________
Now starting branching with general disjunction
Current branching Node number: 140
Relpscost reduced domain, skip general disjunction branching
_____________________________________
Now starting branching with general disjunction
Current branching Node number: 140
Relpscost reduced domain, skip general disjunction branching
_____________________________________
Now starting branching with general disjunction
Current branching Node number: 140
Relpscost reduced domain, skip general disjunction branching
_____________________________________
Now starting branching with general disjunction
Current branching Node number: 140
Relpscost reduced domain, skip general disjunction branching
_____________________________________
Now starting branching with general disjunction
Current branching Node number: 140
Relpscost reduced domain, skip general disjunction branching
_____________________________________
Now starting branching with general disjunction
Current branching Node number: 140
LP objective value: 550.583
Node lower bound: 550.583
Node upper bound: 758
gap to the primal bound: 0.0112808
Preck submodel is infeasible, continue branching
Time limit exceeded (1000.17s), stopping submodel solve loop
General disjunction: No feasible solution found, use SCIP default branching rule
_____________________________________
Now starting branching with general disjunction
Current branching Node number: 143
LP objective value: 551.025
Node lower bound: 551.025
Node upper bound: 758
gap to the primal bound: 0.0112808
Preck submodel is infeasible, continue branching
Time limit exceeded (1000.17s), stopping submodel solve loop
General disjunction: No feasible solution found, use SCIP default branching rule
_____________________________________
Now starting branching with general disjunction
Current branching Node number: 145
LP objective value: 551.049
Node lower bound: 551.049
Node upper bound: 758
gap to the primal bound: 0.0112808
Preck submodel is infeasible, continue branching
Time limit exceeded (1000.15s), stopping submodel solve loop
General disjunction: No feasible solution found, use SCIP default branching rule
_____________________________________
Now starting branching with general disjunction
Current branching Node number: 146
LP objective value: 551.097
Node lower bound: 551.097
Node upper bound: 758
gap to the primal bound: 0.0112808
Preck submodel is infeasible, continue branching
Time limit exceeded (1000.17s), stopping submodel solve loop
General disjunction: No feasible solution found, use SCIP default branching rule
_____________________________________
Now starting branching with general disjunction
Current branching Node number: 149
LP objective value: 551.153
Node lower bound: 551.153
Node upper bound: 758
gap to the primal bound: 0.0112808
Preck submodel is infeasible, continue branching
Time limit exceeded (1000.16s), stopping submodel solve loop
General disjunction: No feasible solution found, use SCIP default branching rule
_____________________________________
Now starting branching with general disjunction
Current branching Node number: 150
LP objective value: 551.172
Node lower bound: 551.172
Node upper bound: 758
gap to the primal bound: 0.0112808
Preck submodel is infeasible, continue branching
Time limit exceeded (1803.92s), stopping submodel solve loop
General disjunction: No feasible solution found, use SCIP default branching rule
_____________________________________
Now starting branching with general disjunction
Current branching Node number: 133
LP objective value: 545.691
Node lower bound: 545.693
Node upper bound: 758
gap to the primal bound: 0.0112808
Preck submodel is infeasible, continue branching
Time limit exceeded (1000.16s), stopping submodel solve loop
General disjunction: No feasible solution found, use SCIP default branching rule
_____________________________________
Now starting branching with general disjunction
Current branching Node number: 154
Relpscost reduced domain, skip general disjunction branching
_____________________________________
Now starting branching with general disjunction
Current branching Node number: 154
Relpscost reduced domain, skip general disjunction branching
_____________________________________
Now starting branching with general disjunction
Current branching Node number: 154
Relpscost reduced domain, skip general disjunction branching
_____________________________________
Now starting branching with general disjunction
Current branching Node number: 154
LP objective value: 548.53
Node lower bound: 548.53
Node upper bound: 758
gap to the primal bound: 0.0112808
Preck submodel is infeasible, continue branching
Time limit exceeded (1000.16s), stopping submodel solve loop
General disjunction: No feasible solution found, use SCIP default branching rule
_____________________________________
Now starting branching with general disjunction
Current branching Node number: 156
LP objective value: 548.53
Node lower bound: 548.53
Node upper bound: 758
gap to the primal bound: 0.0112808
Preck submodel is infeasible, continue branching
Time limit exceeded (1000.16s), stopping submodel solve loop
General disjunction: No feasible solution found, use SCIP default branching rule
_____________________________________
Now starting branching with general disjunction
Current branching Node number: 158
LP objective value: 548.551
Node lower bound: 548.551
Node upper bound: 758
gap to the primal bound: 0.0112808
Preck submodel is infeasible, continue branching
Time limit exceeded (1000.17s), stopping submodel solve loop
General disjunction: No feasible solution found, use SCIP default branching rule
_____________________________________
Now starting branching with general disjunction
Current branching Node number: 160
Relpscost reduced domain, skip general disjunction branching
_____________________________________
Now starting branching with general disjunction
Current branching Node number: 160
LP objective value: 548.609
Node lower bound: 548.609
Node upper bound: 758
gap to the primal bound: 0.0112808
Preck submodel is infeasible, continue branching
Time limit exceeded (1000.17s), stopping submodel solve loop
General disjunction: No feasible solution found, use SCIP default branching rule
_____________________________________
Now starting branching with general disjunction
Current branching Node number: 162
LP objective value: 548.93
Node lower bound: 548.93
Node upper bound: 758
gap to the primal bound: 0.0112808
Preck submodel is infeasible, continue branching
Time limit exceeded (1000.17s), stopping submodel solve loop
General disjunction: No feasible solution found, use SCIP default branching rule

SCIP Status        : solving was interrupted [time limit reached]
Solving Time (sec) : 86906.90
Solving Nodes      : 115
Primal Bound       : +7.58000000000000e+02 (718 solutions)
Dual Bound         : +7.49544530399007e+02
Gap                : 1.13 %

primal solution:
================

objective value:                                  758
y...0001                                            1 	(obj:7)
y...0003                                            1 	(obj:8)
y...0007                                            1 	(obj:8)
y...0012                                            1 	(obj:4)
y...0014                                            1 	(obj:4)
y...0015                                            1 	(obj:5)
y...0023                                            1 	(obj:7)
y...0027                                            1 	(obj:1)
y...0037                                            1 	(obj:4)
y...0041                                            1 	(obj:4)
y...0044                                            1 	(obj:8)
y...0046                                            1 	(obj:7)
y...0048                                            1 	(obj:5)
y...0053                                            1 	(obj:7)
y...0055                                            1 	(obj:8)
y...0063                                            1 	(obj:3)
y...0066                                            1 	(obj:10)
y...0068                                            1 	(obj:1)
y...0072                                            1 	(obj:8)
y...0073                                            1 	(obj:5)
y...0078                                            1 	(obj:2)
y...0088                                            1 	(obj:6)
y...0092                                            1 	(obj:9)
y...0094                                            1 	(obj:5)
y...0106                                            1 	(obj:4)
y...0118                                            1 	(obj:6)
y...0119                                            1 	(obj:3)
y...0124                                            1 	(obj:3)
y...0127                                            1 	(obj:3)
y...0131                                            1 	(obj:9)
y...0137                                            1 	(obj:9)
y...0141                                            1 	(obj:10)
y...0146                                            1 	(obj:3)
y...0148                                            1 	(obj:3)
y...0149                                            1 	(obj:7)
y...0151                                            1 	(obj:10)
y...0154                                            1 	(obj:4)
y...0155                                            1 	(obj:5)
y...0167                                            1 	(obj:9)
y...0171                                            1 	(obj:8)
y...0175                                            1 	(obj:1)
y...0180                                            1 	(obj:4)
y...0181                                            1 	(obj:5)
y...0190                                            1 	(obj:6)
y...0195                                            1 	(obj:4)
y...0199                                            1 	(obj:4)
y...0208                            0.999999999999997 	(obj:8)
y...0210                                            1 	(obj:8)
y...0224                                            1 	(obj:2)
y...0225                                            1 	(obj:9)
y...0246                                            1 	(obj:6)
y...0258                                            1 	(obj:1)
y...0265                                            1 	(obj:7)
y...0270                                            1 	(obj:2)
y...0280                                            1 	(obj:2)
y...0292                                            1 	(obj:5)
y...0302                                            1 	(obj:2)
y...0305                                            1 	(obj:1)
y...0312                                            1 	(obj:1)
y...0317                                            1 	(obj:7)
y...0324                                            1 	(obj:10)
y...0328                                            1 	(obj:3)
y...0340                                            1 	(obj:3)
y...0345                                            1 	(obj:1)
y...0349                                            1 	(obj:3)
y...0359                                            1 	(obj:5)
y...0367                                            1 	(obj:2)
y...0374                                            1 	(obj:8)
y...0390                                            1 	(obj:2)
y...0393                                            1 	(obj:2)
y...0397                                            1 	(obj:4)
y...0407                                            1 	(obj:1)
y...0410                                            1 	(obj:3)
y...0421                                            1 	(obj:3)
y...0428                                            1 	(obj:8)
y...0443                                            1 	(obj:3)
y...0445                                            1 	(obj:9)
y...0447                                            1 	(obj:1)
y...0457                                            1 	(obj:9)
y...0464                                            1 	(obj:9)
y...0476                                            1 	(obj:3)
y...0477                                            1 	(obj:3)
y...0491                                            1 	(obj:7)
y...0496                                            1 	(obj:1)
y...0497                                            1 	(obj:2)
y...0504                                            1 	(obj:2)
y...0508                                            1 	(obj:4)
y...0513                                            1 	(obj:2)
y...0517                                            1 	(obj:5)
y...0521                                            1 	(obj:3)
y...0525                                            1 	(obj:1)
y...0527                                            1 	(obj:3)
y...0531                                            1 	(obj:2)
y...0534                                            1 	(obj:8)
y...0539                                            1 	(obj:6)
y...0544                                            1 	(obj:2)
y...0549                                            1 	(obj:6)
y...0562                                            1 	(obj:9)
y...0576                                            1 	(obj:9)
y...0579                                            1 	(obj:4)
y...0590                                            1 	(obj:1)
y...0594                                            1 	(obj:1)
y...0596                                            1 	(obj:3)
y...0607                                            1 	(obj:2)
y...0615                                            1 	(obj:1)
y...0628                                            1 	(obj:5)
y...0643                                            1 	(obj:3)
y...0649                                            1 	(obj:1)
y...0652                                            1 	(obj:3)
y...0657                                            1 	(obj:5)
y...0661                                            1 	(obj:1)
y...0674                                            1 	(obj:3)
y...0679                                            1 	(obj:3)
y...0713                                            1 	(obj:9)
y...0718                                            1 	(obj:10)
y...0721                                            1 	(obj:1)
y...0753                                            1 	(obj:8)
y...0791                                            1 	(obj:8)
y...0798                                            1 	(obj:3)
y...0810                                            1 	(obj:5)
y...0814                                            1 	(obj:1)
y...0820                                            1 	(obj:7)
y...0823                                            1 	(obj:9)
y...0828                                            1 	(obj:2)
y...0831                                            1 	(obj:4)
y...0856                                            1 	(obj:9)
y...0865                                            1 	(obj:2)
y...0868                                            1 	(obj:6)
y...0871                                            1 	(obj:5)
y...0881                                            1 	(obj:8)
y...0929                                            1 	(obj:4)
y...0947                                            1 	(obj:1)
y...1017                                            1 	(obj:9)
y...1021                                            1 	(obj:5)
y...1034                                            1 	(obj:5)
y...1051                                            1 	(obj:2)
y...1061                                            1 	(obj:7)
y...1066                                            1 	(obj:6)
y...1068                                            1 	(obj:7)
y...1078                                            1 	(obj:1)
y...1079                                            1 	(obj:7)
y...1088                                            1 	(obj:7)
y...1092                                            1 	(obj:6)
y...1093                                            1 	(obj:1)
y...1100                                            1 	(obj:7)
y...1106                                            1 	(obj:4)
y...1107                                            1 	(obj:4)
y...1110                                            1 	(obj:7)
y...1111                                            1 	(obj:3)
y...1113                                            1 	(obj:7)
y...1126                                            1 	(obj:9)
y...1132                                            1 	(obj:3)
y...1135                                            1 	(obj:10)
y...1148                                            1 	(obj:2)
y...1155                                            1 	(obj:3)
y...1191                                            1 	(obj:1)
y...1207                                            1 	(obj:4)
y...1233                                            1 	(obj:4)
y...1240                                            1 	(obj:5)
x...0001                                            3 	(obj:0)
x...0003                                            8 	(obj:0)
x...0007                                           33 	(obj:0)
x...0012                                           45 	(obj:0)
x...0014                                            9 	(obj:0)
x...0015                             2.99999999999999 	(obj:0)
x...0023                                            1 	(obj:0)
x...0027                                            1 	(obj:0)
x...0037                                           14 	(obj:0)
x...0041                                            1 	(obj:0)
x...0044                                            1 	(obj:0)
x...0046                                           11 	(obj:0)
x...0048                                           11 	(obj:0)
x...0053                                           63 	(obj:0)
x...0055                                           65 	(obj:0)
x...0063                                            6 	(obj:0)
x...0066                                            7 	(obj:0)
x...0068                                            5 	(obj:0)
x...0072                                            1 	(obj:0)
x...0073                                            3 	(obj:0)
x...0078                                           11 	(obj:0)
x...0088                                            1 	(obj:0)
x...0092                                            3 	(obj:0)
x...0094                                            1 	(obj:0)
x...0106                                            3 	(obj:0)
x...0118                                            2 	(obj:0)
x...0119                                           11 	(obj:0)
x...0124                                            1 	(obj:0)
x...0127                                           10 	(obj:0)
x...0131                                            1 	(obj:0)
x...0137                                           68 	(obj:0)
x...0141                                            1 	(obj:0)
x...0146                                            1 	(obj:0)
x...0148                                            2 	(obj:0)
x...0149                                            1 	(obj:0)
x...0151                                            2 	(obj:0)
x...0154                                            1 	(obj:0)
x...0155                                            1 	(obj:0)
x...0167                                            1 	(obj:0)
x...0171                             1.99999999999999 	(obj:0)
x...0175                                            1 	(obj:0)
x...0180                                            2 	(obj:0)
x...0181                                           70 	(obj:0)
x...0190                                            1 	(obj:0)
x...0195                                           10 	(obj:0)
x...0199                                           10 	(obj:0)
x...0208                                            2 	(obj:0)
x...0210                                            1 	(obj:0)
x...0224                                            1 	(obj:0)
x...0225                                            2 	(obj:0)
x...0246                                            1 	(obj:0)
x...0258                                            1 	(obj:0)
x...0265                                            1 	(obj:0)
x...0270                             4.00000000000001 	(obj:0)
x...0280                                            1 	(obj:0)
x...0292                                            1 	(obj:0)
x...0302                                            1 	(obj:0)
x...0305                                           17 	(obj:0)
x...0312                                            1 	(obj:0)
x...0317                                            1 	(obj:0)
x...0324                                            1 	(obj:0)
x...0328                                            2 	(obj:0)
x...0340                                            1 	(obj:0)
x...0345                                            1 	(obj:0)
x...0349                                            1 	(obj:0)
x...0359                                            1 	(obj:0)
x...0367                                            2 	(obj:0)
x...0374                                            3 	(obj:0)
x...0390                                            1 	(obj:0)
x...0393                                            1 	(obj:0)
x...0397                                            1 	(obj:0)
x...0407                                            2 	(obj:0)
x...0410                                            1 	(obj:0)
x...0421                                            1 	(obj:0)
x...0428                                            1 	(obj:0)
x...0443                                            1 	(obj:0)
x...0445                                            1 	(obj:0)
x...0447                                            2 	(obj:0)
x...0457                                            2 	(obj:0)
x...0464                                            1 	(obj:0)
x...0476                                            1 	(obj:0)
x...0477                             4.00000000000001 	(obj:0)
x...0491                                            1 	(obj:0)
x...0496                                            6 	(obj:0)
x...0497                                           24 	(obj:0)
x...0504                                            1 	(obj:0)
x...0508                                            1 	(obj:0)
x...0513                                            1 	(obj:0)
x...0517                                            1 	(obj:0)
x...0521                                            1 	(obj:0)
x...0525                                            1 	(obj:0)
x...0527                                            4 	(obj:0)
x...0531                                            1 	(obj:0)
x...0534                                            1 	(obj:0)
x...0539                                            1 	(obj:0)
x...0544                                            2 	(obj:0)
x...0549                                            1 	(obj:0)
x...0562                                            1 	(obj:0)
x...0576                                            1 	(obj:0)
x...0579                                            3 	(obj:0)
x...0590                                            1 	(obj:0)
x...0594                                            1 	(obj:0)
x...0596                                            1 	(obj:0)
x...0607                                            1 	(obj:0)
x...0615                                            1 	(obj:0)
x...0628                                            1 	(obj:0)
x...0643                                            3 	(obj:0)
x...0649                                            1 	(obj:0)
x...0652                                            8 	(obj:0)
x...0657                                            9 	(obj:0)
x...0661                                            2 	(obj:0)
x...0674                                            7 	(obj:0)
x...0679                                            1 	(obj:0)
x...0713                                            1 	(obj:0)
x...0718                                            1 	(obj:0)
x...0721                                            1 	(obj:0)
x...0753                                            2 	(obj:0)
x...0791                                            1 	(obj:0)
x...0798                                            1 	(obj:0)
x...0810                                            1 	(obj:0)
x...0814                                            1 	(obj:0)
x...0820                                            1 	(obj:0)
x...0823                                            1 	(obj:0)
x...0828                                            1 	(obj:0)
x...0831                                            1 	(obj:0)
x...0856                             5.00000000000001 	(obj:0)
x...0865                                            1 	(obj:0)
x...0868                                            1 	(obj:0)
x...0871                                           82 	(obj:0)
x...0881                                            1 	(obj:0)
x...0929                                            1 	(obj:0)
x...0947                                            5 	(obj:0)
x...1017                                            1 	(obj:0)
x...1021                                            4 	(obj:0)
x...1034                                            3 	(obj:0)
x...1051                                           10 	(obj:0)
x...1061                                            4 	(obj:0)
x...1066                                            4 	(obj:0)
x...1068                                           12 	(obj:0)
x...1078                                            2 	(obj:0)
x...1079                                            2 	(obj:0)
x...1088                                            5 	(obj:0)
x...1092                                           25 	(obj:0)
x...1093                                            1 	(obj:0)
x...1100                                            1 	(obj:0)
x...1106                                            2 	(obj:0)
x...1107                                            7 	(obj:0)
x...1110                                            2 	(obj:0)
x...1111                                            7 	(obj:0)
x...1113                                            1 	(obj:0)
x...1126                                            5 	(obj:0)
x...1132                                            6 	(obj:0)
x...1135                                            4 	(obj:0)
x...1148                                            2 	(obj:0)
x...1155                                            1 	(obj:0)
x...1191                             6.00000000000001 	(obj:0)
x...1207                                            3 	(obj:0)
x...1233                                           17 	(obj:0)
x...1240                                            4 	(obj:0)

Statistics
==========

SCIP Status        : solving was interrupted [time limit reached]
Total Time         :   86906.91
  solving          :   86906.90
  presolving       :       0.02 (included in solving)
  reading          :       0.01
  copying          :       0.01 (4 #copies) (minimal 0.00, maximal 0.00, average 0.00)
Original Problem   :
  Problem name     : beasleyC3
  Variables        : 2500 (1250 binary, 0 integer, 0 implicit integer, 1250 continuous)
  Constraints      : 1750 initial, 1750 maximal
  Objective        : minimize, 1250 non-zeros (abs.min = 1, abs.max = 10)
Presolved Problem  :
  Problem name     : t_beasleyC3
  Variables        : 1704 (852 binary, 0 integer, 0 implicit integer, 852 continuous)
  Constraints      : 1153 initial, 1218 maximal
  Objective        : minimize, 852 non-zeros (abs.min = 1, abs.max = 10)
  Nonzeros         : 3408 constraint, 0 clique table
Presolvers         :   ExecTime  SetupTime  Calls  FixedVars   AggrVars   ChgTypes  ChgBounds   AddHoles    DelCons    AddCons   ChgSides   ChgCoefs
  boundshift       :       0.00       0.00      0          0          0          0          0          0          0          0          0          0
  convertinttobin  :       0.00       0.00      0          0          0          0          0          0          0          0          0          0
  domcol           :       0.00       0.00      1          0          0          0          0          0          0          0          0          0
  dualagg          :       0.00       0.00      0          0          0          0          0          0          0          0          0          0
  dualcomp         :       0.00       0.00      1          0          0          0          0          0          0          0          0          0
  dualinfer        :       0.00       0.00      0          0          0          0          0          0          0          0          0          0
  dualsparsify     :       0.00       0.00      1          0          0          0          0          0          0          0          0          0
  gateextraction   :       0.00       0.00      0          0          0          0          0          0          0          0          0          0
  implics          :       0.00       0.00      2          0          0          0          0          0          0          0          0          0
  inttobinary      :       0.00       0.00      0          0          0          0          0          0          0          0          0          0
  qpkktref         :       0.00       0.00      0          0          0          0          0          0          0          0          0          0
  redvub           :       0.00       0.00      0          0          0          0          0          0          0          0          0          0
  sparsify         :       0.00       0.00      1          0          0          0          0          0          0          0          0          0
  stuffing         :       0.00       0.00      0          0          0          0          0          0          0          0          0          0
  trivial          :       0.00       0.00      7          0          0          0          0          0          0          0          0          0
  tworowbnd        :       0.00       0.00      0          0          0          0          0          0          0          0          0          0
  dualfix          :       0.00       0.00      7        527          0          0          0          0          0          0          0          0
  genvbounds       :       0.00       0.00      0          0          0          0          0          0          0          0          0          0
  probing          :       0.00       0.00      1          0          0          0          0          0          0          0          0          0
  pseudoobj        :       0.00       0.00      0          0          0          0          0          0          0          0          0          0
  symmetry         :       0.00       0.00      1          0          0          0          0          0          0          0          0          0
  vbounds          :       0.00       0.00      0          0          0          0          0          0          0          0          0          0
  varbound         :       0.00       0.00      2          0          0          0          0          0          0          0          0          0
  setppc           :       0.00       0.00      0          0          0          0          0          0          0          0          0          0
  linear           :       0.01       0.00      9         39        230          0       1169          0        597          0          0         33
  logicor          :       0.00       0.00      0          0          0          0          0          0          0          0          0          0
  bounddisjunction :       0.00       0.00      0          0          0          0          0          0          0          0          0          0
  benders          :       0.00       0.00      0          0          0          0          0          0          0          0          0          0
  components       :       0.00       0.00      1          0          0          0          0          0          0          0          0          0
  root node        :          -          -      -          0          -          -         52          -          -          -          -          -
Constraints        :     Number  MaxNumber  #Separate #Propagate    #EnfoLP    #EnfoRelax  #EnfoPS    #Check   #ResProp    Cutoffs    DomReds       Cuts    Applied      Conss   Children
  benderslp        :          0          0          0          0        422          0          0        813          0          0          0          0          0          0          0
  integral         :          0          0          0          0        422          0          0        813          0          0       1274          0          0        626        164
  varbound         :        852        852         84      27652          0          0          0        808        619          3       1164          0          0          0          0
  setppc           :          0+         1          0          1          0          0          0          0          0          0          0          0          0          0          0
  linear           :        301+       318         84      27649          0          0          0        724         26          7        372        118          0          0          0
  logicor          :          0+        83          1       1130          0          0          0          0        100         30         53          0          0          0          0
  bounddisjunction :          0+         4          0        149          0          0          0          0          0          0          1          0          0          0          0
  benders          :          0          0          0          0          0          0          0        719          0          0          0          0          0          0          0
  fixedvar         :          0          0          0          0          0          0          0        719          0          0          0          0          0          0          0
  countsols        :          0          0          0          0          0          0          0        719          0          0          0          0          0          0          0
  components       :          0          0          0          0          0          0          0          0          0          0          0          0          0          0          0
Constraint Timings :  TotalTime  SetupTime   Separate  Propagate     EnfoLP     EnfoPS     EnfoRelax   Check    ResProp    SB-Prop
  benderslp        :       0.00       0.00       0.00       0.00       0.00       0.00       0.00       0.00       0.00       0.00
  integral         :   86889.44       0.00       0.00       0.00   86889.43       0.00       0.00       0.01       0.00       0.00
  varbound         :       0.05       0.00       0.01       0.03       0.00       0.00       0.00       0.01       0.00       0.01
  setppc           :       0.00       0.00       0.00       0.00       0.00       0.00       0.00       0.00       0.00       0.00
  linear           :       0.16       0.00       0.14       0.01       0.00       0.00       0.00       0.01       0.00       0.00
  logicor          :       0.00       0.00       0.00       0.00       0.00       0.00       0.00       0.00       0.00       0.00
  bounddisjunction :       0.00       0.00       0.00       0.00       0.00       0.00       0.00       0.00       0.00       0.00
  benders          :       0.00       0.00       0.00       0.00       0.00       0.00       0.00       0.00       0.00       0.00
  fixedvar         :       0.04       0.00       0.00       0.00       0.00       0.00       0.00       0.04       0.00       0.00
  countsols        :       0.00       0.00       0.00       0.00       0.00       0.00       0.00       0.00       0.00       0.00
  components       :       0.00       0.00       0.00       0.00       0.00       0.00       0.00       0.00       0.00       0.00
Propagators        : #Propagate   #ResProp    Cutoffs    DomReds
  dualfix          :          3          0          0          0
  genvbounds       :          0          0          0          0
  nlobbt           :          0          0          0          0
  obbt             :          0          0          0          0
  probing          :          0          0          0          0
  pseudoobj        :       1762          0          0          0
  redcost          :       1748          0          0       1088
  rootredcost      :          1          0          0         52
  symmetry         :          0          0          0          0
  vbounds          :      16948          0          0          0
Propagator Timings :  TotalTime  SetupTime   Presolve  Propagate    ResProp    SB-Prop
  dualfix          :       0.00       0.00       0.00       0.00       0.00       0.00
  genvbounds       :       0.00       0.00       0.00       0.00       0.00       0.00
  nlobbt           :       0.00       0.00       0.00       0.00       0.00       0.00
  obbt             :       0.00       0.00       0.00       0.00       0.00       0.00
  probing          :       0.00       0.00       0.00       0.00       0.00       0.00
  pseudoobj        :       0.00       0.00       0.00       0.00       0.00       0.00
  redcost          :       0.03       0.00       0.00       0.03       0.00       0.00
  rootredcost      :       0.00       0.00       0.00       0.00       0.00       0.00
  symmetry         :       0.01       0.00       0.00       0.00       0.00       0.00
  vbounds          :       0.01       0.00       0.00       0.01       0.00       0.00
Symmetry           :
  orbitopal red.   :          0 reductions applied,          0 cutoffs
  orbital reduction:          0 reductions applied,          0 cutoffs
  lexicographic red:          0 reductions applied,          0 cutoffs
  shadow tree time :       0.00 s
Conflict Analysis  :       Time      Calls    Success    DomReds  Conflicts   Literals    Reconvs ReconvLits   Dualrays   Nonzeros   LP Iters   (pool size: [10000,10000])
  propagation      :       0.00         34          9          -          9       22.0          1        2.0          -          -          -
  infeasible LP    :       0.00         16         16          -         16       14.9          0        0.0         17       15.6          0
  bound exceed. LP :       1.83        564        556          -        638       17.1          5        2.2          0        0.0       8719
  strong branching :       0.00          0          0          -          0        0.0          0        0.0          -          -          0
  pseudo solution  :       0.00          0          0          -          0        0.0          0        0.0          -          -          -
  applied globally :       0.00          -          -          0         51        9.3          -          -         17          -          -
  applied locally  :          -          -          -          0        587       17.8          -          -          0          -          -
Separators         :   ExecTime  SetupTime      Calls  RootCalls    Cutoffs    DomReds  FoundCuts ViaPoolAdd  DirectAdd    Applied ViaPoolApp  DirectApp      Conss
  cut pool         :       0.36          -        598        168          -          -      20501      71483          -          -          -          -          -    (maximal pool size:      18475)
  aggregation      :       6.50       0.00        319         84          0          0      18418      65088          0       5683       5683          0          0
  > cmir           :          -          -          -          -          -          -          -      47033          0       3261       3261          0          -
  > flowcover      :          -          -          -          -          -          -          -       9495          0       1294       1294          0          -
  > knapsackcover  :          -          -          -          -          -          -          -       8560          0       1128       1128          0          -
  cgmip            :       0.00       0.00          0          0          0          0          0          0          0          0          0          0          0
  clique           :       0.00       0.00          1          1          0          0          0          0          0          0          0          0          0
  closecuts        :       0.00       0.00          0          0          0          0          0          0          0          0          0          0          0
  convexproj       :       0.00       0.00          0          0          0          0          0          0          0          0          0          0          0
  disjunctive      :       0.00       0.00          0          0          0          0          0          0          0          0          0          0          0
  eccuts           :       0.00       0.00          0          0          0          0          0          0          0          0          0          0          0
  gauge            :       0.00       0.00          0          0          0          0          0          0          0          0          0          0          0
  gomory           :       0.40       0.00         51         10          0          0       1804       5163          0        481        481          0          0
  > gomorymi       :          -          -          -          -          -          -          -       4842          0        442        442          0          -
  > strongcg       :          -          -          -          -          -          -          -        321          0         39         39          0          -
  impliedbounds    :       0.01       0.00        319         84          0          0         19         40          0         21         21          0          0
  interminor       :       0.00       0.00          0          0          0          0          0          0          0          0          0          0          0
  intobj           :       0.00       0.00          0          0          0          0          0          0          0          0          0          0          0
  lagromory        :       0.00       0.00          0          0          0          0          0          0          0          0          0          0          0
  mcf              :       0.08       0.00         29         29          0          0        413        633        244         99         99          0          0
  minor            :       0.00       0.00          0          0          0          0          0          0          0          0          0          0          0
  mixing           :       0.02       0.00        319         84          0          0          0          0          0          0          0          0          0
  oddcycle         :       0.00       0.00          0          0          0          0          0          0          0          0          0          0          0
  rapidlearning    :       0.00       0.00          0          0          0          0          0          0          0          0          0          0          0
  rlt              :       0.00       0.00         10         10          0          0          0          0          0          0          0          0          0
  zerohalf         :       0.07       0.00         61         20          0          0         91        559          0         34         34          0          0
Cutselectors       :   ExecTime  SetupTime      Calls  RootCalls   Selected     Forced   Filtered  RootSelec   RootForc   RootFilt 
  hybrid           :       0.10       0.00        331         85       6318          0      65527       3415          0      48379
  ensemble         :       0.00       0.00          0          0          0          0          0          0          0          0
  dynamic          :       0.00       0.00          0          0          0          0          0          0          0          0
Pricers            :   ExecTime  SetupTime      Calls       Vars
  problem variables:       0.00          -          0          0
Branching Rules    :   ExecTime  SetupTime   BranchLP  BranchExt   BranchPS    Cutoffs    DomReds       Cuts      Conss   Children
  allfullstrong    :       0.00       0.00          0          0          0          0          0          0          0          0
  cloud            :       0.00       0.00          0          0          0          0          0          0          0          0
  distribution     :       0.00       0.00          0          0          0          0          0          0          0          0
  fullstrong       :       0.00       0.00          0          0          0          0          0          0          0          0
  general_disjuncti:   86885.26       0.00        422          0          0          0       1265          0        621          0
  GeneralDisjunction(extra): subMILPs=174 fairNodes of all MILPs=933097 probingLPs=0
  gomory           :       0.00       0.00          0          0          0          0          0          0          0          0
  inference        :       0.00       0.00          0          0          0          0          0          0          0          0
  leastinf         :       0.00       0.00          0          0          0          0          0          0          0          0
  lookahead        :       0.00       0.00          0          0          0          0          0          0          0          0
  mostinf          :       0.00       0.00          0          0          0          0          0          0          0          0
  multaggr         :       0.00       0.00          0          0          0          0          0          0          0          0
  nodereopt        :       0.00       0.00          0          0          0          0          0          0          0          0
  pscost           :       0.00       0.00          0          0          0          0          0          0          0          0
  random           :       0.00       0.00          0          0          0          0          0          0          0          0
  relpscost        :       4.17       0.00         86          0          0          0          9          0          5        164
  vanillafullstrong:       0.00       0.00          0          0          0          0          0          0          0          0
Primal Heuristics  :   ExecTime  SetupTime      Calls      Found       Best
  LP solutions     :       0.00          -          -          0          0
  relax solutions  :       0.00          -          -          0          0
  pseudo solutions :       0.00          -          -          0          0
  strong branching :       0.26          -          -        416          0
  actconsdiving    :       0.00       0.00          0          0          0
  adaptivediving   :       0.00       0.00          0          0          0
  alns             :       0.09       0.00          3          0          0
  bound            :       0.00       0.00          0          0          0
  clique           :       0.00       0.00          0          0          0
  coefdiving       :       0.00       0.00          0          0          0
  completesol      :       0.00       0.00          0          0          0
  conflictdiving   :       0.07       0.00          1          0          0
  crossover        :       0.00       0.00          0          0          0
  dins             :       0.00       0.00          0          0          0
  distributiondivin:       0.00       0.00          0          0          0
  dps              :       0.00       0.00          0          0          0
  dualval          :       0.00       0.00          0          0          0
  farkasdiving     :       0.54       0.00          1        152          0
  feaspump         :       0.00       0.00          0          0          0
  fixandinfer      :       0.00       0.00          0          0          0
  fracdiving       :       0.00       0.00          0          0          0
  gins             :       0.00       0.00          0          0          0
  guideddiving     :       0.00       0.00          0          0          0
  indicator        :       0.00       0.00          0          0          0
  indicatordiving  :       0.00       0.00          0          0          0
  intdiving        :       0.00       0.00          0          0          0
  intshifting      :       0.00       0.00          1          0          0
  linesearchdiving :       0.00       0.00          0          0          0
  localbranching   :       0.00       0.00          0          0          0
  locks            :       0.01       0.00          1          1          1
  lpface           :       0.00       0.00          0          0          0
  mpec             :       0.00       0.00          0          0          0
  multistart       :       0.00       0.00          0          0          0
  mutation         :       0.00       0.00          0          0          0
  nlpdiving        :       0.00       0.00          0          0          0
  objpscostdiving  :       0.00       0.00          0          0          0
  octane           :       0.00       0.00          0          0          0
  ofins            :       0.00       0.00          0          0          0
  oneopt           :       0.00       0.00          3          1          1
  padm             :       0.00       0.00          0          0          0
  proximity        :       0.00       0.00          0          0          0
  pscostdiving     :       0.00       0.00          0          0          0
  randrounding     :       0.10       0.00         94          0          0
  rens             :       0.09       0.00          1          1          1
  reoptsols        :       0.00       0.00          0          0          0
  repair           :       0.00       0.00          0          0          0
  rins             :       0.00       0.00          0          0          0
  rootsoldiving    :       0.00       0.00          0          0          0
  rounding         :       0.17       0.00        441          0          0
  scheduler        :       0.00       0.00          0          0          0
  shiftandpropagate:       0.00       0.00          0          0          0
  shifting         :       0.15       0.00        256          0          0
  simplerounding   :       0.05       0.00        754        128          1
  subnlp           :       0.00       0.00          0          0          0
  trivial          :       0.00       0.00          2          0          0
  trivialnegation  :       0.00       0.00          0          0          0
  trustregion      :       0.00       0.00          0          0          0
  trysol           :       0.00       0.00          0          0          0
  twoopt           :       0.00       0.00          0          0          0
  undercover       :       0.00       0.00          0          0          0
  vbounds          :       0.00       0.00          0          0          0
  veclendiving     :       0.00       0.00          0          0          0
  zeroobj          :       0.00       0.00          0          0          0
  zirounding       :       0.02       0.00         81         19          0
  other solutions  :          -          -          -          0          -
LNS (Scheduler)    :      Calls  SetupTime  SolveTime SolveNodes       Sols       Best       Exp3    Exp3-IX  EpsGreedy        UCB TgtFixRate  Opt  Inf Node Stal  Sol  Usr Othr Actv
  rens             :          0       0.00       0.00          0          0          0    0.00000    0.12500   -1.00000    1.00000      0.900    0    0    0    0    0    0    0    1
  rins             :          0       0.00       0.00          0          0          0    0.00000    0.12500   -1.00000    1.00000      0.900    0    0    0    0    0    0    0    1
  mutation         :          0       0.00       0.00          0          0          0    0.00000    0.12500   -1.00000    1.00000      0.900    0    0    0    0    0    0    0    1
  localbranching   :          0       0.00       0.00          0          0          0    0.00000    0.12500   -1.00000    1.00000      0.900    0    0    0    0    0    0    0    1
  crossover        :          0       0.00       0.00          0          0          0    0.00000    0.12500   -1.00000    1.00000      0.900    0    0    0    0    0    0    0    1
  proximity        :          0       0.00       0.00          0          0          0    0.00000    0.12500   -1.00000    1.00000      0.900    0    0    0    0    0    0    0    1
  zeroobjective    :          0       0.00       0.00          0          0          0    0.00000    0.12500   -1.00000    1.00000      0.900    0    0    0    0    0    0    0    1
  dins             :          0       0.00       0.00          0          0          0    0.00000    0.12500   -1.00000    1.00000      0.900    0    0    0    0    0    0    0    1
  trustregion      :          0       0.00       0.00          0          0          0    0.00000    0.00000   -1.00000    1.00000      0.900    0    0    0    0    0    0    0    0
LP                 :       Time      Calls Iterations  Iter/call   Iter/sec  Time-0-It Calls-0-It    ItLimit
  primal LP        :       1.32         75          0       0.00       0.00       1.32         75
  dual LP          :       6.62       1256      42327      54.40    6389.82       0.81        478
  lex dual LP      :       0.00          0          0       0.00          -
  barrier LP       :       0.00          0          0       0.00          -       0.00          0
  resolve instable :       0.00          0          0       0.00          -
  diving/probing LP:       1.23        188       4735      25.19    3853.06
  strong branching :      19.28       1740     146590      84.25    7604.65          -          -        119
    (at root node) :          -         68      25363     372.99          -
  conflict analysis:       1.38        879       8719       9.92    6316.52
B&B Tree           :
  number of runs   :          1
  nodes            :        115 (82 internal, 33 leaves)
  feasible leaves  :          0
  infeas. leaves   :          9
  objective leaves :         24
  nodes (total)    :        115 (82 internal, 33 leaves)
  nodes left       :         50
  max depth        :         20
  max depth (total):         20
  backtracks       :         22 (19.1%)
  early backtracks :          0 (0.0%)
  nodes exc. ref.  :          0 (0.0%)
  delayed cutoffs  :          0
  repropagations   :         55 (81 domain reductions, 0 cutoffs)
  avg switch length:       2.74
  switching time   :       0.25
Root Node          :
  First LP value   : +2.37987804878049e+02
  First LP Iters   :        171 (57038.03 Iter/sec)
  First LP Time    :       0.00
  Final Dual Bound : +7.49544530399007e+02
  Final Root Iters :      15824
  Root LP Estimate : +7.63003530698485e+02
Solution           :
  Solutions found  :        718 (4 improvements)
  First Solution   : +4.94500000000000e+03   (in run 1, after 1 nodes, 0.03 seconds, depth 2, found by <locks>)
  Gap First Sol.   :    2312.20 %
  Gap Last Sol.    :       1.30 %
  Primal Bound     : +7.58000000000000e+02   (in run 1, after 1 nodes, 9.38 seconds, depth 0, found by <rens>)
  Dual Bound       : +7.49544530399007e+02
  Gap              :       1.13 %
Integrals          :      Total       Avg%
  primal-dual      :   97206.16       1.12
  primal-ref       :          -          - (not evaluated)
  dual-ref         :          -          - (not evaluated)
