SCIP version 9.2.2 [precision: 8 byte] [memory: block] [mode: optimized] [LP solver: CPLEX 12.10.0.0] [GitHash: 416226a4f8]
Copyright (c) 2002-2025 Zuse Institute Berlin (ZIB)

reading parameter file </scratch/htc/yzhou/exp_scipmip/settings/allon_gendj.set>

read problem </scratch/htc/yzhou/exp_scipmip/instances/additionals/berlin_5_8_0.mps>
============

original problem has 1083 variables (794 bin, 0 int, 0 impl, 289 cont) and 1532 constraints
   1532 constraints of type <linear>
Reading Time: 0.03
solve problem
=============
LP Solver <CPLEX 12.10.0.0>: fastmip setting not available -- SCIP parameter has no effect
LP Solver <CPLEX 12.10.0.0>: clock type cannot be set
LP Solver <CPLEX 12.10.0.0>: row representation of the basis not available -- SCIP parameter lp/rowrepswitch has no effect
LP Solver <CPLEX 12.10.0.0>: solution polishing not available -- SCIP parameter lp/solutionpolishing has no effect
LP Solver <CPLEX 12.10.0.0>: refactorization interval not available -- SCIP parameter lp/refactorinterval has no effect
transformed problem has 1083 variables (794 bin, 0 int, 0 impl, 289 cont) and 1532 constraints
   1532 constraints of type <linear>

original problem has 4507 active (0.271644%) nonzeros and 4507 (0.271644%) check nonzeros

presolving:
(round 1, fast)       1 del vars, 1 del conss, 0 add conss, 260 chg bounds, 0 chg sides, 0 chg coeffs, 0 upgd conss, 0 impls, 0 clqs
(round 2, fast)       1 del vars, 1 del conss, 0 add conss, 531 chg bounds, 0 chg sides, 0 chg coeffs, 0 upgd conss, 0 impls, 0 clqs
(round 3, fast)       2 del vars, 2 del conss, 0 add conss, 749 chg bounds, 0 chg sides, 0 chg coeffs, 0 upgd conss, 0 impls, 0 clqs
(round 4, fast)       3 del vars, 4 del conss, 0 add conss, 888 chg bounds, 0 chg sides, 0 chg coeffs, 0 upgd conss, 0 impls, 0 clqs
(round 5, fast)       3 del vars, 5 del conss, 0 add conss, 975 chg bounds, 0 chg sides, 0 chg coeffs, 0 upgd conss, 0 impls, 0 clqs
(round 6, fast)       3 del vars, 5 del conss, 0 add conss, 1048 chg bounds, 0 chg sides, 0 chg coeffs, 0 upgd conss, 0 impls, 0 clqs
(round 7, fast)       3 del vars, 5 del conss, 0 add conss, 1132 chg bounds, 0 chg sides, 0 chg coeffs, 0 upgd conss, 0 impls, 0 clqs
(round 8, fast)       3 del vars, 5 del conss, 0 add conss, 1213 chg bounds, 0 chg sides, 0 chg coeffs, 0 upgd conss, 0 impls, 0 clqs
(round 9, fast)       3 del vars, 5 del conss, 0 add conss, 1282 chg bounds, 0 chg sides, 0 chg coeffs, 0 upgd conss, 0 impls, 0 clqs
(round 10, fast)       3 del vars, 5 del conss, 0 add conss, 1325 chg bounds, 0 chg sides, 0 chg coeffs, 0 upgd conss, 0 impls, 0 clqs
(round 11, fast)       3 del vars, 5 del conss, 0 add conss, 1359 chg bounds, 0 chg sides, 0 chg coeffs, 0 upgd conss, 0 impls, 0 clqs
(round 12, fast)       3 del vars, 5 del conss, 0 add conss, 1389 chg bounds, 0 chg sides, 0 chg coeffs, 0 upgd conss, 0 impls, 0 clqs
(round 13, fast)       3 del vars, 5 del conss, 0 add conss, 1420 chg bounds, 0 chg sides, 0 chg coeffs, 0 upgd conss, 0 impls, 0 clqs
(round 14, fast)       3 del vars, 5 del conss, 0 add conss, 1456 chg bounds, 0 chg sides, 0 chg coeffs, 0 upgd conss, 0 impls, 0 clqs
(round 15, fast)       3 del vars, 5 del conss, 0 add conss, 1495 chg bounds, 0 chg sides, 0 chg coeffs, 0 upgd conss, 0 impls, 0 clqs
(round 16, fast)       3 del vars, 5 del conss, 0 add conss, 1535 chg bounds, 0 chg sides, 0 chg coeffs, 0 upgd conss, 0 impls, 0 clqs
(round 17, fast)       3 del vars, 5 del conss, 0 add conss, 1566 chg bounds, 0 chg sides, 0 chg coeffs, 0 upgd conss, 0 impls, 0 clqs
(round 18, fast)       3 del vars, 5 del conss, 0 add conss, 1602 chg bounds, 0 chg sides, 0 chg coeffs, 0 upgd conss, 0 impls, 0 clqs
(round 19, fast)       3 del vars, 5 del conss, 0 add conss, 1642 chg bounds, 0 chg sides, 0 chg coeffs, 0 upgd conss, 0 impls, 0 clqs
(round 20, fast)       3 del vars, 5 del conss, 0 add conss, 1675 chg bounds, 0 chg sides, 0 chg coeffs, 0 upgd conss, 0 impls, 0 clqs
(round 21, fast)       3 del vars, 5 del conss, 0 add conss, 1709 chg bounds, 0 chg sides, 0 chg coeffs, 0 upgd conss, 0 impls, 0 clqs
(round 22, fast)       3 del vars, 5 del conss, 0 add conss, 1756 chg bounds, 0 chg sides, 0 chg coeffs, 0 upgd conss, 0 impls, 0 clqs
(round 23, fast)       3 del vars, 5 del conss, 0 add conss, 1800 chg bounds, 0 chg sides, 0 chg coeffs, 0 upgd conss, 0 impls, 0 clqs
(round 24, fast)       3 del vars, 5 del conss, 0 add conss, 1838 chg bounds, 0 chg sides, 0 chg coeffs, 0 upgd conss, 0 impls, 0 clqs
(round 25, fast)       3 del vars, 5 del conss, 0 add conss, 1867 chg bounds, 0 chg sides, 0 chg coeffs, 0 upgd conss, 0 impls, 0 clqs
(round 26, fast)       3 del vars, 5 del conss, 0 add conss, 1892 chg bounds, 0 chg sides, 0 chg coeffs, 0 upgd conss, 0 impls, 0 clqs
(round 27, fast)       3 del vars, 5 del conss, 0 add conss, 1928 chg bounds, 0 chg sides, 0 chg coeffs, 0 upgd conss, 0 impls, 0 clqs
(round 28, fast)       3 del vars, 5 del conss, 0 add conss, 1965 chg bounds, 0 chg sides, 0 chg coeffs, 0 upgd conss, 0 impls, 0 clqs
(round 29, fast)       3 del vars, 5 del conss, 0 add conss, 1986 chg bounds, 0 chg sides, 0 chg coeffs, 0 upgd conss, 0 impls, 0 clqs
(round 30, fast)       3 del vars, 5 del conss, 0 add conss, 2004 chg bounds, 0 chg sides, 0 chg coeffs, 0 upgd conss, 0 impls, 0 clqs
(round 31, fast)       3 del vars, 5 del conss, 0 add conss, 2020 chg bounds, 0 chg sides, 0 chg coeffs, 0 upgd conss, 0 impls, 0 clqs
(round 32, fast)       3 del vars, 5 del conss, 0 add conss, 2033 chg bounds, 0 chg sides, 0 chg coeffs, 0 upgd conss, 0 impls, 0 clqs
(round 33, fast)       3 del vars, 5 del conss, 0 add conss, 2045 chg bounds, 0 chg sides, 0 chg coeffs, 0 upgd conss, 0 impls, 0 clqs
(round 34, fast)       3 del vars, 5 del conss, 0 add conss, 2058 chg bounds, 0 chg sides, 0 chg coeffs, 0 upgd conss, 0 impls, 0 clqs
(round 35, fast)       3 del vars, 5 del conss, 0 add conss, 2076 chg bounds, 0 chg sides, 0 chg coeffs, 0 upgd conss, 0 impls, 0 clqs
(round 36, fast)       3 del vars, 5 del conss, 0 add conss, 2091 chg bounds, 0 chg sides, 0 chg coeffs, 0 upgd conss, 0 impls, 0 clqs
(round 37, exhaustive) 3 del vars, 99 del conss, 0 add conss, 2106 chg bounds, 0 chg sides, 0 chg coeffs, 0 upgd conss, 0 impls, 0 clqs
(round 38, fast)       100 del vars, 196 del conss, 0 add conss, 2129 chg bounds, 0 chg sides, 0 chg coeffs, 0 upgd conss, 0 impls, 0 clqs
(round 39, fast)       100 del vars, 199 del conss, 0 add conss, 2146 chg bounds, 0 chg sides, 0 chg coeffs, 0 upgd conss, 0 impls, 0 clqs
(round 40, exhaustive) 100 del vars, 199 del conss, 0 add conss, 2147 chg bounds, 0 chg sides, 0 chg coeffs, 309 upgd conss, 0 impls, 0 clqs
   (0.0s) probing: 100/794 (12.6%) - 0 fixings, 0 aggregations, 135 implications, 0 bound changes
   (0.0s) probing: 200/794 (25.2%) - 0 fixings, 0 aggregations, 318 implications, 0 bound changes
   (0.0s) probing: 300/794 (37.8%) - 0 fixings, 0 aggregations, 676 implications, 0 bound changes
   (0.0s) probing: 400/794 (50.4%) - 0 fixings, 0 aggregations, 777 implications, 0 bound changes
   (0.1s) probing: 500/794 (63.0%) - 0 fixings, 0 aggregations, 1140 implications, 0 bound changes
   (0.1s) probing: 600/794 (75.6%) - 0 fixings, 0 aggregations, 1334 implications, 0 bound changes
   (0.1s) probing: 700/794 (88.2%) - 0 fixings, 0 aggregations, 1535 implications, 0 bound changes
   (0.1s) probing cycle finished: starting next cycle
   (0.1s) symmetry computation started: requiring (bin +, int +, cont +), (fixed: bin -, int -, cont -)
   (0.1s) symmetry computation finished: 1 generators found (max: 1500, log10 of symmetry group size: 0.0) (symcode time: 0.00)
dynamic symmetry handling statistics:
   orbitopal reduction:       no components
   orbital reduction:         no components
   lexicographic reduction:    1 permutations with support sizes 74
handled 1 out of 1 symmetry components
clique table cleanup detected 0 bound changes

presolved problem has 4110 active (0.313659%) nonzeros and 4110 (0.313659%) check nonzeros

presolving (41 rounds: 41 fast, 3 medium, 3 exhaustive):
 100 deleted vars, 199 deleted constraints, 0 added constraints, 2147 tightened bounds, 0 added holes, 0 changed sides, 0 changed coefficients
 1677 implications, 0 cliques
presolved problem has 983 variables (794 bin, 0 int, 0 impl, 189 cont) and 1333 constraints
   1024 constraints of type <linear>
    309 constraints of type <logicor>
transformed objective value is always integral (scale: 1)
Presolving Time: 0.06

 time | node  | left  |LP iter|LP it/n|mem/heur|mdpt |vars |cons |rows |cuts |sepa|confs|strbr|  dualbound   | primalbound  |  gap   | compl. 
p 0.1s|     1 |     0 |    72 |     - |   locks|   0 | 983 |1333 |1333 |   0 |  0 |   0 |   0 | 5.200000e+01 | 9.000000e+01 |  73.08%| unknown
  0.1s|     1 |     0 |   704 |     - |    20M |   0 | 983 |1333 |1333 |   0 |  0 |   0 |   0 | 5.200000e+01 | 9.000000e+01 |  73.08%| unknown
  0.1s|     1 |     0 |  1160 |     - |    23M |   0 | 983 |1333 |1561 | 228 |  1 |   0 |   0 | 5.200000e+01 | 9.000000e+01 |  73.08%| unknown
  0.1s|     1 |     0 |  1392 |     - |    24M |   0 | 983 |1333 |1642 | 309 |  2 |   0 |   0 | 5.200000e+01 | 9.000000e+01 |  73.08%| unknown
  0.2s|     1 |     0 |  1648 |     - |    25M |   0 | 983 |1333 |1750 | 417 |  3 |   0 |   0 | 5.200000e+01 | 9.000000e+01 |  73.08%| unknown
  0.2s|     1 |     0 |  1868 |     - |    26M |   0 | 983 |1333 |1835 | 502 |  4 |   0 |   0 | 5.200000e+01 | 9.000000e+01 |  73.08%| unknown
  0.3s|     1 |     0 |  2116 |     - |    28M |   0 | 983 |1333 |1902 | 569 |  5 |   0 |   0 | 5.200000e+01 | 9.000000e+01 |  73.08%| unknown
  0.4s|     1 |     0 |  2306 |     - |    29M |   0 | 983 |1333 |1972 | 639 |  6 |   0 |   0 | 5.200000e+01 | 9.000000e+01 |  73.08%| unknown
  0.4s|     1 |     0 |  2515 |     - |    30M |   0 | 983 |1333 |2043 | 710 |  7 |   0 |   0 | 5.200000e+01 | 9.000000e+01 |  73.08%| unknown
  0.6s|     1 |     0 |  2740 |     - |    30M |   0 | 983 |1333 |2113 | 780 |  8 |   0 |   0 | 5.200000e+01 | 9.000000e+01 |  73.08%| unknown
  0.7s|     1 |     0 |  2913 |     - |    30M |   0 | 983 |1333 |2187 | 854 |  9 |   0 |   0 | 5.200000e+01 | 9.000000e+01 |  73.08%| unknown
  0.8s|     1 |     0 |  3108 |     - |    32M |   0 | 983 |1333 |2265 | 932 | 10 |   0 |   0 | 5.200000e+01 | 9.000000e+01 |  73.08%| unknown
  0.9s|     1 |     0 |  3280 |     - |    32M |   0 | 983 |1333 |2327 | 994 | 11 |   0 |   0 | 5.200000e+01 | 9.000000e+01 |  73.08%| unknown
Truncate separation round because of stalling (10 stall rounds).
o 1.0s|     1 |     0 |  4430 |     - |feaspump|   0 | 983 |1333 |2327 | 994 | 11 |   0 |   0 | 5.200000e+01 | 7.200000e+01 |  38.46%| unknown
L 1.2s|     1 |     0 |  4430 |     - |    alns|   0 | 983 |1333 |2327 | 994 | 11 |   0 |   0 | 5.200000e+01 | 7.000000e+01 |  34.62%| unknown
 time | node  | left  |LP iter|LP it/n|mem/heur|mdpt |vars |cons |rows |cuts |sepa|confs|strbr|  dualbound   | primalbound  |  gap   | compl. 
  1.2s|     1 |     0 |  4430 |     - |    33M |   0 | 983 |1333 |2327 | 994 | 11 |   0 |   0 | 5.200000e+01 | 7.000000e+01 |  34.62%| unknown
  1.4s|     1 |     0 |  4620 |     - |    34M |   0 | 983 |1333 |2113 |1056 | 12 |   0 |   0 | 5.200000e+01 | 7.000000e+01 |  34.62%| unknown
  1.4s|     1 |     0 |  4741 |     - |    34M |   0 | 983 |1333 |2153 |1096 | 13 |   0 |   0 | 5.200000e+01 | 7.000000e+01 |  34.62%| unknown
_____________________________________
Now starting branching with general disjunction
Current branching Node number: 1
LP objective value: -48
Node lower bound: -48
Node upper bound: 70
gap to the primal bound: 0.346154
Preck submodel is infeasible, continue branching
Time limit exceeded (1000.09s), stopping submodel solve loop
General disjunction: No feasible solution found, use SCIP default branching rule
 1002s|     1 |     2 |  4741 |     - |    34M |   0 | 983 |1333 |2153 |1096 | 13 |   0 |  38 | 5.200000e+01 | 7.000000e+01 |  34.62%| unknown
_____________________________________
Now starting branching with general disjunction
Current branching Node number: 3
LP objective value: -47.9953
Node lower bound: -47.9953
Node upper bound: 70
gap to the primal bound: 0.346154
Preck submodel is infeasible, continue branching
Time limit exceeded (1148.39s), stopping submodel solve loop
General disjunction: No feasible solution found, use SCIP default branching rule
_____________________________________
Now starting branching with general disjunction
Current branching Node number: 5
LP objective value: -47.9953
Node lower bound: -47.9953
Node upper bound: 70
gap to the primal bound: 0.346154
Preck submodel is infeasible, continue branching
Time limit exceeded (1121.44s), stopping submodel solve loop
General disjunction: No feasible solution found, use SCIP default branching rule
_____________________________________
Now starting branching with general disjunction
Current branching Node number: 7
LP objective value: -47.9953
Node lower bound: -47.9953
Node upper bound: 70
gap to the primal bound: 0.346154
Preck submodel is infeasible, continue branching
Time limit exceeded (1400.07s), stopping submodel solve loop
General disjunction: No feasible solution found, use SCIP default branching rule
_____________________________________
Now starting branching with general disjunction
Current branching Node number: 8
LP objective value: -47.9953
Node lower bound: -47.9953
Node upper bound: 70
gap to the primal bound: 0.346154
Preck submodel is infeasible, continue branching
Time limit exceeded (1785.5s), stopping submodel solve loop
General disjunction: No feasible solution found, use SCIP default branching rule
_____________________________________
Now starting branching with general disjunction
Current branching Node number: 11
LP objective value: -47.9953
Node lower bound: -47.9953
Node upper bound: 70
gap to the primal bound: 0.346154
Preck submodel is infeasible, continue branching
Time limit exceeded (1478.3s), stopping submodel solve loop
General disjunction: No feasible solution found, use SCIP default branching rule
_____________________________________
Now starting branching with general disjunction
Current branching Node number: 13
LP objective value: -47.9953
Node lower bound: -47.9953
Node upper bound: 70
gap to the primal bound: 0.346154
Preck submodel is infeasible, continue branching
Time limit exceeded (1162.61s), stopping submodel solve loop
General disjunction: Both Children are added
_____________________________________
Now starting branching with general disjunction
Current branching Node number: 14
LP objective value: -47.4098
Node lower bound: -47.4098
Node upper bound: 70
gap to the primal bound: 0.346154
Preck submodel is infeasible, continue branching
General disjunction: Both Children are added
_____________________________________
Now starting branching with general disjunction
Current branching Node number: 16
LP objective value: -47.4057
Node lower bound: -47.4057
Node upper bound: 70
gap to the primal bound: 0.346154
Preck submodel is infeasible, continue branching
Time limit exceeded (1306.26s), stopping submodel solve loop
General disjunction: No feasible solution found, use SCIP default branching rule
_____________________________________
Now starting branching with general disjunction
Current branching Node number: 18
LP objective value: -47.4057
Node lower bound: -47.4057
Node upper bound: 70
gap to the primal bound: 0.346154
Preck submodel is infeasible, continue branching
Time limit exceeded (1220.8s), stopping submodel solve loop
General disjunction: No feasible solution found, use SCIP default branching rule
_____________________________________
Now starting branching with general disjunction
Current branching Node number: 2
LP objective value: -48
Node lower bound: -48
Node upper bound: 70
gap to the primal bound: 0.346154
Preck submodel is infeasible, continue branching
Time limit exceeded (1000.07s), stopping submodel solve loop
General disjunction: No feasible solution found, use SCIP default branching rule
_____________________________________
Now starting branching with general disjunction
Current branching Node number: 22
LP objective value: -48
Node lower bound: -48
Node upper bound: 70
gap to the primal bound: 0.346154
Preck submodel is infeasible, continue branching
Time limit exceeded (1000.07s), stopping submodel solve loop
General disjunction: No feasible solution found, use SCIP default branching rule
_____________________________________
Now starting branching with general disjunction
Current branching Node number: 25
LP objective value: -48
Node lower bound: -48
Node upper bound: 70
gap to the primal bound: 0.346154
Preck submodel is infeasible, continue branching
Time limit exceeded (1000.06s), stopping submodel solve loop
General disjunction: No feasible solution found, use SCIP default branching rule
_____________________________________
Now starting branching with general disjunction
Current branching Node number: 27
LP objective value: -48
Node lower bound: -48
Node upper bound: 70
gap to the primal bound: 0.346154
Preck submodel is infeasible, continue branching
Time limit exceeded (1000.07s), stopping submodel solve loop
General disjunction: No feasible solution found, use SCIP default branching rule
_____________________________________
Now starting branching with general disjunction
Current branching Node number: 28
LP objective value: -48
Node lower bound: -48
Node upper bound: 70
gap to the primal bound: 0.346154
Preck submodel is infeasible, continue branching
Time limit exceeded (1000.07s), stopping submodel solve loop
General disjunction: No feasible solution found, use SCIP default branching rule
_____________________________________
Now starting branching with general disjunction
Current branching Node number: 31
LP objective value: -48
Node lower bound: -48
Node upper bound: 70
gap to the primal bound: 0.346154
Preck submodel is infeasible, continue branching
Time limit exceeded (1000.07s), stopping submodel solve loop
General disjunction: No feasible solution found, use SCIP default branching rule
_____________________________________
Now starting branching with general disjunction
Current branching Node number: 6
LP objective value: -47.9953
Node lower bound: -47.9953
Node upper bound: 70
gap to the primal bound: 0.346154
Preck submodel is infeasible, continue branching
Time limit exceeded (1000.07s), stopping submodel solve loop
General disjunction: No feasible solution found, use SCIP default branching rule
_____________________________________
Now starting branching with general disjunction
Current branching Node number: 35
LP objective value: -47.8656
Node lower bound: -47.8656
Node upper bound: 70
gap to the primal bound: 0.346154
Preck submodel is infeasible, continue branching
Time limit exceeded (1000.07s), stopping submodel solve loop
General disjunction: No feasible solution found, use SCIP default branching rule
_____________________________________
Now starting branching with general disjunction
Current branching Node number: 37
LP objective value: -47.8656
Node lower bound: -47.8656
Node upper bound: 70
gap to the primal bound: 0.346154
Preck submodel is infeasible, continue branching
Time limit exceeded (1024.25s), stopping submodel solve loop
General disjunction: No feasible solution found, use SCIP default branching rule
_____________________________________
Now starting branching with general disjunction
Current branching Node number: 38
LP objective value: -47.8656
Node lower bound: -47.8656
Node upper bound: 70
gap to the primal bound: 0.346154
Preck submodel is infeasible, continue branching
Time limit exceeded (1114.97s), stopping submodel solve loop
General disjunction: No feasible solution found, use SCIP default branching rule
_____________________________________
Now starting branching with general disjunction
Current branching Node number: 41
LP objective value: -47.8656
Node lower bound: -47.8656
Node upper bound: 70
gap to the primal bound: 0.346154
Preck submodel is infeasible, continue branching
Time limit exceeded (1226.34s), stopping submodel solve loop
General disjunction: No feasible solution found, use SCIP default branching rule
_____________________________________
Now starting branching with general disjunction
Current branching Node number: 42
LP objective value: -47.8656
Node lower bound: -47.8656
Node upper bound: 70
gap to the primal bound: 0.346154
Preck submodel is infeasible, continue branching
Time limit exceeded (1114.17s), stopping submodel solve loop
General disjunction: No feasible solution found, use SCIP default branching rule
_____________________________________
Now starting branching with general disjunction
Current branching Node number: 4
LP objective value: -47.9953
Node lower bound: -47.9953
Node upper bound: 70
gap to the primal bound: 0.346154
Preck submodel is infeasible, continue branching
Time limit exceeded (1393.68s), stopping submodel solve loop
General disjunction: No feasible solution found, use SCIP default branching rule
_____________________________________
Now starting branching with general disjunction
Current branching Node number: 47
LP objective value: -47.8656
Node lower bound: -47.8656
Node upper bound: 70
gap to the primal bound: 0.346154
Preck submodel is infeasible, continue branching
Time limit exceeded (1000.07s), stopping submodel solve loop
General disjunction: No feasible solution found, use SCIP default branching rule
_____________________________________
Now starting branching with general disjunction
Current branching Node number: 49
LP objective value: -47.8656
Node lower bound: -47.8656
Node upper bound: 70
gap to the primal bound: 0.346154
Preck submodel is infeasible, continue branching
General disjunction: Both Children are added
_____________________________________
Now starting branching with general disjunction
Current branching Node number: 50
LP objective value: -47.7422
Node lower bound: -47.7422
Node upper bound: 70
gap to the primal bound: 0.346154
Preck submodel is infeasible, continue branching
Time limit exceeded (1438.46s), stopping submodel solve loop
General disjunction: No feasible solution found, use SCIP default branching rule
_____________________________________
Now starting branching with general disjunction
Current branching Node number: 53
LP objective value: -46.9174
Node lower bound: -46.9174
Node upper bound: 70
gap to the primal bound: 0.346154
Preck submodel is infeasible, continue branching
Time limit exceeded (1024.17s), stopping submodel solve loop
General disjunction: No feasible solution found, use SCIP default branching rule
_____________________________________
Now starting branching with general disjunction
Current branching Node number: 55
LP objective value: -46.9174
Node lower bound: -46.9174
Node upper bound: 70
gap to the primal bound: 0.346154
Preck submodel is infeasible, continue branching
General disjunction: Both Children are added
_____________________________________
Now starting branching with general disjunction
Current branching Node number: 12
LP objective value: -47.9097
Node lower bound: -47.9097
Node upper bound: 70
gap to the primal bound: 0.346154
Preck submodel is infeasible, continue branching
Time limit exceeded (1178.46s), stopping submodel solve loop
General disjunction: No feasible solution found, use SCIP default branching rule
_____________________________________
Now starting branching with general disjunction
Current branching Node number: 58
LP objective value: -47.9097
Node lower bound: -47.9097
Node upper bound: 70
gap to the primal bound: 0.346154
Preck submodel is infeasible, continue branching
General disjunction: Both Children are added
_____________________________________
Now starting branching with general disjunction
Current branching Node number: 60
LP objective value: -46.9549
Node lower bound: -46.9549
Node upper bound: 70
gap to the primal bound: 0.346154
Preck submodel is infeasible, continue branching
General disjunction: Both Children are added
_____________________________________
Now starting branching with general disjunction
Current branching Node number: 62
LP objective value: -46.8125
Node lower bound: -46.8125
Node upper bound: 70
gap to the primal bound: 0.346154
Preck submodel is infeasible, continue branching
Time limit exceeded (1813.79s), stopping submodel solve loop
General disjunction: No feasible solution found, use SCIP default branching rule
_____________________________________
Now starting branching with general disjunction
Current branching Node number: 64
LP objective value: -46.77
Node lower bound: -46.77
Node upper bound: 70
gap to the primal bound: 0.346154
Preck submodel is infeasible, continue branching
Time limit exceeded (1164.65s), stopping submodel solve loop
General disjunction: No feasible solution found, use SCIP default branching rule
_____________________________________
Now starting branching with general disjunction
Current branching Node number: 10
LP objective value: -47.9953
Node lower bound: -47.9953
Node upper bound: 70
gap to the primal bound: 0.346154
Preck submodel is infeasible, continue branching
General disjunction: Only Right constraint added:
_____________________________________
Now starting branching with general disjunction
Current branching Node number: 10
LP objective value: -47.9097
Node lower bound: -47.9097
Node upper bound: 70
gap to the primal bound: 0.346154
Preck submodel is infeasible, continue branching
General disjunction: Both Children are added
_____________________________________
Now starting branching with general disjunction
Current branching Node number: 68
LP objective value: -47.235
Node lower bound: -47.235
Node upper bound: 70
gap to the primal bound: 0.346154
Preck submodel is infeasible, continue branching
Time limit exceeded (1000.65s), stopping submodel solve loop
General disjunction: No feasible solution found, use SCIP default branching rule
_____________________________________
Now starting branching with general disjunction
Current branching Node number: 71
LP objective value: -47.235
Node lower bound: -47.235
Node upper bound: 70
gap to the primal bound: 0.346154
Preck submodel is infeasible, continue branching
Time limit exceeded (1235.98s), stopping submodel solve loop
General disjunction: No feasible solution found, use SCIP default branching rule
_____________________________________
Now starting branching with general disjunction
Current branching Node number: 72
LP objective value: -47.235
Node lower bound: -47.235
Node upper bound: 70
gap to the primal bound: 0.346154
Preck submodel is infeasible, continue branching
Time limit exceeded (1737.79s), stopping submodel solve loop
General disjunction: No feasible solution found, use SCIP default branching rule
_____________________________________
Now starting branching with general disjunction
Current branching Node number: 75
LP objective value: -47.235
Node lower bound: -47.235
Node upper bound: 70
gap to the primal bound: 0.346154
Preck submodel is infeasible, continue branching
General disjunction: Both Children are added
_____________________________________
Now starting branching with general disjunction
Current branching Node number: 76
LP objective value: -46.8172
Node lower bound: -46.8172
Node upper bound: 70
gap to the primal bound: 0.346154
Preck submodel is infeasible, continue branching
Time limit exceeded (1380.05s), stopping submodel solve loop
General disjunction: No feasible solution found, use SCIP default branching rule
_____________________________________
Now starting branching with general disjunction
Current branching Node number: 78
LP objective value: -46.8172
Node lower bound: -46.8172
Node upper bound: 70
gap to the primal bound: 0.346154
Preck submodel is infeasible, continue branching
Time limit exceeded (1047.14s), stopping submodel solve loop
General disjunction: No feasible solution found, use SCIP default branching rule
_____________________________________
Now starting branching with general disjunction
Current branching Node number: 15
LP objective value: -47.7922
Node lower bound: -47.7922
Node upper bound: 70
gap to the primal bound: 0.346154
Preck submodel is infeasible, continue branching
Time limit exceeded (1420.13s), stopping submodel solve loop
General disjunction: No feasible solution found, use SCIP default branching rule
_____________________________________
Now starting branching with general disjunction
Current branching Node number: 82
LP objective value: -47.7922
Node lower bound: -47.7922
Node upper bound: 70
gap to the primal bound: 0.346154
Preck submodel is infeasible, continue branching
Time limit exceeded (1464.16s), stopping submodel solve loop
General disjunction: No feasible solution found, use SCIP default branching rule
_____________________________________
Now starting branching with general disjunction
Current branching Node number: 84
LP objective value: -47.7922
Node lower bound: -47.7922
Node upper bound: 70
gap to the primal bound: 0.346154
Preck submodel is infeasible, continue branching
Time limit exceeded (1004.77s), stopping submodel solve loop
General disjunction: No feasible solution found, use SCIP default branching rule
_____________________________________
Now starting branching with general disjunction
Current branching Node number: 87
LP objective value: -47.7665
Node lower bound: -47.7665
Node upper bound: 70
gap to the primal bound: 0.346154
Preck submodel is infeasible, continue branching
General disjunction: Both Children are added
_____________________________________
Now starting branching with general disjunction
Current branching Node number: 88
LP objective value: -47.7358
Node lower bound: -47.7358
Node upper bound: 70
gap to the primal bound: 0.346154
Preck submodel is infeasible, continue branching
Time limit exceeded (1475.34s), stopping submodel solve loop
General disjunction: No feasible solution found, use SCIP default branching rule
_____________________________________
Now starting branching with general disjunction
Current branching Node number: 91
LP objective value: -47.7358
Node lower bound: -47.7358
Node upper bound: 70
gap to the primal bound: 0.346154
Preck submodel is infeasible, continue branching
Time limit exceeded (1017.13s), stopping submodel solve loop
General disjunction: No feasible solution found, use SCIP default branching rule
_____________________________________
Now starting branching with general disjunction
Current branching Node number: 93
LP objective value: -47.7358
Node lower bound: -47.7358
Node upper bound: 70
gap to the primal bound: 0.346154
Preck submodel is infeasible, continue branching
Time limit exceeded (1871.99s), stopping submodel solve loop
General disjunction: No feasible solution found, use SCIP default branching rule
_____________________________________
Now starting branching with general disjunction
Current branching Node number: 95
LP objective value: -47.4096
Node lower bound: -47.4096
Node upper bound: 70
gap to the primal bound: 0.346154
Preck submodel is infeasible, continue branching
Time limit exceeded (1017.96s), stopping submodel solve loop
General disjunction: No feasible solution found, use SCIP default branching rule
_____________________________________
Now starting branching with general disjunction
Current branching Node number: 97
LP objective value: -47.4096
Node lower bound: -47.4096
Node upper bound: 70
gap to the primal bound: 0.346154
Preck submodel is infeasible, continue branching
Time limit exceeded (1082.93s), stopping submodel solve loop
General disjunction: No feasible solution found, use SCIP default branching rule
_____________________________________
Now starting branching with general disjunction
Current branching Node number: 33
LP objective value: -48
Node lower bound: -48
Node upper bound: 70
gap to the primal bound: 0.346154
Preck submodel is infeasible, continue branching
Time limit exceeded (1306.25s), stopping submodel solve loop
General disjunction: No feasible solution found, use SCIP default branching rule
_____________________________________
Now starting branching with general disjunction
Current branching Node number: 101
LP objective value: -48
Node lower bound: -48
Node upper bound: 70
gap to the primal bound: 0.346154
Preck submodel is infeasible, continue branching
Time limit exceeded (1044.73s), stopping submodel solve loop
General disjunction: No feasible solution found, use SCIP default branching rule
_____________________________________
Now starting branching with general disjunction
Current branching Node number: 102
LP objective value: -48
Node lower bound: -48
Node upper bound: 70
gap to the primal bound: 0.346154
Preck submodel is infeasible, continue branching
Time limit exceeded (1000.08s), stopping submodel solve loop
General disjunction: No feasible solution found, use SCIP default branching rule
_____________________________________
Now starting branching with general disjunction
Current branching Node number: 105
LP objective value: -48
Node lower bound: -48
Node upper bound: 70
gap to the primal bound: 0.346154
Preck submodel is infeasible, continue branching
General disjunction: Both Children are added
_____________________________________
Now starting branching with general disjunction
Current branching Node number: 106
LP objective value: -47.6711
Node lower bound: -47.6711
Node upper bound: 70
gap to the primal bound: 0.346154
Preck submodel is infeasible, continue branching
Time limit exceeded (1100.36s), stopping submodel solve loop
General disjunction: No feasible solution found, use SCIP default branching rule
_____________________________________
Now starting branching with general disjunction
Current branching Node number: 109
LP objective value: -47.6711
Node lower bound: -47.6711
Node upper bound: 70
gap to the primal bound: 0.346154
Preck submodel is infeasible, continue branching
Time limit exceeded (1364.02s), stopping submodel solve loop
General disjunction: No feasible solution found, use SCIP default branching rule
_____________________________________
Now starting branching with general disjunction
Current branching Node number: 111
LP objective value: -47.5044
Node lower bound: -47.5044
Node upper bound: 70
gap to the primal bound: 0.346154
Preck submodel is infeasible, continue branching
General disjunction: Only Left constraint added:
_____________________________________
Now starting branching with general disjunction
Current branching Node number: 111
LP objective value: -46.8333
Node lower bound: -46.8333
Node upper bound: 70
gap to the primal bound: 0.346154
Preck submodel is infeasible, continue branching
Time limit exceeded (1001.93s), stopping submodel solve loop
General disjunction: No feasible solution found, use SCIP default branching rule
_____________________________________
Now starting branching with general disjunction
Current branching Node number: 112
LP objective value: -46.5159
Node lower bound: -46.5159
Node upper bound: 70
gap to the primal bound: 0.346154
Preck submodel is infeasible, continue branching
Time limit exceeded (1111.1s), stopping submodel solve loop
General disjunction: No feasible solution found, use SCIP default branching rule
_____________________________________
Now starting branching with general disjunction
Current branching Node number: 114
LP objective value: -46.3143
Node lower bound: -46.3143
Node upper bound: 70
gap to the primal bound: 0.346154
Preck submodel is infeasible, continue branching
Time limit exceeded (1142.82s), stopping submodel solve loop
General disjunction: Only Left constraint added:
_____________________________________
Now starting branching with general disjunction
Current branching Node number: 114
LP objective value: -45.5159
Node lower bound: -45.5159
Node upper bound: 70
gap to the primal bound: 0.346154
Preck submodel is infeasible, continue branching
General disjunction: Only Right constraint added:
_____________________________________
Now starting branching with general disjunction
Current branching Node number: 114
LP objective value: -45
Node lower bound: -45
Node upper bound: 70
gap to the primal bound: 0.346154
Preck submodel is infeasible, continue branching
Time limit exceeded (1137.7s), stopping submodel solve loop
General disjunction: No feasible solution found, use SCIP default branching rule
_____________________________________
Now starting branching with general disjunction
Current branching Node number: 32
LP objective value: -48
Node lower bound: -48
Node upper bound: 70
gap to the primal bound: 0.346154
Preck submodel is infeasible, continue branching
Time limit exceeded (1000.07s), stopping submodel solve loop
General disjunction: No feasible solution found, use SCIP default branching rule
_____________________________________
Now starting branching with general disjunction
Current branching Node number: 119
LP objective value: -48
Node lower bound: -48
Node upper bound: 70
gap to the primal bound: 0.346154
Preck submodel is infeasible, continue branching
Time limit exceeded (1611.16s), stopping submodel solve loop
General disjunction: No feasible solution found, use SCIP default branching rule
_____________________________________
Now starting branching with general disjunction
Current branching Node number: 120
LP objective value: -48
Node lower bound: -48
Node upper bound: 70
gap to the primal bound: 0.346154
Preck submodel is infeasible, continue branching
Time limit exceeded (1565.71s), stopping submodel solve loop
General disjunction: No feasible solution found, use SCIP default branching rule
_____________________________________
Now starting branching with general disjunction
Current branching Node number: 123
LP objective value: -48
Node lower bound: -48
Node upper bound: 70
gap to the primal bound: 0.346154
Preck submodel is infeasible, continue branching
Time limit exceeded (1482.24s), stopping submodel solve loop
General disjunction: No feasible solution found, use SCIP default branching rule
_____________________________________
Now starting branching with general disjunction
Current branching Node number: 125
LP objective value: -48
Node lower bound: -48
Node upper bound: 70
gap to the primal bound: 0.346154
Preck submodel is infeasible, continue branching
Time limit exceeded (1072.49s), stopping submodel solve loop
General disjunction: No feasible solution found, use SCIP default branching rule
_____________________________________
Now starting branching with general disjunction
Current branching Node number: 127
LP objective value: -47.9861
Node lower bound: -47.9861
Node upper bound: 70
gap to the primal bound: 0.346154
Preck submodel is infeasible, continue branching
Time limit exceeded (1832.82s), stopping submodel solve loop
General disjunction: No feasible solution found, use SCIP default branching rule
_____________________________________
Now starting branching with general disjunction
Current branching Node number: 129
LP objective value: -47.8182
Node lower bound: -47.8182
Node upper bound: 70
gap to the primal bound: 0.346154
Preck submodel is infeasible, continue branching
Time limit exceeded (1036.14s), stopping submodel solve loop
General disjunction: No feasible solution found, use SCIP default branching rule
_____________________________________
Now starting branching with general disjunction
Current branching Node number: 131
LP objective value: -47.8182
Node lower bound: -47.8182
Node upper bound: 70
gap to the primal bound: 0.346154
Preck submodel is infeasible, continue branching
Time limit exceeded (1105.44s), stopping submodel solve loop
General disjunction: No feasible solution found, use SCIP default branching rule
_____________________________________
Now starting branching with general disjunction
Current branching Node number: 133
LP objective value: -47.8182
Node lower bound: -47.8182
Node upper bound: 70
gap to the primal bound: 0.346154
Preck submodel is infeasible, continue branching
Time limit exceeded (1189.76s), stopping submodel solve loop
General disjunction: Only Right constraint added:
_____________________________________
Now starting branching with general disjunction
Current branching Node number: 133
LP objective value: -47
Node lower bound: -47
Node upper bound: 70
gap to the primal bound: 0.346154
Preck submodel is infeasible, continue branching
Time limit exceeded (1042.94s), stopping submodel solve loop
General disjunction: No feasible solution found, use SCIP default branching rule
_____________________________________
Now starting branching with general disjunction
Current branching Node number: 30
LP objective value: -48
Node lower bound: -48
Node upper bound: 70
gap to the primal bound: 0.346154
Preck submodel is infeasible, continue branching
Time limit exceeded (1178.07s), stopping submodel solve loop
General disjunction: No feasible solution found, use SCIP default branching rule
_____________________________________
Now starting branching with general disjunction
Current branching Node number: 137
LP objective value: -48
Node lower bound: -48
Node upper bound: 70
gap to the primal bound: 0.346154
Preck submodel is infeasible, continue branching
Time limit exceeded (1040.66s), stopping submodel solve loop
General disjunction: No feasible solution found, use SCIP default branching rule
_____________________________________
Now starting branching with general disjunction
Current branching Node number: 139
LP objective value: -48
Node lower bound: -48
Node upper bound: 70
gap to the primal bound: 0.346154
Preck submodel is infeasible, continue branching
Time limit exceeded (1212.32s), stopping submodel solve loop
General disjunction: No feasible solution found, use SCIP default branching rule
_____________________________________
Now starting branching with general disjunction
Current branching Node number: 140
LP objective value: -48
Node lower bound: -48
Node upper bound: 70
gap to the primal bound: 0.346154
Preck submodel is infeasible, continue branching
Time limit exceeded (1457.17s), stopping submodel solve loop
General disjunction: No feasible solution found, use SCIP default branching rule
_____________________________________
Now starting branching with general disjunction
Current branching Node number: 143
LP objective value: -48
Node lower bound: -48
Node upper bound: 70
gap to the primal bound: 0.346154
Preck submodel is infeasible, continue branching
Time limit exceeded (1337.38s), stopping submodel solve loop
General disjunction: No feasible solution found, use SCIP default branching rule
_____________________________________
Now starting branching with general disjunction
Current branching Node number: 145
LP objective value: -47.8461
Node lower bound: -47.8461
Node upper bound: 70
gap to the primal bound: 0.346154
Preck submodel is infeasible, continue branching
Time limit exceeded (1188.63s), stopping submodel solve loop
General disjunction: No feasible solution found, use SCIP default branching rule
_____________________________________
Now starting branching with general disjunction
Current branching Node number: 147
LP objective value: -47.7208
Node lower bound: -47.7208
Node upper bound: 70
gap to the primal bound: 0.346154
Preck submodel is infeasible, continue branching
Time limit exceeded (1491.42s), stopping submodel solve loop
General disjunction: No feasible solution found, use SCIP default branching rule

SCIP Status        : solving was interrupted [time limit reached]
Solving Time (sec) : 86834.83
Solving Nodes      : 81
Primal Bound       : +7.00000000000000e+01 (3 solutions)
Dual Bound         : +5.20000000000000e+01
Gap                : 34.62 %

primal solution:
================

objective value:                                   70
x1                                                  1 	(obj:-1)
x4                                                  1 	(obj:-1)
x7                                                  1 	(obj:-1)
x8                                                  1 	(obj:-1)
x9                                                  1 	(obj:-1)
x10                                                 1 	(obj:-1)
x13                                                 1 	(obj:-1)
x14                                                 1 	(obj:-1)
x15                                                 1 	(obj:-1)
x16                                                 1 	(obj:-1)
x20                                                 1 	(obj:-1)
x21                                                 1 	(obj:-1)
x22                                                 1 	(obj:-1)
x23                                                 1 	(obj:-1)
x25                                                 1 	(obj:-1)
x27                                                 1 	(obj:-1)
x28                                                 1 	(obj:-1)
x30                                                 1 	(obj:-1)
x32                                                 1 	(obj:-1)
x33                                                 1 	(obj:-1)
x34                                                 1 	(obj:-1)
x35                                                 1 	(obj:-1)
x36                                                 1 	(obj:-1)
x38                                                 1 	(obj:-1)
x39                                                 1 	(obj:-1)
x41                                                 1 	(obj:-1)
x44                                                 1 	(obj:-1)
x45                                                 1 	(obj:-1)
x46                                                 1 	(obj:-1)
x48                                                 1 	(obj:-1)
x241                                                1 	(obj:0)
x244                                                1 	(obj:0)
x246                                                1 	(obj:0)
x247                                                1 	(obj:0)
x249                                                1 	(obj:0)
x257                                                1 	(obj:0)
x260                                                1 	(obj:0)
x261                                                1 	(obj:0)
x263                                                1 	(obj:0)
x268                                                1 	(obj:0)
x270                                                1 	(obj:0)
x271                                                1 	(obj:0)
x272                                                1 	(obj:0)
x274                                                1 	(obj:0)
x277                                                1 	(obj:0)
x279                                                1 	(obj:0)
x281                                                1 	(obj:0)
x283                                                1 	(obj:0)
x286                                                1 	(obj:0)
x287                                                1 	(obj:0)
x292                                                1 	(obj:0)
x296                                                1 	(obj:0)
x305                                                1 	(obj:0)
x307                                                1 	(obj:0)
x309                                                1 	(obj:0)
x311                                                1 	(obj:0)
x316                                                1 	(obj:0)
x322                                                1 	(obj:0)
x323                                                1 	(obj:0)
x326                                                1 	(obj:0)
x328                                                1 	(obj:0)
x329                                                1 	(obj:0)
x331                                                1 	(obj:0)
x333                                                1 	(obj:0)
x335                                                1 	(obj:0)
x337                                                1 	(obj:0)
x345                                                1 	(obj:0)
x348                                                1 	(obj:0)
x349                                                1 	(obj:0)
x354                                                1 	(obj:0)
x357                                                1 	(obj:0)
x360                                                1 	(obj:0)
x362                                                1 	(obj:0)
x363                                                1 	(obj:0)
x367                                                1 	(obj:0)
x369                                                1 	(obj:0)
x375                                                1 	(obj:0)
x377                                                1 	(obj:0)
x379                                                1 	(obj:0)
x387                                                1 	(obj:0)
x388                                                1 	(obj:0)
x392                                                1 	(obj:0)
x394                                                1 	(obj:0)
x397                                                1 	(obj:0)
x398                                                1 	(obj:0)
x401                                                1 	(obj:0)
x404                                                1 	(obj:0)
x408                                                1 	(obj:0)
x410                                                1 	(obj:0)
x412                                                1 	(obj:0)
x415                                                1 	(obj:0)
x416                                                1 	(obj:0)
x418                                                1 	(obj:0)
x422                                                1 	(obj:0)
x424                                                1 	(obj:0)
x425                                                1 	(obj:0)
x429                                                1 	(obj:0)
x432                                                1 	(obj:0)
x435                                                1 	(obj:0)
x440                                                1 	(obj:0)
x441                                                1 	(obj:0)
x448                                                1 	(obj:0)
x449                                                1 	(obj:0)
x451                                                1 	(obj:0)
x453                                                1 	(obj:0)
x457                                                1 	(obj:0)
x459                                                1 	(obj:0)
x462                                                1 	(obj:0)
x463                                                1 	(obj:0)
x470                                                1 	(obj:0)
x472                                                1 	(obj:0)
x475                                                1 	(obj:0)
x478                                                1 	(obj:0)
x482                                                1 	(obj:0)
x487                                                1 	(obj:0)
x489                                                1 	(obj:0)
x494                                                1 	(obj:0)
x496                                                1 	(obj:0)
x502                                                1 	(obj:0)
x507                                                1 	(obj:0)
x508                                                1 	(obj:0)
x510                                                1 	(obj:0)
x511                                                1 	(obj:0)
x513                                                1 	(obj:0)
x514                                                1 	(obj:0)
x517                                                1 	(obj:0)
x518                                                1 	(obj:0)
x521                                                1 	(obj:0)
x524                                                1 	(obj:0)
x526                                                1 	(obj:0)
x528                                                1 	(obj:0)
x532                                                1 	(obj:0)
x536                                                1 	(obj:0)
x537                                                1 	(obj:0)
x538                                                1 	(obj:0)
x541                                                1 	(obj:0)
x543                                                1 	(obj:0)
x545                                                1 	(obj:0)
x547                                                1 	(obj:0)
x549                                                1 	(obj:0)
x550                                                1 	(obj:0)
x553                                                1 	(obj:0)
x554                                                1 	(obj:0)
x556                                                1 	(obj:0)
x559                                                1 	(obj:0)
x563                                                1 	(obj:0)
x566                                                1 	(obj:0)
x567                                                1 	(obj:0)
x570                                                1 	(obj:0)
x572                                                1 	(obj:0)
x577                                                1 	(obj:0)
x579                                                1 	(obj:0)
x585                                                1 	(obj:0)
x586                                                1 	(obj:0)
x589                                                1 	(obj:0)
x592                                                1 	(obj:0)
x593                                                1 	(obj:0)
x595                                                1 	(obj:0)
x602                                                1 	(obj:0)
x603                                                1 	(obj:0)
x606                                                1 	(obj:0)
x611                                                1 	(obj:0)
x614                                                1 	(obj:0)
x616                                                1 	(obj:0)
x618                                                1 	(obj:0)
x619                                                1 	(obj:0)
x622                                                1 	(obj:0)
x625                                                1 	(obj:0)
x628                                                1 	(obj:0)
x630                                                1 	(obj:0)
x631                                                1 	(obj:0)
x633                                                1 	(obj:0)
x635                                                1 	(obj:0)
x637                                                1 	(obj:0)
x639                                                1 	(obj:0)
x641                                                1 	(obj:0)
x645                                                1 	(obj:0)
x647                                                1 	(obj:0)
x650                                                1 	(obj:0)
x651                                                1 	(obj:0)
x654                                                1 	(obj:0)
x655                                                1 	(obj:0)
x660                                                1 	(obj:0)
x661                                                1 	(obj:0)
x664                                                1 	(obj:0)
x666                                                1 	(obj:0)
x672                                                1 	(obj:0)
x675                                                1 	(obj:0)
x677                                                1 	(obj:0)
x679                                                1 	(obj:0)
x681                                                1 	(obj:0)
x685                                                1 	(obj:0)
x686                                                1 	(obj:0)
x688                                                1 	(obj:0)
x690                                                1 	(obj:0)
x693                                                1 	(obj:0)
x694                                                1 	(obj:0)
x696                                                1 	(obj:0)
x698                                                1 	(obj:0)
x703                                                1 	(obj:0)
x705                                                1 	(obj:0)
x708                                                1 	(obj:0)
x709                                                1 	(obj:0)
x714                                                1 	(obj:0)
x716                                                1 	(obj:0)
x720                                                1 	(obj:0)
x723                                                1 	(obj:0)
x725                                                1 	(obj:0)
x728                                                1 	(obj:0)
x730                                                1 	(obj:0)
x731                                                1 	(obj:0)
x733                                                1 	(obj:0)
x735                                                1 	(obj:0)
x737                                                1 	(obj:0)
x740                                                1 	(obj:0)
x742                                                1 	(obj:0)
x743                                                1 	(obj:0)
x746                                                1 	(obj:0)
x747                                                1 	(obj:0)
x749                                                1 	(obj:0)
x751                                                1 	(obj:0)
x754                                                1 	(obj:0)
x755                                                1 	(obj:0)
x759                                                1 	(obj:0)
x763                                                1 	(obj:0)
x764                                                1 	(obj:0)
x766                                                1 	(obj:0)
x770                                                1 	(obj:0)
x772                                                1 	(obj:0)
x774                                                1 	(obj:0)
x777                                                1 	(obj:0)
x779                                                1 	(obj:0)
x782                                                1 	(obj:0)
x790                                                1 	(obj:0)
x794                                                1 	(obj:0)
x49                                                 1 	(obj:0)
x53                                                 1 	(obj:0)
x62                                                 1 	(obj:0)
x66                                                 1 	(obj:0)
x70                                                 1 	(obj:0)
x75                                                 1 	(obj:0)
x80                                                 1 	(obj:0)
x82                                                 1 	(obj:0)
x86                                                 1 	(obj:0)
x91                                                 1 	(obj:0)
x94                                                 1 	(obj:0)
x100                                                1 	(obj:0)
x104                                                1 	(obj:0)
x108                                                1 	(obj:0)
x111                                                1 	(obj:0)
x115                                                1 	(obj:0)
x123                                                1 	(obj:0)
x128                                                1 	(obj:0)
x131                                                1 	(obj:0)
x136                                                1 	(obj:0)
x138                                                1 	(obj:0)
x145                                                1 	(obj:0)
x155                                                1 	(obj:0)
x158                                                1 	(obj:0)
x168                                                1 	(obj:0)
x171                                                1 	(obj:0)
x176                                                1 	(obj:0)
x178                                                1 	(obj:0)
x183                                                1 	(obj:0)
x188                                                1 	(obj:0)
x192                                                1 	(obj:0)
x194                                                1 	(obj:0)
x200                                                1 	(obj:0)
x202                                                1 	(obj:0)
x210                                                1 	(obj:0)
x222                                                1 	(obj:0)
x226                                                1 	(obj:0)
x232                                                1 	(obj:0)
x240                                                1 	(obj:0)
xx0                                               100 	(obj:1)
x797                                              450 	(obj:0)
x798                                              362 	(obj:0)
x799                                               40 	(obj:0)
x800                                               32 	(obj:0)
x795                                              362 	(obj:0)
x796                                               37 	(obj:0)
x803                                              424 	(obj:0)
x804                                              352 	(obj:0)
x805                                               50 	(obj:0)
x806                                               42 	(obj:0)
x801                                              352 	(obj:0)
x802                                               46 	(obj:0)
x809                                              142 	(obj:0)
x810                                               79 	(obj:0)
x811                                               92 	(obj:0)
x812                                               84 	(obj:0)
x807                                              127 	(obj:0)
x808                                               90 	(obj:0)
x815                                              141 	(obj:0)
x816                                               77 	(obj:0)
x817                                               92 	(obj:0)
x818                                               84 	(obj:0)
x813                                              141 	(obj:0)
x814                                               84 	(obj:0)
x821                                              189 	(obj:0)
x822                                              101 	(obj:0)
x823                                               81 	(obj:0)
x824                                               73 	(obj:0)
x819                                              189 	(obj:0)
x820                                               81 	(obj:0)
x827                                               96 	(obj:0)
x828                                               44 	(obj:0)
x829                                              100 	(obj:0)
x830                                               92 	(obj:0)
x825                                               96 	(obj:0)
x826                                               92 	(obj:0)
x833                                              101 	(obj:0)
x834                                                8 	(obj:0)
x835                                               78 	(obj:0)
x836                                               70 	(obj:0)
x831                                               74 	(obj:0)
x832                                               70 	(obj:0)
x839                                              192 	(obj:0)
x840                                               54 	(obj:0)
x841                                               47 	(obj:0)
x842                                               38 	(obj:0)
x837                                               54 	(obj:0)
x838                                               47 	(obj:0)
x845                                              307 	(obj:0)
x846                                              275 	(obj:0)
x847                                               40 	(obj:0)
x848                                               32 	(obj:0)
x843                                              307 	(obj:0)
x844                                               36 	(obj:0)
x851                                              363 	(obj:0)
x852                                              317 	(obj:0)
x853                                               92 	(obj:0)
x854                                               83 	(obj:0)
x849                                              363 	(obj:0)
x850                                               83 	(obj:0)
x857                                              142 	(obj:0)
x858                                               17 	(obj:0)
x859                                              107 	(obj:0)
x860                                               99 	(obj:0)
x855                                              125 	(obj:0)
x856                                               99 	(obj:0)
x863                                              350 	(obj:0)
x864                                              252 	(obj:0)
x865                                               40 	(obj:0)
x866                                               32 	(obj:0)
x861                                              350 	(obj:0)
x862                                               40 	(obj:0)
x869                                              290 	(obj:0)
x870                                              244 	(obj:0)
x871                                               50 	(obj:0)
x872                                               42 	(obj:0)
x867                                              290 	(obj:0)
x868                                               50 	(obj:0)
x875                                              403 	(obj:0)
x876                                              355 	(obj:0)
x877                                               50 	(obj:0)
x878                                               42 	(obj:0)
x873                                              357 	(obj:0)
x874                                               50 	(obj:0)
x881                                              200 	(obj:0)
x882                                              104 	(obj:0)
x883                                              130 	(obj:0)
x884                                              122 	(obj:0)
x879                                              104 	(obj:0)
x880                                              130 	(obj:0)
x887                                              142 	(obj:0)
x888                                               75 	(obj:0)
x889                                              111 	(obj:0)
x890                                              103 	(obj:0)
x885                                               97 	(obj:0)
x886                                              103 	(obj:0)
x893                                              188 	(obj:0)
x894                                               84 	(obj:0)
x895                                               92 	(obj:0)
x896                                               84 	(obj:0)
x891                                              137 	(obj:0)
x892                                               84 	(obj:0)
x899                                              478 	(obj:0)
x900                                              355 	(obj:0)
x901                                               42 	(obj:0)
x902                                               34 	(obj:0)
x897                                              355 	(obj:0)
x898                                               42 	(obj:0)
x905                                              424 	(obj:0)
x906                                              355 	(obj:0)
x907                                               58 	(obj:0)
x908                                               50 	(obj:0)
x903                                              357 	(obj:0)
x904                                               50 	(obj:0)
x911                                               86 	(obj:0)
x912                                               19 	(obj:0)
x913                                              135 	(obj:0)
x914                                              127 	(obj:0)
x909                                               19 	(obj:0)
x910                                              135 	(obj:0)
x917                                              142 	(obj:0)
x918                                               83 	(obj:0)
x919                                              119 	(obj:0)
x920                                              111 	(obj:0)
x915                                              120 	(obj:0)
x916                                              111 	(obj:0)
x923                                              450 	(obj:0)
x924                                              377 	(obj:0)
x925                                               75 	(obj:0)
x926                                               67 	(obj:0)
x921                                              377 	(obj:0)
x922                                               75 	(obj:0)
x929                                              203 	(obj:0)
x930                                              142 	(obj:0)
x931                                              113 	(obj:0)
x932                                              104 	(obj:0)
x927                                              203 	(obj:0)
x928                                              104 	(obj:0)
x935                                              151 	(obj:0)
x936                                               32 	(obj:0)
x937                                               86 	(obj:0)
x938                                               78 	(obj:0)
x933                                              128 	(obj:0)
x934                                               84 	(obj:0)
x941                                              192 	(obj:0)
x942                                              124 	(obj:0)
x943                                              101 	(obj:0)
x944                                               92 	(obj:0)
x939                                              124 	(obj:0)
x940                                               93 	(obj:0)
x947                                              355 	(obj:0)
x948                                              272 	(obj:0)
x949                                               60 	(obj:0)
x950                                               52 	(obj:0)
x945                                              355 	(obj:0)
x946                                               57 	(obj:0)
x953                                              296 	(obj:0)
x954                                              200 	(obj:0)
x955                                              103 	(obj:0)
x956                                               95 	(obj:0)
x951                                              200 	(obj:0)
x952                                               95 	(obj:0)
x959                                              189 	(obj:0)
x960                                              104 	(obj:0)
x961                                               84 	(obj:0)
x962                                               76 	(obj:0)
x957                                              189 	(obj:0)
x958                                               81 	(obj:0)
x965                                              437 	(obj:0)
x966                                              350 	(obj:0)
x967                                               40 	(obj:0)
x968                                               32 	(obj:0)
x963                                              350 	(obj:0)
x964                                               40 	(obj:0)
x971                                              129 	(obj:0)
x972                                               14 	(obj:0)
x973                                               68 	(obj:0)
x974                                               59 	(obj:0)
x969                                               86 	(obj:0)
x970                                               68 	(obj:0)
x977                                              251 	(obj:0)
x978                                              188 	(obj:0)
x979                                               94 	(obj:0)
x980                                               86 	(obj:0)
x975                                              191 	(obj:0)
x976                                               86 	(obj:0)
x983                                              244 	(obj:0)
x984                                              164 	(obj:0)
x985                                               55 	(obj:0)
x986                                               47 	(obj:0)
x981                                              213 	(obj:0)
x982                                               55 	(obj:0)
x989                                              355 	(obj:0)
x990                                              272 	(obj:0)
x991                                               63 	(obj:0)
x992                                               55 	(obj:0)
x987                                              355 	(obj:0)
x988                                               57 	(obj:0)
x995                                              422 	(obj:0)
x996                                              358 	(obj:0)
x997                                               60 	(obj:0)
x998                                               52 	(obj:0)
x993                                              358 	(obj:0)
x994                                               52 	(obj:0)
x1001                                             403 	(obj:0)
x1002                                             308 	(obj:0)
x1003                                               8 	(obj:0)
x999                                              308 	(obj:0)
x1000                                               8 	(obj:0)
x1007                                             313 	(obj:0)
x1008                                             251 	(obj:0)
x1009                                              94 	(obj:0)
x1010                                              86 	(obj:0)
x1005                                             251 	(obj:0)
x1006                                              94 	(obj:0)
x1013                                             228 	(obj:0)
x1014                                             151 	(obj:0)
x1015                                              84 	(obj:0)
x1016                                              76 	(obj:0)
x1011                                             228 	(obj:0)
x1012                                              81 	(obj:0)
x1019                                             262 	(obj:0)
x1020                                             222 	(obj:0)
x1021                                              40 	(obj:0)
x1022                                              32 	(obj:0)
x1017                                             262 	(obj:0)
x1018                                              40 	(obj:0)
x1025                                             194 	(obj:0)
x1026                                             129 	(obj:0)
x1027                                              76 	(obj:0)
x1028                                              68 	(obj:0)
x1023                                             194 	(obj:0)
x1024                                              70 	(obj:0)
x1031                                              75 	(obj:0)
x1032                                               4 	(obj:0)
x1033                                             113 	(obj:0)
x1034                                             104 	(obj:0)
x1029                                              60 	(obj:0)
x1030                                             104 	(obj:0)
x1037                                              67 	(obj:0)
x1039                                             127 	(obj:0)
x1040                                             119 	(obj:0)
x1035                                              67 	(obj:0)
x1036                                             125 	(obj:0)
x1043                                             352 	(obj:0)
x1044                                             297 	(obj:0)
x1045                                              54 	(obj:0)
x1046                                              46 	(obj:0)
x1041                                             352 	(obj:0)
x1042                                              46 	(obj:0)
x1049                                             352 	(obj:0)
x1050                                             284 	(obj:0)
x1051                                              52 	(obj:0)
x1052                                              44 	(obj:0)
x1047                                             352 	(obj:0)
x1048                                              46 	(obj:0)
x1055                                             358 	(obj:0)
x1056                                             275 	(obj:0)
x1057                                              76 	(obj:0)
x1058                                              68 	(obj:0)
x1053                                             358 	(obj:0)
x1054                                              68 	(obj:0)
x1061                                             322 	(obj:0)
x1062                                             242 	(obj:0)
x1063                                             124 	(obj:0)
x1064                                             115 	(obj:0)
x1059                                             322 	(obj:0)
x1060                                             115 	(obj:0)
x1067                                             272 	(obj:0)
x1068                                             159 	(obj:0)
x1069                                              68 	(obj:0)
x1070                                              60 	(obj:0)
x1065                                             232 	(obj:0)
x1066                                              68 	(obj:0)
x1073                                             355 	(obj:0)
x1074                                             296 	(obj:0)
x1075                                              42 	(obj:0)
x1076                                              34 	(obj:0)
x1071                                             355 	(obj:0)
x1072                                              42 	(obj:0)
x1079                                             265 	(obj:0)
x1080                                             185 	(obj:0)
x1081                                              23 	(obj:0)
x1082                                              15 	(obj:0)
x1077                                             265 	(obj:0)
x1078                                              23 	(obj:0)

Statistics
==========

SCIP Status        : solving was interrupted [time limit reached]
Total Time         :   86834.85
  solving          :   86834.83
  presolving       :       0.06 (included in solving)
  reading          :       0.03
  copying          :       0.01 (2 #copies) (minimal 0.00, maximal 0.00, average 0.00)
Original Problem   :
  Problem name     : berlin_5_8_0
  Variables        : 1083 (794 binary, 0 integer, 0 implicit integer, 289 continuous)
  Constraints      : 1532 initial, 1532 maximal
  Objective        : minimize, 49 non-zeros (abs.min = 1, abs.max = 1)
Presolved Problem  :
  Problem name     : t_berlin_5_8_0
  Variables        : 983 (794 binary, 0 integer, 0 implicit integer, 189 continuous)
  Constraints      : 1333 initial, 1381 maximal
  Objective        : minimize, 48 non-zeros (abs.min = 1, abs.max = 1)
  Nonzeros         : 4110 constraint, 42 clique table
Presolvers         :   ExecTime  SetupTime  Calls  FixedVars   AggrVars   ChgTypes  ChgBounds   AddHoles    DelCons    AddCons   ChgSides   ChgCoefs
  boundshift       :       0.00       0.00      0          0          0          0          0          0          0          0          0          0
  convertinttobin  :       0.00       0.00      0          0          0          0          0          0          0          0          0          0
  domcol           :       0.00       0.00      1          0          0          0          0          0          0          0          0          0
  dualagg          :       0.00       0.00      0          0          0          0          0          0          0          0          0          0
  dualcomp         :       0.00       0.00      1          0          0          0          0          0          0          0          0          0
  dualinfer        :       0.00       0.00      0          0          0          0          0          0          0          0          0          0
  dualsparsify     :       0.00       0.00      1          0          0          0          0          0          0          0          0          0
  gateextraction   :       0.00       0.00      0          0          0          0          0          0          0          0          0          0
  implics          :       0.00       0.00      3          0          0          0          0          0          0          0          0          0
  inttobinary      :       0.00       0.00      0          0          0          0          0          0          0          0          0          0
  qpkktref         :       0.00       0.00      0          0          0          0          0          0          0          0          0          0
  redvub           :       0.00       0.00      0          0          0          0          0          0          0          0          0          0
  sparsify         :       0.00       0.00      1          0          0          0          0          0          0          0          0          0
  stuffing         :       0.00       0.00      0          0          0          0          0          0          0          0          0          0
  trivial          :       0.00       0.00     41          0          0          0          0          0          0          0          0          0
  tworowbnd        :       0.00       0.00      0          0          0          0          0          0          0          0          0          0
  dualfix          :       0.00       0.00     41          0          0          0          0          0          0          0          0          0
  genvbounds       :       0.00       0.00      0          0          0          0          0          0          0          0          0          0
  probing          :       0.02       0.00      1          0          0          0          0          0          0          0          0          0
  pseudoobj        :       0.00       0.00      0          0          0          0          0          0          0          0          0          0
  symmetry         :       0.00       0.00      1          0          0          0          0          0          0          0          0          0
  vbounds          :       0.00       0.00      0          0          0          0          0          0          0          0          0          0
  knapsack         :       0.00       0.00      0          0          0          0          0          0          0          0          0          0
  setppc           :       0.00       0.00      0          0          0          0          0          0          0          0          0          0
  linear           :       0.03       0.00     44          1         99          0       2147          0        199          0          0          0
  logicor          :       0.00       0.00      3          0          0          0          0          0          0          0          0          0
  benders          :       0.00       0.00      0          0          0          0          0          0          0          0          0          0
  components       :       0.00       0.00      1          0          0          0          0          0          0          0          0          0
  root node        :          -          -      -          0          -          -          0          -          -          -          -          -
Constraints        :     Number  MaxNumber  #Separate #Propagate    #EnfoLP    #EnfoRelax  #EnfoPS    #Check   #ResProp    Cutoffs    DomReds       Cuts    Applied      Conss   Children
  benderslp        :          0          0          0          0         79          0          0         26          0          0          0          0          0          0          0
  integral         :          0          0          0          0         79          0          0         26          0          0          0          0          0          7        148
  knapsack         :          0+         2          0       1404          0          0          0          0          0          2          1          0          0          0          0
  setppc           :          0+        36          0       1506          0          0          0          0          0          7         21          0          0          0          0
  linear           :       1024+      1036         12       9982          0          0          0         24          0          1       4213          0          0          0          0
  logicor          :        309+       311         12       1519          0          0          0          3          1          0          0          0          0          0          0
  benders          :          0          0          0          0          0          0          0          4          0          0          0          0          0          0          0
  fixedvar         :          0          0          0          0          0          0          0          4          0          0          0          0          0          0          0
  countsols        :          0          0          0          0          0          0          0          4          0          0          0          0          0          0          0
  components       :          0          0          0          0          0          0          0          0          0          0          0          0          0          0          0
Constraint Timings :  TotalTime  SetupTime   Separate  Propagate     EnfoLP     EnfoPS     EnfoRelax   Check    ResProp    SB-Prop
  benderslp        :       0.00       0.00       0.00       0.00       0.00       0.00       0.00       0.00       0.00       0.00
  integral         :   86832.91       0.00       0.00       0.00   86832.91       0.00       0.00       0.00       0.00       0.00
  knapsack         :       0.00       0.00       0.00       0.00       0.00       0.00       0.00       0.00       0.00       0.00
  setppc           :       0.00       0.00       0.00       0.00       0.00       0.00       0.00       0.00       0.00       0.00
  linear           :       0.12       0.00       0.00       0.12       0.00       0.00       0.00       0.00       0.00       0.00
  logicor          :       0.00       0.00       0.00       0.00       0.00       0.00       0.00       0.00       0.00       0.00
  benders          :       0.00       0.00       0.00       0.00       0.00       0.00       0.00       0.00       0.00       0.00
  fixedvar         :       0.00       0.00       0.00       0.00       0.00       0.00       0.00       0.00       0.00       0.00
  countsols        :       0.00       0.00       0.00       0.00       0.00       0.00       0.00       0.00       0.00       0.00
  components       :       0.00       0.00       0.00       0.00       0.00       0.00       0.00       0.00       0.00       0.00
Propagators        : #Propagate   #ResProp    Cutoffs    DomReds
  dualfix          :          3          0          0          0
  genvbounds       :          0          0          0          0
  nlobbt           :          0          0          0          0
  obbt             :          0          0          0          0
  probing          :          0          0          0          0
  pseudoobj        :        481          0          0          0
  redcost          :        186          0          0          0
  rootredcost      :          1          0          0          0
  symmetry         :          0          0          0          0
  vbounds          :       1819          0          0          0
Propagator Timings :  TotalTime  SetupTime   Presolve  Propagate    ResProp    SB-Prop
  dualfix          :       0.00       0.00       0.00       0.00       0.00       0.00
  genvbounds       :       0.00       0.00       0.00       0.00       0.00       0.00
  nlobbt           :       0.00       0.00       0.00       0.00       0.00       0.00
  obbt             :       0.00       0.00       0.00       0.00       0.00       0.00
  probing          :       0.02       0.00       0.02       0.00       0.00       0.00
  pseudoobj        :       0.00       0.00       0.00       0.00       0.00       0.00
  redcost          :       0.00       0.00       0.00       0.00       0.00       0.00
  rootredcost      :       0.00       0.00       0.00       0.00       0.00       0.00
  symmetry         :       0.01       0.00       0.00       0.00       0.00       0.00
  vbounds          :       0.00       0.00       0.00       0.00       0.00       0.00
Symmetry           :
  orbitopal red.   :          0 reductions applied,          0 cutoffs
  orbital reduction:          0 reductions applied,          0 cutoffs
  lexicographic red:          0 reductions applied,          0 cutoffs
  shadow tree time :       0.00 s
Conflict Analysis  :       Time      Calls    Success    DomReds  Conflicts   Literals    Reconvs ReconvLits   Dualrays   Nonzeros   LP Iters   (pool size: [10000,10000])
  propagation      :       0.00          9          0          -          0        0.0          0        0.0          -          -          -
  infeasible LP    :       0.00         34         24          -         24        2.1          0        0.0         24        2.4          0
  bound exceed. LP :       0.00          0          0          -          0        0.0          0        0.0          0        0.0          0
  strong branching :       0.00          0          0          -          0        0.0          0        0.0          -          -          0
  pseudo solution  :       0.00          0          0          -          0        0.0          0        0.0          -          -          -
  applied globally :       0.00          -          -          0         24        2.1          -          -         24          -          -
  applied locally  :          -          -          -          0          0        0.0          -          -          0          -          -
Separators         :   ExecTime  SetupTime      Calls  RootCalls    Cutoffs    DomReds  FoundCuts ViaPoolAdd  DirectAdd    Applied ViaPoolApp  DirectApp      Conss
  cut pool         :       0.01          -         37         24          -          -       8199      24317          -          -          -          -          -    (maximal pool size:       8193)
  aggregation      :       0.59       0.00         12         12          0          0       5379      14640          0       1016       1016          0          0
  > cmir           :          -          -          -          -          -          -          -      14346          0        937        937          0          -
  > flowcover      :          -          -          -          -          -          -          -        285          0         76         76          0          -
  > knapsackcover  :          -          -          -          -          -          -          -          9          0          3          3          0          -
  cgmip            :       0.00       0.00          0          0          0          0          0          0          0          0          0          0          0
  clique           :       0.00       0.00          1          1          0          0          0          0          0          0          0          0          0
  closecuts        :       0.00       0.00          0          0          0          0          0          0          0          0          0          0          0
  convexproj       :       0.00       0.00          0          0          0          0          0          0          0          0          0          0          0
  disjunctive      :       0.00       0.00          0          0          0          0          0          0          0          0          0          0          0
  eccuts           :       0.00       0.00          0          0          0          0          0          0          0          0          0          0          0
  gauge            :       0.00       0.00          0          0          0          0          0          0          0          0          0          0          0
  gomory           :       0.11       0.00         10         10          0          0       1072       2379          0        441        441          0          0
  > gomorymi       :          -          -          -          -          -          -          -       2377          0        440        440          0          -
  > strongcg       :          -          -          -          -          -          -          -          2          0          1          1          0          -
  impliedbounds    :       0.00       0.00         12         12          0          0        990       2551          0        141        141          0          0
  interminor       :       0.00       0.00          0          0          0          0          0          0          0          0          0          0          0
  intobj           :       0.00       0.00          0          0          0          0          0          0          0          0          0          0          0
  lagromory        :       0.00       0.00          0          0          0          0          0          0          0          0          0          0          0
  mcf              :       0.00       0.00          1          1          0          0          0          0          0          0          0          0          0
  minor            :       0.00       0.00          0          0          0          0          0          0          0          0          0          0          0
  mixing           :       0.00       0.00         12         12          0          0        750       4742          0        122        122          0          0
  oddcycle         :       0.00       0.00          0          0          0          0          0          0          0          0          0          0          0
  rapidlearning    :       0.00       0.00          0          0          0          0          0          0          0          0          0          0          0
  rlt              :       0.00       0.00         10         10          0          0          0          0          0          0          0          0          0
  zerohalf         :       0.00       0.00         12         12          0          0          2          5          0          4          4          0          0
Cutselectors       :   ExecTime  SetupTime      Calls  RootCalls   Selected     Forced   Filtered  RootSelec   RootForc   RootFilt 
  hybrid           :       0.02       0.00         26         13       1724          0      22593       1096          0      13704
  ensemble         :       0.00       0.00          0          0          0          0          0          0          0          0
  dynamic          :       0.00       0.00          0          0          0          0          0          0          0          0
Pricers            :   ExecTime  SetupTime      Calls       Vars
  problem variables:       0.00          -          0          0
Branching Rules    :   ExecTime  SetupTime   BranchLP  BranchExt   BranchPS    Cutoffs    DomReds       Cuts      Conss   Children
  allfullstrong    :       0.00       0.00          0          0          0          0          0          0          0          0
  cloud            :       0.00       0.00          0          0          0          0          0          0          0          0
  distribution     :       0.00       0.00          0          0          0          0          0          0          0          0
  fullstrong       :       0.00       0.00          0          0          0          0          0          0          0          0
  general_disjuncti:   86832.67       0.00         79          0          0          0          0          0          7         20
  GeneralDisjunction(extra): subMILPs=515 fairNodes of all MILPs=435910 probingLPs=106
  gomory           :       0.00       0.00          0          0          0          0          0          0          0          0
  inference        :       0.00       0.00          0          0          0          0          0          0          0          0
  leastinf         :       0.00       0.00          0          0          0          0          0          0          0          0
  lookahead        :       0.00       0.00          0          0          0          0          0          0          0          0
  mostinf          :       0.00       0.00          0          0          0          0          0          0          0          0
  multaggr         :       0.00       0.00          0          0          0          0          0          0          0          0
  nodereopt        :       0.00       0.00          0          0          0          0          0          0          0          0
  pscost           :       0.00       0.00          0          0          0          0          0          0          0          0
  random           :       0.00       0.00          0          0          0          0          0          0          0          0
  relpscost        :       0.24       0.00         64          0          0          0          0          0          0        128
  vanillafullstrong:       0.00       0.00          0          0          0          0          0          0          0          0
Primal Heuristics  :   ExecTime  SetupTime      Calls      Found       Best
  LP solutions     :       0.00          -          -          0          0
  relax solutions  :       0.00          -          -          0          0
  pseudo solutions :       0.00          -          -          0          0
  strong branching :       0.00          -          -          0          0
  actconsdiving    :       0.00       0.00          0          0          0
  adaptivediving   :       0.02       0.00          1          0          0
  alns             :       0.02       0.00          1          1          1
  bound            :       0.00       0.00          0          0          0
  clique           :       0.00       0.00          0          0          0
  coefdiving       :       0.00       0.00          0          0          0
  completesol      :       0.00       0.00          0          0          0
  conflictdiving   :       0.01       0.00          1          0          0
  crossover        :       0.00       0.00          0          0          0
  dins             :       0.00       0.00          0          0          0
  distributiondivin:       0.03       0.00          1          0          0
  dps              :       0.00       0.00          0          0          0
  dualval          :       0.00       0.00          0          0          0
  farkasdiving     :       0.00       0.00          0          0          0
  feaspump         :       0.07       0.00          1          1          1
  fixandinfer      :       0.00       0.00          0          0          0
  fracdiving       :       0.01       0.00          1          0          0
  gins             :       0.00       0.00          0          0          0
  guideddiving     :       0.00       0.00          0          0          0
  indicator        :       0.00       0.00          0          0          0
  indicatordiving  :       0.00       0.00          0          0          0
  intdiving        :       0.00       0.00          0          0          0
  intshifting      :       0.00       0.00          3          0          0
  linesearchdiving :       0.00       0.00          0          0          0
  localbranching   :       0.00       0.00          0          0          0
  locks            :       0.01       0.00          1          1          1
  lpface           :       0.00       0.00          0          0          0
  mpec             :       0.00       0.00          0          0          0
  multistart       :       0.00       0.00          0          0          0
  mutation         :       0.00       0.00          0          0          0
  nlpdiving        :       0.00       0.00          0          0          0
  objpscostdiving  :       0.00       0.00          0          0          0
  octane           :       0.00       0.00          0          0          0
  ofins            :       0.00       0.00          0          0          0
  oneopt           :       0.00       0.00          2          0          0
  padm             :       0.00       0.00          0          0          0
  proximity        :       0.00       0.00          0          0          0
  pscostdiving     :       0.01       0.00          1          0          0
  randrounding     :       0.15       0.00         15          0          0
  rens             :       0.18       0.00          1          0          0
  reoptsols        :       0.00       0.00          0          0          0
  repair           :       0.00       0.00          0          0          0
  rins             :       0.00       0.00          0          0          0
  rootsoldiving    :       0.00       0.00          0          0          0
  rounding         :       0.01       0.00        102          0          0
  scheduler        :       0.00       0.00          0          0          0
  shiftandpropagate:       0.00       0.00          0          0          0
  shifting         :       0.05       0.00         34          0          0
  simplerounding   :       0.00       0.00        106          0          0
  subnlp           :       0.00       0.00          0          0          0
  trivial          :       0.00       0.00          2          0          0
  trivialnegation  :       0.00       0.00          0          0          0
  trustregion      :       0.00       0.00          0          0          0
  trysol           :       0.00       0.00          0          0          0
  twoopt           :       0.00       0.00          0          0          0
  undercover       :       0.00       0.00          0          0          0
  vbounds          :       0.00       0.00          0          0          0
  veclendiving     :       0.03       0.00          1          0          0
  zeroobj          :       0.00       0.00          0          0          0
  zirounding       :       0.01       0.00         73          0          0
  other solutions  :          -          -          -          0          -
LNS (Scheduler)    :      Calls  SetupTime  SolveTime SolveNodes       Sols       Best       Exp3    Exp3-IX  EpsGreedy        UCB TgtFixRate  Opt  Inf Node Stal  Sol  Usr Othr Actv
  rens             :          0       0.00       0.00          0          0          0    0.00000    0.12500   -1.00000    1.00000      0.900    0    0    0    0    0    0    0    1
  rins             :          0       0.00       0.00          0          0          0    0.00000    0.12500   -1.00000    1.00000      0.900    0    0    0    0    0    0    0    1
  mutation         :          0       0.00       0.00          0          0          0    0.00000    0.12500   -1.00000    1.00000      0.900    0    0    0    0    0    0    0    1
  localbranching   :          0       0.00       0.00          0          0          0    0.00000    0.12500   -1.00000    1.00000      0.900    0    0    0    0    0    0    0    1
  crossover        :          0       0.00       0.00          0          0          0    0.00000    0.12500   -1.00000    1.00000      0.900    0    0    0    0    0    0    0    1
  proximity        :          0       0.00       0.00          0          0          0    0.00000    0.12500   -1.00000    1.00000      0.900    0    0    0    0    0    0    0    1
  zeroobjective    :          0       0.00       0.00          0          0          0    0.00000    0.12500   -1.00000    1.00000      0.900    0    0    0    0    0    0    0    1
  dins             :          0       0.00       0.00          0          0          0    0.00000    0.12500   -1.00000    1.00000      0.900    0    0    0    0    0    0    0    1
  trustregion      :          0       0.00       0.00          0          0          0    0.00000    0.00000   -1.00000    1.00000      0.900    0    0    0    0    0    0    0    0
LP                 :       Time      Calls Iterations  Iter/call   Iter/sec  Time-0-It Calls-0-It    ItLimit
  primal LP        :       0.03          9          0       0.00       0.00       0.03          9
  dual LP          :       0.43        108       9640      89.26   22328.25       0.00          0
  lex dual LP      :       0.00          0          0       0.00          -
  barrier LP       :       0.00          0          0       0.00          -       0.00          0
  resolve instable :       0.00          0          0       0.00          -
  diving/probing LP:       0.30        136       5873      43.18   19775.54
  strong branching :       0.41         38       7684     202.21   18665.89          -          -          1
    (at root node) :          -         38       7684     202.21          -
  conflict analysis:       0.00          0          0       0.00          -
B&B Tree           :
  number of runs   :          1
  nodes            :         81 (74 internal, 7 leaves)
  feasible leaves  :          0
  infeas. leaves   :          7
  objective leaves :          0
  nodes (total)    :         81 (74 internal, 7 leaves)
  nodes left       :         67
  max depth        :         15
  max depth (total):         15
  backtracks       :         10 (12.3%)
  early backtracks :          0 (0.0%)
  nodes exc. ref.  :          0 (0.0%)
  delayed cutoffs  :          1
  repropagations   :         15 (4 domain reductions, 0 cutoffs)
  avg switch length:       2.56
  switching time   :       0.03
Root Node          :
  First LP value   : +5.20000000000000e+01
  First LP Iters   :        632 (147560.12 Iter/sec)
  First LP Time    :       0.00
  Final Dual Bound : +5.20000000000000e+01
  Final Root Iters :       3519
  Root LP Estimate : +5.20432291523949e+01
Solution           :
  Solutions found  :          3 (3 improvements)
  First Solution   : +9.00000000000000e+01   (in run 1, after 1 nodes, 0.07 seconds, depth 12, found by <locks>)
  Gap First Sol.   :      73.08 %
  Gap Last Sol.    :      34.62 %
  Primal Bound     : +7.00000000000000e+01   (in run 1, after 1 nodes, 1.21 seconds, depth 0, found by <alns>)
  Dual Bound       : +5.20000000000000e+01
  Gap              :      34.62 %
Integrals          :      Total       Avg%
  primal-dual      : 2232916.83      25.71
  primal-ref       :          -          - (not evaluated)
  dual-ref         :          -          - (not evaluated)
