SCIP version 9.2.2 [precision: 8 byte] [memory: block] [mode: optimized] [LP solver: CPLEX 12.10.0.0] [GitHash: 416226a4f8]
Copyright (c) 2002-2025 Zuse Institute Berlin (ZIB)

reading parameter file </scratch/htc/yzhou/exp_scipmip/settings/allon_gendj.set>

read problem </scratch/htc/yzhou/exp_scipmip/instances/additional/csched007.mps>
============

original problem has 1758 variables (1457 bin, 0 int, 0 impl, 301 cont) and 351 constraints
    351 constraints of type <linear>
Reading Time: 0.01
solve problem
=============
LP Solver <CPLEX 12.10.0.0>: fastmip setting not available -- SCIP parameter has no effect
LP Solver <CPLEX 12.10.0.0>: clock type cannot be set
LP Solver <CPLEX 12.10.0.0>: row representation of the basis not available -- SCIP parameter lp/rowrepswitch has no effect
LP Solver <CPLEX 12.10.0.0>: solution polishing not available -- SCIP parameter lp/solutionpolishing has no effect
LP Solver <CPLEX 12.10.0.0>: refactorization interval not available -- SCIP parameter lp/refactorinterval has no effect
transformed problem has 1758 variables (1457 bin, 0 int, 0 impl, 301 cont) and 351 constraints
    351 constraints of type <linear>

original problem has 6379 active (1.03378%) nonzeros and 6379 (1.03378%) check nonzeros

presolving:
(round 1, fast)       55 del vars, 54 del conss, 247 add conss, 5 chg bounds, 0 chg sides, 0 chg coeffs, 0 upgd conss, 50 impls, 174 clqs
(round 2, fast)       105 del vars, 105 del conss, 453 add conss, 5 chg bounds, 1 chg sides, 0 chg coeffs, 0 upgd conss, 50 impls, 174 clqs
(round 3, fast)       105 del vars, 111 del conss, 453 add conss, 5 chg bounds, 646 chg sides, 1830 chg coeffs, 0 upgd conss, 50 impls, 215 clqs
(round 4, exhaustive) 105 del vars, 184 del conss, 453 add conss, 5 chg bounds, 661 chg sides, 1830 chg coeffs, 0 upgd conss, 50 impls, 215 clqs
(round 5, exhaustive) 105 del vars, 184 del conss, 453 add conss, 5 chg bounds, 661 chg sides, 1830 chg coeffs, 82 upgd conss, 50 impls, 215 clqs
(round 6, fast)       105 del vars, 199 del conss, 468 add conss, 5 chg bounds, 661 chg sides, 1849 chg coeffs, 82 upgd conss, 53 impls, 215 clqs
(round 7, fast)       105 del vars, 199 del conss, 468 add conss, 5 chg bounds, 663 chg sides, 1866 chg coeffs, 82 upgd conss, 53 impls, 215 clqs
(round 8, medium)     105 del vars, 204 del conss, 473 add conss, 5 chg bounds, 667 chg sides, 1919 chg coeffs, 82 upgd conss, 53 impls, 219 clqs
(round 9, medium)     105 del vars, 205 del conss, 473 add conss, 5 chg bounds, 667 chg sides, 1919 chg coeffs, 82 upgd conss, 53 impls, 219 clqs
(round 10, exhaustive) 105 del vars, 225 del conss, 473 add conss, 5 chg bounds, 667 chg sides, 1919 chg coeffs, 82 upgd conss, 53 impls, 219 clqs
   (0.0s) probing: 100/1457 (6.9%) - 0 fixings, 0 aggregations, 39 implications, 1 bound changes
   (0.0s) probing: 122/1457 (8.4%) - 0 fixings, 0 aggregations, 39 implications, 1 bound changes
   (0.0s) probing aborted: 50/50 successive totally useless probings
   (0.0s) symmetry computation started: requiring (bin +, int +, cont +), (fixed: bin -, int -, cont -)
   (0.0s) no symmetry present (symcode time: 0.00)
clique table cleanup detected 0 bound changes

presolved problem has 9322 active (0.941476%) nonzeros and 5213 (0.526487%) check nonzeros

presolving (11 rounds: 11 fast, 6 medium, 4 exhaustive):
 105 deleted vars, 225 deleted constraints, 473 added constraints, 6 tightened bounds, 0 added holes, 667 changed sides, 1919 changed coefficients
 92 implications, 219 cliques
presolved problem has 1653 variables (1457 bin, 0 int, 196 impl, 0 cont) and 599 constraints
     11 constraints of type <varbound>
     50 constraints of type <setppc>
    538 constraints of type <linear>
transformed objective value is always integral (scale: 1)
Presolving Time: 0.04

 time | node  | left  |LP iter|LP it/n|mem/heur|mdpt |vars |cons |rows |cuts |sepa|confs|strbr|  dualbound   | primalbound  |  gap   | compl. 
  0.1s|     1 |     0 |   620 |     - |    19M |   0 |1653 | 618 | 598 |   0 |  0 |  19 |   0 | 2.692516e+02 |      --      |    Inf | unknown
  0.2s|     1 |     0 |  2446 |     - |    23M |   0 |1653 | 618 | 647 |  49 |  1 |  19 |   0 | 2.792369e+02 |      --      |    Inf | unknown
  0.3s|     1 |     0 |  2586 |     - |    24M |   0 |1653 | 618 | 692 |  94 |  2 |  19 |   0 | 2.836100e+02 |      --      |    Inf | unknown
  0.3s|     1 |     0 |  2791 |     - |    26M |   0 |1653 | 618 | 734 | 136 |  3 |  19 |   0 | 2.894665e+02 |      --      |    Inf | unknown
  0.4s|     1 |     0 |  2983 |     - |    27M |   0 |1653 | 618 | 775 | 177 |  4 |  19 |   0 | 2.925197e+02 |      --      |    Inf | unknown
  0.4s|     1 |     0 |  3174 |     - |    28M |   0 |1653 | 618 | 814 | 216 |  5 |  19 |   0 | 2.941395e+02 |      --      |    Inf | unknown
  0.5s|     1 |     0 |  3428 |     - |    29M |   0 |1653 | 618 | 852 | 254 |  6 |  19 |   0 | 2.980611e+02 |      --      |    Inf | unknown
  0.5s|     1 |     0 |  3636 |     - |    30M |   0 |1653 | 618 | 888 | 290 |  7 |  19 |   0 | 3.001401e+02 |      --      |    Inf | unknown
  0.6s|     1 |     0 |  3853 |     - |    30M |   0 |1653 | 618 | 921 | 323 |  8 |  19 |   0 | 3.015330e+02 |      --      |    Inf | unknown
  0.7s|     1 |     0 |  3973 |     - |    31M |   0 |1653 | 618 | 948 | 350 |  9 |  19 |   0 | 3.019930e+02 |      --      |    Inf | unknown
  0.7s|     1 |     0 |  4127 |     - |    31M |   0 |1653 | 618 | 973 | 375 | 10 |  19 |   0 | 3.023177e+02 |      --      |    Inf | unknown
  0.8s|     1 |     0 |  4223 |     - |    32M |   0 |1653 | 618 | 661 | 401 | 11 |  19 |   0 | 3.024971e+02 |      --      |    Inf | unknown
  0.9s|     1 |     0 |  4434 |     - |    32M |   0 |1653 | 618 | 687 | 427 | 12 |  19 |   0 | 3.030445e+02 |      --      |    Inf | unknown
  1.0s|     1 |     0 |  4667 |     - |    32M |   0 |1653 | 618 | 711 | 451 | 13 |  19 |   0 | 3.036125e+02 |      --      |    Inf | unknown
  1.1s|     1 |     0 |  4825 |     - |    33M |   0 |1653 | 618 | 736 | 476 | 14 |  19 |   0 | 3.038747e+02 |      --      |    Inf | unknown
 time | node  | left  |LP iter|LP it/n|mem/heur|mdpt |vars |cons |rows |cuts |sepa|confs|strbr|  dualbound   | primalbound  |  gap   | compl. 
  1.1s|     1 |     0 |  5037 |     - |    33M |   0 |1653 | 618 | 758 | 498 | 15 |  19 |   0 | 3.042702e+02 |      --      |    Inf | unknown
  1.2s|     1 |     0 |  5222 |     - |    33M |   0 |1653 | 618 | 781 | 521 | 16 |  19 |   0 | 3.045411e+02 |      --      |    Inf | unknown
  1.4s|     1 |     0 |  5355 |     - |    33M |   0 |1653 | 618 | 690 | 544 | 17 |  19 |   0 | 3.047706e+02 |      --      |    Inf | unknown
  1.5s|     1 |     0 |  5535 |     - |    33M |   0 |1653 | 618 | 711 | 565 | 18 |  19 |   0 | 3.050049e+02 |      --      |    Inf | unknown
  1.5s|     1 |     0 |  5640 |     - |    33M |   0 |1653 | 618 | 732 | 586 | 19 |  19 |   0 | 3.051015e+02 |      --      |    Inf | unknown
  1.6s|     1 |     0 |  5733 |     - |    34M |   0 |1653 | 618 | 762 | 616 | 20 |  19 |   0 | 3.051989e+02 |      --      |    Inf | unknown
  1.7s|     1 |     0 |  5790 |     - |    34M |   0 |1653 | 618 | 777 | 631 | 21 |  19 |   0 | 3.052374e+02 |      --      |    Inf | unknown
  1.8s|     1 |     0 |  5866 |     - |    34M |   0 |1653 | 618 | 785 | 639 | 22 |  19 |   0 | 3.052808e+02 |      --      |    Inf | unknown
  1.9s|     1 |     0 |  5873 |     - |    34M |   0 |1653 | 618 | 670 | 642 | 23 |  19 |   0 | 3.052814e+02 |      --      |    Inf | unknown
  2.0s|     1 |     0 |  5878 |     - |    34M |   0 |1653 | 618 | 671 | 643 | 24 |  19 |   0 | 3.052814e+02 |      --      |    Inf | unknown
  2.0s|     1 |     0 |  5884 |     - |    34M |   0 |1653 | 618 | 674 | 646 | 25 |  19 |   0 | 3.052815e+02 |      --      |    Inf | unknown
Truncate separation round because of stalling (10 stall rounds).
_____________________________________
Now starting branching with general disjunction
Current branching Node number: 1
LP objective value: 3953.28
Node lower bound: 3953.58
Node upper bound: 1e+20
gap to the primal bound: 1e+20
Preck submodel is infeasible, continue branching
Time limit exceeded (1000.14s), stopping submodel solve loop
General disjunction: No feasible solution found, use SCIP default branching rule
 1005s|     1 |     2 | 15798 |     - |    34M |   0 |1653 | 627 | 674 | 646 | 25 |  28 |  25 | 3.057038e+02 |      --      |    Inf | unknown
_____________________________________
Now starting branching with general disjunction
Current branching Node number: 3
LP objective value: 3953.47
Node lower bound: 3953.7
Node upper bound: 1e+20
gap to the primal bound: 1e+20
Preck submodel is infeasible, continue branching
Time limit exceeded (1000.12s), stopping submodel solve loop
General disjunction: No feasible solution found, use SCIP default branching rule
_____________________________________
Now starting branching with general disjunction
Current branching Node number: 5
LP objective value: 3954.68
Node lower bound: 3954.96
Node upper bound: 1e+20
gap to the primal bound: 1e+20
Preck submodel is infeasible, continue branching
Time limit exceeded (1000.12s), stopping submodel solve loop
General disjunction: No feasible solution found, use SCIP default branching rule
_____________________________________
Now starting branching with general disjunction
Current branching Node number: 7
LP objective value: 3962.15
Node lower bound: 3962.78
Node upper bound: 1e+20
gap to the primal bound: 1e+20
Preck submodel is infeasible, continue branching
Time limit exceeded (1000.12s), stopping submodel solve loop
General disjunction: No feasible solution found, use SCIP default branching rule
_____________________________________
Now starting branching with general disjunction
Current branching Node number: 7
LP objective value: 3962.22
Node lower bound: 3962.79
Node upper bound: 1e+20
gap to the primal bound: 1e+20
Preck submodel is infeasible, continue branching
Time limit exceeded (1000.11s), stopping submodel solve loop
General disjunction: No feasible solution found, use SCIP default branching rule
_____________________________________
Now starting branching with general disjunction
Current branching Node number: 9
LP objective value: 3963.32
Node lower bound: 3964.05
Node upper bound: 1e+20
gap to the primal bound: 1e+20
Preck submodel is infeasible, continue branching
Time limit exceeded (1000.11s), stopping submodel solve loop
General disjunction: No feasible solution found, use SCIP default branching rule
_____________________________________
Now starting branching with general disjunction
Current branching Node number: 11
LP objective value: 3971.71
Node lower bound: 3972.7
Node upper bound: 1e+20
gap to the primal bound: 1e+20
Preck submodel is infeasible, continue branching
Time limit exceeded (1000.11s), stopping submodel solve loop
General disjunction: No feasible solution found, use SCIP default branching rule
_____________________________________
Now starting branching with general disjunction
Current branching Node number: 13
LP objective value: 4029.47
Node lower bound: 4032.61
Node upper bound: 1e+20
gap to the primal bound: 1e+20
Preck submodel is infeasible, continue branching
Time limit exceeded (1000.11s), stopping submodel solve loop
General disjunction: No feasible solution found, use SCIP default branching rule
_____________________________________
Now starting branching with general disjunction
Current branching Node number: 13
Relpscost reduced domain, skip general disjunction branching
_____________________________________
Now starting branching with general disjunction
Current branching Node number: 13
Relpscost reduced domain, skip general disjunction branching
_____________________________________
Now starting branching with general disjunction
Current branching Node number: 13
Relpscost reduced domain, skip general disjunction branching
_____________________________________
Now starting branching with general disjunction
Current branching Node number: 13
Relpscost reduced domain, skip general disjunction branching
_____________________________________
Now starting branching with general disjunction
Current branching Node number: 13
Relpscost reduced domain, skip general disjunction branching
_____________________________________
Now starting branching with general disjunction
Current branching Node number: 13
Relpscost reduced domain, skip general disjunction branching
_____________________________________
Now starting branching with general disjunction
Current branching Node number: 13
Relpscost reduced domain, skip general disjunction branching
_____________________________________
Now starting branching with general disjunction
Current branching Node number: 13
Relpscost reduced domain, skip general disjunction branching
_____________________________________
Now starting branching with general disjunction
Current branching Node number: 13
Relpscost reduced domain, skip general disjunction branching
_____________________________________
Now starting branching with general disjunction
Current branching Node number: 13
Relpscost reduced domain, skip general disjunction branching
_____________________________________
Now starting branching with general disjunction
Current branching Node number: 13
LP objective value: 4035.37
Node lower bound: 4041.06
Node upper bound: 1e+20
gap to the primal bound: 1e+20
Preck submodel is infeasible, continue branching
Time limit exceeded (1000.11s), stopping submodel solve loop
General disjunction: No feasible solution found, use SCIP default branching rule
_____________________________________
Now starting branching with general disjunction
Current branching Node number: 15
Relpscost reduced domain, skip general disjunction branching
_____________________________________
Now starting branching with general disjunction
Current branching Node number: 15
Relpscost reduced domain, skip general disjunction branching
_____________________________________
Now starting branching with general disjunction
Current branching Node number: 15
LP objective value: 4052.52
Node lower bound: 4053.73
Node upper bound: 1e+20
gap to the primal bound: 1e+20
Preck submodel is infeasible, continue branching
Time limit exceeded (1232.56s), stopping submodel solve loop
General disjunction: No feasible solution found, use SCIP default branching rule
_____________________________________
Now starting branching with general disjunction
Current branching Node number: 15
Relpscost reduced domain, skip general disjunction branching
_____________________________________
Now starting branching with general disjunction
Current branching Node number: 15
LP objective value: 4054.03
Node lower bound: 4054.64
Node upper bound: 1e+20
gap to the primal bound: 1e+20
Preck submodel is infeasible, continue branching
Time limit exceeded (1090.18s), stopping submodel solve loop
General disjunction: No feasible solution found, use SCIP default branching rule
_____________________________________
Now starting branching with general disjunction
Current branching Node number: 15
Relpscost reduced domain, skip general disjunction branching
_____________________________________
Now starting branching with general disjunction
Current branching Node number: 15
Relpscost reduced domain, skip general disjunction branching
_____________________________________
Now starting branching with general disjunction
Current branching Node number: 15
Relpscost reduced domain, skip general disjunction branching
_____________________________________
Now starting branching with general disjunction
Current branching Node number: 15
Relpscost reduced domain, skip general disjunction branching
_____________________________________
Now starting branching with general disjunction
Current branching Node number: 14
Relpscost reduced domain, skip general disjunction branching
_____________________________________
Now starting branching with general disjunction
Current branching Node number: 14
Relpscost reduced domain, skip general disjunction branching
_____________________________________
Now starting branching with general disjunction
Current branching Node number: 14
Relpscost reduced domain, skip general disjunction branching
_____________________________________
Now starting branching with general disjunction
Current branching Node number: 14
Relpscost reduced domain, skip general disjunction branching
_____________________________________
Now starting branching with general disjunction
Current branching Node number: 14
Relpscost reduced domain, skip general disjunction branching
_____________________________________
Now starting branching with general disjunction
Current branching Node number: 14
Relpscost reduced domain, skip general disjunction branching
_____________________________________
Now starting branching with general disjunction
Current branching Node number: 14
Relpscost reduced domain, skip general disjunction branching
_____________________________________
Now starting branching with general disjunction
Current branching Node number: 14
Relpscost reduced domain, skip general disjunction branching
_____________________________________
Now starting branching with general disjunction
Current branching Node number: 14
Relpscost reduced domain, skip general disjunction branching
_____________________________________
Now starting branching with general disjunction
Current branching Node number: 14
Relpscost reduced domain, skip general disjunction branching
_____________________________________
Now starting branching with general disjunction
Current branching Node number: 14
Relpscost reduced domain, skip general disjunction branching
_____________________________________
Now starting branching with general disjunction
Current branching Node number: 14
Relpscost reduced domain, skip general disjunction branching
_____________________________________
Now starting branching with general disjunction
Current branching Node number: 14
Relpscost reduced domain, skip general disjunction branching
_____________________________________
Now starting branching with general disjunction
Current branching Node number: 14
LP objective value: 4055.32
Node lower bound: 4055.35
Node upper bound: 1e+20
gap to the primal bound: 1e+20
Preck submodel is infeasible, continue branching
Time limit exceeded (1000.11s), stopping submodel solve loop
General disjunction: No feasible solution found, use SCIP default branching rule
_____________________________________
Now starting branching with general disjunction
Current branching Node number: 17
Relpscost reduced domain, skip general disjunction branching
_____________________________________
Now starting branching with general disjunction
Current branching Node number: 16
Relpscost reduced domain, skip general disjunction branching
_____________________________________
Now starting branching with general disjunction
Current branching Node number: 16
Relpscost reduced domain, skip general disjunction branching
_____________________________________
Now starting branching with general disjunction
Current branching Node number: 16
Relpscost reduced domain, skip general disjunction branching
_____________________________________
Now starting branching with general disjunction
Current branching Node number: 16
Relpscost reduced domain, skip general disjunction branching
_____________________________________
Now starting branching with general disjunction
Current branching Node number: 16
Relpscost reduced domain, skip general disjunction branching
_____________________________________
Now starting branching with general disjunction
Current branching Node number: 16
Relpscost reduced domain, skip general disjunction branching
_____________________________________
Now starting branching with general disjunction
Current branching Node number: 16
Relpscost reduced domain, skip general disjunction branching
_____________________________________
Now starting branching with general disjunction
Current branching Node number: 16
Relpscost reduced domain, skip general disjunction branching
_____________________________________
Now starting branching with general disjunction
Current branching Node number: 16
LP objective value: 4068.59
Node lower bound: 4068.84
Node upper bound: 1e+20
gap to the primal bound: 1e+20
Preck submodel is infeasible, continue branching
Time limit exceeded (1000.11s), stopping submodel solve loop
General disjunction: No feasible solution found, use SCIP default branching rule
_____________________________________
Now starting branching with general disjunction
Current branching Node number: 19
LP objective value: 4069.46
Node lower bound: 4070.13
Node upper bound: 1e+20
gap to the primal bound: 1e+20
Preck submodel is infeasible, continue branching
Time limit exceeded (1000.12s), stopping submodel solve loop
General disjunction: No feasible solution found, use SCIP default branching rule
_____________________________________
Now starting branching with general disjunction
Current branching Node number: 21
LP objective value: 4080.33
Node lower bound: 4081
Node upper bound: 1e+20
gap to the primal bound: 1e+20
Preck submodel is infeasible, continue branching
Time limit exceeded (1000.11s), stopping submodel solve loop
General disjunction: No feasible solution found, use SCIP default branching rule
* 256m|    13 |     8 | 18060 |1015.1 |strongbr|  10 |1653 | 803 | 467 | 678 |  7 | 206 | 479 | 3.057038e+02 | 4.350000e+02 |  42.29%|   1.17%
_____________________________________
Now starting branching with general disjunction
Current branching Node number: 21
Relpscost reduced domain, skip general disjunction branching
_____________________________________
Now starting branching with general disjunction
Current branching Node number: 21
Relpscost reduced domain, skip general disjunction branching
_____________________________________
Now starting branching with general disjunction
Current branching Node number: 21
Relpscost reduced domain, skip general disjunction branching
_____________________________________
Now starting branching with general disjunction
Current branching Node number: 2
LP objective value: 3953.63
Node lower bound: 3953.85
Node upper bound: 435
gap to the primal bound: 0.422946
Preck submodel is infeasible, continue branching
Time limit exceeded (1000.11s), stopping submodel solve loop
General disjunction: No feasible solution found, use SCIP default branching rule
_____________________________________
Now starting branching with general disjunction
Current branching Node number: 23
LP objective value: 3953.87
Node lower bound: 3954.18
Node upper bound: 435
gap to the primal bound: 0.422946
Preck submodel is infeasible, continue branching
Time limit exceeded (1000.11s), stopping submodel solve loop
General disjunction: No feasible solution found, use SCIP default branching rule
_____________________________________
Now starting branching with general disjunction
Current branching Node number: 24
LP objective value: 3954.04
Node lower bound: 3954.42
Node upper bound: 435
gap to the primal bound: 0.422946
Preck submodel is infeasible, continue branching
Time limit exceeded (1000.11s), stopping submodel solve loop
General disjunction: No feasible solution found, use SCIP default branching rule
_____________________________________
Now starting branching with general disjunction
Current branching Node number: 27
LP objective value: 3954.58
Node lower bound: 3955.39
Node upper bound: 435
gap to the primal bound: 0.422946
Preck submodel is infeasible, continue branching
Time limit exceeded (1000.11s), stopping submodel solve loop
General disjunction: No feasible solution found, use SCIP default branching rule
_____________________________________
Now starting branching with general disjunction
Current branching Node number: 29
LP objective value: 3956.83
Node lower bound: 3957.16
Node upper bound: 435
gap to the primal bound: 0.422946
Preck submodel is infeasible, continue branching
Time limit exceeded (1000.11s), stopping submodel solve loop
General disjunction: No feasible solution found, use SCIP default branching rule
_____________________________________
Now starting branching with general disjunction
Current branching Node number: 31
LP objective value: 3956.97
Node lower bound: 3957.16
Node upper bound: 435
gap to the primal bound: 0.422946
Preck submodel is infeasible, continue branching
Time limit exceeded (1000.11s), stopping submodel solve loop
General disjunction: No feasible solution found, use SCIP default branching rule
_____________________________________
Now starting branching with general disjunction
Current branching Node number: 33
LP objective value: 3957.64
Node lower bound: 3957.79
Node upper bound: 435
gap to the primal bound: 0.422946
Preck submodel is infeasible, continue branching
Time limit exceeded (1000.11s), stopping submodel solve loop
General disjunction: No feasible solution found, use SCIP default branching rule
_____________________________________
Now starting branching with general disjunction
Current branching Node number: 35
LP objective value: 3960.6
Node lower bound: 3960.63
Node upper bound: 435
gap to the primal bound: 0.422946
Preck submodel is infeasible, continue branching
Time limit exceeded (1000.11s), stopping submodel solve loop
General disjunction: No feasible solution found, use SCIP default branching rule
_____________________________________
Now starting branching with general disjunction
Current branching Node number: 37
LP objective value: 3986.7
Node lower bound: 3987.88
Node upper bound: 435
gap to the primal bound: 0.422946
Preck submodel is infeasible, continue branching
Time limit exceeded (1000.1s), stopping submodel solve loop
General disjunction: No feasible solution found, use SCIP default branching rule
_____________________________________
Now starting branching with general disjunction
Current branching Node number: 39
LP objective value: 4022.53
Node lower bound: 4022.92
Node upper bound: 435
gap to the primal bound: 0.422946
Preck submodel is infeasible, continue branching
Time limit exceeded (1000.11s), stopping submodel solve loop
General disjunction: No feasible solution found, use SCIP default branching rule
_____________________________________
Now starting branching with general disjunction
Current branching Node number: 41
LP objective value: 4025.38
Node lower bound: 4025.5
Node upper bound: 435
gap to the primal bound: 0.422946
Preck submodel is infeasible, continue branching
Time limit exceeded (1000.11s), stopping submodel solve loop
General disjunction: No feasible solution found, use SCIP default branching rule
_____________________________________
Now starting branching with general disjunction
Current branching Node number: 43
LP objective value: 4025.38
Node lower bound: 4025.5
Node upper bound: 435
gap to the primal bound: 0.422946
Preck submodel is infeasible, continue branching
Time limit exceeded (1000.11s), stopping submodel solve loop
General disjunction: No feasible solution found, use SCIP default branching rule
_____________________________________
Now starting branching with general disjunction
Current branching Node number: 4
LP objective value: 3953.68
Node lower bound: 3953.7
Node upper bound: 435
gap to the primal bound: 0.422946
Preck submodel is infeasible, continue branching
Time limit exceeded (1000.1s), stopping submodel solve loop
General disjunction: No feasible solution found, use SCIP default branching rule
_____________________________________
Now starting branching with general disjunction
Current branching Node number: 47
LP objective value: 3954.65
Node lower bound: 3954.65
Node upper bound: 435
gap to the primal bound: 0.422946
Preck submodel is infeasible, continue branching
Time limit exceeded (1000.11s), stopping submodel solve loop
General disjunction: No feasible solution found, use SCIP default branching rule
_____________________________________
Now starting branching with general disjunction
Current branching Node number: 49
LP objective value: 3955.66
Node lower bound: 3955.66
Node upper bound: 435
gap to the primal bound: 0.422946
Preck submodel is infeasible, continue branching
Time limit exceeded (1000.11s), stopping submodel solve loop
General disjunction: No feasible solution found, use SCIP default branching rule
_____________________________________
Now starting branching with general disjunction
Current branching Node number: 51
LP objective value: 3956.91
Node lower bound: 3956.91
Node upper bound: 435
gap to the primal bound: 0.422946
Preck submodel is infeasible, continue branching
Time limit exceeded (1000.11s), stopping submodel solve loop
General disjunction: No feasible solution found, use SCIP default branching rule
_____________________________________
Now starting branching with general disjunction
Current branching Node number: 53
LP objective value: 3965.63
Node lower bound: 3965.63
Node upper bound: 435
gap to the primal bound: 0.422946
Preck submodel is infeasible, continue branching
Time limit exceeded (1000.1s), stopping submodel solve loop
General disjunction: No feasible solution found, use SCIP default branching rule
_____________________________________
Now starting branching with general disjunction
Current branching Node number: 55
LP objective value: 3968.5
Node lower bound: 3968.5
Node upper bound: 435
gap to the primal bound: 0.422946
Preck submodel is infeasible, continue branching
Time limit exceeded (1000.11s), stopping submodel solve loop
General disjunction: No feasible solution found, use SCIP default branching rule
_____________________________________
Now starting branching with general disjunction
Current branching Node number: 57
LP objective value: 3973.76
Node lower bound: 3973.76
Node upper bound: 435
gap to the primal bound: 0.422946
Preck submodel is infeasible, continue branching
Time limit exceeded (1000.11s), stopping submodel solve loop
General disjunction: No feasible solution found, use SCIP default branching rule
_____________________________________
Now starting branching with general disjunction
Current branching Node number: 59
LP objective value: 3975.38
Node lower bound: 3975.38
Node upper bound: 435
gap to the primal bound: 0.422946
Preck submodel is infeasible, continue branching
Time limit exceeded (1000.12s), stopping submodel solve loop
General disjunction: No feasible solution found, use SCIP default branching rule
_____________________________________
Now starting branching with general disjunction
Current branching Node number: 61
LP objective value: 4007.25
Node lower bound: 4007.25
Node upper bound: 435
gap to the primal bound: 0.422946
Preck submodel is infeasible, continue branching
Time limit exceeded (1000.12s), stopping submodel solve loop
General disjunction: No feasible solution found, use SCIP default branching rule
_____________________________________
Now starting branching with general disjunction
Current branching Node number: 62
LP objective value: 4007.96
Node lower bound: 4007.96
Node upper bound: 435
gap to the primal bound: 0.422946
Preck submodel is infeasible, continue branching
Time limit exceeded (1000.11s), stopping submodel solve loop
General disjunction: No feasible solution found, use SCIP default branching rule
_____________________________________
Now starting branching with general disjunction
Current branching Node number: 65
LP objective value: 4030.25
Node lower bound: 4030.25
Node upper bound: 435
gap to the primal bound: 0.422946
Preck submodel is infeasible, continue branching
Time limit exceeded (1000.11s), stopping submodel solve loop
General disjunction: No feasible solution found, use SCIP default branching rule
_____________________________________
Now starting branching with general disjunction
Current branching Node number: 67
LP objective value: 4033.1
Node lower bound: 4033.1
Node upper bound: 435
gap to the primal bound: 0.422946
Preck submodel is infeasible, continue branching
Time limit exceeded (1000.11s), stopping submodel solve loop
General disjunction: No feasible solution found, use SCIP default branching rule
_____________________________________
Now starting branching with general disjunction
Current branching Node number: 6
LP objective value: 3954.98
Node lower bound: 3954.98
Node upper bound: 435
gap to the primal bound: 0.422946
Preck submodel is infeasible, continue branching
Time limit exceeded (1000.1s), stopping submodel solve loop
General disjunction: No feasible solution found, use SCIP default branching rule
_____________________________________
Now starting branching with general disjunction
Current branching Node number: 71
LP objective value: 3956.66
Node lower bound: 3956.8
Node upper bound: 435
gap to the primal bound: 0.422946
Preck submodel is infeasible, continue branching
Time limit exceeded (1000.11s), stopping submodel solve loop
General disjunction: No feasible solution found, use SCIP default branching rule
_____________________________________
Now starting branching with general disjunction
Current branching Node number: 73
LP objective value: 3957.68
Node lower bound: 3957.68
Node upper bound: 435
gap to the primal bound: 0.422946
Preck submodel is infeasible, continue branching
Time limit exceeded (1000.11s), stopping submodel solve loop
General disjunction: No feasible solution found, use SCIP default branching rule
_____________________________________
Now starting branching with general disjunction
Current branching Node number: 75
LP objective value: 3958.36
Node lower bound: 3958.36
Node upper bound: 435
gap to the primal bound: 0.422946
Preck submodel is infeasible, continue branching
Time limit exceeded (1000.12s), stopping submodel solve loop
General disjunction: No feasible solution found, use SCIP default branching rule
_____________________________________
Now starting branching with general disjunction
Current branching Node number: 77
LP objective value: 3958.8
Node lower bound: 3958.8
Node upper bound: 435
gap to the primal bound: 0.422946
Preck submodel is infeasible, continue branching
Time limit exceeded (1000.13s), stopping submodel solve loop
General disjunction: No feasible solution found, use SCIP default branching rule
_____________________________________
Now starting branching with general disjunction
Current branching Node number: 79
LP objective value: 3958.87
Node lower bound: 3958.87
Node upper bound: 435
gap to the primal bound: 0.422946
Preck submodel is infeasible, continue branching
Time limit exceeded (1000.12s), stopping submodel solve loop
General disjunction: No feasible solution found, use SCIP default branching rule
_____________________________________
Now starting branching with general disjunction
Current branching Node number: 81
LP objective value: 3975.88
Node lower bound: 3975.88
Node upper bound: 435
gap to the primal bound: 0.422946
Preck submodel is infeasible, continue branching
Time limit exceeded (1000.13s), stopping submodel solve loop
General disjunction: No feasible solution found, use SCIP default branching rule
_____________________________________
Now starting branching with general disjunction
Current branching Node number: 83
LP objective value: 4035.26
Node lower bound: 4035.26
Node upper bound: 435
gap to the primal bound: 0.422946
Preck submodel is infeasible, continue branching
Time limit exceeded (1000.14s), stopping submodel solve loop
General disjunction: No feasible solution found, use SCIP default branching rule
_____________________________________
Now starting branching with general disjunction
Current branching Node number: 85
LP objective value: 4035.83
Node lower bound: 4035.83
Node upper bound: 435
gap to the primal bound: 0.422946
Preck submodel is infeasible, continue branching
Time limit exceeded (1000.14s), stopping submodel solve loop
General disjunction: No feasible solution found, use SCIP default branching rule
_____________________________________
Now starting branching with general disjunction
Current branching Node number: 87
LP objective value: 4037.69
Node lower bound: 4037.69
Node upper bound: 435
gap to the primal bound: 0.422946
Preck submodel is infeasible, continue branching
Time limit exceeded (1000.14s), stopping submodel solve loop
General disjunction: No feasible solution found, use SCIP default branching rule
_____________________________________
Now starting branching with general disjunction
Current branching Node number: 89
LP objective value: 4040.15
Node lower bound: 4040.15
Node upper bound: 435
gap to the primal bound: 0.422946
Preck submodel is infeasible, continue branching
Time limit exceeded (1000.14s), stopping submodel solve loop
General disjunction: No feasible solution found, use SCIP default branching rule
_____________________________________
Now starting branching with general disjunction
Current branching Node number: 91
LP objective value: 4043.61
Node lower bound: 4043.61
Node upper bound: 435
gap to the primal bound: 0.422946
Preck submodel is infeasible, continue branching
Time limit exceeded (1000.13s), stopping submodel solve loop
General disjunction: No feasible solution found, use SCIP default branching rule
_____________________________________
Now starting branching with general disjunction
Current branching Node number: 46
LP objective value: 3953.7
Node lower bound: 3953.7
Node upper bound: 435
gap to the primal bound: 0.422946
Preck submodel is infeasible, continue branching
Time limit exceeded (1000.14s), stopping submodel solve loop
General disjunction: No feasible solution found, use SCIP default branching rule
_____________________________________
Now starting branching with general disjunction
Current branching Node number: 95
LP objective value: 3956.08
Node lower bound: 3956.08
Node upper bound: 435
gap to the primal bound: 0.422946
Preck submodel is infeasible, continue branching
Time limit exceeded (1000.13s), stopping submodel solve loop
General disjunction: No feasible solution found, use SCIP default branching rule
_____________________________________
Now starting branching with general disjunction
Current branching Node number: 97
LP objective value: 3958
Node lower bound: 3958
Node upper bound: 435
gap to the primal bound: 0.422946
Preck submodel is infeasible, continue branching
Time limit exceeded (1000.12s), stopping submodel solve loop
General disjunction: No feasible solution found, use SCIP default branching rule
_____________________________________
Now starting branching with general disjunction
Current branching Node number: 99
LP objective value: 3959.49
Node lower bound: 3959.49
Node upper bound: 435
gap to the primal bound: 0.422946
Preck submodel is infeasible, continue branching
Time limit exceeded (1000.12s), stopping submodel solve loop
General disjunction: No feasible solution found, use SCIP default branching rule
_____________________________________
Now starting branching with general disjunction
Current branching Node number: 101
LP objective value: 3962.45
Node lower bound: 3962.45
Node upper bound: 435
gap to the primal bound: 0.422946
Preck submodel is infeasible, continue branching
Time limit exceeded (1000.14s), stopping submodel solve loop
General disjunction: No feasible solution found, use SCIP default branching rule
_____________________________________
Now starting branching with general disjunction
Current branching Node number: 103
LP objective value: 3976.05
Node lower bound: 3976.05
Node upper bound: 435
gap to the primal bound: 0.422946
Preck submodel is infeasible, continue branching
Time limit exceeded (1000.15s), stopping submodel solve loop
General disjunction: No feasible solution found, use SCIP default branching rule
_____________________________________
Now starting branching with general disjunction
Current branching Node number: 105
LP objective value: 3977.58
Node lower bound: 3977.58
Node upper bound: 435
gap to the primal bound: 0.422946
Preck submodel is infeasible, continue branching
Time limit exceeded (1000.15s), stopping submodel solve loop
General disjunction: No feasible solution found, use SCIP default branching rule
_____________________________________
Now starting branching with general disjunction
Current branching Node number: 107
Relpscost reduced domain, skip general disjunction branching
_____________________________________
Now starting branching with general disjunction
Current branching Node number: 107
LP objective value: 4016.93
Node lower bound: 4016.93
Node upper bound: 435
gap to the primal bound: 0.422946
Preck submodel is infeasible, continue branching
Time limit exceeded (1000.17s), stopping submodel solve loop
General disjunction: No feasible solution found, use SCIP default branching rule
_____________________________________
Now starting branching with general disjunction
Current branching Node number: 108
LP objective value: 4016.95
Node lower bound: 4016.95
Node upper bound: 435
gap to the primal bound: 0.422946
Preck submodel is infeasible, continue branching
Time limit exceeded (1000.15s), stopping submodel solve loop
General disjunction: No feasible solution found, use SCIP default branching rule
_____________________________________
Now starting branching with general disjunction
Current branching Node number: 111
LP objective value: 4024.01
Node lower bound: 4024.01
Node upper bound: 435
gap to the primal bound: 0.422946
Preck submodel is infeasible, continue branching
Time limit exceeded (1000.15s), stopping submodel solve loop
General disjunction: No feasible solution found, use SCIP default branching rule
_____________________________________
Now starting branching with general disjunction
Current branching Node number: 113
LP objective value: 4032.99
Node lower bound: 4032.99
Node upper bound: 435
gap to the primal bound: 0.422946
Preck submodel is infeasible, continue branching
Time limit exceeded (1000.27s), stopping submodel solve loop
General disjunction: No feasible solution found, use SCIP default branching rule
_____________________________________
Now starting branching with general disjunction
Current branching Node number: 8
LP objective value: 3967.84
Node lower bound: 3967.84
Node upper bound: 435
gap to the primal bound: 0.422946
Preck submodel is infeasible, continue branching
Time limit exceeded (1000.15s), stopping submodel solve loop
General disjunction: No feasible solution found, use SCIP default branching rule
_____________________________________
Now starting branching with general disjunction
Current branching Node number: 117
LP objective value: 3972.92
Node lower bound: 3972.92
Node upper bound: 435
gap to the primal bound: 0.422946
Preck submodel is infeasible, continue branching
Time limit exceeded (1000.15s), stopping submodel solve loop
General disjunction: No feasible solution found, use SCIP default branching rule
_____________________________________
Now starting branching with general disjunction
Current branching Node number: 119
LP objective value: 3982.59
Node lower bound: 3982.59
Node upper bound: 435
gap to the primal bound: 0.422946
Preck submodel is infeasible, continue branching
Time limit exceeded (1000.15s), stopping submodel solve loop
General disjunction: No feasible solution found, use SCIP default branching rule
_____________________________________
Now starting branching with general disjunction
Current branching Node number: 120
LP objective value: 3982.9
Node lower bound: 3982.9
Node upper bound: 435
gap to the primal bound: 0.422946
Preck submodel is infeasible, continue branching
Time limit exceeded (1000.14s), stopping submodel solve loop
General disjunction: No feasible solution found, use SCIP default branching rule
_____________________________________
Now starting branching with general disjunction
Current branching Node number: 123
LP objective value: 3985.43
Node lower bound: 3985.43
Node upper bound: 435
gap to the primal bound: 0.422946
Preck submodel is infeasible, continue branching
Time limit exceeded (1000.15s), stopping submodel solve loop
General disjunction: No feasible solution found, use SCIP default branching rule
_____________________________________
Now starting branching with general disjunction
Current branching Node number: 125
LP objective value: 3985.96
Node lower bound: 3985.96
Node upper bound: 435
gap to the primal bound: 0.422946
Preck submodel is infeasible, continue branching
Time limit exceeded (1000.15s), stopping submodel solve loop
General disjunction: No feasible solution found, use SCIP default branching rule
_____________________________________
Now starting branching with general disjunction
Current branching Node number: 127
LP objective value: 4016.06
Node lower bound: 4016.06
Node upper bound: 435
gap to the primal bound: 0.422946
Preck submodel is infeasible, continue branching
Time limit exceeded (1000.16s), stopping submodel solve loop
General disjunction: No feasible solution found, use SCIP default branching rule
_____________________________________
Now starting branching with general disjunction
Current branching Node number: 129
LP objective value: 4016.13
Node lower bound: 4016.13
Node upper bound: 435
gap to the primal bound: 0.422946
Preck submodel is infeasible, continue branching
Time limit exceeded (1000.16s), stopping submodel solve loop
General disjunction: No feasible solution found, use SCIP default branching rule
_____________________________________
Now starting branching with general disjunction
Current branching Node number: 131
LP objective value: 4019.15
Node lower bound: 4019.15
Node upper bound: 435
gap to the primal bound: 0.422946
Preck submodel is infeasible, continue branching
Time limit exceeded (1000.16s), stopping submodel solve loop
General disjunction: No feasible solution found, use SCIP default branching rule
_____________________________________
Now starting branching with general disjunction
Current branching Node number: 133
LP objective value: 4028.14
Node lower bound: 4028.14
Node upper bound: 435
gap to the primal bound: 0.422946
Preck submodel is infeasible, continue branching
Time limit exceeded (1000.15s), stopping submodel solve loop
General disjunction: No feasible solution found, use SCIP default branching rule
_____________________________________
Now starting branching with general disjunction
Current branching Node number: 134
LP objective value: 4028.32
Node lower bound: 4028.32
Node upper bound: 435
gap to the primal bound: 0.422946
Preck submodel is infeasible, continue branching
Time limit exceeded (1000.16s), stopping submodel solve loop
General disjunction: No feasible solution found, use SCIP default branching rule
_____________________________________
Now starting branching with general disjunction
Current branching Node number: 137
LP objective value: 4028.39
Node lower bound: 4028.39
Node upper bound: 435
gap to the primal bound: 0.422946
Preck submodel is infeasible, continue branching
Time limit exceeded (1000.16s), stopping submodel solve loop
General disjunction: No feasible solution found, use SCIP default branching rule
_____________________________________
Now starting branching with general disjunction
Current branching Node number: 34
LP objective value: 3962.13
Node lower bound: 3962.82
Node upper bound: 435
gap to the primal bound: 0.422946
Preck submodel is infeasible, continue branching
Time limit exceeded (1000.15s), stopping submodel solve loop
General disjunction: No feasible solution found, use SCIP default branching rule
_____________________________________
Now starting branching with general disjunction
Current branching Node number: 141
LP objective value: 3962.91
Node lower bound: 3962.91
Node upper bound: 435
gap to the primal bound: 0.422946
Preck submodel is infeasible, continue branching
Time limit exceeded (1000.15s), stopping submodel solve loop
General disjunction: No feasible solution found, use SCIP default branching rule
_____________________________________
Now starting branching with general disjunction
Current branching Node number: 143
LP objective value: 3972.73
Node lower bound: 3972.73
Node upper bound: 435
gap to the primal bound: 0.422946
Preck submodel is infeasible, continue branching
Time limit exceeded (1000.15s), stopping submodel solve loop
General disjunction: No feasible solution found, use SCIP default branching rule
_____________________________________
Now starting branching with general disjunction
Current branching Node number: 145
LP objective value: 3974.75
Node lower bound: 3974.75
Node upper bound: 435
gap to the primal bound: 0.422946
Preck submodel is infeasible, continue branching
Time limit exceeded (1000.17s), stopping submodel solve loop
General disjunction: No feasible solution found, use SCIP default branching rule
_____________________________________
Now starting branching with general disjunction
Current branching Node number: 147
LP objective value: 3981.51
Node lower bound: 3981.51
Node upper bound: 435
gap to the primal bound: 0.422946
Preck submodel is infeasible, continue branching
Time limit exceeded (1000.17s), stopping submodel solve loop
General disjunction: No feasible solution found, use SCIP default branching rule
_____________________________________
Now starting branching with general disjunction
Current branching Node number: 149
LP objective value: 4005.02
Node lower bound: 4005.02
Node upper bound: 435
gap to the primal bound: 0.422946
Preck submodel is infeasible, continue branching
Time limit exceeded (1000.16s), stopping submodel solve loop
General disjunction: No feasible solution found, use SCIP default branching rule
_____________________________________
Now starting branching with general disjunction
Current branching Node number: 151
LP objective value: 4005.31
Node lower bound: 4005.31
Node upper bound: 435
gap to the primal bound: 0.422946
Preck submodel is infeasible, continue branching
Time limit exceeded (1000.16s), stopping submodel solve loop
General disjunction: No feasible solution found, use SCIP default branching rule
_____________________________________
Now starting branching with general disjunction
Current branching Node number: 153
LP objective value: 4009.42
Node lower bound: 4016.6
Node upper bound: 435
gap to the primal bound: 0.422946
Preck submodel is infeasible, continue branching
Time limit exceeded (1000.16s), stopping submodel solve loop
General disjunction: No feasible solution found, use SCIP default branching rule
_____________________________________
Now starting branching with general disjunction
Current branching Node number: 155
LP objective value: 4021.46
Node lower bound: 4021.46
Node upper bound: 435
gap to the primal bound: 0.422946
Preck submodel is infeasible, continue branching
Time limit exceeded (1000.16s), stopping submodel solve loop
General disjunction: No feasible solution found, use SCIP default branching rule
_____________________________________
Now starting branching with general disjunction
Current branching Node number: 157
LP objective value: 4035.42
Node lower bound: 4035.42
Node upper bound: 435
gap to the primal bound: 0.422946
Preck submodel is infeasible, continue branching
Time limit exceeded (1000.15s), stopping submodel solve loop
General disjunction: No feasible solution found, use SCIP default branching rule
_____________________________________
Now starting branching with general disjunction
Current branching Node number: 159
LP objective value: 4037.56
Node lower bound: 4037.56
Node upper bound: 435
gap to the primal bound: 0.422946
Preck submodel is infeasible, continue branching
Time limit exceeded (1000.14s), stopping submodel solve loop
General disjunction: No feasible solution found, use SCIP default branching rule
_____________________________________
Now starting branching with general disjunction
Current branching Node number: 161
LP objective value: 4076.05
Node lower bound: 4076.05
Node upper bound: 435
gap to the primal bound: 0.422946
Preck submodel is infeasible, continue branching
Time limit exceeded (1000.15s), stopping submodel solve loop
General disjunction: No feasible solution found, use SCIP default branching rule
_____________________________________
Now starting branching with general disjunction
Current branching Node number: 10
LP objective value: 3964
Node lower bound: 3964.05
Node upper bound: 435
gap to the primal bound: 0.422946
Preck submodel is infeasible, continue branching
Time limit exceeded (1000.15s), stopping submodel solve loop
General disjunction: No feasible solution found, use SCIP default branching rule

SCIP Status        : solving was interrupted [time limit reached]
Solving Time (sec) : 87354.05
Solving Nodes      : 89
Primal Bound       : +4.35000000000000e+02 (1 solutions)
Dual Bound         : +3.05703785582746e+02
Gap                : 42.29 %

primal solution:
================

objective value:                                  435
x#25#3                                              1 	(obj:0)
x#34#4                                              1 	(obj:0)
x#14#4                                              1 	(obj:0)
x#10#9                                              1 	(obj:0)
x#42#12                                             1 	(obj:0)
x#19#13                                             1 	(obj:0)
x#37#14                                             1 	(obj:0)
x#22#21                                             1 	(obj:0)
x#36#22                                             1 	(obj:0)
x#46#26                                             1 	(obj:0)
x#40#32                                             1 	(obj:0)
x#11#37                                             1 	(obj:0)
x#33#39                                             1 	(obj:0)
x#16#43                                             1 	(obj:0)
x#48#45                                             1 	(obj:0)
x#15#46                                             1 	(obj:0)
x#24#48                                             1 	(obj:0)
x#45#51                                             1 	(obj:0)
x#23#52                                             1 	(obj:0)
x#21#61                                             1 	(obj:0)
x#3#61                                              1 	(obj:0)
x#31#66                                             1 	(obj:0)
x#18#72                                             1 	(obj:0)
x#2#72                                              1 	(obj:0)
x#44#73                                             1 	(obj:0)
x#35#74                                             1 	(obj:0)
x#7#84                                              1 	(obj:0)
x#41#92                                             1 	(obj:0)
x#39#96                                             1 	(obj:0)
x#9#99                                              1 	(obj:0)
x#1#99                                              1 	(obj:0)
x#30#105                                            1 	(obj:0)
x#50#107                                            1 	(obj:0)
x#26#107                                            1 	(obj:0)
x#47#111                                            1 	(obj:0)
x#27#124                                            1 	(obj:0)
x#8#124                                             1 	(obj:0)
x#4#124                                             1 	(obj:0)
x#28#129                                            1 	(obj:0)
x#20#132                                            1 	(obj:0)
x#32#140                                            1 	(obj:0)
x#17#143                                            1 	(obj:0)
x#49#144                                            1 	(obj:0)
x#5#154                             0.999999999999999 	(obj:0)
x#38#156                                            1 	(obj:0)
x#6#157                                             1 	(obj:0)
x#43#159                                            1 	(obj:0)
x#13#159                                            1 	(obj:0)
x#12#164                                            1 	(obj:0)
x#29#174                                            1 	(obj:0)
z#50                                               23 	(obj:0)
z#134                                              25 	(obj:0)
z#87                                               25 	(obj:0)
z#69                                               25 	(obj:0)
delay#1                                            27 	(obj:1)
z#3                                                 2 	(obj:0)
z#41                                               23 	(obj:0)
z#135                                              25 	(obj:0)
z#78                                               25 	(obj:0)
delay#2                                             7 	(obj:1)
z#113                                              25 	(obj:0)
delay#3                                             5 	(obj:1)
z#24                                               22 	(obj:0)
z#136                                              21 	(obj:0)
delay#4                                            18 	(obj:1)
z#99                                               25 	(obj:0)
z#4                                                11 	(obj:0)
delay#5                               6.9999999999998 	(obj:1)
z#137                                              21 	(obj:0)
z#61                                               25 	(obj:0)
z#88                                               25 	(obj:0)
z#51                                               24 	(obj:0)
z#32                                               23 	(obj:0)
z#138                                              21 	(obj:0)
z#114                                              25 	(obj:0)
z#16                                               20 	(obj:0)
z#70                                               25 	(obj:0)
delay#6                                            46 	(obj:1)
z#139                                              20 	(obj:0)
z#42                                               23 	(obj:0)
delay#7                                            28 	(obj:1)
z#100                                              25 	(obj:0)
z#79                                               21 	(obj:0)
z#140                                              23 	(obj:0)
z#5                                                11 	(obj:0)
delay#8                                            20 	(obj:1)
z#115                                              25 	(obj:0)
delay#9                                            27 	(obj:1)
z#141                                              23 	(obj:0)
z#25                                               22 	(obj:0)
z#89                                               25 	(obj:0)
z#52                                               24 	(obj:0)
z#142                                              23 	(obj:0)
z#62                                               25 	(obj:0)
z#6                                                11 	(obj:0)
z#116                                              25 	(obj:0)
z#17                                               20 	(obj:0)
z#101                                              25 	(obj:0)
z#71                                               25 	(obj:0)
z#143                                              25 	(obj:0)
z#33                                               23 	(obj:0)
z#43                                               24 	(obj:0)
delay#11                                            7 	(obj:1)
delay#12                                            7 	(obj:1)
z#117                                              25 	(obj:0)
delay#13                                           16 	(obj:1)
z#144                                              23 	(obj:0)
z#80                                               21 	(obj:0)
z#7                                                11 	(obj:0)
z#90                                               25 	(obj:0)
z#145                                              23 	(obj:0)
z#102                                              25 	(obj:0)
z#118                                              25 	(obj:0)
z#53                                               24 	(obj:0)
z#26                                               25 	(obj:0)
z#63                                               25 	(obj:0)
z#146                                              23 	(obj:0)
delay#16                                            2 	(obj:1)
z#18                                               20 	(obj:0)
z#44                                               24 	(obj:0)
z#34                                               23 	(obj:0)
z#72                                               25 	(obj:0)
z#119                                              25 	(obj:0)
z#147                                              23 	(obj:0)
z#8                                                11 	(obj:0)
delay#18                                            4 	(obj:1)
z#103                                              25 	(obj:0)
z#91                                               25 	(obj:0)
z#81                                               21 	(obj:0)
z#148                                              23 	(obj:0)
delay#20                                           10 	(obj:1)
z#120                                              25 	(obj:0)
z#54                                               24 	(obj:0)
z#9                                                15 	(obj:0)
z#64                                               25 	(obj:0)
z#27                                               23 	(obj:0)
z#149                                              23 	(obj:0)
z#35                                               23 	(obj:0)
z#45                                               25 	(obj:0)
z#104                                              25 	(obj:0)
z#121                                              25 	(obj:0)
z#19                                               20 	(obj:0)
z#150                                              23 	(obj:0)
z#92                                               24 	(obj:0)
z#73                                               24 	(obj:0)
z#55                                               24 	(obj:0)
z#82                                               20 	(obj:0)
z#10                                               15 	(obj:0)
z#122                                              25 	(obj:0)
z#151                                              23 	(obj:0)
z#105                                              25 	(obj:0)
delay#26                                           28 	(obj:1)
delay#27                                           29 	(obj:1)
z#65                                               25 	(obj:0)
z#36                                               23 	(obj:0)
z#152                                              23 	(obj:0)
z#20                                               16 	(obj:0)
z#28                                               23 	(obj:0)
z#93                                               24 	(obj:0)
z#123                                              25 	(obj:0)
z#46                                               22 	(obj:0)
delay#28                                           11 	(obj:1)
z#153                                              23 	(obj:0)
z#56                                               24 	(obj:0)
z#11                                               15 	(obj:0)
z#106                                              25 	(obj:0)
z#83                                               20 	(obj:0)
z#154                                              25 	(obj:0)
z#74                                               25 	(obj:0)
delay#30                                           19 	(obj:1)
z#124                                              25 	(obj:0)
delay#32                                            5 	(obj:1)
z#155                                              25 	(obj:0)
z#37                                               23 	(obj:0)
delay#33                                            8 	(obj:1)
z#94                                               24 	(obj:0)
z#66                                               25 	(obj:0)
z#12                                               16 	(obj:0)
z#107                                              25 	(obj:0)
z#156                                              24 	(obj:0)
z#125                                              25 	(obj:0)
z#21                                               18 	(obj:0)
z#29                                               23 	(obj:0)
z#57                                               24 	(obj:0)
z#47                                               22 	(obj:0)
z#157                                              25 	(obj:0)
z#84                                               25 	(obj:0)
z#126                                              25 	(obj:0)
z#158                                              25 	(obj:0)
z#75                                               25 	(obj:0)
z#38                                               23 	(obj:0)
z#108                                              25 	(obj:0)
z#159                                              23 	(obj:0)
z#95                                               21 	(obj:0)
delay#38                                            8 	(obj:1)
z#127                                              25 	(obj:0)
delay#39                                            6 	(obj:1)
z#160                                              23 	(obj:0)
z#13                                               15 	(obj:0)
z#67                                               25 	(obj:0)
delay#40                                            2 	(obj:1)
z#58                                               24 	(obj:0)
z#161                                              23 	(obj:0)
delay#41                                           20 	(obj:1)
z#22                                               22 	(obj:0)
z#128                                              25 	(obj:0)
z#109                                              25 	(obj:0)
z#162                                              23 	(obj:0)
z#85                                               25 	(obj:0)
z#48                                               23 	(obj:0)
z#163                                              23 	(obj:0)
z#30                                               23 	(obj:0)
z#96                                               25 	(obj:0)
z#76                                               25 	(obj:0)
z#164                                              23 	(obj:0)
z#129                                              24 	(obj:0)
z#39                                               23 	(obj:0)
delay#43                                            3 	(obj:1)
z#165                                              23 	(obj:0)
delay#44                                           13 	(obj:1)
z#110                                              21 	(obj:0)
z#166                                              23 	(obj:0)
z#59                                               24 	(obj:0)
z#130                                              24 	(obj:0)
z#167                                              23 	(obj:0)
z#14                                               20 	(obj:0)
z#68                                               25 	(obj:0)
z#168                                              23 	(obj:0)
z#169                                              23 	(obj:0)
z#86                                               25 	(obj:0)
z#97                                               25 	(obj:0)
z#170                                              23 	(obj:0)
z#131                                              24 	(obj:0)
z#49                                               23 	(obj:0)
z#171                                              18 	(obj:0)
z#111                                              25 	(obj:0)
z#172                                              18 	(obj:0)
delay#49                                           25 	(obj:1)
z#173                                              18 	(obj:0)
z#40                                               23 	(obj:0)
z#77                                               25 	(obj:0)
z#174                                              21 	(obj:0)
z#23                                               22 	(obj:0)
z#175                                              21 	(obj:0)
z#132                                              25 	(obj:0)
z#176                                              21 	(obj:0)
delay#50                                           27 	(obj:1)
z#177                                              19 	(obj:0)
z#178                                              11 	(obj:0)
z#31                                               23 	(obj:0)
z#179                                              11 	(obj:0)
z#180                                               7 	(obj:0)
z#60                                               23 	(obj:0)
z#181                                               7 	(obj:0)
z#133                                              25 	(obj:0)
z#182                                               7 	(obj:0)
z#183                                               6 	(obj:0)
z#112                                              25 	(obj:0)
z#184                                               6 	(obj:0)
z#15                                               20 	(obj:0)
z#185                                               6 	(obj:0)
z#98                                               25 	(obj:0)
z#186                                               6 	(obj:0)
z#187                                               6 	(obj:0)
z#188                                               3 	(obj:0)
z#189                                               3 	(obj:0)
z#190                                               3 	(obj:0)
z#191                                               3 	(obj:0)
z#192                                               3 	(obj:0)
s#1                                                99 	(obj:0)
s#2                                                72 	(obj:0)
s#3                                                61 	(obj:0)
s#4                                               124 	(obj:0)
s#5                                               154 	(obj:0)
s#6                                               157 	(obj:0)
s#7                                                84 	(obj:0)
s#8                                               124 	(obj:0)
s#9                                                99 	(obj:0)
s#10                                                9 	(obj:0)
s#11                                               37 	(obj:0)
s#12                                              164 	(obj:0)
s#13                                              159 	(obj:0)
s#14                                                4 	(obj:0)
s#15                                               46 	(obj:0)
s#16                                               43 	(obj:0)
s#17                                              143 	(obj:0)
s#18                                               72 	(obj:0)
s#19                                               13 	(obj:0)
s#20                                              132 	(obj:0)
s#21                                               61 	(obj:0)
s#22                                               21 	(obj:0)
s#23                                               52 	(obj:0)
s#24                                               48 	(obj:0)
s#25                                                3 	(obj:0)
s#26                                              107 	(obj:0)
s#27                                              124 	(obj:0)
s#28                                              129 	(obj:0)
s#29                                              174 	(obj:0)
s#30                                              105 	(obj:0)
s#31                                               66 	(obj:0)
s#32                                              140 	(obj:0)
s#33                                               39 	(obj:0)
s#34                                                4 	(obj:0)
s#35                                               74 	(obj:0)
s#36                                               22 	(obj:0)
s#37                                               14 	(obj:0)
s#38                                              156 	(obj:0)
s#39                                               96 	(obj:0)
s#40                                               32 	(obj:0)
s#41                                               92 	(obj:0)
s#42                                               12 	(obj:0)
s#43                                              159 	(obj:0)
s#44                                               73 	(obj:0)
s#45                                               51 	(obj:0)
s#46                                               26 	(obj:0)
s#47                                              111 	(obj:0)
s#48                                               45 	(obj:0)
s#49                                              144 	(obj:0)
s#50                                              107 	(obj:0)

Statistics
==========

SCIP Status        : solving was interrupted [time limit reached]
Total Time         :   87354.05
  solving          :   87354.05
  presolving       :       0.04 (included in solving)
  reading          :       0.01
  copying          :       0.01 (4 #copies) (minimal 0.00, maximal 0.00, average 0.00)
Original Problem   :
  Problem name     : csched007
  Variables        : 1758 (1457 binary, 0 integer, 0 implicit integer, 301 continuous)
  Constraints      : 351 initial, 351 maximal
  Objective        : minimize, 50 non-zeros (abs.min = 1, abs.max = 1)
Presolved Problem  :
  Problem name     : t_csched007
  Variables        : 1653 (1457 binary, 0 integer, 196 implicit integer, 0 continuous)
  Constraints      : 599 initial, 903 maximal
  Objective        : minimize, 1457 non-zeros (abs.min = 3, abs.max = 186)
  Nonzeros         : 9322 constraint, 4737 clique table
Presolvers         :   ExecTime  SetupTime  Calls  FixedVars   AggrVars   ChgTypes  ChgBounds   AddHoles    DelCons    AddCons   ChgSides   ChgCoefs
  boundshift       :       0.00       0.00      0          0          0          0          0          0          0          0          0          0
  convertinttobin  :       0.00       0.00      0          0          0          0          0          0          0          0          0          0
  domcol           :       0.00       0.00      1          0          0          0          0          0          0          0          0          0
  dualagg          :       0.00       0.00      0          0          0          0          0          0          0          0          0          0
  dualcomp         :       0.00       0.00      0          0          0          0          0          0          0          0          0          0
  dualinfer        :       0.00       0.00      0          0          0          0          0          0          0          0          0          0
  dualsparsify     :       0.00       0.00      1          0          0          0          0          0          0          0          0          0
  gateextraction   :       0.00       0.00      0          0          0          0          0          0          0          0          0          0
  implics          :       0.00       0.00      6          0          0          0          0          0          0          0          0          0
  inttobinary      :       0.00       0.00      0          0          0          0          0          0          0          0          0          0
  qpkktref         :       0.00       0.00      0          0          0          0          0          0          0          0          0          0
  redvub           :       0.00       0.00      0          0          0          0          0          0          0          0          0          0
  sparsify         :       0.01       0.00      1          0          0          0          0          0          0          0          0          0
  stuffing         :       0.00       0.00      0          0          0          0          0          0          0          0          0          0
  trivial          :       0.00       0.00     11          0          0          0          0          0          0          0          0          0
  tworowbnd        :       0.00       0.00      0          0          0          0          0          0          0          0          0          0
  dualfix          :       0.00       0.00     11          0          0          0          0          0          0          0          0          0
  genvbounds       :       0.00       0.00      0          0          0          0          0          0          0          0          0          0
  probing          :       0.01       0.00      1          0          0          0          1          0          0          0          0          0
  pseudoobj        :       0.00       0.00      0          0          0          0          0          0          0          0          0          0
  symmetry         :       0.00       0.00      1          0          0          0          0          0          0          0          0          0
  vbounds          :       0.00       0.00      1          0          0          0          0          0          0          0          0          0
  varbound         :       0.00       0.00     10          0          0          0          0          0          1          0          0          0
  knapsack         :       0.00       0.00      4          0          0          0          0          0         20         20          6         89
  setppc           :       0.00       0.00     12          0          0          0          0          0         20          0          0          0
  linear           :       0.01       0.00     14          3        102        246          5          0        184        453        661       1830
  logicor          :       0.00       0.00      0          0          0          0          0          0          0          0          0          0
  bounddisjunction :       0.00       0.00      0          0          0          0          0          0          0          0          0          0
  benders          :       0.00       0.00      0          0          0          0          0          0          0          0          0          0
  components       :       0.00       0.00      1          0          0          0          0          0          0          0          0          0
  root node        :          -          -      -          0          -          -          0          -          -          -          -          -
Constraints        :     Number  MaxNumber  #Separate #Propagate    #EnfoLP    #EnfoRelax  #EnfoPS    #Check   #ResProp    Cutoffs    DomReds       Cuts    Applied      Conss   Children
  benderslp        :          0          0          0          0        130          0          0         35          0          0          0          0          0          0          0
  integral         :          0          0          0          0        130          0          0         35          0          0        239          0          0        184        164
  varbound         :         11         11         25       7812          0          0          0         30          0          0          3          0          0          0          0
  knapsack         :          0+         1          0       2965          0          0          0          0         49          0         25          0          0          0          0
  setppc           :         50+        51         25       7815          0          0          0         30       4570          2       1916          0          0          0          0
  linear           :        538+       543         25       7813          0          0          0          4        206         28        702          0          0          0          0
  logicor          :          0+       229         25        677          0          0          0          0        219         34         52          0          0          0          0
  bounddisjunction :          0+        68          0        278          0          0          0          0          0          1          0          0          0          0          0
  benders          :          0          0          0          0          0          0          0          2          0          0          0          0          0          0          0
  fixedvar         :          0          0          0          0          0          0          0          2          0          0          0          0          0          0          0
  countsols        :          0          0          0          0          0          0          0          2          0          0          0          0          0          0          0
  components       :          0          0          0          0          0          0          0          0          0          0          0          0          0          0          0
Constraint Timings :  TotalTime  SetupTime   Separate  Propagate     EnfoLP     EnfoPS     EnfoRelax   Check    ResProp    SB-Prop
  benderslp        :       0.00       0.00       0.00       0.00       0.00       0.00       0.00       0.00       0.00       0.00
  integral         :   87347.59       0.00       0.00       0.00   87347.59       0.00       0.00       0.00       0.00       0.00
  varbound         :       0.00       0.00       0.00       0.00       0.00       0.00       0.00       0.00       0.00       0.00
  knapsack         :       0.00       0.00       0.00       0.00       0.00       0.00       0.00       0.00       0.00       0.00
  setppc           :       0.06       0.00       0.00       0.03       0.00       0.00       0.00       0.00       0.00       0.03
  linear           :       0.08       0.00       0.05       0.03       0.00       0.00       0.00       0.00       0.00       0.01
  logicor          :       0.00       0.00       0.00       0.00       0.00       0.00       0.00       0.00       0.00       0.00
  bounddisjunction :       0.00       0.00       0.00       0.00       0.00       0.00       0.00       0.00       0.00       0.00
  benders          :       0.00       0.00       0.00       0.00       0.00       0.00       0.00       0.00       0.00       0.00
  fixedvar         :       0.00       0.00       0.00       0.00       0.00       0.00       0.00       0.00       0.00       0.00
  countsols        :       0.00       0.00       0.00       0.00       0.00       0.00       0.00       0.00       0.00       0.00
  components       :       0.00       0.00       0.00       0.00       0.00       0.00       0.00       0.00       0.00       0.00
Propagators        : #Propagate   #ResProp    Cutoffs    DomReds
  dualfix          :          1          0          0          0
  genvbounds       :          0          0          0          0
  nlobbt           :          0          0          0          0
  obbt             :          0          0          0          0
  probing          :          0          0          0          0
  pseudoobj        :        580          0          0          0
  redcost          :        451          0          0       4229
  rootredcost      :          2          0          0          0
  symmetry         :          0          0          0          0
  vbounds          :       1929          0          0         61
Propagator Timings :  TotalTime  SetupTime   Presolve  Propagate    ResProp    SB-Prop
  dualfix          :       0.00       0.00       0.00       0.00       0.00       0.00
  genvbounds       :       0.00       0.00       0.00       0.00       0.00       0.00
  nlobbt           :       0.00       0.00       0.00       0.00       0.00       0.00
  obbt             :       0.00       0.00       0.00       0.00       0.00       0.00
  probing          :       0.01       0.00       0.01       0.00       0.00       0.00
  pseudoobj        :       0.00       0.00       0.00       0.00       0.00       0.00
  redcost          :       0.02       0.00       0.00       0.02       0.00       0.00
  rootredcost      :       0.00       0.00       0.00       0.00       0.00       0.00
  symmetry         :       0.00       0.00       0.00       0.00       0.00       0.00
  vbounds          :       0.00       0.00       0.00       0.00       0.00       0.00
Symmetry           :
  orbitopal red.   :          0 reductions applied,          0 cutoffs
  orbital reduction:          0 reductions applied,          0 cutoffs
  lexicographic red:          0 reductions applied,          0 cutoffs
  shadow tree time :       0.00 s
Conflict Analysis  :       Time      Calls    Success    DomReds  Conflicts   Literals    Reconvs ReconvLits   Dualrays   Nonzeros   LP Iters   (pool size: [10000,10000])
  propagation      :       0.00         37         31          -         99       61.5          0        0.0          -          -          -
  infeasible LP    :       0.02         64         64          -        281       36.0          0        0.0          9      168.3          0
  bound exceed. LP :       0.03         15         14          -        167      116.5          0        0.0          0        0.0        172
  strong branching :       0.00          0          0          -          0        0.0          0        0.0          -          -          0
  pseudo solution  :       0.00          0          0          -          0        0.0          0        0.0          -          -          -
  applied globally :       0.00          -          -          0        298       38.1          -          -          9          -          -
  applied locally  :          -          -          -          0          0        0.0          -          -          0          -          -
Separators         :   ExecTime  SetupTime      Calls  RootCalls    Cutoffs    DomReds  FoundCuts ViaPoolAdd  DirectAdd    Applied ViaPoolApp  DirectApp      Conss
  cut pool         :       0.06          -        182         48          -          -       3348      10157          -          -          -          -          -    (maximal pool size:       3038)
  aggregation      :       1.61       0.00         93         25          0          0       2716       8406          0       1631       1631          0          0
  > cmir           :          -          -          -          -          -          -          -       6750          0        968        968          0          -
  > flowcover      :          -          -          -          -          -          -          -       1656          0        663        663          0          -
  > knapsackcover  :          -          -          -          -          -          -          -          0          0          0          0          0          -
  cgmip            :       0.00       0.00          0          0          0          0          0          0          0          0          0          0          0
  clique           :       0.01       0.00         25         25          0          0          0          0          0          0          0          0          0
  closecuts        :       0.00       0.00          0          0          0          0          0          0          0          0          0          0          0
  convexproj       :       0.00       0.00          0          0          0          0          0          0          0          0          0          0          0
  disjunctive      :       0.00       0.00          0          0          0          0          0          0          0          0          0          0          0
  eccuts           :       0.00       0.00          0          0          0          0          0          0          0          0          0          0          0
  gauge            :       0.00       0.00          0          0          0          0          0          0          0          0          0          0          0
  gomory           :       0.33       0.00         49         10          0          0        461       1191          0         86         86          0          0
  > gomorymi       :          -          -          -          -          -          -          -        503          0         36         36          0          -
  > strongcg       :          -          -          -          -          -          -          -        688          0         50         50          0          -
  impliedbounds    :       0.00       0.00         93         25          0          0          0          0          0          0          0          0          0
  interminor       :       0.00       0.00          0          0          0          0          0          0          0          0          0          0          0
  intobj           :       0.00       0.00          0          0          0          0          0          0          0          0          0          0          0
  lagromory        :       0.00       0.00          0          0          0          0          0          0          0          0          0          0          0
  mcf              :       0.00       0.00          1          1          0          0          0          0          0          0          0          0          0
  minor            :       0.00       0.00          0          0          0          0          0          0          0          0          0          0          0
  mixing           :       0.00       0.00         93         25          0          0          0          0          0          0          0          0          0
  oddcycle         :       0.00       0.00          0          0          0          0          0          0          0          0          0          0          0
  rapidlearning    :       0.04       0.00          2          1          0          0          0          0          0          0          0          0          0
  rlt              :       0.00       0.00         10         10          0          0          0          0          0          0          0          0          0
  zerohalf         :       0.29       0.00         59         20          0          0        171        560          0        131        131          0          0
Cutselectors       :   ExecTime  SetupTime      Calls  RootCalls   Selected     Forced   Filtered  RootSelec   RootForc   RootFilt 
  hybrid           :       0.02       0.00         96         25       1848          0       8309        646          0       2408
  ensemble         :       0.00       0.00          0          0          0          0          0          0          0          0
  dynamic          :       0.00       0.00          0          0          0          0          0          0          0          0
Pricers            :   ExecTime  SetupTime      Calls       Vars
  problem variables:       0.00          -          0          0
Branching Rules    :   ExecTime  SetupTime   BranchLP  BranchExt   BranchPS    Cutoffs    DomReds       Cuts      Conss   Children
  allfullstrong    :       0.00       0.00          0          0          0          0          0          0          0          0
  cloud            :       0.00       0.00          0          0          0          0          0          0          0          0
  distribution     :       0.00       0.00          0          0          0          0          0          0          0          0
  fullstrong       :       0.00       0.00          0          0          0          0          0          0          0          0
  general_disjuncti:   87345.23       0.00        130          0          0          0        174          0        172          0
  GeneralDisjunction(extra): subMILPs=183 fairNodes of all MILPs=276245 probingLPs=0
  gomory           :       0.00       0.00          0          0          0          0          0          0          0          0
  inference        :       0.00       0.00          0          0          0          0          0          0          0          0
  leastinf         :       0.00       0.00          0          0          0          0          0          0          0          0
  lookahead        :       0.00       0.00          0          0          0          0          0          0          0          0
  mostinf          :       0.00       0.00          0          0          0          0          0          0          0          0
  multaggr         :       0.00       0.00          0          0          0          0          0          0          0          0
  nodereopt        :       0.00       0.00          0          0          0          0          0          0          0          0
  pscost           :       0.00       0.00          0          0          0          0          0          0          0          0
  random           :       0.00       0.00          0          0          0          0          0          0          0          0
  relpscost        :       2.36       0.00         87          0          0          0         65          0         14        164
  vanillafullstrong:       0.00       0.00          0          0          0          0          0          0          0          0
Primal Heuristics  :   ExecTime  SetupTime      Calls      Found       Best
  LP solutions     :       0.00          -          -          0          0
  relax solutions  :       0.00          -          -          0          0
  pseudo solutions :       0.00          -          -          0          0
  strong branching :       0.00          -          -          1          1
  actconsdiving    :       0.00       0.00          0          0          0
  adaptivediving   :       0.03       0.00          1          0          0
  alns             :       0.01       0.00          1          0          0
  bound            :       0.00       0.00          0          0          0
  clique           :       0.01       0.00          1          0          0
  coefdiving       :       0.00       0.00          0          0          0
  completesol      :       0.00       0.00          0          0          0
  conflictdiving   :       0.08       0.00          1          0          0
  crossover        :       0.00       0.00          0          0          0
  dins             :       0.00       0.00          0          0          0
  distributiondivin:       0.03       0.00          1          0          0
  dps              :       0.00       0.00          0          0          0
  dualval          :       0.00       0.00          0          0          0
  farkasdiving     :       0.45       0.00          1          0          0
  feaspump         :       0.11       0.00          1          0          0
  fixandinfer      :       0.00       0.00          0          0          0
  fracdiving       :       0.02       0.00          1          0          0
  gins             :       0.00       0.00          0          0          0
  guideddiving     :       0.00       0.00          0          0          0
  indicator        :       0.00       0.00          0          0          0
  indicatordiving  :       0.00       0.00          0          0          0
  intdiving        :       0.00       0.00          0          0          0
  intshifting      :       0.00       0.00          0          0          0
  linesearchdiving :       0.00       0.00          0          0          0
  localbranching   :       0.00       0.00          0          0          0
  locks            :       0.00       0.00          1          0          0
  lpface           :       0.00       0.00          0          0          0
  mpec             :       0.00       0.00          0          0          0
  multistart       :       0.00       0.00          0          0          0
  mutation         :       0.00       0.00          0          0          0
  nlpdiving        :       0.00       0.00          0          0          0
  objpscostdiving  :       0.00       0.00          0          0          0
  octane           :       0.00       0.00          0          0          0
  ofins            :       0.00       0.00          0          0          0
  oneopt           :       0.00       0.00          1          0          0
  padm             :       0.00       0.00          0          0          0
  proximity        :       0.00       0.00          0          0          0
  pscostdiving     :       0.05       0.00          1          0          0
  randrounding     :       0.05       0.00         26          0          0
  rens             :       1.37       0.00          1          0          0
  reoptsols        :       0.00       0.00          0          0          0
  repair           :       0.00       0.00          0          0          0
  rins             :       0.00       0.00          0          0          0
  rootsoldiving    :       0.00       0.00          0          0          0
  rounding         :       0.01       0.00        173          0          0
  scheduler        :       0.00       0.00          0          0          0
  shiftandpropagate:       0.00       0.00          1          0          0
  shifting         :       0.06       0.00        100          0          0
  simplerounding   :       0.00       0.00          0          0          0
  subnlp           :       0.00       0.00          0          0          0
  trivial          :       0.00       0.00          2          0          0
  trivialnegation  :       0.00       0.00          0          0          0
  trustregion      :       0.00       0.00          0          0          0
  trysol           :       0.00       0.00          0          0          0
  twoopt           :       0.00       0.00          0          0          0
  undercover       :       0.00       0.00          0          0          0
  vbounds          :       0.01       0.00          1          0          0
  veclendiving     :       0.01       0.00          1          0          0
  zeroobj          :       0.00       0.00          0          0          0
  zirounding       :       0.00       0.00         81          0          0
  other solutions  :          -          -          -          0          -
LNS (Scheduler)    :      Calls  SetupTime  SolveTime SolveNodes       Sols       Best       Exp3    Exp3-IX  EpsGreedy        UCB TgtFixRate  Opt  Inf Node Stal  Sol  Usr Othr Actv
  rens             :          0       0.00       0.00          0          0          0    0.00000    0.12500   -1.00000    1.00000      0.900    0    0    0    0    0    0    0    1
  rins             :          0       0.00       0.00          0          0          0    0.00000    0.12500   -1.00000    1.00000      0.900    0    0    0    0    0    0    0    1
  mutation         :          0       0.00       0.00          0          0          0    0.00000    0.12500   -1.00000    1.00000      0.900    0    0    0    0    0    0    0    1
  localbranching   :          0       0.00       0.00          0          0          0    0.00000    0.12500   -1.00000    1.00000      0.900    0    0    0    0    0    0    0    1
  crossover        :          0       0.00       0.00          0          0          0    0.00000    0.12500   -1.00000    1.00000      0.900    0    0    0    0    0    0    0    1
  proximity        :          0       0.00       0.00          0          0          0    0.00000    0.12500   -1.00000    1.00000      0.900    0    0    0    0    0    0    0    1
  zeroobjective    :          0       0.00       0.00          0          0          0    0.00000    0.12500   -1.00000    1.00000      0.900    0    0    0    0    0    0    0    1
  dins             :          0       0.00       0.00          0          0          0    0.00000    0.12500   -1.00000    1.00000      0.900    0    0    0    0    0    0    0    1
  trustregion      :          0       0.00       0.00          0          0          0    0.00000    0.00000   -1.00000    1.00000      0.900    0    0    0    0    0    0    0    0
LP                 :       Time      Calls Iterations  Iter/call   Iter/sec  Time-0-It Calls-0-It    ItLimit
  primal LP        :       0.20         17          0       0.00       0.00       0.20         17
  dual LP          :       1.33        334      25867     111.98   19452.10       0.03        103
  lex dual LP      :       0.00          0          0       0.00          -
  barrier LP       :       0.00          0          0       0.00          -       0.00          0
  resolve instable :       0.00          0          0       0.00          -
  diving/probing LP:       0.73        137      13998     102.18   19180.07
  strong branching :       5.90        703     125647     178.73   21290.85          -          -         35
    (at root node) :          -         25      10746     429.84          -
  conflict analysis:       0.01         18        172       9.56   13453.27
B&B Tree           :
  number of runs   :          1
  nodes            :         89 (82 internal, 7 leaves)
  feasible leaves  :          0
  infeas. leaves   :          3
  objective leaves :          4
  nodes (total)    :         89 (82 internal, 7 leaves)
  nodes left       :         76
  max depth        :         19
  max depth (total):         19
  backtracks       :          7 (7.9%)
  early backtracks :          0 (0.0%)
  nodes exc. ref.  :          0 (0.0%)
  delayed cutoffs  :          0
  repropagations   :         15 (108 domain reductions, 0 cutoffs)
  avg switch length:       2.43
  switching time   :       0.16
Root Node          :
  First LP value   : +2.69251587301585e+02
  First LP Iters   :        615 (33345.98 Iter/sec)
  First LP Time    :       0.02
  Final Dual Bound : +3.05703785582746e+02
  Final Root Iters :       5879
  Root LP Estimate : +3.40280864675210e+02
Solution           :
  Solutions found  :          1 (1 improvements)
  First Solution   : +4.35000000000000e+02   (in run 1, after 13 nodes, 15331.88 seconds, depth 12, found by <relaxation>)
  Gap First Sol.   :      42.29 %
  Gap Last Sol.    :      42.29 %
  Primal Bound     : +4.35000000000000e+02   (in run 1, after 13 nodes, 15331.88 seconds, depth 12, found by <relaxation>)
  Dual Bound       : +3.05703785582746e+02
  Gap              :      42.29 %
Integrals          :      Total       Avg%
  primal-dual      : 3673922.02      42.06
  primal-ref       :          -          - (not evaluated)
  dual-ref         :          -          - (not evaluated)
