SCIP version 9.2.2 [precision: 8 byte] [memory: block] [mode: optimized] [LP solver: CPLEX 12.10.0.0] [GitHash: 416226a4f8]
Copyright (c) 2002-2025 Zuse Institute Berlin (ZIB)

reading parameter file </scratch/htc/yzhou/exp_scipmip/settings/allon_gendj.set>

read problem </scratch/htc/yzhou/exp_scipmip/instances/additional/mc11.mps>
============

original problem has 3040 variables (1520 bin, 0 int, 0 impl, 1520 cont) and 1920 constraints
   1920 constraints of type <linear>
Reading Time: 0.01
solve problem
=============
LP Solver <CPLEX 12.10.0.0>: fastmip setting not available -- SCIP parameter has no effect
LP Solver <CPLEX 12.10.0.0>: clock type cannot be set
LP Solver <CPLEX 12.10.0.0>: row representation of the basis not available -- SCIP parameter lp/rowrepswitch has no effect
LP Solver <CPLEX 12.10.0.0>: solution polishing not available -- SCIP parameter lp/solutionpolishing has no effect
LP Solver <CPLEX 12.10.0.0>: refactorization interval not available -- SCIP parameter lp/refactorinterval has no effect
transformed problem has 3040 variables (1520 bin, 0 int, 0 impl, 1520 cont) and 1920 constraints
   1920 constraints of type <linear>

original problem has 6080 active (0.104167%) nonzeros and 6080 (0.104167%) check nonzeros

presolving:
(round 1, fast)       0 del vars, 0 del conss, 0 add conss, 1520 chg bounds, 0 chg sides, 0 chg coeffs, 0 upgd conss, 0 impls, 0 clqs
(round 2, exhaustive) 0 del vars, 0 del conss, 0 add conss, 1520 chg bounds, 0 chg sides, 0 chg coeffs, 1520 upgd conss, 0 impls, 0 clqs
   (0.0s) probing: 51/1520 (3.4%) - 0 fixings, 0 aggregations, 0 implications, 0 bound changes
   (0.0s) probing aborted: 50/50 successive totally useless probings
   (0.0s) dualsparsify: 1 nonzeros canceled
   (0.0s) symmetry computation started: requiring (bin +, int +, cont +), (fixed: bin -, int -, cont -)
   (0.0s) no symmetry present (symcode time: 0.00)
clique table cleanup detected 0 bound changes

presolved problem has 6078 active (0.104132%) nonzeros and 6078 (0.104132%) check nonzeros

presolving (3 rounds: 3 fast, 2 medium, 2 exhaustive):
 0 deleted vars, 0 deleted constraints, 0 added constraints, 1520 tightened bounds, 0 added holes, 0 changed sides, 3 changed coefficients
 1520 implications, 0 cliques
presolved problem has 3040 variables (1520 bin, 0 int, 0 impl, 1520 cont) and 1920 constraints
   1520 constraints of type <varbound>
    400 constraints of type <linear>
transformed objective value is always integral (scale: 1)
Presolving Time: 0.03

 time | node  | left  |LP iter|LP it/n|mem/heur|mdpt |vars |cons |rows |cuts |sepa|confs|strbr|  dualbound   | primalbound  |  gap   | compl. 
p 0.1s|     1 |     0 |   200 |     - |   locks|   0 |3040 |1919 |1919 |   0 |  0 |   0 |   0 | 0.000000e+00 | 1.287230e+05 |    Inf | unknown
i 0.1s|     1 |     0 |   200 |     - |  oneopt|   0 |3040 |1919 |1919 |   0 |  0 |   0 |   0 | 0.000000e+00 | 6.377000e+04 |    Inf | unknown
  0.1s|     1 |     0 |   601 |     - |    22M |   0 |3040 |1919 |1919 |   0 |  0 |   0 |   0 | 6.088443e+02 | 6.377000e+04 |  Large | unknown
r 0.1s|     1 |     0 |   601 |     - |simplero|   0 |3040 |1919 |1919 |   0 |  0 |   0 |   0 | 6.088443e+02 | 1.350900e+04 |2118.79%| unknown
  0.1s|     1 |     0 |  1192 |     - |    26M |   0 |3040 |1919 |2229 | 310 |  1 |   0 |   0 | 8.095850e+03 | 1.350900e+04 |  66.86%| unknown
  0.2s|     1 |     0 |  1675 |     - |    27M |   0 |3040 |1919 |2449 | 530 |  2 |   0 |   0 | 9.288019e+03 | 1.350900e+04 |  45.45%| unknown
  0.3s|     1 |     0 |  2045 |     - |    29M |   0 |3040 |1919 |2631 | 712 |  3 |   0 |   0 | 9.745123e+03 | 1.350900e+04 |  38.62%| unknown
  0.4s|     1 |     0 |  2344 |     - |    31M |   0 |3040 |1919 |2785 | 866 |  4 |   0 |   0 | 1.003408e+04 | 1.350900e+04 |  34.63%| unknown
  0.5s|     1 |     0 |  2707 |     - |    33M |   0 |3040 |1919 |2905 | 986 |  5 |   0 |   0 | 1.039745e+04 | 1.350900e+04 |  29.93%| unknown
  0.6s|     1 |     0 |  3016 |     - |    36M |   0 |3040 |1919 |3022 |1103 |  6 |   0 |   0 | 1.064061e+04 | 1.350900e+04 |  26.96%| unknown
  0.8s|     1 |     0 |  3281 |     - |    37M |   0 |3040 |1919 |3132 |1213 |  7 |   0 |   0 | 1.071959e+04 | 1.350900e+04 |  26.02%| unknown
  1.0s|     1 |     0 |  3589 |     - |    40M |   0 |3040 |1919 |3248 |1329 |  8 |   0 |   0 | 1.083069e+04 | 1.350900e+04 |  24.73%| unknown
  1.2s|     1 |     0 |  3852 |     - |    41M |   0 |3040 |1919 |3356 |1437 |  9 |   0 |   0 | 1.088927e+04 | 1.350900e+04 |  24.06%| unknown
  1.4s|     1 |     0 |  4107 |     - |    44M |   0 |3040 |1919 |3453 |1534 | 10 |   0 |   0 | 1.094610e+04 | 1.350900e+04 |  23.41%| unknown
  1.6s|     1 |     0 |  4349 |     - |    44M |   0 |3040 |1919 |3558 |1639 | 11 |   0 |   0 | 1.097349e+04 | 1.350900e+04 |  23.11%| unknown
 time | node  | left  |LP iter|LP it/n|mem/heur|mdpt |vars |cons |rows |cuts |sepa|confs|strbr|  dualbound   | primalbound  |  gap   | compl. 
  1.9s|     1 |     0 |  4591 |     - |    45M |   0 |3040 |1919 |3658 |1739 | 12 |   0 |   0 | 1.098919e+04 | 1.350900e+04 |  22.93%| unknown
  2.1s|     1 |     0 |  4806 |     - |    47M |   0 |3040 |1919 |3749 |1830 | 13 |   0 |   0 | 1.102271e+04 | 1.350900e+04 |  22.56%| unknown
  2.4s|     1 |     0 |  5037 |     - |    51M |   0 |3040 |1919 |3842 |1923 | 14 |   0 |   0 | 1.104734e+04 | 1.350900e+04 |  22.28%| unknown
  2.7s|     1 |     0 |  5358 |     - |    52M |   0 |3040 |1919 |3935 |2016 | 15 |   0 |   0 | 1.108260e+04 | 1.350900e+04 |  21.89%| unknown
  3.0s|     1 |     0 |  5608 |     - |    52M |   0 |3040 |1919 |3613 |2100 | 16 |   0 |   0 | 1.110543e+04 | 1.350900e+04 |  21.64%| unknown
  3.3s|     1 |     0 |  5887 |     - |    54M |   0 |3040 |1919 |3696 |2183 | 17 |   0 |   0 | 1.114376e+04 | 1.350900e+04 |  21.22%| unknown
  3.6s|     1 |     0 |  6113 |     - |    56M |   0 |3040 |1919 |3785 |2272 | 18 |   0 |   0 | 1.117905e+04 | 1.350900e+04 |  20.84%| unknown
  4.0s|     1 |     0 |  6426 |     - |    57M |   0 |3040 |1919 |3870 |2357 | 19 |   0 |   0 | 1.121777e+04 | 1.350900e+04 |  20.43%| unknown
  4.2s|     1 |     0 |  6696 |     - |    57M |   0 |3040 |1919 |3956 |2443 | 20 |   0 |   0 | 1.125638e+04 | 1.350900e+04 |  20.01%| unknown
  4.5s|     1 |     0 |  6976 |     - |    59M |   0 |3040 |1919 |4038 |2525 | 21 |   0 |   0 | 1.127905e+04 | 1.350900e+04 |  19.77%| unknown
  4.9s|     1 |     0 |  7176 |     - |    61M |   0 |3040 |1919 |3704 |2618 | 22 |   0 |   0 | 1.128709e+04 | 1.350900e+04 |  19.69%| unknown
  5.2s|     1 |     0 |  7392 |     - |    61M |   0 |3040 |1919 |3781 |2695 | 23 |   0 |   0 | 1.130488e+04 | 1.350900e+04 |  19.50%| unknown
  5.5s|     1 |     0 |  7692 |     - |    62M |   0 |3040 |1919 |3856 |2770 | 24 |   0 |   0 | 1.132592e+04 | 1.350900e+04 |  19.28%| unknown
  5.8s|     1 |     0 |  7964 |     - |    63M |   0 |3040 |1919 |3937 |2851 | 25 |   0 |   0 | 1.134218e+04 | 1.350900e+04 |  19.10%| unknown
  6.1s|     1 |     0 |  8183 |     - |    64M |   0 |3040 |1919 |4013 |2927 | 26 |   0 |   0 | 1.135633e+04 | 1.350900e+04 |  18.96%| unknown
 time | node  | left  |LP iter|LP it/n|mem/heur|mdpt |vars |cons |rows |cuts |sepa|confs|strbr|  dualbound   | primalbound  |  gap   | compl. 
  6.3s|     1 |     0 |  8406 |     - |    64M |   0 |3040 |1919 |4085 |2999 | 27 |   0 |   0 | 1.136621e+04 | 1.350900e+04 |  18.85%| unknown
  6.7s|     1 |     0 |  8592 |     - |    64M |   0 |3040 |1919 |3692 |3066 | 28 |   0 |   0 | 1.137867e+04 | 1.350900e+04 |  18.72%| unknown
  6.9s|     1 |     0 |  8815 |     - |    67M |   0 |3040 |1919 |3764 |3138 | 29 |   0 |   0 | 1.138650e+04 | 1.350900e+04 |  18.64%| unknown
  7.2s|     1 |     0 |  9020 |     - |    70M |   0 |3040 |1919 |3828 |3202 | 30 |   0 |   0 | 1.139073e+04 | 1.350900e+04 |  18.60%| unknown
  7.4s|     1 |     0 |  9208 |     - |    70M |   0 |3040 |1919 |3900 |3274 | 31 |   0 |   0 | 1.139210e+04 | 1.350900e+04 |  18.58%| unknown
  7.7s|     1 |     0 |  9405 |     - |    71M |   0 |3040 |1919 |3965 |3339 | 32 |   0 |   0 | 1.139575e+04 | 1.350900e+04 |  18.54%| unknown
  7.9s|     1 |     0 |  9544 |     - |    71M |   0 |3040 |1919 |4022 |3396 | 33 |   0 |   0 | 1.139652e+04 | 1.350900e+04 |  18.54%| unknown
  8.2s|     1 |     0 |  9679 |     - |    73M |   0 |3040 |1919 |3608 |3452 | 34 |   0 |   0 | 1.139848e+04 | 1.350900e+04 |  18.52%| unknown
  8.5s|     1 |     0 |  9855 |     - |    75M |   0 |3040 |1919 |3667 |3511 | 35 |   0 |   0 | 1.140164e+04 | 1.350900e+04 |  18.48%| unknown
  8.7s|     1 |     0 | 10022 |     - |    76M |   0 |3040 |1919 |3717 |3561 | 36 |   0 |   0 | 1.140332e+04 | 1.350900e+04 |  18.47%| unknown
  8.9s|     1 |     0 | 10236 |     - |    76M |   0 |3040 |1919 |3776 |3620 | 37 |   0 |   0 | 1.140678e+04 | 1.350900e+04 |  18.43%| unknown
  9.1s|     1 |     0 | 10388 |     - |    77M |   0 |3040 |1919 |3833 |3677 | 38 |   0 |   0 | 1.141050e+04 | 1.350900e+04 |  18.39%| unknown
  9.4s|     1 |     0 | 10610 |     - |    78M |   0 |3040 |1919 |3886 |3730 | 39 |   0 |   0 | 1.141695e+04 | 1.350900e+04 |  18.32%| unknown
  9.7s|     1 |     0 | 10791 |     - |    78M |   0 |3040 |1919 |3515 |3776 | 40 |   0 |   0 | 1.142291e+04 | 1.350900e+04 |  18.26%| unknown
  9.9s|     1 |     0 | 10942 |     - |    79M |   0 |3040 |1919 |3567 |3828 | 41 |   0 |   0 | 1.142476e+04 | 1.350900e+04 |  18.24%| unknown
 time | node  | left  |LP iter|LP it/n|mem/heur|mdpt |vars |cons |rows |cuts |sepa|confs|strbr|  dualbound   | primalbound  |  gap   | compl. 
 10.1s|     1 |     0 | 11055 |     - |    80M |   0 |3040 |1919 |3616 |3877 | 42 |   0 |   0 | 1.142563e+04 | 1.350900e+04 |  18.23%| unknown
 10.3s|     1 |     0 | 11200 |     - |    80M |   0 |3040 |1919 |3663 |3924 | 43 |   0 |   0 | 1.142772e+04 | 1.350900e+04 |  18.21%| unknown
 10.6s|     1 |     0 | 11399 |     - |    80M |   0 |3040 |1919 |3707 |3968 | 44 |   0 |   0 | 1.143270e+04 | 1.350900e+04 |  18.16%| unknown
 10.8s|     1 |     0 | 11565 |     - |    81M |   0 |3040 |1919 |3760 |4021 | 45 |   0 |   0 | 1.143415e+04 | 1.350900e+04 |  18.15%| unknown
 11.1s|     1 |     0 | 11724 |     - |    81M |   0 |3040 |1919 |3466 |4063 | 46 |   0 |   0 | 1.143546e+04 | 1.350900e+04 |  18.13%| unknown
 11.3s|     1 |     0 | 11941 |     - |    81M |   0 |3040 |1919 |3518 |4115 | 47 |   0 |   0 | 1.143709e+04 | 1.350900e+04 |  18.12%| unknown
 11.6s|     1 |     0 | 12158 |     - |    82M |   0 |3040 |1919 |3564 |4161 | 48 |   0 |   0 | 1.144045e+04 | 1.350900e+04 |  18.08%| unknown
 11.8s|     1 |     0 | 12320 |     - |    82M |   0 |3040 |1919 |3612 |4209 | 49 |   0 |   0 | 1.144175e+04 | 1.350900e+04 |  18.07%| unknown
 12.0s|     1 |     0 | 12419 |     - |    82M |   0 |3040 |1919 |3658 |4255 | 50 |   0 |   0 | 1.144274e+04 | 1.350900e+04 |  18.06%| unknown
 12.2s|     1 |     0 | 12566 |     - |    83M |   0 |3040 |1919 |3694 |4291 | 51 |   0 |   0 | 1.145313e+04 | 1.350900e+04 |  17.95%| unknown
 12.5s|     1 |     0 | 12691 |     - |    84M |   0 |3040 |1919 |3450 |4329 | 52 |   0 |   0 | 1.145552e+04 | 1.350900e+04 |  17.93%| unknown
 12.6s|     1 |     0 | 12775 |     - |    85M |   0 |3040 |1919 |3480 |4359 | 53 |   0 |   0 | 1.145577e+04 | 1.350900e+04 |  17.92%| unknown
 12.8s|     1 |     0 | 12901 |     - |    85M |   0 |3040 |1919 |3517 |4396 | 54 |   0 |   0 | 1.145653e+04 | 1.350900e+04 |  17.92%| unknown
 12.9s|     1 |     0 | 13076 |     - |    85M |   0 |3040 |1919 |3563 |4442 | 55 |   0 |   0 | 1.145903e+04 | 1.350900e+04 |  17.89%| unknown
 13.1s|     1 |     0 | 13168 |     - |    86M |   0 |3040 |1919 |3602 |4481 | 56 |   0 |   0 | 1.145935e+04 | 1.350900e+04 |  17.89%| unknown
 time | node  | left  |LP iter|LP it/n|mem/heur|mdpt |vars |cons |rows |cuts |sepa|confs|strbr|  dualbound   | primalbound  |  gap   | compl. 
 13.3s|     1 |     0 | 13333 |     - |    86M |   0 |3040 |1919 |3634 |4513 | 57 |   0 |   0 | 1.146203e+04 | 1.350900e+04 |  17.86%| unknown
 13.6s|     1 |     0 | 13494 |     - |    86M |   0 |3040 |1919 |3399 |4546 | 58 |   0 |   0 | 1.146435e+04 | 1.350900e+04 |  17.83%| unknown
 13.7s|     1 |     0 | 13595 |     - |    87M |   0 |3040 |1919 |3429 |4576 | 59 |   0 |   0 | 1.146500e+04 | 1.350900e+04 |  17.83%| unknown
 13.9s|     1 |     0 | 13707 |     - |    87M |   0 |3040 |1919 |3479 |4626 | 60 |   0 |   0 | 1.146625e+04 | 1.350900e+04 |  17.82%| unknown
 14.1s|     1 |     0 | 13876 |     - |    89M |   0 |3040 |1919 |3520 |4667 | 61 |   0 |   0 | 1.146719e+04 | 1.350900e+04 |  17.81%| unknown
 14.3s|     1 |     0 | 14056 |     - |    89M |   0 |3040 |1919 |3552 |4699 | 62 |   0 |   0 | 1.146974e+04 | 1.350900e+04 |  17.78%| unknown
 14.5s|     1 |     0 | 14198 |     - |    89M |   0 |3040 |1919 |3583 |4730 | 63 |   0 |   0 | 1.147142e+04 | 1.350900e+04 |  17.76%| unknown
 14.8s|     1 |     0 | 14328 |     - |    89M |   0 |3040 |1919 |3407 |4770 | 64 |   0 |   0 | 1.147292e+04 | 1.350900e+04 |  17.75%| unknown
 14.9s|     1 |     0 | 14453 |     - |    90M |   0 |3040 |1919 |3432 |4795 | 65 |   0 |   0 | 1.147357e+04 | 1.350900e+04 |  17.74%| unknown
 15.1s|     1 |     0 | 14609 |     - |    90M |   0 |3040 |1919 |3468 |4831 | 66 |   0 |   0 | 1.147570e+04 | 1.350900e+04 |  17.72%| unknown
 15.2s|     1 |     0 | 14731 |     - |    91M |   0 |3040 |1919 |3506 |4869 | 67 |   0 |   0 | 1.147685e+04 | 1.350900e+04 |  17.71%| unknown
 15.4s|     1 |     0 | 14840 |     - |    92M |   0 |3040 |1919 |3538 |4901 | 68 |   0 |   0 | 1.147727e+04 | 1.350900e+04 |  17.70%| unknown
 15.5s|     1 |     0 | 14917 |     - |    93M |   0 |3040 |1919 |3574 |4937 | 69 |   0 |   0 | 1.147737e+04 | 1.350900e+04 |  17.70%| unknown
 15.7s|     1 |     0 | 15022 |     - |    93M |   0 |3040 |1919 |3384 |4968 | 70 |   0 |   0 | 1.147776e+04 | 1.350900e+04 |  17.70%| unknown
 15.9s|     1 |     0 | 15115 |     - |    93M |   0 |3040 |1919 |3413 |4997 | 71 |   0 |   0 | 1.147826e+04 | 1.350900e+04 |  17.69%| unknown
 time | node  | left  |LP iter|LP it/n|mem/heur|mdpt |vars |cons |rows |cuts |sepa|confs|strbr|  dualbound   | primalbound  |  gap   | compl. 
 16.1s|     1 |     0 | 15227 |     - |    93M |   0 |3040 |1919 |3445 |5029 | 72 |   0 |   0 | 1.147872e+04 | 1.350900e+04 |  17.69%| unknown
 16.3s|     1 |     0 | 15336 |     - |    93M |   0 |3040 |1919 |3474 |5058 | 73 |   0 |   0 | 1.147903e+04 | 1.350900e+04 |  17.68%| unknown
 16.4s|     1 |     0 | 15412 |     - |    93M |   0 |3040 |1919 |3505 |5089 | 74 |   0 |   0 | 1.147919e+04 | 1.350900e+04 |  17.68%| unknown
 16.6s|     1 |     0 | 15486 |     - |    93M |   0 |3040 |1919 |3527 |5111 | 75 |   0 |   0 | 1.147933e+04 | 1.350900e+04 |  17.68%| unknown
 16.7s|     1 |     0 | 15557 |     - |    93M |   0 |3040 |1919 |3356 |5131 | 76 |   0 |   0 | 1.147945e+04 | 1.350900e+04 |  17.68%| unknown
 16.8s|     1 |     0 | 15675 |     - |    93M |   0 |3040 |1919 |3371 |5146 | 77 |   0 |   0 | 1.148109e+04 | 1.350900e+04 |  17.66%| unknown
 16.9s|     1 |     0 | 15787 |     - |    94M |   0 |3040 |1919 |3404 |5179 | 78 |   0 |   0 | 1.148260e+04 | 1.350900e+04 |  17.65%| unknown
 17.0s|     1 |     0 | 15859 |     - |    94M |   0 |3040 |1919 |3433 |5208 | 79 |   0 |   0 | 1.148289e+04 | 1.350900e+04 |  17.64%| unknown
 17.1s|     1 |     0 | 15978 |     - |    94M |   0 |3040 |1919 |3451 |5226 | 80 |   0 |   0 | 1.148384e+04 | 1.350900e+04 |  17.63%| unknown
 17.3s|     1 |     0 | 16090 |     - |    94M |   0 |3040 |1919 |3474 |5249 | 81 |   0 |   0 | 1.148419e+04 | 1.350900e+04 |  17.63%| unknown
 17.5s|     1 |     0 | 16141 |     - |    95M |   0 |3040 |1919 |3316 |5273 | 82 |   0 |   0 | 1.148446e+04 | 1.350900e+04 |  17.63%| unknown
 17.6s|     1 |     0 | 16209 |     - |    96M |   0 |3040 |1919 |3340 |5297 | 83 |   0 |   0 | 1.148458e+04 | 1.350900e+04 |  17.63%| unknown
 17.7s|     1 |     0 | 16274 |     - |    96M |   0 |3040 |1919 |3357 |5314 | 84 |   0 |   0 | 1.148469e+04 | 1.350900e+04 |  17.63%| unknown
 17.7s|     1 |     0 | 16324 |     - |    96M |   0 |3040 |1919 |3373 |5330 | 85 |   0 |   0 | 1.148473e+04 | 1.350900e+04 |  17.63%| unknown
 17.8s|     1 |     0 | 16361 |     - |    96M |   0 |3040 |1919 |3387 |5344 | 86 |   0 |   0 | 1.148476e+04 | 1.350900e+04 |  17.63%| unknown
 time | node  | left  |LP iter|LP it/n|mem/heur|mdpt |vars |cons |rows |cuts |sepa|confs|strbr|  dualbound   | primalbound  |  gap   | compl. 
 17.8s|     1 |     0 | 16404 |     - |    96M |   0 |3040 |1919 |3397 |5354 | 87 |   0 |   0 | 1.148489e+04 | 1.350900e+04 |  17.62%| unknown
 18.0s|     1 |     0 | 16463 |     - |    96M |   0 |3040 |1919 |3276 |5368 | 88 |   0 |   0 | 1.148504e+04 | 1.350900e+04 |  17.62%| unknown
Truncate separation round because of stalling (10 stall rounds).
L21.8s|     1 |     0 | 19616 |     - |    rens|   0 |3040 |1947 |3276 |5368 | 88 |  28 |   0 | 1.148504e+04 | 1.169600e+04 |   1.84%| unknown
 21.8s|     1 |     0 | 19616 |     - |    98M |   0 |3040 |1947 |3276 |5368 | 88 |  28 |   0 | 1.148504e+04 | 1.169600e+04 |   1.84%| unknown
 21.9s|     1 |     0 | 19692 |     - |    98M |   0 |3040 |1947 |3294 |5386 | 89 |  28 |   0 | 1.148523e+04 | 1.169600e+04 |   1.84%| unknown
 22.0s|     1 |     0 | 19789 |     - |    98M |   0 |3040 |1947 |3310 |5402 | 90 |  28 |   0 | 1.148884e+04 | 1.169600e+04 |   1.80%| unknown
_____________________________________
Now starting branching with general disjunction
Current branching Node number: 1
LP objective value: 11488.8
Node lower bound: 11494.8
Node upper bound: 11696
gap to the primal bound: 0.0174995
Preck submodel is infeasible, continue branching
Time limit exceeded (1000.25s), stopping submodel solve loop
General disjunction: No feasible solution found, use SCIP default branching rule
 1025s|     1 |     2 | 19789 |     - |    98M |   0 |3040 |1947 |3310 |5402 | 90 |  28 |  76 | 1.149485e+04 | 1.169600e+04 |   1.75%| unknown
_____________________________________
Now starting branching with general disjunction
Current branching Node number: 2
LP objective value: 11489.2
Node lower bound: 11494.8
Node upper bound: 11696
gap to the primal bound: 0.0174995
Preck submodel is infeasible, continue branching
Time limit exceeded (1000.23s), stopping submodel solve loop
General disjunction: No feasible solution found, use SCIP default branching rule
_____________________________________
Now starting branching with general disjunction
Current branching Node number: 5
LP objective value: 11495.2
Node lower bound: 11497.8
Node upper bound: 11696
gap to the primal bound: 0.0173446
Preck submodel is infeasible, continue branching
Time limit exceeded (1000.22s), stopping submodel solve loop
General disjunction: No feasible solution found, use SCIP default branching rule
_____________________________________
Now starting branching with general disjunction
Current branching Node number: 6
LP objective value: 11505.8
Node lower bound: 11508.5
Node upper bound: 11696
gap to the primal bound: 0.0173446
Preck submodel is infeasible, continue branching
Time limit exceeded (1000.23s), stopping submodel solve loop
General disjunction: No feasible solution found, use SCIP default branching rule
_____________________________________
Now starting branching with general disjunction
Current branching Node number: 8
LP objective value: 11508.5
Node lower bound: 11511
Node upper bound: 11696
gap to the primal bound: 0.0173446
Preck submodel is infeasible, continue branching
Time limit exceeded (1000.23s), stopping submodel solve loop
General disjunction: No feasible solution found, use SCIP default branching rule
_____________________________________
Now starting branching with general disjunction
Current branching Node number: 10
LP objective value: 11511
Node lower bound: 11512.1
Node upper bound: 11696
gap to the primal bound: 0.0173446
Preck submodel is infeasible, continue branching
Time limit exceeded (1000.22s), stopping submodel solve loop
General disjunction: No feasible solution found, use SCIP default branching rule
_____________________________________
Now starting branching with general disjunction
Current branching Node number: 13
LP objective value: 11511.4
Node lower bound: 11512.7
Node upper bound: 11696
gap to the primal bound: 0.0173446
Preck submodel is infeasible, continue branching
Time limit exceeded (1000.23s), stopping submodel solve loop
General disjunction: No feasible solution found, use SCIP default branching rule
_____________________________________
Now starting branching with general disjunction
Current branching Node number: 15
LP objective value: 11511.9
Node lower bound: 11513
Node upper bound: 11696
gap to the primal bound: 0.0173446
Preck submodel is infeasible, continue branching
Time limit exceeded (1000.22s), stopping submodel solve loop
General disjunction: No feasible solution found, use SCIP default branching rule
_____________________________________
Now starting branching with general disjunction
Current branching Node number: 16
Relpscost reduced domain, skip general disjunction branching
_____________________________________
Now starting branching with general disjunction
Current branching Node number: 17
LP objective value: 11512
Node lower bound: 11513
Node upper bound: 11696
gap to the primal bound: 0.0173446
Preck submodel is infeasible, continue branching
Time limit exceeded (1000.24s), stopping submodel solve loop
General disjunction: No feasible solution found, use SCIP default branching rule
_____________________________________
Now starting branching with general disjunction
Current branching Node number: 18
LP objective value: 11512.5
Node lower bound: 11513.6
Node upper bound: 11696
gap to the primal bound: 0.0173446
Preck submodel is infeasible, continue branching
Time limit exceeded (1000.23s), stopping submodel solve loop
General disjunction: No feasible solution found, use SCIP default branching rule
_____________________________________
Now starting branching with general disjunction
Current branching Node number: 20
Relpscost reduced domain, skip general disjunction branching
_____________________________________
Now starting branching with general disjunction
Current branching Node number: 20
Relpscost reduced domain, skip general disjunction branching
_____________________________________
Now starting branching with general disjunction
Current branching Node number: 20
Relpscost reduced domain, skip general disjunction branching
_____________________________________
Now starting branching with general disjunction
Current branching Node number: 20
Relpscost reduced domain, skip general disjunction branching
_____________________________________
Now starting branching with general disjunction
Current branching Node number: 20
Relpscost reduced domain, skip general disjunction branching
_____________________________________
Now starting branching with general disjunction
Current branching Node number: 20
LP objective value: 11541.4
Node lower bound: 11542.8
Node upper bound: 11696
gap to the primal bound: 0.0173446
Preck submodel is infeasible, continue branching
Time limit exceeded (1000.22s), stopping submodel solve loop
General disjunction: No feasible solution found, use SCIP default branching rule
_____________________________________
Now starting branching with general disjunction
Current branching Node number: 22
Relpscost reduced domain, skip general disjunction branching
_____________________________________
Now starting branching with general disjunction
Current branching Node number: 22
Relpscost reduced domain, skip general disjunction branching
_____________________________________
Now starting branching with general disjunction
Current branching Node number: 22
Relpscost reduced domain, skip general disjunction branching
_____________________________________
Now starting branching with general disjunction
Current branching Node number: 22
Relpscost reduced domain, skip general disjunction branching
_____________________________________
Now starting branching with general disjunction
Current branching Node number: 22
Relpscost reduced domain, skip general disjunction branching
_____________________________________
Now starting branching with general disjunction
Current branching Node number: 22
Relpscost reduced domain, skip general disjunction branching
_____________________________________
Now starting branching with general disjunction
Current branching Node number: 22
Relpscost reduced domain, skip general disjunction branching
_____________________________________
Now starting branching with general disjunction
Current branching Node number: 22
Relpscost reduced domain, skip general disjunction branching
_____________________________________
Now starting branching with general disjunction
Current branching Node number: 22
Relpscost reduced domain, skip general disjunction branching
_____________________________________
Now starting branching with general disjunction
Current branching Node number: 23
Relpscost reduced domain, skip general disjunction branching
_____________________________________
Now starting branching with general disjunction
Current branching Node number: 23
Relpscost reduced domain, skip general disjunction branching
_____________________________________
Now starting branching with general disjunction
Current branching Node number: 23
Relpscost reduced domain, skip general disjunction branching
_____________________________________
Now starting branching with general disjunction
Current branching Node number: 23
Relpscost reduced domain, skip general disjunction branching
_____________________________________
Now starting branching with general disjunction
Current branching Node number: 23
LP objective value: 11579.5
Node lower bound: 11581.4
Node upper bound: 11696
gap to the primal bound: 0.0173446
Preck submodel is infeasible, continue branching
Time limit exceeded (1000.22s), stopping submodel solve loop
General disjunction: No feasible solution found, use SCIP default branching rule
_____________________________________
Now starting branching with general disjunction
Current branching Node number: 24
Relpscost reduced domain, skip general disjunction branching
_____________________________________
Now starting branching with general disjunction
Current branching Node number: 24
Relpscost reduced domain, skip general disjunction branching
_____________________________________
Now starting branching with general disjunction
Current branching Node number: 24
Relpscost reduced domain, skip general disjunction branching
_____________________________________
Now starting branching with general disjunction
Current branching Node number: 24
Relpscost reduced domain, skip general disjunction branching
_____________________________________
Now starting branching with general disjunction
Current branching Node number: 24
LP objective value: 11580.7
Node lower bound: 11588.6
Node upper bound: 11696
gap to the primal bound: 0.0173446
Preck submodel is infeasible, continue branching
Time limit exceeded (1000.22s), stopping submodel solve loop
General disjunction: No feasible solution found, use SCIP default branching rule
_____________________________________
Now starting branching with general disjunction
Current branching Node number: 26
Relpscost reduced domain, skip general disjunction branching
_____________________________________
Now starting branching with general disjunction
Current branching Node number: 27
Relpscost reduced domain, skip general disjunction branching
_____________________________________
Now starting branching with general disjunction
Current branching Node number: 27
Relpscost reduced domain, skip general disjunction branching
_____________________________________
Now starting branching with general disjunction
Current branching Node number: 27
Relpscost reduced domain, skip general disjunction branching
_____________________________________
Now starting branching with general disjunction
Current branching Node number: 27
Relpscost reduced domain, skip general disjunction branching
_____________________________________
Now starting branching with general disjunction
Current branching Node number: 27
Relpscost reduced domain, skip general disjunction branching
_____________________________________
Now starting branching with general disjunction
Current branching Node number: 27
LP objective value: 11590.1
Node lower bound: 11592.1
Node upper bound: 11696
gap to the primal bound: 0.0173446
Preck submodel is infeasible, continue branching
Time limit exceeded (1000.22s), stopping submodel solve loop
General disjunction: No feasible solution found, use SCIP default branching rule
_____________________________________
Now starting branching with general disjunction
Current branching Node number: 27
Relpscost reduced domain, skip general disjunction branching
_____________________________________
Now starting branching with general disjunction
Current branching Node number: 27
Relpscost reduced domain, skip general disjunction branching
_____________________________________
Now starting branching with general disjunction
Current branching Node number: 27
Relpscost reduced domain, skip general disjunction branching
_____________________________________
Now starting branching with general disjunction
Current branching Node number: 27
LP objective value: 11591.5
Node lower bound: 11593.4
Node upper bound: 11696
gap to the primal bound: 0.0173446
Preck submodel is infeasible, continue branching
Time limit exceeded (1000.21s), stopping submodel solve loop
General disjunction: No feasible solution found, use SCIP default branching rule
_____________________________________
Now starting branching with general disjunction
Current branching Node number: 28
Relpscost reduced domain, skip general disjunction branching
_____________________________________
Now starting branching with general disjunction
Current branching Node number: 28
Relpscost reduced domain, skip general disjunction branching
_____________________________________
Now starting branching with general disjunction
Current branching Node number: 29
Relpscost reduced domain, skip general disjunction branching
_____________________________________
Now starting branching with general disjunction
Current branching Node number: 29
LP objective value: 11605.1
Node lower bound: 11606.9
Node upper bound: 11696
gap to the primal bound: 0.0173446
Preck submodel is infeasible, continue branching
Time limit exceeded (1000.22s), stopping submodel solve loop
General disjunction: No feasible solution found, use SCIP default branching rule
_____________________________________
Now starting branching with general disjunction
Current branching Node number: 30
LP objective value: 11605.3
Node lower bound: 11607.1
Node upper bound: 11696
gap to the primal bound: 0.0173446
Preck submodel is infeasible, continue branching
Time limit exceeded (1000.22s), stopping submodel solve loop
General disjunction: No feasible solution found, use SCIP default branching rule
_____________________________________
Now starting branching with general disjunction
Current branching Node number: 33
Relpscost reduced domain, skip general disjunction branching
_____________________________________
Now starting branching with general disjunction
Current branching Node number: 33
Relpscost reduced domain, skip general disjunction branching
_____________________________________
Now starting branching with general disjunction
Current branching Node number: 33
Relpscost reduced domain, skip general disjunction branching
_____________________________________
Now starting branching with general disjunction
Current branching Node number: 33
LP objective value: 11617.9
Node lower bound: 11619.3
Node upper bound: 11696
gap to the primal bound: 0.0173446
Preck submodel is infeasible, continue branching
Time limit exceeded (1000.23s), stopping submodel solve loop
General disjunction: No feasible solution found, use SCIP default branching rule
_____________________________________
Now starting branching with general disjunction
Current branching Node number: 34
Relpscost reduced domain, skip general disjunction branching
_____________________________________
Now starting branching with general disjunction
Current branching Node number: 34
Relpscost reduced domain, skip general disjunction branching
_____________________________________
Now starting branching with general disjunction
Current branching Node number: 34
LP objective value: 11617.9
Node lower bound: 11619.3
Node upper bound: 11696
gap to the primal bound: 0.0173446
Preck submodel is infeasible, continue branching
Time limit exceeded (1000.22s), stopping submodel solve loop
General disjunction: No feasible solution found, use SCIP default branching rule
_____________________________________
Now starting branching with general disjunction
Current branching Node number: 37
Relpscost reduced domain, skip general disjunction branching
_____________________________________
Now starting branching with general disjunction
Current branching Node number: 11
Relpscost reduced domain, skip general disjunction branching
_____________________________________
Now starting branching with general disjunction
Current branching Node number: 11
Relpscost reduced domain, skip general disjunction branching
_____________________________________
Now starting branching with general disjunction
Current branching Node number: 11
Relpscost reduced domain, skip general disjunction branching
_____________________________________
Now starting branching with general disjunction
Current branching Node number: 11
Relpscost reduced domain, skip general disjunction branching
_____________________________________
Now starting branching with general disjunction
Current branching Node number: 11
Relpscost reduced domain, skip general disjunction branching
_____________________________________
Now starting branching with general disjunction
Current branching Node number: 11
LP objective value: 11553.7
Node lower bound: 11559.6
Node upper bound: 11696
gap to the primal bound: 0.0173446
Preck submodel is infeasible, continue branching
Time limit exceeded (1000.21s), stopping submodel solve loop
General disjunction: No feasible solution found, use SCIP default branching rule
_____________________________________
Now starting branching with general disjunction
Current branching Node number: 38
LP objective value: 11553.9
Node lower bound: 11559.6
Node upper bound: 11696
gap to the primal bound: 0.0173446
Preck submodel is infeasible, continue branching
Time limit exceeded (1000.21s), stopping submodel solve loop
General disjunction: No feasible solution found, use SCIP default branching rule
_____________________________________
Now starting branching with general disjunction
Current branching Node number: 40
LP objective value: 11554.4
Node lower bound: 11559.6
Node upper bound: 11696
gap to the primal bound: 0.0173446
Preck submodel is infeasible, continue branching
Time limit exceeded (1000.21s), stopping submodel solve loop
General disjunction: No feasible solution found, use SCIP default branching rule
_____________________________________
Now starting branching with general disjunction
Current branching Node number: 42
LP objective value: 11554.6
Node lower bound: 11559.6
Node upper bound: 11696
gap to the primal bound: 0.0173446
Preck submodel is infeasible, continue branching
Time limit exceeded (1000.21s), stopping submodel solve loop
General disjunction: No feasible solution found, use SCIP default branching rule
_____________________________________
Now starting branching with general disjunction
Current branching Node number: 45
LP objective value: 11570
Node lower bound: 11570.2
Node upper bound: 11696
gap to the primal bound: 0.0173446
Preck submodel is infeasible, continue branching
Time limit exceeded (1000.21s), stopping submodel solve loop
General disjunction: No feasible solution found, use SCIP default branching rule
_____________________________________
Now starting branching with general disjunction
Current branching Node number: 46
Relpscost reduced domain, skip general disjunction branching
_____________________________________
Now starting branching with general disjunction
Current branching Node number: 46
Relpscost reduced domain, skip general disjunction branching
_____________________________________
Now starting branching with general disjunction
Current branching Node number: 47
Relpscost reduced domain, skip general disjunction branching
_____________________________________
Now starting branching with general disjunction
Current branching Node number: 47
Relpscost reduced domain, skip general disjunction branching
_____________________________________
Now starting branching with general disjunction
Current branching Node number: 47
Relpscost reduced domain, skip general disjunction branching
_____________________________________
Now starting branching with general disjunction
Current branching Node number: 47
Relpscost reduced domain, skip general disjunction branching
_____________________________________
Now starting branching with general disjunction
Current branching Node number: 47
Relpscost reduced domain, skip general disjunction branching
_____________________________________
Now starting branching with general disjunction
Current branching Node number: 47
Relpscost reduced domain, skip general disjunction branching
_____________________________________
Now starting branching with general disjunction
Current branching Node number: 47
Relpscost reduced domain, skip general disjunction branching
_____________________________________
Now starting branching with general disjunction
Current branching Node number: 47
Relpscost reduced domain, skip general disjunction branching
_____________________________________
Now starting branching with general disjunction
Current branching Node number: 47
Relpscost reduced domain, skip general disjunction branching
_____________________________________
Now starting branching with general disjunction
Current branching Node number: 4
LP objective value: 11506.2
Node lower bound: 11509.4
Node upper bound: 11696
gap to the primal bound: 0.0169882
Preck submodel is infeasible, continue branching
Time limit exceeded (1000.22s), stopping submodel solve loop
General disjunction: No feasible solution found, use SCIP default branching rule
_____________________________________
Now starting branching with general disjunction
Current branching Node number: 48
LP objective value: 11509.4
Node lower bound: 11510.5
Node upper bound: 11696
gap to the primal bound: 0.0169882
Preck submodel is infeasible, continue branching
Time limit exceeded (1000.21s), stopping submodel solve loop
General disjunction: No feasible solution found, use SCIP default branching rule
_____________________________________
Now starting branching with general disjunction
Current branching Node number: 50
LP objective value: 11510.5
Node lower bound: 11511.3
Node upper bound: 11696
gap to the primal bound: 0.0169882
Preck submodel is infeasible, continue branching
Time limit exceeded (1174.09s), stopping submodel solve loop
General disjunction: No feasible solution found, use SCIP default branching rule
_____________________________________
Now starting branching with general disjunction
Current branching Node number: 52
LP objective value: 11510.7
Node lower bound: 11511.3
Node upper bound: 11696
gap to the primal bound: 0.0169882
Preck submodel is infeasible, continue branching
Time limit exceeded (1000.22s), stopping submodel solve loop
General disjunction: No feasible solution found, use SCIP default branching rule
_____________________________________
Now starting branching with general disjunction
Current branching Node number: 54
LP objective value: 11510.8
Node lower bound: 11511.3
Node upper bound: 11696
gap to the primal bound: 0.0169882
Preck submodel is infeasible, continue branching
Time limit exceeded (1000.21s), stopping submodel solve loop
General disjunction: No feasible solution found, use SCIP default branching rule
_____________________________________
Now starting branching with general disjunction
Current branching Node number: 56
Relpscost reduced domain, skip general disjunction branching
_____________________________________
Now starting branching with general disjunction
Current branching Node number: 56
LP objective value: 11663.4
Node lower bound: 11663.8
Node upper bound: 11696
gap to the primal bound: 0.0169882
Preck submodel is infeasible, continue branching
Time limit exceeded (1000.22s), stopping submodel solve loop
General disjunction: No feasible solution found, use SCIP default branching rule
_____________________________________
Now starting branching with general disjunction
Current branching Node number: 58
Relpscost reduced domain, skip general disjunction branching
_____________________________________
Now starting branching with general disjunction
Current branching Node number: 58
Relpscost reduced domain, skip general disjunction branching
_____________________________________
Now starting branching with general disjunction
Current branching Node number: 58
Relpscost reduced domain, skip general disjunction branching
_____________________________________
Now starting branching with general disjunction
Current branching Node number: 58
Relpscost reduced domain, skip general disjunction branching
_____________________________________
Now starting branching with general disjunction
Current branching Node number: 58
Relpscost reduced domain, skip general disjunction branching
_____________________________________
Now starting branching with general disjunction
Current branching Node number: 58
Relpscost reduced domain, skip general disjunction branching
_____________________________________
Now starting branching with general disjunction
Current branching Node number: 58
Relpscost reduced domain, skip general disjunction branching
_____________________________________
Now starting branching with general disjunction
Current branching Node number: 58
Relpscost reduced domain, skip general disjunction branching
_____________________________________
Now starting branching with general disjunction
Current branching Node number: 58
Relpscost reduced domain, skip general disjunction branching
_____________________________________
Now starting branching with general disjunction
Current branching Node number: 58
LP objective value: 11666
Node lower bound: 11668.3
Node upper bound: 11696
gap to the primal bound: 0.0169882
Preck submodel is infeasible, continue branching
Time limit exceeded (1000.24s), stopping submodel solve loop
General disjunction: No feasible solution found, use SCIP default branching rule
_____________________________________
Now starting branching with general disjunction
Current branching Node number: 60
LP objective value: 11667.9
Node lower bound: 11668.3
Node upper bound: 11696
gap to the primal bound: 0.0169882
Preck submodel is infeasible, continue branching
Time limit exceeded (1000.25s), stopping submodel solve loop
General disjunction: No feasible solution found, use SCIP default branching rule
_____________________________________
Now starting branching with general disjunction
Current branching Node number: 9
Relpscost reduced domain, skip general disjunction branching
_____________________________________
Now starting branching with general disjunction
Current branching Node number: 9
Relpscost reduced domain, skip general disjunction branching
_____________________________________
Now starting branching with general disjunction
Current branching Node number: 9
Relpscost reduced domain, skip general disjunction branching
_____________________________________
Now starting branching with general disjunction
Current branching Node number: 9
Relpscost reduced domain, skip general disjunction branching
_____________________________________
Now starting branching with general disjunction
Current branching Node number: 9
Relpscost reduced domain, skip general disjunction branching
_____________________________________
Now starting branching with general disjunction
Current branching Node number: 9
Relpscost reduced domain, skip general disjunction branching
_____________________________________
Now starting branching with general disjunction
Current branching Node number: 9
LP objective value: 11557.5
Node lower bound: 11557.7
Node upper bound: 11696
gap to the primal bound: 0.0169882
Preck submodel is infeasible, continue branching
Time limit exceeded (1000.22s), stopping submodel solve loop
General disjunction: No feasible solution found, use SCIP default branching rule
_____________________________________
Now starting branching with general disjunction
Current branching Node number: 64
LP objective value: 11557.7
Node lower bound: 11557.7
Node upper bound: 11696
gap to the primal bound: 0.0169882
Preck submodel is infeasible, continue branching
Time limit exceeded (1000.21s), stopping submodel solve loop
General disjunction: No feasible solution found, use SCIP default branching rule
_____________________________________
Now starting branching with general disjunction
Current branching Node number: 66
LP objective value: 11557.9
Node lower bound: 11557.9
Node upper bound: 11696
gap to the primal bound: 0.0169882
Preck submodel is infeasible, continue branching
Time limit exceeded (1000.22s), stopping submodel solve loop
General disjunction: No feasible solution found, use SCIP default branching rule
_____________________________________
Now starting branching with general disjunction
Current branching Node number: 68
Relpscost reduced domain, skip general disjunction branching
_____________________________________
Now starting branching with general disjunction
Current branching Node number: 68
Relpscost reduced domain, skip general disjunction branching
_____________________________________
Now starting branching with general disjunction
Current branching Node number: 69
LP objective value: 11565.8
Node lower bound: 11565.8
Node upper bound: 11696
gap to the primal bound: 0.0169882
Preck submodel is infeasible, continue branching
Time limit exceeded (1000.22s), stopping submodel solve loop
General disjunction: No feasible solution found, use SCIP default branching rule
_____________________________________
Now starting branching with general disjunction
Current branching Node number: 70
LP objective value: 11566.2
Node lower bound: 11566.2
Node upper bound: 11696
gap to the primal bound: 0.0169882
Preck submodel is infeasible, continue branching
Time limit exceeded (1000.25s), stopping submodel solve loop
General disjunction: No feasible solution found, use SCIP default branching rule
_____________________________________
Now starting branching with general disjunction
Current branching Node number: 72
Relpscost reduced domain, skip general disjunction branching
_____________________________________
Now starting branching with general disjunction
Current branching Node number: 72
LP objective value: 11566.3
Node lower bound: 11566.3
Node upper bound: 11696
gap to the primal bound: 0.0169882
Preck submodel is infeasible, continue branching
Time limit exceeded (1000.21s), stopping submodel solve loop
General disjunction: No feasible solution found, use SCIP default branching rule
_____________________________________
Now starting branching with general disjunction
Current branching Node number: 75
LP objective value: 11570.8
Node lower bound: 11571.3
Node upper bound: 11696
gap to the primal bound: 0.0169882
Preck submodel is infeasible, continue branching
Time limit exceeded (1000.28s), stopping submodel solve loop
General disjunction: No feasible solution found, use SCIP default branching rule
_____________________________________
Now starting branching with general disjunction
Current branching Node number: 76
LP objective value: 11570.9
Node lower bound: 11571.4
Node upper bound: 11696
gap to the primal bound: 0.0169882
Preck submodel is infeasible, continue branching
Time limit exceeded (1000.28s), stopping submodel solve loop
General disjunction: No feasible solution found, use SCIP default branching rule
_____________________________________
Now starting branching with general disjunction
Current branching Node number: 78
Relpscost reduced domain, skip general disjunction branching
_____________________________________
Now starting branching with general disjunction
Current branching Node number: 78
Relpscost reduced domain, skip general disjunction branching
_____________________________________
Now starting branching with general disjunction
Current branching Node number: 78
LP objective value: 11571.9
Node lower bound: 11571.9
Node upper bound: 11696
gap to the primal bound: 0.0169882
Preck submodel is infeasible, continue branching
Time limit exceeded (1000.27s), stopping submodel solve loop
General disjunction: No feasible solution found, use SCIP default branching rule
_____________________________________
Now starting branching with general disjunction
Current branching Node number: 80
Relpscost reduced domain, skip general disjunction branching
_____________________________________
Now starting branching with general disjunction
Current branching Node number: 80
Relpscost reduced domain, skip general disjunction branching
_____________________________________
Now starting branching with general disjunction
Current branching Node number: 80
Relpscost reduced domain, skip general disjunction branching
_____________________________________
Now starting branching with general disjunction
Current branching Node number: 80
Relpscost reduced domain, skip general disjunction branching
_____________________________________
Now starting branching with general disjunction
Current branching Node number: 80
Relpscost reduced domain, skip general disjunction branching
_____________________________________
Now starting branching with general disjunction
Current branching Node number: 67
LP objective value: 11568
Node lower bound: 11568.2
Node upper bound: 11696
gap to the primal bound: 0.0169882
Preck submodel is infeasible, continue branching
Time limit exceeded (1000.29s), stopping submodel solve loop
General disjunction: No feasible solution found, use SCIP default branching rule
_____________________________________
Now starting branching with general disjunction
Current branching Node number: 82
Relpscost reduced domain, skip general disjunction branching
_____________________________________
Now starting branching with general disjunction
Current branching Node number: 82
Relpscost reduced domain, skip general disjunction branching
_____________________________________
Now starting branching with general disjunction
Current branching Node number: 82
Relpscost reduced domain, skip general disjunction branching
_____________________________________
Now starting branching with general disjunction
Current branching Node number: 82
Relpscost reduced domain, skip general disjunction branching
_____________________________________
Now starting branching with general disjunction
Current branching Node number: 82
Relpscost reduced domain, skip general disjunction branching
_____________________________________
Now starting branching with general disjunction
Current branching Node number: 82
Relpscost reduced domain, skip general disjunction branching
_____________________________________
Now starting branching with general disjunction
Current branching Node number: 83
LP objective value: 11568.4
Node lower bound: 11568.6
Node upper bound: 11696
gap to the primal bound: 0.0169882
Preck submodel is infeasible, continue branching
Time limit exceeded (1000.27s), stopping submodel solve loop
General disjunction: No feasible solution found, use SCIP default branching rule
_____________________________________
Now starting branching with general disjunction
Current branching Node number: 85
LP objective value: 11576.3
Node lower bound: 11576.3
Node upper bound: 11696
gap to the primal bound: 0.0169882
Preck submodel is infeasible, continue branching
Time limit exceeded (1000.22s), stopping submodel solve loop
General disjunction: No feasible solution found, use SCIP default branching rule
_____________________________________
Now starting branching with general disjunction
Current branching Node number: 86
LP objective value: 11576.4
Node lower bound: 11576.4
Node upper bound: 11696
gap to the primal bound: 0.0169882
Preck submodel is infeasible, continue branching
Time limit exceeded (1000.23s), stopping submodel solve loop
General disjunction: No feasible solution found, use SCIP default branching rule
_____________________________________
Now starting branching with general disjunction
Current branching Node number: 88
Relpscost reduced domain, skip general disjunction branching
_____________________________________
Now starting branching with general disjunction
Current branching Node number: 88
Relpscost reduced domain, skip general disjunction branching
_____________________________________
Now starting branching with general disjunction
Current branching Node number: 88
LP objective value: 11589.4
Node lower bound: 11589.6
Node upper bound: 11696
gap to the primal bound: 0.0169882
Preck submodel is infeasible, continue branching
Time limit exceeded (1000.23s), stopping submodel solve loop
General disjunction: No feasible solution found, use SCIP default branching rule
_____________________________________
Now starting branching with general disjunction
Current branching Node number: 90
Relpscost reduced domain, skip general disjunction branching
_____________________________________
Now starting branching with general disjunction
Current branching Node number: 90
Relpscost reduced domain, skip general disjunction branching
_____________________________________
Now starting branching with general disjunction
Current branching Node number: 90
Relpscost reduced domain, skip general disjunction branching
_____________________________________
Now starting branching with general disjunction
Current branching Node number: 57
LP objective value: 11519.2
Node lower bound: 11519.2
Node upper bound: 11696
gap to the primal bound: 0.0169882
Preck submodel is infeasible, continue branching
Time limit exceeded (1000.22s), stopping submodel solve loop
General disjunction: No feasible solution found, use SCIP default branching rule
_____________________________________
Now starting branching with general disjunction
Current branching Node number: 92
LP objective value: 11521
Node lower bound: 11521
Node upper bound: 11696
gap to the primal bound: 0.0169882
Preck submodel is infeasible, continue branching
Time limit exceeded (1000.26s), stopping submodel solve loop
General disjunction: No feasible solution found, use SCIP default branching rule
_____________________________________
Now starting branching with general disjunction
Current branching Node number: 94
LP objective value: 11521.3
Node lower bound: 11521.3
Node upper bound: 11696
gap to the primal bound: 0.0169882
Preck submodel is infeasible, continue branching
Time limit exceeded (1000.26s), stopping submodel solve loop
General disjunction: No feasible solution found, use SCIP default branching rule
_____________________________________
Now starting branching with general disjunction
Current branching Node number: 96
LP objective value: 11525.8
Node lower bound: 11525.8
Node upper bound: 11696
gap to the primal bound: 0.0169882
Preck submodel is infeasible, continue branching
Time limit exceeded (1000.25s), stopping submodel solve loop
General disjunction: No feasible solution found, use SCIP default branching rule
_____________________________________
Now starting branching with general disjunction
Current branching Node number: 98
LP objective value: 11528.5
Node lower bound: 11528.8
Node upper bound: 11696
gap to the primal bound: 0.0169882
Preck submodel is infeasible, continue branching
Time limit exceeded (1000.22s), stopping submodel solve loop
General disjunction: No feasible solution found, use SCIP default branching rule
_____________________________________
Now starting branching with general disjunction
Current branching Node number: 100
LP objective value: 11528.6
Node lower bound: 11528.8
Node upper bound: 11696
gap to the primal bound: 0.0169882
Preck submodel is infeasible, continue branching
Time limit exceeded (1000.22s), stopping submodel solve loop
General disjunction: No feasible solution found, use SCIP default branching rule
_____________________________________
Now starting branching with general disjunction
Current branching Node number: 102
LP objective value: 11528.8
Node lower bound: 11528.8
Node upper bound: 11696
gap to the primal bound: 0.0169882
Preck submodel is infeasible, continue branching
Time limit exceeded (1000.22s), stopping submodel solve loop
General disjunction: No feasible solution found, use SCIP default branching rule
_____________________________________
Now starting branching with general disjunction
Current branching Node number: 104
LP objective value: 11529.2
Node lower bound: 11529.2
Node upper bound: 11696
gap to the primal bound: 0.0169882
Preck submodel is infeasible, continue branching
Time limit exceeded (1000.23s), stopping submodel solve loop
General disjunction: No feasible solution found, use SCIP default branching rule
_____________________________________
Now starting branching with general disjunction
Current branching Node number: 106
Relpscost reduced domain, skip general disjunction branching
_____________________________________
Now starting branching with general disjunction
Current branching Node number: 106
Relpscost reduced domain, skip general disjunction branching
_____________________________________
Now starting branching with general disjunction
Current branching Node number: 106
Relpscost reduced domain, skip general disjunction branching
_____________________________________
Now starting branching with general disjunction
Current branching Node number: 106
Relpscost reduced domain, skip general disjunction branching
_____________________________________
Now starting branching with general disjunction
Current branching Node number: 106
LP objective value: 11535.2
Node lower bound: 11535.2
Node upper bound: 11696
gap to the primal bound: 0.0169882
Preck submodel is infeasible, continue branching
Time limit exceeded (1000.23s), stopping submodel solve loop
General disjunction: No feasible solution found, use SCIP default branching rule
_____________________________________
Now starting branching with general disjunction
Current branching Node number: 108
LP objective value: 11661.7
Node lower bound: 11661.7
Node upper bound: 11696
gap to the primal bound: 0.0169882
Preck submodel is infeasible, continue branching
Time limit exceeded (1000.26s), stopping submodel solve loop
General disjunction: No feasible solution found, use SCIP default branching rule
_____________________________________
Now starting branching with general disjunction
Current branching Node number: 110
Relpscost reduced domain, skip general disjunction branching
_____________________________________
Now starting branching with general disjunction
Current branching Node number: 111
LP objective value: 11684.7
Node lower bound: 11684.7
Node upper bound: 11696
gap to the primal bound: 0.0169882
Preck submodel is infeasible, continue branching
Time limit exceeded (1000.27s), stopping submodel solve loop
General disjunction: No feasible solution found, use SCIP default branching rule
_____________________________________
Now starting branching with general disjunction
Current branching Node number: 112
LP objective value: 11684.7
Node lower bound: 11684.7
Node upper bound: 11696
gap to the primal bound: 0.0169882
Preck submodel is infeasible, continue branching
Time limit exceeded (1000.24s), stopping submodel solve loop
General disjunction: No feasible solution found, use SCIP default branching rule
_____________________________________
Now starting branching with general disjunction
Current branching Node number: 115
LP objective value: 11685.2
Node lower bound: 11685.2
Node upper bound: 11696
gap to the primal bound: 0.0169882
Preck submodel is infeasible, continue branching
Time limit exceeded (1000.25s), stopping submodel solve loop
General disjunction: No feasible solution found, use SCIP default branching rule
_____________________________________
Now starting branching with general disjunction
Current branching Node number: 116
Relpscost reduced domain, skip general disjunction branching
_____________________________________
Now starting branching with general disjunction
Current branching Node number: 109
Relpscost reduced domain, skip general disjunction branching
_____________________________________
Now starting branching with general disjunction
Current branching Node number: 109
LP objective value: 11546.8
Node lower bound: 11546.9
Node upper bound: 11696
gap to the primal bound: 0.0169882
Preck submodel is infeasible, continue branching
Time limit exceeded (1000.3s), stopping submodel solve loop
General disjunction: No feasible solution found, use SCIP default branching rule
_____________________________________
Now starting branching with general disjunction
Current branching Node number: 119
LP objective value: 11576
Node lower bound: 11576.1
Node upper bound: 11696
gap to the primal bound: 0.0169882
Preck submodel is infeasible, continue branching
Time limit exceeded (1000.28s), stopping submodel solve loop
General disjunction: No feasible solution found, use SCIP default branching rule
_____________________________________
Now starting branching with general disjunction
Current branching Node number: 120
LP objective value: 11577
Node lower bound: 11577
Node upper bound: 11696
gap to the primal bound: 0.0169882
Preck submodel is infeasible, continue branching
Time limit exceeded (1000.23s), stopping submodel solve loop
General disjunction: No feasible solution found, use SCIP default branching rule
_____________________________________
Now starting branching with general disjunction
Current branching Node number: 123
Relpscost reduced domain, skip general disjunction branching
_____________________________________
Now starting branching with general disjunction
Current branching Node number: 123
LP objective value: 11577.3
Node lower bound: 11577.3
Node upper bound: 11696
gap to the primal bound: 0.0169882
Preck submodel is infeasible, continue branching
Time limit exceeded (1228.83s), stopping submodel solve loop
General disjunction: No feasible solution found, use SCIP default branching rule
_____________________________________
Now starting branching with general disjunction
Current branching Node number: 124
Relpscost reduced domain, skip general disjunction branching
_____________________________________
Now starting branching with general disjunction
Current branching Node number: 124
LP objective value: 11592.8
Node lower bound: 11592.9
Node upper bound: 11696
gap to the primal bound: 0.0169882
Preck submodel is infeasible, continue branching
Time limit exceeded (1000.25s), stopping submodel solve loop
General disjunction: No feasible solution found, use SCIP default branching rule
_____________________________________
Now starting branching with general disjunction
Current branching Node number: 126
LP objective value: 11592.9
Node lower bound: 11592.9
Node upper bound: 11696
gap to the primal bound: 0.0169882
Preck submodel is infeasible, continue branching
Time limit exceeded (1000.28s), stopping submodel solve loop
General disjunction: No feasible solution found, use SCIP default branching rule
_____________________________________
Now starting branching with general disjunction
Current branching Node number: 128
LP objective value: 11593.1
Node lower bound: 11593.1
Node upper bound: 11696
gap to the primal bound: 0.0169882
Preck submodel is infeasible, continue branching
Time limit exceeded (1000.29s), stopping submodel solve loop
General disjunction: No feasible solution found, use SCIP default branching rule
_____________________________________
Now starting branching with general disjunction
Current branching Node number: 131
LP objective value: 11610.9
Node lower bound: 11610.9
Node upper bound: 11696
gap to the primal bound: 0.0169882
Preck submodel is infeasible, continue branching
Time limit exceeded (1000.23s), stopping submodel solve loop
General disjunction: No feasible solution found, use SCIP default branching rule
_____________________________________
Now starting branching with general disjunction
Current branching Node number: 133
LP objective value: 11615.4
Node lower bound: 11615.4
Node upper bound: 11696
gap to the primal bound: 0.0169882
Preck submodel is infeasible, continue branching
Time limit exceeded (1000.22s), stopping submodel solve loop
General disjunction: No feasible solution found, use SCIP default branching rule
_____________________________________
Now starting branching with general disjunction
Current branching Node number: 134
Relpscost reduced domain, skip general disjunction branching
_____________________________________
Now starting branching with general disjunction
Current branching Node number: 134
LP objective value: 11617.7
Node lower bound: 11617.7
Node upper bound: 11696
gap to the primal bound: 0.0169882
Preck submodel is infeasible, continue branching
Time limit exceeded (1000.24s), stopping submodel solve loop
General disjunction: No feasible solution found, use SCIP default branching rule
_____________________________________
Now starting branching with general disjunction
Current branching Node number: 136
Relpscost reduced domain, skip general disjunction branching
_____________________________________
Now starting branching with general disjunction
Current branching Node number: 136
LP objective value: 11618.1
Node lower bound: 11618.1
Node upper bound: 11696
gap to the primal bound: 0.0169882
Preck submodel is infeasible, continue branching
Time limit exceeded (1000.24s), stopping submodel solve loop
General disjunction: No feasible solution found, use SCIP default branching rule
_____________________________________
Now starting branching with general disjunction
Current branching Node number: 138
LP objective value: 11618.8
Node lower bound: 11618.8
Node upper bound: 11696
gap to the primal bound: 0.0169882
Preck submodel is infeasible, continue branching
Time limit exceeded (1000.24s), stopping submodel solve loop
General disjunction: No feasible solution found, use SCIP default branching rule
_____________________________________
Now starting branching with general disjunction
Current branching Node number: 140
LP objective value: 11624.5
Node lower bound: 11624.5
Node upper bound: 11696
gap to the primal bound: 0.0169882
Preck submodel is infeasible, continue branching
Time limit exceeded (1000.24s), stopping submodel solve loop
General disjunction: No feasible solution found, use SCIP default branching rule
_____________________________________
Now starting branching with general disjunction
Current branching Node number: 101
LP objective value: 11547.6
Node lower bound: 11547.6
Node upper bound: 11696
gap to the primal bound: 0.0169882
Preck submodel is infeasible, continue branching
Time limit exceeded (1000.23s), stopping submodel solve loop
General disjunction: No feasible solution found, use SCIP default branching rule
_____________________________________
Now starting branching with general disjunction
Current branching Node number: 144
LP objective value: 11547.8
Node lower bound: 11547.8
Node upper bound: 11696
gap to the primal bound: 0.0169882
Preck submodel is infeasible, continue branching
Time limit exceeded (1000.22s), stopping submodel solve loop
General disjunction: No feasible solution found, use SCIP default branching rule
_____________________________________
Now starting branching with general disjunction
Current branching Node number: 146
LP objective value: 11657.5
Node lower bound: 11657.5
Node upper bound: 11696
gap to the primal bound: 0.0169882
Preck submodel is infeasible, continue branching
Time limit exceeded (1000.24s), stopping submodel solve loop
General disjunction: No feasible solution found, use SCIP default branching rule
_____________________________________
Now starting branching with general disjunction
Current branching Node number: 149
LP objective value: 11657.8
Node lower bound: 11657.8
Node upper bound: 11696
gap to the primal bound: 0.0169882
Preck submodel is infeasible, continue branching
Time limit exceeded (1000.25s), stopping submodel solve loop
General disjunction: No feasible solution found, use SCIP default branching rule
_____________________________________
Now starting branching with general disjunction
Current branching Node number: 150
LP objective value: 11658.1
Node lower bound: 11658.1
Node upper bound: 11696
gap to the primal bound: 0.0169882
Preck submodel is infeasible, continue branching
Time limit exceeded (1000.23s), stopping submodel solve loop
General disjunction: No feasible solution found, use SCIP default branching rule
 1291m|   100 |    51 | 28145 | 118.3 |   102M |  28 |3040 |2034 |3065 |6916 |  1 | 250 |1660 | 1.150063e+04 | 1.169600e+04 |   1.70%|   3.44%
_____________________________________
Now starting branching with general disjunction
Current branching Node number: 152
LP objective value: 11658.6
Node lower bound: 11659
Node upper bound: 11696
gap to the primal bound: 0.0169882
Preck submodel is infeasible, continue branching
Time limit exceeded (1000.22s), stopping submodel solve loop
General disjunction: No feasible solution found, use SCIP default branching rule
_____________________________________
Now starting branching with general disjunction
Current branching Node number: 154
Relpscost reduced domain, skip general disjunction branching
_____________________________________
Now starting branching with general disjunction
Current branching Node number: 154
LP objective value: 11659.1
Node lower bound: 11659.1
Node upper bound: 11696
gap to the primal bound: 0.0169882
Preck submodel is infeasible, continue branching
Time limit exceeded (1000.22s), stopping submodel solve loop
General disjunction: No feasible solution found, use SCIP default branching rule
_____________________________________
Now starting branching with general disjunction
Current branching Node number: 157
LP objective value: 11688.5
Node lower bound: 11688.5
Node upper bound: 11696
gap to the primal bound: 0.0169882
Preck submodel is infeasible, continue branching
Time limit exceeded (1000.22s), stopping submodel solve loop
General disjunction: No feasible solution found, use SCIP default branching rule
_____________________________________
Now starting branching with general disjunction
Current branching Node number: 147
LP objective value: 11548.6
Node lower bound: 11548.6
Node upper bound: 11696
gap to the primal bound: 0.0169882
Preck submodel is infeasible, continue branching
Time limit exceeded (1000.22s), stopping submodel solve loop
General disjunction: No feasible solution found, use SCIP default branching rule
_____________________________________
Now starting branching with general disjunction
Current branching Node number: 160
LP objective value: 11548.8
Node lower bound: 11548.8
Node upper bound: 11696
gap to the primal bound: 0.0169882
Preck submodel is infeasible, continue branching
Time limit exceeded (1000.23s), stopping submodel solve loop
General disjunction: No feasible solution found, use SCIP default branching rule
_____________________________________
Now starting branching with general disjunction
Current branching Node number: 162
LP objective value: 11549
Node lower bound: 11549
Node upper bound: 11696
gap to the primal bound: 0.0169882
Preck submodel is infeasible, continue branching
Time limit exceeded (1000.23s), stopping submodel solve loop
General disjunction: No feasible solution found, use SCIP default branching rule
_____________________________________
Now starting branching with general disjunction
Current branching Node number: 164
LP objective value: 11549.3
Node lower bound: 11549.3
Node upper bound: 11696
gap to the primal bound: 0.0169882
Preck submodel is infeasible, continue branching
Time limit exceeded (1000.23s), stopping submodel solve loop
General disjunction: No feasible solution found, use SCIP default branching rule
_____________________________________
Now starting branching with general disjunction
Current branching Node number: 166
Relpscost reduced domain, skip general disjunction branching
_____________________________________
Now starting branching with general disjunction
Current branching Node number: 166
LP objective value: 11553.8
Node lower bound: 11553.8
Node upper bound: 11696
gap to the primal bound: 0.0169882
Preck submodel is infeasible, continue branching
Time limit exceeded (1000.23s), stopping submodel solve loop
General disjunction: No feasible solution found, use SCIP default branching rule
_____________________________________
Now starting branching with general disjunction
Current branching Node number: 169
LP objective value: 11555.4
Node lower bound: 11555.4
Node upper bound: 11696
gap to the primal bound: 0.0169882
Preck submodel is infeasible, continue branching
Time limit exceeded (1000.22s), stopping submodel solve loop
General disjunction: No feasible solution found, use SCIP default branching rule

SCIP Status        : solving was interrupted [time limit reached]
Solving Time (sec) : 86478.42
Solving Nodes      : 113
Primal Bound       : +1.16960000000000e+04 (300 solutions)
Dual Bound         : +1.15006252885885e+04
Gap                : 1.70 %

primal solution:
================

objective value:                                11696
y...0001                                            1 	(obj:205)
y...0007                                            1 	(obj:9)
y...0016                                            1 	(obj:4)
y...0018                                            1 	(obj:19)
y...0022                                            1 	(obj:10)
y...0023                                            1 	(obj:14)
y...0026                                            1 	(obj:24)
y...0027                                            1 	(obj:27)
y...0030                                            1 	(obj:21)
y...0031                                            1 	(obj:11)
y...0034                                            1 	(obj:4)
y...0035                                            1 	(obj:5)
y...0037                                            1 	(obj:33)
y...0040                                            1 	(obj:29)
y...0041                                            1 	(obj:25)
y...0045                                            1 	(obj:2)
y...0047                                            1 	(obj:39)
y...0049                                            1 	(obj:197)
y...0055                                            1 	(obj:206)
y...0060                                            1 	(obj:237)
y...0064                                            1 	(obj:41)
y...0066                                            1 	(obj:48)
y...0070                                            1 	(obj:12)
y...0071                                            1 	(obj:6)
y...0074                                            1 	(obj:9)
y...0075                                            1 	(obj:40)
y...0078                                            1 	(obj:200)
y...0080                                            1 	(obj:30)
y...0085                                            1 	(obj:11)
y...0092                                            1 	(obj:32)
y...0096                                            1 	(obj:28)
y...0105                                            1 	(obj:3)
y...0115                                            1 	(obj:24)
y...0118                                            1 	(obj:36)
y...0123                                            1 	(obj:217)
y...0129                                            1 	(obj:210)
y...0135                                            1 	(obj:37)
y...0138                                            1 	(obj:14)
y...0139                                            1 	(obj:32)
y...0156                                            1 	(obj:38)
y...0163                                            1 	(obj:13)
y...0168                                            1 	(obj:16)
y...0188                                            1 	(obj:3)
y...0189                                            1 	(obj:23)
y...0192                                            1 	(obj:30)
y...0193                                            1 	(obj:32)
y...0195                                            1 	(obj:10)
y...0204                                            1 	(obj:30)
y...0210                                            1 	(obj:24)
y...0213                                            1 	(obj:26)
y...0216                                            1 	(obj:15)
y...0217                                            1 	(obj:4)
y...0219                                            1 	(obj:37)
y...0223                                            1 	(obj:212)
y...0226                                            1 	(obj:229)
y...0230                                            1 	(obj:35)
y...0234                                            1 	(obj:22)
y...0239                                            1 	(obj:7)
y...0243                                            1 	(obj:43)
y...0245                                            1 	(obj:4)
y...0247                                            1 	(obj:37)
y...0253                                            1 	(obj:10)
y...0260                                            1 	(obj:2)
y...0263                                            1 	(obj:15)
y...0266                                            1 	(obj:39)
y...0269                                            1 	(obj:13)
y...0276                                            1 	(obj:6)
y...0279                                            1 	(obj:42)
y...0282                                            1 	(obj:28)
y...0287                                            1 	(obj:204)
y...0290                                            1 	(obj:20)
y...0297                                            1 	(obj:198)
y...0301                                            1 	(obj:197)
y...0304                                            1 	(obj:3)
y...0310                                            1 	(obj:15)
y...0312                                            1 	(obj:9)
y...0318                                            1 	(obj:41)
y...0323                                            1 	(obj:27)
y...0328                                            1 	(obj:9)
y...0333                                            1 	(obj:206)
y...0336                                            1 	(obj:24)
y...0344                                            1 	(obj:8)
y...0350                                            1 	(obj:33)
y...0356                                            1 	(obj:1)
y...0357                                            1 	(obj:36)
y...0360                                            1 	(obj:5)
y...0361                                            1 	(obj:38)
y...0365                                            1 	(obj:13)
y...0367                                            1 	(obj:44)
y...0377                                            1 	(obj:203)
y...0379                                            1 	(obj:216)
y...0386                                            1 	(obj:18)
y...0390                                            1 	(obj:21)
y...0398                                            1 	(obj:47)
y...0399                                            1 	(obj:3)
y...0403                                            1 	(obj:1)
y...0405                                            1 	(obj:8)
y...0407                                            1 	(obj:24)
y...0411                                            1 	(obj:34)
y...0413                                            1 	(obj:26)
y...0415                                            1 	(obj:13)
y...0419                                            1 	(obj:9)
y...0423                                            1 	(obj:23)
y...0425                                            1 	(obj:4)
y...0427                                            1 	(obj:16)
y...0431                                            1 	(obj:15)
y...0440                                            1 	(obj:208)
y...0447                                            1 	(obj:210)
y...0450                                            1 	(obj:36)
y...0460                                            1 	(obj:210)
y...0464                                            1 	(obj:44)
y...0468                                            1 	(obj:8)
y...0474                                            1 	(obj:3)
y...0478                                            1 	(obj:9)
y...0479                                            1 	(obj:14)
y...0486                                            1 	(obj:32)
y...0489                                            1 	(obj:8)
y...0491                                            1 	(obj:30)
y...0503                                            1 	(obj:1)
y...0516                                            1 	(obj:5)
y...0520                                            1 	(obj:15)
y...0522                                            1 	(obj:9)
y...0525                                            1 	(obj:8)
y...0528                                            1 	(obj:44)
y...0536                                            1 	(obj:29)
y...0540                                            1 	(obj:47)
y...0542                                            1 	(obj:23)
y...0546                                            1 	(obj:49)
y...0557                                            1 	(obj:36)
y...0560                                            1 	(obj:4)
y...0564                                            1 	(obj:6)
y...0565                                            1 	(obj:37)
y...0567                                            1 	(obj:17)
y...0571                                            1 	(obj:20)
y...0577                                            1 	(obj:29)
y...0591                                            1 	(obj:30)
y...0594                                            1 	(obj:3)
y...0595                                            1 	(obj:39)
y...0606                                            1 	(obj:43)
y...0608                                            1 	(obj:48)
y...0611                                            1 	(obj:17)
y...0614                                            1 	(obj:16)
y...0615                                            1 	(obj:36)
y...0624                                            1 	(obj:41)
y...0626                                            1 	(obj:8)
y...0627                                            1 	(obj:12)
y...0630                                            1 	(obj:18)
y...0640                                            1 	(obj:3)
y...0646                                            1 	(obj:24)
y...0650                                            1 	(obj:16)
y...0653                                            1 	(obj:28)
y...0655                                            1 	(obj:35)
y...0669                                            1 	(obj:29)
y...0672                                            1 	(obj:40)
y...0678                                            1 	(obj:32)
y...0681                                            1 	(obj:2)
y...0684                                            1 	(obj:4)
y...0685                                            1 	(obj:40)
y...0689                                            1 	(obj:45)
y...0691                                            1 	(obj:25)
y...0700                                            1 	(obj:40)
y...0702                                            1 	(obj:35)
y...0710                                            1 	(obj:13)
y...0712                                            1 	(obj:14)
y...0716                                            1 	(obj:27)
y...0722                                            1 	(obj:8)
y...0726                                            1 	(obj:198)
y...0728                                            1 	(obj:27)
y...0731                                            1 	(obj:17)
y...0733                                            1 	(obj:6)
y...0742                                            1 	(obj:13)
y...0744                                            1 	(obj:22)
y...0747                                            1 	(obj:23)
y...0750                                            1 	(obj:28)
y...0758                                            1 	(obj:20)
y...0762                                            1 	(obj:32)
y...0764                                            1 	(obj:17)
y...0771                                            1 	(obj:24)
y...0774                                            1 	(obj:24)
y...0775                                            1 	(obj:4)
y...0782                                            1 	(obj:22)
y...0786                                            1 	(obj:43)
y...0790                                            1 	(obj:10)
y...0796                                            1 	(obj:28)
y...0797                                            1 	(obj:2)
y...0800                                            1 	(obj:11)
y...0808                                            1 	(obj:8)
y...0809                                            1 	(obj:22)
y...0813                                            1 	(obj:16)
y...0817                                            1 	(obj:11)
y...0823                                            1 	(obj:27)
y...0825                                            1 	(obj:14)
y...0828                                            1 	(obj:1)
y...0829                                            1 	(obj:15)
y...0833                                            1 	(obj:20)
y...0835                                            1 	(obj:8)
y...0839                                            1 	(obj:27)
y...0852                                            1 	(obj:16)
y...0860                                            1 	(obj:1)
y...0864                                            1 	(obj:19)
y...0868                                            1 	(obj:26)
y...0874                                            1 	(obj:4)
y...0878                                            1 	(obj:24)
y...0882                                            1 	(obj:2)
y...0884                                            1 	(obj:16)
y...0885                                            1 	(obj:25)
y...0888                                            1 	(obj:3)
y...0892                                            1 	(obj:6)
y...0898                                            1 	(obj:10)
y...0899                                            1 	(obj:6)
y...0901                                            1 	(obj:25)
y...0910                                            1 	(obj:38)
y...0915                                            1 	(obj:19)
y...0919                                            1 	(obj:10)
y...0921                                            1 	(obj:16)
y...0923                                            1 	(obj:21)
y...0925                                            1 	(obj:11)
y...0927                                            1 	(obj:16)
y...0929                                            1 	(obj:34)
y...0931                                            1 	(obj:8)
y...0933                                            1 	(obj:20)
y...0952                                            1 	(obj:2)
y...0954                                            1 	(obj:4)
y...0955                                            1 	(obj:15)
y...0958                                            1 	(obj:9)
y...0974                                            1 	(obj:13)
y...0975                                            1 	(obj:13)
y...0982                                            1 	(obj:2)
y...0988                                            1 	(obj:38)
y...0990                                            1 	(obj:29)
y...0991                                            1 	(obj:20)
y...0994                                            1 	(obj:14)
y...0999                                            1 	(obj:33)
y...1011                                            1 	(obj:30)
y...1028                                            1 	(obj:18)
y...1033                                            1 	(obj:30)
y...1048                                            1 	(obj:8)
y...1049                                            1 	(obj:30)
y...1056                                            1 	(obj:209)
y...1062                                            1 	(obj:30)
y...1066                                            1 	(obj:3)
y...1074                                            1 	(obj:210)
y...1080                                            1 	(obj:200)
y...1084                                            1 	(obj:48)
y...1089                                            1 	(obj:6)
y...1102                                            1 	(obj:31)
y...1106                                            1 	(obj:44)
y...1107                                            1 	(obj:22)
y...1114                                            1 	(obj:1)
y...1118                                            1 	(obj:13)
y...1119                                            1 	(obj:30)
y...1122                                            1 	(obj:5)
y...1123                                            1 	(obj:35)
y...1125                                            1 	(obj:19)
y...1131                                            1 	(obj:42)
y...1133                                            1 	(obj:20)
y...1136                                            1 	(obj:34)
y...1137                                            1 	(obj:2)
y...1138                                            1 	(obj:2)
y...1139                                            1 	(obj:16)
y...1141                                            1 	(obj:48)
y...1143                                            1 	(obj:37)
y...1152                                            1 	(obj:38)
y...1160                                            1 	(obj:48)
y...1164                                            1 	(obj:225)
y...1167                                            1 	(obj:15)
y...1171                                            1 	(obj:18)
y...1174                                            1 	(obj:20)
y...1182                                            1 	(obj:35)
y...1190                                            1 	(obj:27)
y...1194                                            1 	(obj:14)
y...1201                                            1 	(obj:30)
y...1207                                            1 	(obj:36)
y...1209                                            1 	(obj:13)
y...1213                                            1 	(obj:3)
y...1217                                            1 	(obj:5)
y...1224                                            1 	(obj:27)
y...1225                                            1 	(obj:3)
y...1228                                            1 	(obj:11)
y...1229                                            1 	(obj:40)
y...1232                                            1 	(obj:12)
y...1236                                            1 	(obj:29)
y...1237                                            1 	(obj:19)
y...1240                                            1 	(obj:14)
y...1243                                            1 	(obj:27)
y...1247                                            1 	(obj:4)
y...1250                                            1 	(obj:5)
y...1251                                            1 	(obj:34)
y...1254                                            1 	(obj:7)
y...1260                                            1 	(obj:19)
y...1262                                            1 	(obj:5)
y...1266                                            1 	(obj:3)
y...1270                                            1 	(obj:37)
y...1271                                            1 	(obj:3)
y...1274                                            1 	(obj:12)
y...1277                                            1 	(obj:36)
y...1293                                            1 	(obj:11)
y...1295                                            1 	(obj:12)
y...1303                                            1 	(obj:28)
y...1310                                            1 	(obj:3)
y...1315                                            1 	(obj:14)
y...1322                                            1 	(obj:22)
y...1323                                            1 	(obj:22)
y...1325                                            1 	(obj:8)
y...1329                                            1 	(obj:17)
y...1332                                            1 	(obj:21)
y...1338                                            1 	(obj:3)
y...1346                                            1 	(obj:7)
y...1347                                            1 	(obj:28)
y...1349                                            1 	(obj:13)
y...1362                                            1 	(obj:32)
y...1366                                            1 	(obj:44)
y...1370                                            1 	(obj:30)
y...1376                                            1 	(obj:26)
y...1381                                            1 	(obj:22)
y...1388                                            1 	(obj:8)
y...1389                                            1 	(obj:4)
y...1391                                            1 	(obj:17)
y...1397                                            1 	(obj:17)
y...1405                                            1 	(obj:28)
y...1407                                            1 	(obj:31)
y...1414                                            1 	(obj:1)
y...1420                                            1 	(obj:3)
y...1424                                            1 	(obj:1)
y...1425                                            1 	(obj:41)
y...1427                                            1 	(obj:9)
y...1434                                            1 	(obj:8)
y...1435                                            1 	(obj:39)
y...1438                                            1 	(obj:45)
y...1439                                            1 	(obj:27)
y...1442                                            1 	(obj:2)
y...1443                                            1 	(obj:47)
y...1446                                            1 	(obj:35)
y...1452                                            1 	(obj:44)
y...1456                                            1 	(obj:38)
y...1459                                            1 	(obj:23)
y...1467                                            1 	(obj:23)
y...1473                                            1 	(obj:32)
y...1475                                            1 	(obj:8)
y...1482                                            1 	(obj:228)
y...1490                                            1 	(obj:19)
y...1492                                            1 	(obj:4)
y...1496                                            1 	(obj:36)
y...1504                                            1 	(obj:15)
y...1506                                            1 	(obj:25)
y...1508                                            1 	(obj:35)
y...1517                                            1 	(obj:22)
y...1519                                            1 	(obj:43)
x...1519                                            2 	(obj:0)
x...0001                                          212 	(obj:0)
x...0007                                          211 	(obj:0)
x...0016                                            1 	(obj:0)
x...0018                                            1 	(obj:0)
x...0022                                            3 	(obj:0)
x...0023                                            2 	(obj:0)
x...0026                                            5 	(obj:0)
x...0027                                            1 	(obj:0)
x...0030                                            6 	(obj:0)
x...0031                                            1 	(obj:0)
x...0034                                            7 	(obj:0)
x...0035                                            1 	(obj:0)
x...0037                                            6 	(obj:0)
x...0040                                           14 	(obj:0)
x...0041                                            6 	(obj:0)
x...0045                                            3 	(obj:0)
x...0047                                            3 	(obj:0)
x...0049                                            2 	(obj:0)
x...0055                                            1 	(obj:0)
x...0060                                            1 	(obj:0)
x...0064                                            1 	(obj:0)
x...0066                                            1 	(obj:0)
x...0070                                            2 	(obj:0)
x...0071                                            1 	(obj:0)
x...0074                                            3 	(obj:0)
x...0075                                            1 	(obj:0)
x...0078                                            4 	(obj:0)
x...0080                                            1 	(obj:0)
x...0085                                          210 	(obj:0)
x...0092                                            1 	(obj:0)
x...0096                                            2 	(obj:0)
x...0105                                            1 	(obj:0)
x...0115                                            1 	(obj:0)
x...0118                                           15 	(obj:0)
x...0123                                            2 	(obj:0)
x...0129                                            1 	(obj:0)
x...0135                                            2 	(obj:0)
x...0138                                            4 	(obj:0)
x...0139                                            1 	(obj:0)
x...0156                                            5 	(obj:0)
x...0163                                          210 	(obj:0)
x...0168                                            1 	(obj:0)
x...0188                                            1 	(obj:0)
x...0189                                           17 	(obj:0)
x...0192                                           18 	(obj:0)
x...0193                                            1 	(obj:0)
x...0195                                            1 	(obj:0)
x...0204                                            1 	(obj:0)
x...0210                                            1 	(obj:0)
x...0213                                            7 	(obj:0)
x...0216                                           12 	(obj:0)
x...0217                                            5 	(obj:0)
x...0219                                            2 	(obj:0)
x...0223                                            4 	(obj:0)
x...0226                                            1 	(obj:0)
x...0230                                            2 	(obj:0)
x...0234                                            7 	(obj:0)
x...0239                                          209 	(obj:0)
x...0243                                            2 	(obj:0)
x...0245                                          206 	(obj:0)
x...0247                                            1 	(obj:0)
x...0253                                            1 	(obj:0)
x...0260                                            1 	(obj:0)
x...0263                                           19 	(obj:0)
x...0266                                           21 	(obj:0)
x...0269                                            1 	(obj:0)
x...0276                                            1 	(obj:0)
x...0279                                            1 	(obj:0)
x...0282                                            3 	(obj:0)
x...0287                                           13 	(obj:0)
x...0290                                           14 	(obj:0)
x...0297                                            1 	(obj:0)
x...0301                                            3 	(obj:0)
x...0304                                            1 	(obj:0)
x...0310                                            1 	(obj:0)
x...0312                                            8 	(obj:0)
x...0318                                            1 	(obj:0)
x...0323                                          205 	(obj:0)
x...0328                                            1 	(obj:0)
x...0333                                            1 	(obj:0)
x...0336                                            2 	(obj:0)
x...0344                                           22 	(obj:0)
x...0350                                            1 	(obj:0)
x...0356                                            1 	(obj:0)
x...0357                                           18 	(obj:0)
x...0360                                           21 	(obj:0)
x...0361                                           17 	(obj:0)
x...0365                                            1 	(obj:0)
x...0367                                            2 	(obj:0)
x...0377                                            1 	(obj:0)
x...0379                                            1 	(obj:0)
x...0386                                            2 	(obj:0)
x...0390                                           10 	(obj:0)
x...0398                                            1 	(obj:0)
x...0399                                          204 	(obj:0)
x...0403                                          198 	(obj:0)
x...0405                                            5 	(obj:0)
x...0407                                          197 	(obj:0)
x...0411                                           48 	(obj:0)
x...0413                                          147 	(obj:0)
x...0415                                           47 	(obj:0)
x...0419                                           25 	(obj:0)
x...0423                                           24 	(obj:0)
x...0425                                            1 	(obj:0)
x...0427                                           23 	(obj:0)
x...0431                                           22 	(obj:0)
x...0440                                            1 	(obj:0)
x...0447                                            1 	(obj:0)
x...0450                                            2 	(obj:0)
x...0460                                            1 	(obj:0)
x...0464                                            2 	(obj:0)
x...0468                                           12 	(obj:0)
x...0474                                            1 	(obj:0)
x...0478                                            4 	(obj:0)
x...0479                                            3 	(obj:0)
x...0486                                            1 	(obj:0)
x...0489                                            1 	(obj:0)
x...0491                                          145 	(obj:0)
x...0503                                            1 	(obj:0)
x...0516                                            1 	(obj:0)
x...0520                                            1 	(obj:0)
x...0522                                            1 	(obj:0)
x...0525                                            1 	(obj:0)
x...0528                                            4 	(obj:0)
x...0536                                            1 	(obj:0)
x...0540                                            1 	(obj:0)
x...0542                                            1 	(obj:0)
x...0546                                           13 	(obj:0)
x...0557                                            2 	(obj:0)
x...0560                                            1 	(obj:0)
x...0564                                            2 	(obj:0)
x...0565                                            1 	(obj:0)
x...0567                                          142 	(obj:0)
x...0571                                          142 	(obj:0)
x...0577                                          141 	(obj:0)
x...0591                                            2 	(obj:0)
x...0594                                            3 	(obj:0)
x...0595                                            1 	(obj:0)
x...0606                                            5 	(obj:0)
x...0608                                            1 	(obj:0)
x...0611                                            2 	(obj:0)
x...0614                                            4 	(obj:0)
x...0615                                            1 	(obj:0)
x...0624                                           14 	(obj:0)
x...0626                                            1 	(obj:0)
x...0627                                            1 	(obj:0)
x...0630                                            2 	(obj:0)
x...0640                                            1 	(obj:0)
x...0646                                            1 	(obj:0)
x...0650                                            1 	(obj:0)
x...0653                                            1 	(obj:0)
x...0655                                          139 	(obj:0)
x...0669                                            1 	(obj:0)
x...0672                                            4 	(obj:0)
x...0678                                            1 	(obj:0)
x...0681                                            7 	(obj:0)
x...0684                                           13 	(obj:0)
x...0685                                            6 	(obj:0)
x...0689                                            1 	(obj:0)
x...0691                                            1 	(obj:0)
x...0700                                            1 	(obj:0)
x...0702                                           14 	(obj:0)
x...0710                                            1 	(obj:0)
x...0712                                            1 	(obj:0)
x...0716                                            2 	(obj:0)
x...0722                                            3 	(obj:0)
x...0726                                            1 	(obj:0)
x...0728                                            1 	(obj:0)
x...0731                                            1 	(obj:0)
x...0733                                          137 	(obj:0)
x...0742                                            1 	(obj:0)
x...0744                                            1 	(obj:0)
x...0747                                            1 	(obj:0)
x...0750                                            6 	(obj:0)
x...0758                                            1 	(obj:0)
x...0762                                           14 	(obj:0)
x...0764                                            1 	(obj:0)
x...0771                                           15 	(obj:0)
x...0774                                           16 	(obj:0)
x...0775                                           14 	(obj:0)
x...0782                                            1 	(obj:0)
x...0786                                            2 	(obj:0)
x...0790                                            3 	(obj:0)
x...0796                                            3 	(obj:0)
x...0797                                            2 	(obj:0)
x...0800                                            5 	(obj:0)
x...0808                                            1 	(obj:0)
x...0809                                          136 	(obj:0)
x...0813                                          136 	(obj:0)
x...0817                                          135 	(obj:0)
x...0823                                          134 	(obj:0)
x...0825                                           74 	(obj:0)
x...0828                                           80 	(obj:0)
x...0829                                           73 	(obj:0)
x...0833                                           71 	(obj:0)
x...0835                                            1 	(obj:0)
x...0839                                           57 	(obj:0)
x...0852                                           16 	(obj:0)
x...0860                                            1 	(obj:0)
x...0864                                            1 	(obj:0)
x...0868                                            2 	(obj:0)
x...0874                                            5 	(obj:0)
x...0878                                            5 	(obj:0)
x...0882                                            1 	(obj:0)
x...0884                                           17 	(obj:0)
x...0885                                           16 	(obj:0)
x...0888                                           17 	(obj:0)
x...0892                                           17 	(obj:0)
x...0898                                           17 	(obj:0)
x...0899                                           81 	(obj:0)
x...0901                                           53 	(obj:0)
x...0910                                            1 	(obj:0)
x...0915                                           56 	(obj:0)
x...0919                                           53 	(obj:0)
x...0921                                            3 	(obj:0)
x...0923                                           52 	(obj:0)
x...0925                                            1 	(obj:0)
x...0927                                           35 	(obj:0)
x...0929                                            1 	(obj:0)
x...0931                                            1 	(obj:0)
x...0933                                           34 	(obj:0)
x...0952                                            5 	(obj:0)
x...0954                                           14 	(obj:0)
x...0955                                            9 	(obj:0)
x...0958                                           15 	(obj:0)
x...0974                                           52 	(obj:0)
x...0975                                           35 	(obj:0)
x...0982                                            1 	(obj:0)
x...0988                                            2 	(obj:0)
x...0990                                            1 	(obj:0)
x...0991                                            1 	(obj:0)
x...0994                                            2 	(obj:0)
x...0999                                            1 	(obj:0)
x...1011                                           33 	(obj:0)
x...1028                                            6 	(obj:0)
x...1033                                            3 	(obj:0)
x...1048                                           34 	(obj:0)
x...1049                                           34 	(obj:0)
x...1056                                            1 	(obj:0)
x...1062                                            2 	(obj:0)
x...1066                                            3 	(obj:0)
x...1074                                            1 	(obj:0)
x...1080                                            1 	(obj:0)
x...1084                                            2 	(obj:0)
x...1089                                           31 	(obj:0)
x...1102                                            1 	(obj:0)
x...1106                                            2 	(obj:0)
x...1107                                            1 	(obj:0)
x...1114                                            1 	(obj:0)
x...1118                                            2 	(obj:0)
x...1119                                            1 	(obj:0)
x...1122                                           20 	(obj:0)
x...1123                                           18 	(obj:0)
x...1125                                           14 	(obj:0)
x...1131                                           13 	(obj:0)
x...1133                                           10 	(obj:0)
x...1136                                           11 	(obj:0)
x...1137                                          212 	(obj:0)
x...1138                                          207 	(obj:0)
x...1139                                            3 	(obj:0)
x...1141                                            1 	(obj:0)
x...1143                                            1 	(obj:0)
x...1152                                            2 	(obj:0)
x...1160                                            1 	(obj:0)
x...1164                                            1 	(obj:0)
x...1167                                           30 	(obj:0)
x...1171                                            1 	(obj:0)
x...1174                                            1 	(obj:0)
x...1182                                            1 	(obj:0)
x...1190                                            1 	(obj:0)
x...1194                                            1 	(obj:0)
x...1201                                           17 	(obj:0)
x...1207                                           12 	(obj:0)
x...1209                                            1 	(obj:0)
x...1213                                            1 	(obj:0)
x...1217                                            2 	(obj:0)
x...1224                                           13 	(obj:0)
x...1225                                           12 	(obj:0)
x...1228                                           16 	(obj:0)
x...1229                                            1 	(obj:0)
x...1232                                           17 	(obj:0)
x...1236                                           25 	(obj:0)
x...1237                             6.99999999999999 	(obj:0)
x...1240                                           27 	(obj:0)
x...1243                                            3 	(obj:0)
x...1247                                            2 	(obj:0)
x...1250                                            4 	(obj:0)
x...1251                                            3 	(obj:0)
x...1254                                            4 	(obj:0)
x...1260                                            5 	(obj:0)
x...1262                                            1 	(obj:0)
x...1266                                            2 	(obj:0)
x...1270                                           15 	(obj:0)
x...1271                                           12 	(obj:0)
x...1274                                           16 	(obj:0)
x...1277                                            1 	(obj:0)
x...1293                                            1 	(obj:0)
x...1295                                            1 	(obj:0)
x...1303                                           12 	(obj:0)
x...1310                                            1 	(obj:0)
x...1315                             5.99999999999999 	(obj:0)
x...1322                                            1 	(obj:0)
x...1323                                            1 	(obj:0)
x...1325                                            1 	(obj:0)
x...1329                                            2 	(obj:0)
x...1332                                            1 	(obj:0)
x...1338                                            6 	(obj:0)
x...1346                                            1 	(obj:0)
x...1347                                            1 	(obj:0)
x...1349                                           11 	(obj:0)
x...1362                                            1 	(obj:0)
x...1366                                            1 	(obj:0)
x...1370                                            1 	(obj:0)
x...1376                                            1 	(obj:0)
x...1381                                           11 	(obj:0)
x...1388                                            1 	(obj:0)
x...1389                                            1 	(obj:0)
x...1391                             4.99999999999999 	(obj:0)
x...1397                             3.99999999999999 	(obj:0)
x...1405                                            1 	(obj:0)
x...1407                                            1 	(obj:0)
x...1414                                            7 	(obj:0)
x...1420                                            7 	(obj:0)
x...1424                                            1 	(obj:0)
x...1425                                            1 	(obj:0)
x...1427                                           10 	(obj:0)
x...1434                                            2 	(obj:0)
x...1435                                            1 	(obj:0)
x...1438                                            4 	(obj:0)
x...1439                                            1 	(obj:0)
x...1442                                            6 	(obj:0)
x...1443                                            1 	(obj:0)
x...1446                                            7 	(obj:0)
x...1452                                            8 	(obj:0)
x...1456                                            1 	(obj:0)
x...1459                                           10 	(obj:0)
x...1467                                            1 	(obj:0)
x...1473                                            1 	(obj:0)
x...1475                                            3 	(obj:0)
x...1482                                            1 	(obj:0)
x...1490                                            8 	(obj:0)
x...1492                                            9 	(obj:0)
x...1496                                            1 	(obj:0)
x...1504                                            1 	(obj:0)
x...1506                                            9 	(obj:0)
x...1508                                           10 	(obj:0)
x...1517                                            2 	(obj:0)

Statistics
==========

SCIP Status        : solving was interrupted [time limit reached]
Total Time         :   86478.43
  solving          :   86478.42
  presolving       :       0.03 (included in solving)
  reading          :       0.01
  copying          :       0.03 (6 #copies) (minimal 0.00, maximal 0.01, average 0.00)
Original Problem   :
  Problem name     : mc11
  Variables        : 3040 (1520 binary, 0 integer, 0 implicit integer, 1520 continuous)
  Constraints      : 1920 initial, 1920 maximal
  Objective        : minimize, 1520 non-zeros (abs.min = 1, abs.max = 245)
Presolved Problem  :
  Problem name     : t_mc11
  Variables        : 3040 (1520 binary, 0 integer, 0 implicit integer, 1520 continuous)
  Constraints      : 1920 initial, 2038 maximal
  Objective        : minimize, 1520 non-zeros (abs.min = 1, abs.max = 245)
  Nonzeros         : 6078 constraint, 0 clique table
Presolvers         :   ExecTime  SetupTime  Calls  FixedVars   AggrVars   ChgTypes  ChgBounds   AddHoles    DelCons    AddCons   ChgSides   ChgCoefs
  boundshift       :       0.00       0.00      0          0          0          0          0          0          0          0          0          0
  convertinttobin  :       0.00       0.00      0          0          0          0          0          0          0          0          0          0
  domcol           :       0.00       0.00      1          0          0          0          0          0          0          0          0          0
  dualagg          :       0.00       0.00      0          0          0          0          0          0          0          0          0          0
  dualcomp         :       0.00       0.00      1          0          0          0          0          0          0          0          0          0
  dualinfer        :       0.00       0.00      0          0          0          0          0          0          0          0          0          0
  dualsparsify     :       0.00       0.00      1          0          0          0          0          0          0          0          0          3
  gateextraction   :       0.00       0.00      0          0          0          0          0          0          0          0          0          0
  implics          :       0.00       0.00      2          0          0          0          0          0          0          0          0          0
  inttobinary      :       0.00       0.00      0          0          0          0          0          0          0          0          0          0
  qpkktref         :       0.00       0.00      0          0          0          0          0          0          0          0          0          0
  redvub           :       0.00       0.00      0          0          0          0          0          0          0          0          0          0
  sparsify         :       0.00       0.00      1          0          0          0          0          0          0          0          0          0
  stuffing         :       0.00       0.00      0          0          0          0          0          0          0          0          0          0
  trivial          :       0.00       0.00      3          0          0          0          0          0          0          0          0          0
  tworowbnd        :       0.00       0.00      0          0          0          0          0          0          0          0          0          0
  dualfix          :       0.00       0.00      3          0          0          0          0          0          0          0          0          0
  genvbounds       :       0.00       0.00      0          0          0          0          0          0          0          0          0          0
  probing          :       0.00       0.00      1          0          0          0          0          0          0          0          0          0
  pseudoobj        :       0.00       0.00      0          0          0          0          0          0          0          0          0          0
  symmetry         :       0.00       0.00      1          0          0          0          0          0          0          0          0          0
  vbounds          :       0.00       0.00      0          0          0          0          0          0          0          0          0          0
  varbound         :       0.00       0.00      2          0          0          0          0          0          0          0          0          0
  setppc           :       0.00       0.00      0          0          0          0          0          0          0          0          0          0
  linear           :       0.01       0.00      5          0          0          0       1520          0          0          0          0          0
  logicor          :       0.00       0.00      0          0          0          0          0          0          0          0          0          0
  bounddisjunction :       0.00       0.00      0          0          0          0          0          0          0          0          0          0
  benders          :       0.00       0.00      0          0          0          0          0          0          0          0          0          0
  components       :       0.00       0.00      1          0          0          0          0          0          0          0          0          0
  root node        :          -          -      -          1          -          -          9          -          -          -          -          -
Constraints        :     Number  MaxNumber  #Separate #Propagate    #EnfoLP    #EnfoRelax  #EnfoPS    #Check   #ResProp    Cutoffs    DomReds       Cuts    Applied      Conss   Children
  benderslp        :          0          0          0          0        193          0          0        414          0          0          0          0          0          0          0
  integral         :          0          0          0          0        193          0          0        414          0          0        320          0          0        213        170
  varbound         :       1520       1520         89      44860          0          0          0        409        901          5        397          0          0          0          0
  setppc           :          0+         3          0        419          0          0          0          0          2          3          1          0          0          0          0
  linear           :        400+       414         89      44852          0          0          0        306         21          2         25         42          0          0          0
  logicor          :          0+        96          1        575          0          0          0          0        120         32         77          7          0          0          0
  bounddisjunction :          0+        15          0         54          0          0          0          0          0          0          1          0          0          0          0
  benders          :          0          0          0          0          0          0          0        301          0          0          0          0          0          0          0
  fixedvar         :          0          0          0          0          0          0          0        301          0          0          0          0          0          0          0
  countsols        :          0          0          0          0          0          0          0        301          0          0          0          0          0          0          0
  components       :          0          0          0          0          0          0          0          0          0          0          0          0          0          0          0
Constraint Timings :  TotalTime  SetupTime   Separate  Propagate     EnfoLP     EnfoPS     EnfoRelax   Check    ResProp    SB-Prop
  benderslp        :       0.00       0.00       0.00       0.00       0.00       0.00       0.00       0.00       0.00       0.00
  integral         :   86452.38       0.00       0.00       0.00   86452.38       0.00       0.00       0.00       0.00       0.00
  varbound         :       0.08       0.00       0.02       0.04       0.00       0.00       0.00       0.01       0.00       0.01
  setppc           :       0.00       0.00       0.00       0.00       0.00       0.00       0.00       0.00       0.00       0.00
  linear           :       0.30       0.00       0.29       0.01       0.00       0.00       0.00       0.00       0.00       0.00
  logicor          :       0.00       0.00       0.00       0.00       0.00       0.00       0.00       0.00       0.00       0.00
  bounddisjunction :       0.00       0.00       0.00       0.00       0.00       0.00       0.00       0.00       0.00       0.00
  benders          :       0.00       0.00       0.00       0.00       0.00       0.00       0.00       0.00       0.00       0.00
  fixedvar         :       0.00       0.00       0.00       0.00       0.00       0.00       0.00       0.00       0.00       0.00
  countsols        :       0.00       0.00       0.00       0.00       0.00       0.00       0.00       0.00       0.00       0.00
  components       :       0.00       0.00       0.00       0.00       0.00       0.00       0.00       0.00       0.00       0.00
Propagators        : #Propagate   #ResProp    Cutoffs    DomReds
  dualfix          :          5          0          0          2
  genvbounds       :          0          0          0          0
  nlobbt           :          0          0          0          0
  obbt             :          0          0          0          0
  probing          :          0          0          0          0
  pseudoobj        :        816          0          0          0
  redcost          :        584          0          0        300
  rootredcost      :          1          0          0          6
  symmetry         :          0          0          0          0
  vbounds          :      25114          0          0          0
Propagator Timings :  TotalTime  SetupTime   Presolve  Propagate    ResProp    SB-Prop
  dualfix          :       0.00       0.00       0.00       0.00       0.00       0.00
  genvbounds       :       0.00       0.00       0.00       0.00       0.00       0.00
  nlobbt           :       0.00       0.00       0.00       0.00       0.00       0.00
  obbt             :       0.00       0.00       0.00       0.00       0.00       0.00
  probing          :       0.00       0.00       0.00       0.00       0.00       0.00
  pseudoobj        :       0.00       0.00       0.00       0.00       0.00       0.00
  redcost          :       0.03       0.00       0.00       0.03       0.00       0.00
  rootredcost      :       0.00       0.00       0.00       0.00       0.00       0.00
  symmetry         :       0.01       0.00       0.00       0.00       0.00       0.00
  vbounds          :       0.01       0.00       0.00       0.01       0.00       0.00
Symmetry           :
  orbitopal red.   :          0 reductions applied,          0 cutoffs
  orbital reduction:          0 reductions applied,          0 cutoffs
  lexicographic red:          0 reductions applied,          0 cutoffs
  shadow tree time :       0.00 s
Conflict Analysis  :       Time      Calls    Success    DomReds  Conflicts   Literals    Reconvs ReconvLits   Dualrays   Nonzeros   LP Iters   (pool size: [10000,10000])
  propagation      :       0.00         42         17          -         22       13.4          4        3.0          -          -          -
  infeasible LP    :       0.00         12         12          -         12       11.6          0        0.0         14       14.9          0
  bound exceed. LP :       0.91        164        163          -        211       10.7         12        2.4          0        0.0       2389
  strong branching :       0.00          0          0          -          0        0.0          0        0.0          -          -          0
  pseudo solution  :       0.00          0          0          -          0        0.0          0        0.0          -          -          -
  applied globally :       0.00          -          -          0        105       14.0          -          -         14          -          -
  applied locally  :          -          -          -          0        135        6.3          -          -          0          -          -
Separators         :   ExecTime  SetupTime      Calls  RootCalls    Cutoffs    DomReds  FoundCuts ViaPoolAdd  DirectAdd    Applied ViaPoolApp  DirectApp      Conss
  cut pool         :       0.39          -        236        178          -          -      23406      98608          -          -          -          -          -    (maximal pool size:      22732)
  aggregation      :      12.21       0.00         94         89          0          0      22063      94404          0       6476       6476          0          0
  > cmir           :          -          -          -          -          -          -          -      77637          0       3608       3608          0          -
  > flowcover      :          -          -          -          -          -          -          -       9767          0       1680       1680          0          -
  > knapsackcover  :          -          -          -          -          -          -          -       7000          0       1188       1188          0          -
  cgmip            :       0.00       0.00          0          0          0          0          0          0          0          0          0          0          0
  clique           :       0.00       0.00          1          1          0          0          0          0          0          0          0          0          0
  closecuts        :       0.00       0.00          0          0          0          0          0          0          0          0          0          0          0
  convexproj       :       0.00       0.00          0          0          0          0          0          0          0          0          0          0          0
  disjunctive      :       0.00       0.00          0          0          0          0          0          0          0          0          0          0          0
  eccuts           :       0.00       0.00          0          0          0          0          0          0          0          0          0          0          0
  gauge            :       0.00       0.00          0          0          0          0          0          0          0          0          0          0          0
  gomory           :       0.25       0.00         15         10          0          0       1261       3538          0        472        472          0          0
  > gomorymi       :          -          -          -          -          -          -          -       3377          0        463        463          0          -
  > strongcg       :          -          -          -          -          -          -          -        161          0          9          9          0          -
  impliedbounds    :       0.01       0.00         94         89          0          0          0          0          0          0          0          0          0
  interminor       :       0.00       0.00          0          0          0          0          0          0          0          0          0          0          0
  intobj           :       0.00       0.00          0          0          0          0          0          0          0          0          0          0          0
  lagromory        :       0.00       0.00          0          0          0          0          0          0          0          0          0          0          0
  mcf              :       0.03       0.00          4          4          0          0          0          0          0          0          0          0          0
  minor            :       0.00       0.00          0          0          0          0          0          0          0          0          0          0          0
  mixing           :       0.01       0.00         94         89          0          0          0          0          0          0          0          0          0
  oddcycle         :       0.00       0.00          0          0          0          0          0          0          0          0          0          0          0
  rapidlearning    :       0.00       0.00          0          0          0          0          0          0          0          0          0          0          0
  rlt              :       0.00       0.00         10         10          0          0          0          0          0          0          0          0          0
  zerohalf         :       0.06       0.00         25         20          0          0         81        666          0         20         20          0          0
Cutselectors       :   ExecTime  SetupTime      Calls  RootCalls   Selected     Forced   Filtered  RootSelec   RootForc   RootFilt 
  hybrid           :       0.18       0.00        143         90       6968          0      91689       5402          0      69696
  ensemble         :       0.00       0.00          0          0          0          0          0          0          0          0
  dynamic          :       0.00       0.00          0          0          0          0          0          0          0          0
Pricers            :   ExecTime  SetupTime      Calls       Vars
  problem variables:       0.00          -          0          0
Branching Rules    :   ExecTime  SetupTime   BranchLP  BranchExt   BranchPS    Cutoffs    DomReds       Cuts      Conss   Children
  allfullstrong    :       0.00       0.00          0          0          0          0          0          0          0          0
  cloud            :       0.00       0.00          0          0          0          0          0          0          0          0
  distribution     :       0.00       0.00          0          0          0          0          0          0          0          0
  fullstrong       :       0.00       0.00          0          0          0          0          0          0          0          0
  general_disjuncti:   86441.39       0.00        193          0          0          0        318          0        211          0
  GeneralDisjunction(extra): subMILPs=174 fairNodes of all MILPs=41926 probingLPs=0
  gomory           :       0.00       0.00          0          0          0          0          0          0          0          0
  inference        :       0.00       0.00          0          0          0          0          0          0          0          0
  leastinf         :       0.00       0.00          0          0          0          0          0          0          0          0
  lookahead        :       0.00       0.00          0          0          0          0          0          0          0          0
  mostinf          :       0.00       0.00          0          0          0          0          0          0          0          0
  multaggr         :       0.00       0.00          0          0          0          0          0          0          0          0
  nodereopt        :       0.00       0.00          0          0          0          0          0          0          0          0
  pscost           :       0.00       0.00          0          0          0          0          0          0          0          0
  random           :       0.00       0.00          0          0          0          0          0          0          0          0
  relpscost        :      11.00       0.00         86          0          0          0          2          0          2        170
  vanillafullstrong:       0.00       0.00          0          0          0          0          0          0          0          0
Primal Heuristics  :   ExecTime  SetupTime      Calls      Found       Best
  LP solutions     :       0.00          -          -          0          0
  relax solutions  :       0.00          -          -          0          0
  pseudo solutions :       0.00          -          -          0          0
  strong branching :       0.36          -          -          0          0
  actconsdiving    :       0.00       0.00          0          0          0
  adaptivediving   :       0.00       0.00          0          0          0
  alns             :       0.16       0.00          4          0          0
  bound            :       0.00       0.00          0          0          0
  clique           :       0.00       0.00          0          0          0
  coefdiving       :       0.00       0.00          0          0          0
  completesol      :       0.00       0.00          0          0          0
  conflictdiving   :       0.02       0.00          1          0          0
  crossover        :       0.00       0.00          0          0          0
  dins             :       0.00       0.00          0          0          0
  distributiondivin:       0.00       0.00          0          0          0
  dps              :       0.00       0.00          0          0          0
  dualval          :       0.00       0.00          0          0          0
  farkasdiving     :       1.19       0.00          1        208          0
  feaspump         :       0.00       0.00          0          0          0
  fixandinfer      :       0.00       0.00          0          0          0
  fracdiving       :       0.00       0.00          0          0          0
  gins             :       0.02       0.00          1          0          0
  guideddiving     :       0.00       0.00          0          0          0
  indicator        :       0.00       0.00          0          0          0
  indicatordiving  :       0.00       0.00          0          0          0
  intdiving        :       0.00       0.00          0          0          0
  intshifting      :       0.00       0.00          2          0          0
  linesearchdiving :       0.00       0.00          0          0          0
  localbranching   :       0.00       0.00          0          0          0
  locks            :       0.01       0.00          1          1          1
  lpface           :       0.00       0.00          0          0          0
  mpec             :       0.00       0.00          0          0          0
  multistart       :       0.00       0.00          0          0          0
  mutation         :       0.00       0.00          0          0          0
  nlpdiving        :       0.00       0.00          0          0          0
  objpscostdiving  :       0.00       0.00          0          0          0
  octane           :       0.00       0.00          0          0          0
  ofins            :       0.00       0.00          0          0          0
  oneopt           :       0.00       0.00          3          1          1
  padm             :       0.00       0.00          0          0          0
  proximity        :       0.00       0.00          0          0          0
  pscostdiving     :       0.01       0.00          1          0          0
  randrounding     :       0.20       0.00        106          0          0
  rens             :       2.55       0.00          1          1          1
  reoptsols        :       0.00       0.00          0          0          0
  repair           :       0.00       0.00          0          0          0
  rins             :       0.00       0.00          0          0          0
  rootsoldiving    :       0.00       0.00          0          0          0
  rounding         :       0.40       0.00        213          0          0
  scheduler        :       0.00       0.00          0          0          0
  shiftandpropagate:       0.00       0.00          0          0          0
  shifting         :       0.29       0.00        129          0          0
  simplerounding   :       0.03       0.00        337         89          1
  subnlp           :       0.00       0.00          0          0          0
  trivial          :       0.00       0.00          2          0          0
  trivialnegation  :       0.00       0.00          0          0          0
  trustregion      :       0.00       0.00          0          0          0
  trysol           :       0.00       0.00          0          0          0
  twoopt           :       0.00       0.00          0          0          0
  undercover       :       0.00       0.00          0          0          0
  vbounds          :       0.00       0.00          0          0          0
  veclendiving     :       0.00       0.00          0          0          0
  zeroobj          :       0.00       0.00          0          0          0
  zirounding       :       0.02       0.00         84          0          0
  other solutions  :          -          -          -          0          -
LNS (Scheduler)    :      Calls  SetupTime  SolveTime SolveNodes       Sols       Best       Exp3    Exp3-IX  EpsGreedy        UCB TgtFixRate  Opt  Inf Node Stal  Sol  Usr Othr Actv
  rens             :          0       0.00       0.00          0          0          0    0.00000    0.12500   -1.00000    1.00000      0.900    0    0    0    0    0    0    0    1
  rins             :          0       0.00       0.00          0          0          0    0.00000    0.12500   -1.00000    1.00000      0.900    0    0    0    0    0    0    0    1
  mutation         :          0       0.00       0.00          0          0          0    0.00000    0.12500   -1.00000    1.00000      0.900    0    0    0    0    0    0    0    1
  localbranching   :          0       0.00       0.00          0          0          0    0.00000    0.12500   -1.00000    1.00000      0.900    0    0    0    0    0    0    0    1
  crossover        :          0       0.00       0.00          0          0          0    0.00000    0.12500   -1.00000    1.00000      0.900    0    0    0    0    0    0    0    1
  proximity        :          0       0.00       0.00          0          0          0    0.00000    0.12500   -1.00000    1.00000      0.900    0    0    0    0    0    0    0    1
  zeroobjective    :          0       0.00       0.00          0          0          0    0.00000    0.12500   -1.00000    1.00000      0.900    0    0    0    0    0    0    0    1
  dins             :          0       0.00       0.00          0          0          0    0.00000    0.12500   -1.00000    1.00000      0.900    0    0    0    0    0    0    0    1
  trustregion      :          0       0.00       0.00          0          0          0    0.00000    0.00000   -1.00000    1.00000      0.900    0    0    0    0    0    0    0    0
LP                 :       Time      Calls Iterations  Iter/call   Iter/sec  Time-0-It Calls-0-It    ItLimit
  primal LP        :       1.56         29          0       0.00       0.00       1.56         29
  dual LP          :       5.69        403      25024      70.89    4400.25       0.04         50
  lex dual LP      :       0.00          0          0       0.00          -
  barrier LP       :       0.00          0          0       0.00          -       0.00          0
  resolve instable :       0.00          0          0       0.00          -
  diving/probing LP:       1.43        231       3358      14.54    2342.25
  strong branching :      22.98       1665     118522      71.18    5157.56          -          -         40
    (at root node) :          -         76      11797     155.22          -
  conflict analysis:       0.64        241       2389       9.91    3732.77
B&B Tree           :
  number of runs   :          1
  nodes            :        113 (85 internal, 28 leaves)
  feasible leaves  :          0
  infeas. leaves   :         11
  objective leaves :         17
  nodes (total)    :        113 (85 internal, 28 leaves)
  nodes left       :         56
  max depth        :         28
  max depth (total):         28
  backtracks       :          8 (7.1%)
  early backtracks :          0 (0.0%)
  nodes exc. ref.  :          0 (0.0%)
  delayed cutoffs  :          2
  repropagations   :         96 (119 domain reductions, 2 cutoffs)
  avg switch length:       3.20
  switching time   :       0.60
Root Node          :
  First LP value   : +6.08844339622641e+02
  First LP Iters   :        401 (51715.24 Iter/sec)
  First LP Time    :       0.01
  Final Dual Bound : +1.14948454472423e+04
  Final Root Iters :      16436
  Root LP Estimate : +1.16127227955770e+04
Solution           :
  Solutions found  :        300 (4 improvements)
  First Solution   : +1.28723000000000e+05   (in run 1, after 1 nodes, 0.06 seconds, depth 2, found by <locks>)
  Gap First Sol.   :   infinite
  Gap Last Sol.    :       1.84 %
  Primal Bound     : +1.16960000000000e+04   (in run 1, after 1 nodes, 21.77 seconds, depth 0, found by <rens>)
  Dual Bound       : +1.15006252885885e+04
  Gap              :       1.70 %
Integrals          :      Total       Avg%
  primal-dual      :  145640.74       1.68
  primal-ref       :          -          - (not evaluated)
  dual-ref         :          -          - (not evaluated)
