SCIP version 9.2.2 [precision: 8 byte] [memory: block] [mode: optimized] [LP solver: CPLEX 12.10.0.0] [GitHash: 416226a4f8]
Copyright (c) 2002-2025 Zuse Institute Berlin (ZIB)

reading parameter file </scratch/htc/yzhou/exp_scipmip/settings/allon_gendj.set>

read problem </scratch/htc/yzhou/qoblib/qoblib-quantum-optimization-benchmarking-library/08-network/models/integer_lp/test/network08.lp>
============

original problem has 449 variables (0 bin, 449 int, 0 impl, 0 cont) and 520 constraints
    520 constraints of type <linear>
Reading Time: 0.04
solve problem
=============
LP Solver <CPLEX 12.10.0.0>: fastmip setting not available -- SCIP parameter has no effect
LP Solver <CPLEX 12.10.0.0>: clock type cannot be set
LP Solver <CPLEX 12.10.0.0>: row representation of the basis not available -- SCIP parameter lp/rowrepswitch has no effect
LP Solver <CPLEX 12.10.0.0>: solution polishing not available -- SCIP parameter lp/solutionpolishing has no effect
LP Solver <CPLEX 12.10.0.0>: refactorization interval not available -- SCIP parameter lp/refactorinterval has no effect
transformed problem has 449 variables (56 bin, 393 int, 0 impl, 0 cont) and 520 constraints
    520 constraints of type <linear>

original problem has 2072 active (0.887442%) nonzeros and 2072 (0.887442%) check nonzeros

presolving:
(round 1, exhaustive) 0 del vars, 0 del conss, 0 add conss, 0 chg bounds, 0 chg sides, 0 chg coeffs, 392 upgd conss, 0 impls, 0 clqs
   (0.0s) probing: 51/56 (91.1%) - 0 fixings, 0 aggregations, 0 implications, 0 bound changes
   (0.0s) probing aborted: 50/50 successive totally useless probings
   (0.0s) symmetry computation started: requiring (bin +, int +, cont +), (fixed: bin -, int -, cont -)
   (0.0s) no symmetry present (symcode time: 0.00)
clique table cleanup detected 0 bound changes

presolved problem has 2072 active (0.887442%) nonzeros and 2072 (0.887442%) check nonzeros

presolving (2 rounds: 2 fast, 2 medium, 2 exhaustive):
 0 deleted vars, 0 deleted constraints, 0 added constraints, 0 tightened bounds, 0 added holes, 0 changed sides, 0 changed coefficients
 392 implications, 0 cliques
presolved problem has 449 variables (56 bin, 393 int, 0 impl, 0 cont) and 520 constraints
    392 constraints of type <varbound>
    128 constraints of type <linear>
transformed objective value is always integral (scale: 1)
Presolving Time: 0.02

 time | node  | left  |LP iter|LP it/n|mem/heur|mdpt |vars |cons |rows |cuts |sepa|confs|strbr|  dualbound   | primalbound  |  gap   | compl. 
p 0.0s|     1 |     0 |    23 |     - |   locks|   0 | 449 | 520 | 520 |   0 |  0 |   0 |   0 | 0.000000e+00 | 3.340000e+05 |    Inf | unknown
  0.0s|     1 |     0 |   109 |     - |  5247k |   0 | 449 | 520 | 520 |   0 |  0 |   0 |   0 | 4.371429e+04 | 3.340000e+05 | 664.05%| unknown
  0.0s|     1 |     0 |   110 |     - |  5389k |   0 | 449 | 520 | 520 |   0 |  0 |   0 |   0 | 4.371500e+04 | 3.340000e+05 | 664.04%| unknown
  0.0s|     1 |     0 |   138 |     - |  5502k |   0 | 449 | 520 | 549 |  29 |  1 |   0 |   0 | 4.371500e+04 | 3.340000e+05 | 664.04%| unknown
(node 1) solution of LP 5 not optimal (pfeas=0, dfeas=1) -- solving again with tighter feasibility tolerance
(node 1) solution of LP 5 not optimal (pfeas=0, dfeas=1) -- solving again from scratch
  0.1s|     1 |     0 |   336 |     - |  5869k |   0 | 449 | 521 | 565 |  45 |  2 |   1 |   0 | 4.371500e+04 | 3.340000e+05 | 664.04%| unknown
  0.1s|     1 |     0 |   373 |     - |  6030k |   0 | 449 | 523 | 594 |  74 |  3 |   3 |   0 | 4.371500e+04 | 3.340000e+05 | 664.04%| unknown
  0.1s|     1 |     0 |   420 |     - |  6322k |   0 | 449 | 523 | 620 | 100 |  4 |   3 |   0 | 4.371500e+04 | 3.340000e+05 | 664.04%| unknown
  0.1s|     1 |     0 |   473 |     - |  7086k |   0 | 449 | 523 | 639 | 119 |  5 |   3 |   0 | 4.371500e+04 | 3.340000e+05 | 664.04%| unknown
  0.2s|     1 |     0 |   497 |     - |  7307k |   0 | 449 | 524 | 654 | 134 |  6 |   4 |   0 | 4.371500e+04 | 3.340000e+05 | 664.04%| unknown
  0.2s|     1 |     0 |   589 |     - |  7398k |   0 | 449 | 525 | 665 | 145 |  7 |   5 |   0 | 4.371500e+04 | 3.340000e+05 | 664.04%| unknown
  0.3s|     1 |     0 |   612 |     - |  7504k |   0 | 449 | 525 | 677 | 157 |  8 |   5 |   0 | 4.371500e+04 | 3.340000e+05 | 664.04%| unknown
  0.3s|     1 |     0 |   627 |     - |  7582k |   0 | 449 | 525 | 687 | 167 |  9 |   5 |   0 | 4.371500e+04 | 3.340000e+05 | 664.04%| unknown
  0.4s|     1 |     0 |   645 |     - |  7687k |   0 | 449 | 525 | 697 | 177 | 10 |   5 |   0 | 4.371500e+04 | 3.340000e+05 | 664.04%| unknown
Truncate separation round because of stalling (10 stall rounds).
(node 1) solution of LP 15 not optimal (pfeas=1, dfeas=0) -- solving again with tighter feasibility tolerance
(node 1) solution of LP 17 not optimal (pfeas=1, dfeas=0) -- solving again with tighter feasibility tolerance
(node 1) solution of LP 20 not optimal (pfeas=1, dfeas=0) -- solving again with tighter feasibility tolerance
d 0.4s|     1 |     0 |  1409 |     - |conflict|   0 | 449 | 536 | 697 |   0 | 11 |  16 |   0 | 4.371500e+04 | 2.458900e+05 | 462.48%| unknown
  0.4s|     1 |     0 |  1409 |     - |  7909k |   0 | 449 | 536 | 697 | 177 | 11 |  16 |   0 | 4.371500e+04 | 2.458900e+05 | 462.48%| unknown
 time | node  | left  |LP iter|LP it/n|mem/heur|mdpt |vars |cons |rows |cuts |sepa|confs|strbr|  dualbound   | primalbound  |  gap   | compl. 
  0.4s|     1 |     0 |  1441 |     - |  7942k |   0 | 449 | 536 | 728 | 208 | 12 |  16 |   0 | 4.371500e+04 | 2.458900e+05 | 462.48%| unknown
_____________________________________
Now starting branching with general disjunction
Current branching Node number: 1
LP objective value: 43715
Node lower bound: 43715.4
Node upper bound: 245890
gap to the primal bound: 4.6248
Preck submodel is infeasible, continue branching
General disjunction: No feasible solution found, use SCIP default branching rule
  3.8s|     1 |     2 |  1441 |     - |  7987k |   0 | 449 | 537 | 728 | 208 | 13 |  17 |  47 | 4.371536e+04 | 2.458900e+05 | 462.48%| unknown
_____________________________________
Now starting branching with general disjunction
Current branching Node number: 2
LP objective value: 43716
Node lower bound: 43716
Node upper bound: 245890
gap to the primal bound: 4.6248
Preck submodel is infeasible, continue branching
General disjunction: No feasible solution found, use SCIP default branching rule
_____________________________________
Now starting branching with general disjunction
Current branching Node number: 5
LP objective value: 43716
Node lower bound: 43716
Node upper bound: 245890
gap to the primal bound: 4.6248
Preck submodel is infeasible, continue branching
General disjunction: No feasible solution found, use SCIP default branching rule
_____________________________________
Now starting branching with general disjunction
Current branching Node number: 6
LP objective value: 45818.2
Node lower bound: 51000
Node upper bound: 245890
gap to the primal bound: 4.6248
Preck submodel is infeasible, continue branching
General disjunction: No feasible solution found, use SCIP default branching rule
_____________________________________
Now starting branching with general disjunction
Current branching Node number: 9
LP objective value: 153000
Node lower bound: 153000
Node upper bound: 245890
gap to the primal bound: 4.6248
Preck submodel is infeasible, continue branching
General disjunction: No feasible solution found, use SCIP default branching rule
_____________________________________
Now starting branching with general disjunction
Current branching Node number: 11
LP objective value: 159667
Node lower bound: 159667
Node upper bound: 245890
gap to the primal bound: 4.6248
Preck submodel is infeasible, continue branching
General disjunction: No feasible solution found, use SCIP default branching rule
_____________________________________
Now starting branching with general disjunction
Current branching Node number: 12
LP objective value: 159667
Node lower bound: 159667
Node upper bound: 245890
gap to the primal bound: 4.6248
Preck submodel is infeasible, continue branching
General disjunction: No feasible solution found, use SCIP default branching rule
_____________________________________
Now starting branching with general disjunction
Current branching Node number: 15
LP objective value: 159667
Node lower bound: 159667
Node upper bound: 245890
gap to the primal bound: 4.6248
Preck submodel is infeasible, continue branching
General disjunction: No feasible solution found, use SCIP default branching rule
_____________________________________
Now starting branching with general disjunction
Current branching Node number: 16
LP objective value: 159667
Node lower bound: 159667
Node upper bound: 245890
gap to the primal bound: 4.6248
Preck submodel is infeasible, continue branching
General disjunction: No feasible solution found, use SCIP default branching rule
_____________________________________
Now starting branching with general disjunction
Current branching Node number: 18
LP objective value: 159667
Node lower bound: 159667
Node upper bound: 245890
gap to the primal bound: 4.6248
Preck submodel is infeasible, continue branching
General disjunction: No feasible solution found, use SCIP default branching rule
_____________________________________
Now starting branching with general disjunction
Current branching Node number: 21
LP objective value: 174250
Node lower bound: 174250
Node upper bound: 245890
gap to the primal bound: 4.6248
Preck submodel is infeasible, continue branching
General disjunction: No feasible solution found, use SCIP default branching rule
_____________________________________
Now starting branching with general disjunction
Current branching Node number: 22
LP objective value: 174250
Node lower bound: 174250
Node upper bound: 245890
gap to the primal bound: 4.6248
Preck submodel is infeasible, continue branching
General disjunction: No feasible solution found, use SCIP default branching rule
_____________________________________
Now starting branching with general disjunction
Current branching Node number: 24
LP objective value: 174250
Node lower bound: 174250
Node upper bound: 245890
gap to the primal bound: 4.6248
Preck submodel is infeasible, continue branching
General disjunction: No feasible solution found, use SCIP default branching rule
_____________________________________
Now starting branching with general disjunction
Current branching Node number: 27
LP objective value: 174250
Node lower bound: 174250
Node upper bound: 245890
gap to the primal bound: 4.6248
Preck submodel is infeasible, continue branching
General disjunction: No feasible solution found, use SCIP default branching rule
_____________________________________
Now starting branching with general disjunction
Current branching Node number: 28
LP objective value: 174250
Node lower bound: 174250
Node upper bound: 245890
gap to the primal bound: 4.6248
Preck submodel is infeasible, continue branching
General disjunction: No feasible solution found, use SCIP default branching rule
_____________________________________
Now starting branching with general disjunction
Current branching Node number: 7
LP objective value: 43716
Node lower bound: 43716
Node upper bound: 245890
gap to the primal bound: 4.6248
Preck submodel is infeasible, continue branching
General disjunction: No feasible solution found, use SCIP default branching rule
_____________________________________
Now starting branching with general disjunction
Current branching Node number: 32
LP objective value: 45818.2
Node lower bound: 51000
Node upper bound: 245890
gap to the primal bound: 4.6248
Preck submodel is infeasible, continue branching
General disjunction: No feasible solution found, use SCIP default branching rule
_____________________________________
Now starting branching with general disjunction
Current branching Node number: 35
LP objective value: 153000
Node lower bound: 153000
Node upper bound: 245890
gap to the primal bound: 4.6248
Preck submodel is infeasible, continue branching
General disjunction: No feasible solution found, use SCIP default branching rule
_____________________________________
Now starting branching with general disjunction
Current branching Node number: 36
LP objective value: 153000
Node lower bound: 153000
Node upper bound: 245890
gap to the primal bound: 4.6248
Preck submodel is infeasible, continue branching
General disjunction: No feasible solution found, use SCIP default branching rule
_____________________________________
Now starting branching with general disjunction
Current branching Node number: 39
LP objective value: 153000
Node lower bound: 153000
Node upper bound: 245890
gap to the primal bound: 4.6248
Preck submodel is infeasible, continue branching
General disjunction: No feasible solution found, use SCIP default branching rule
_____________________________________
Now starting branching with general disjunction
Current branching Node number: 40
LP objective value: 153000
Node lower bound: 153000
Node upper bound: 245890
gap to the primal bound: 4.6248
Preck submodel is infeasible, continue branching
General disjunction: No feasible solution found, use SCIP default branching rule
_____________________________________
Now starting branching with general disjunction
Current branching Node number: 43
LP objective value: 159667
Node lower bound: 159667
Node upper bound: 245890
gap to the primal bound: 4.6248
Preck submodel is infeasible, continue branching
General disjunction: No feasible solution found, use SCIP default branching rule
_____________________________________
Now starting branching with general disjunction
Current branching Node number: 43
LP objective value: 159667
Node lower bound: 159667
Node upper bound: 245890
gap to the primal bound: 4.6248
Preck submodel is infeasible, continue branching
General disjunction: No feasible solution found, use SCIP default branching rule
_____________________________________
Now starting branching with general disjunction
Current branching Node number: 44
LP objective value: 159667
Node lower bound: 159667
Node upper bound: 245890
gap to the primal bound: 4.6248
Preck submodel is infeasible, continue branching
General disjunction: No feasible solution found, use SCIP default branching rule
_____________________________________
Now starting branching with general disjunction
Current branching Node number: 46
LP objective value: 159667
Node lower bound: 159667
Node upper bound: 245890
gap to the primal bound: 4.6248
Preck submodel is infeasible, continue branching
General disjunction: No feasible solution found, use SCIP default branching rule
_____________________________________
Now starting branching with general disjunction
Current branching Node number: 48
LP objective value: 159667
Node lower bound: 159667
Node upper bound: 245890
gap to the primal bound: 4.6248
Preck submodel is infeasible, continue branching
General disjunction: No feasible solution found, use SCIP default branching rule
_____________________________________
Now starting branching with general disjunction
Current branching Node number: 50
LP objective value: 159667
Node lower bound: 159667
Node upper bound: 245890
gap to the primal bound: 4.6248
Preck submodel is infeasible, continue branching
General disjunction: No feasible solution found, use SCIP default branching rule
_____________________________________
Now starting branching with general disjunction
Current branching Node number: 52
LP objective value: 159667
Node lower bound: 159667
Node upper bound: 245890
gap to the primal bound: 4.6248
Preck submodel is infeasible, continue branching
General disjunction: No feasible solution found, use SCIP default branching rule
_____________________________________
Now starting branching with general disjunction
Current branching Node number: 8
LP objective value: 51000
Node lower bound: 51000
Node upper bound: 245890
gap to the primal bound: 4.6248
Preck submodel is infeasible, continue branching
General disjunction: No feasible solution found, use SCIP default branching rule
_____________________________________
Now starting branching with general disjunction
Current branching Node number: 57
LP objective value: 153000
Node lower bound: 153000
Node upper bound: 245890
gap to the primal bound: 4.6248
Preck submodel is infeasible, continue branching
General disjunction: No feasible solution found, use SCIP default branching rule
_____________________________________
Now starting branching with general disjunction
Current branching Node number: 59
LP objective value: 175000
Node lower bound: 175000
Node upper bound: 245890
gap to the primal bound: 4.6248
Preck submodel is infeasible, continue branching
General disjunction: No feasible solution found, use SCIP default branching rule
_____________________________________
Now starting branching with general disjunction
Current branching Node number: 60
LP objective value: 175000
Node lower bound: 175000
Node upper bound: 245890
gap to the primal bound: 4.6248
Preck submodel is infeasible, continue branching
General disjunction: No feasible solution found, use SCIP default branching rule
_____________________________________
Now starting branching with general disjunction
Current branching Node number: 63
LP objective value: 204750
Node lower bound: 204750
Node upper bound: 245890
gap to the primal bound: 4.6248
Preck submodel is infeasible, continue branching
General disjunction: No feasible solution found, use SCIP default branching rule
_____________________________________
Now starting branching with general disjunction
Current branching Node number: 64
LP objective value: 204750
Node lower bound: 204750
Node upper bound: 245890
gap to the primal bound: 4.6248
Preck submodel is infeasible, continue branching
General disjunction: No feasible solution found, use SCIP default branching rule
_____________________________________
Now starting branching with general disjunction
Current branching Node number: 66
LP objective value: 204750
Node lower bound: 204750
Node upper bound: 245890
gap to the primal bound: 4.6248
Preck submodel is infeasible, continue branching
General disjunction: No feasible solution found, use SCIP default branching rule
_____________________________________
Now starting branching with general disjunction
Current branching Node number: 68
LP objective value: 204750
Node lower bound: 204750
Node upper bound: 245890
gap to the primal bound: 4.6248
Preck submodel is infeasible, continue branching
General disjunction: No feasible solution found, use SCIP default branching rule
_____________________________________
Now starting branching with general disjunction
Current branching Node number: 70
LP objective value: 204750
Node lower bound: 204750
Node upper bound: 245890
gap to the primal bound: 4.6248
Preck submodel is infeasible, continue branching
General disjunction: No feasible solution found, use SCIP default branching rule
_____________________________________
Now starting branching with general disjunction
Current branching Node number: 72
LP objective value: 204750
Node lower bound: 204750
Node upper bound: 245890
gap to the primal bound: 4.6248
Preck submodel is infeasible, continue branching
General disjunction: No feasible solution found, use SCIP default branching rule
_____________________________________
Now starting branching with general disjunction
Current branching Node number: 74
LP objective value: 204750
Node lower bound: 204750
Node upper bound: 245890
gap to the primal bound: 4.6248
Preck submodel is infeasible, continue branching
General disjunction: No feasible solution found, use SCIP default branching rule
_____________________________________
Now starting branching with general disjunction
Current branching Node number: 77
(node 39) solution of LP 92 not optimal (pfeas=0, dfeas=1) -- solving again with tighter feasibility tolerance
(node 39) solution of LP 92 not optimal (pfeas=0, dfeas=1) -- solving again from scratch
LP objective value: 204750
Node lower bound: 204750
Node upper bound: 245890
gap to the primal bound: 4.6248
Preck submodel is infeasible, continue branching
General disjunction: No feasible solution found, use SCIP default branching rule
d91.1s|    39 |    31 |  2305 |  43.4 |fracdivi|  15 | 449 | 571 | 579 |   0 |  1 |  51 | 416 | 4.371536e+04 | 2.047500e+05 | 368.37%| unknown
_____________________________________
Now starting branching with general disjunction
Current branching Node number: 4
LP objective value: 51000
Node lower bound: 51000
Node upper bound: 204750
gap to the primal bound: 3.68371
Preck submodel is infeasible, continue branching
General disjunction: No feasible solution found, use SCIP default branching rule
_____________________________________
Now starting branching with general disjunction
Current branching Node number: 81
LP objective value: 51000
Node lower bound: 51000
Node upper bound: 204750
gap to the primal bound: 3.68371
Preck submodel is infeasible, continue branching
General disjunction: No feasible solution found, use SCIP default branching rule
_____________________________________
Now starting branching with general disjunction
Current branching Node number: 83
LP objective value: 153000
Node lower bound: 153000
Node upper bound: 204750
gap to the primal bound: 3.68371
Preck submodel is infeasible, continue branching
General disjunction: No feasible solution found, use SCIP default branching rule
_____________________________________
Now starting branching with general disjunction
Current branching Node number: 85
LP objective value: 175000
Node lower bound: 175000
Node upper bound: 204750
gap to the primal bound: 3.68371
Preck submodel is infeasible, continue branching
General disjunction: No feasible solution found, use SCIP default branching rule
_____________________________________
Now starting branching with general disjunction
Current branching Node number: 87
LP objective value: 175000
Node lower bound: 175000
Node upper bound: 204750
gap to the primal bound: 3.68371
Preck submodel is infeasible, continue branching
General disjunction: No feasible solution found, use SCIP default branching rule
_____________________________________
Now starting branching with general disjunction
Current branching Node number: 88
LP objective value: 175000
Node lower bound: 175000
Node upper bound: 204750
gap to the primal bound: 3.68371
Preck submodel is infeasible, continue branching
General disjunction: No feasible solution found, use SCIP default branching rule
_____________________________________
Now starting branching with general disjunction
Current branching Node number: 91
LP objective value: 175000
Node lower bound: 175000
Node upper bound: 204750
gap to the primal bound: 3.68371
Preck submodel is infeasible, continue branching
General disjunction: No feasible solution found, use SCIP default branching rule
_____________________________________
Now starting branching with general disjunction
Current branching Node number: 92
LP objective value: 175000
Node lower bound: 175000
Node upper bound: 204750
gap to the primal bound: 3.68371
Preck submodel is infeasible, continue branching
General disjunction: No feasible solution found, use SCIP default branching rule
_____________________________________
Now starting branching with general disjunction
Current branching Node number: 95
LP objective value: 175000
Node lower bound: 175000
Node upper bound: 204750
gap to the primal bound: 3.68371
Preck submodel is infeasible, continue branching
General disjunction: No feasible solution found, use SCIP default branching rule
_____________________________________
Now starting branching with general disjunction
Current branching Node number: 96
LP objective value: 175000
Node lower bound: 175000
Node upper bound: 204750
gap to the primal bound: 3.68371
Preck submodel is infeasible, continue branching
General disjunction: No feasible solution found, use SCIP default branching rule
_____________________________________
Now starting branching with general disjunction
Current branching Node number: 98
LP objective value: 175000
Node lower bound: 175000
Node upper bound: 204750
gap to the primal bound: 3.68371
Preck submodel is infeasible, continue branching
General disjunction: No feasible solution found, use SCIP default branching rule
_____________________________________
Now starting branching with general disjunction
Current branching Node number: 100
LP objective value: 175000
Node lower bound: 175000
Node upper bound: 204750
gap to the primal bound: 3.68371
Preck submodel is infeasible, continue branching
General disjunction: No feasible solution found, use SCIP default branching rule
_____________________________________
Now starting branching with general disjunction
Current branching Node number: 34
LP objective value: 51000
Node lower bound: 51000
Node upper bound: 204750
gap to the primal bound: 3.68371
Preck submodel is infeasible, continue branching
General disjunction: No feasible solution found, use SCIP default branching rule
_____________________________________
Now starting branching with general disjunction
Current branching Node number: 105
LP objective value: 153000
Node lower bound: 153000
Node upper bound: 204750
gap to the primal bound: 3.68371
Preck submodel is infeasible, continue branching
General disjunction: No feasible solution found, use SCIP default branching rule
_____________________________________
Now starting branching with general disjunction
Current branching Node number: 107
LP objective value: 175000
Node lower bound: 175000
Node upper bound: 204750
gap to the primal bound: 3.68371
Preck submodel is infeasible, continue branching
General disjunction: No feasible solution found, use SCIP default branching rule
_____________________________________
Now starting branching with general disjunction
Current branching Node number: 108
LP objective value: 175000
Node lower bound: 175000
Node upper bound: 204750
gap to the primal bound: 3.68371
Preck submodel is infeasible, continue branching
General disjunction: No feasible solution found, use SCIP default branching rule
_____________________________________
Now starting branching with general disjunction
Current branching Node number: 111
LP objective value: 175000
Node lower bound: 175000
Node upper bound: 204750
gap to the primal bound: 3.68371
Preck submodel is infeasible, continue branching
General disjunction: No feasible solution found, use SCIP default branching rule
_____________________________________
Now starting branching with general disjunction
Current branching Node number: 112
LP objective value: 175000
Node lower bound: 175000
Node upper bound: 204750
gap to the primal bound: 3.68371
Preck submodel is infeasible, continue branching
General disjunction: No feasible solution found, use SCIP default branching rule
_____________________________________
Now starting branching with general disjunction
Current branching Node number: 114
LP objective value: 175000
Node lower bound: 175000
Node upper bound: 204750
gap to the primal bound: 3.68371
Preck submodel is infeasible, continue branching
General disjunction: No feasible solution found, use SCIP default branching rule
_____________________________________
Now starting branching with general disjunction
Current branching Node number: 116
LP objective value: 175000
Node lower bound: 175000
Node upper bound: 204750
gap to the primal bound: 3.68371
Preck submodel is infeasible, continue branching
General disjunction: No feasible solution found, use SCIP default branching rule
_____________________________________
Now starting branching with general disjunction
Current branching Node number: 118
LP objective value: 175000
Node lower bound: 175000
Node upper bound: 204750
gap to the primal bound: 3.68371
Preck submodel is infeasible, continue branching
General disjunction: No feasible solution found, use SCIP default branching rule
_____________________________________
Now starting branching with general disjunction
Current branching Node number: 121
LP objective value: 192250
Node lower bound: 192250
Node upper bound: 204750
gap to the primal bound: 3.68371
Preck submodel is infeasible, continue branching
General disjunction: No feasible solution found, use SCIP default branching rule
_____________________________________
Now starting branching with general disjunction
Current branching Node number: 122
LP objective value: 196000
Node lower bound: 196000
Node upper bound: 204750
gap to the primal bound: 3.68371
Preck submodel is infeasible, continue branching
General disjunction: No feasible solution found, use SCIP default branching rule
_____________________________________
Now starting branching with general disjunction
Current branching Node number: 124
LP objective value: 196000
Node lower bound: 196000
Node upper bound: 204750
gap to the primal bound: 3.68371
Preck submodel is infeasible, continue branching
General disjunction: No feasible solution found, use SCIP default branching rule
_____________________________________
Now starting branching with general disjunction
Current branching Node number: 104
LP objective value: 61200
Node lower bound: 61200
Node upper bound: 204750
gap to the primal bound: 3.68371
Preck submodel is infeasible, continue branching
General disjunction: No feasible solution found, use SCIP default branching rule
_____________________________________
Now starting branching with general disjunction
Current branching Node number: 128
LP objective value: 76500
Node lower bound: 76500
Node upper bound: 204750
gap to the primal bound: 3.68371
Preck submodel is infeasible, continue branching
General disjunction: No feasible solution found, use SCIP default branching rule
_____________________________________
Now starting branching with general disjunction
Current branching Node number: 131
LP objective value: 109500
Node lower bound: 109500
Node upper bound: 204750
gap to the primal bound: 3.68371
Preck submodel is infeasible, continue branching
General disjunction: No feasible solution found, use SCIP default branching rule
_____________________________________
Now starting branching with general disjunction
Current branching Node number: 133
LP objective value: 156750
Node lower bound: 156750
Node upper bound: 204750
gap to the primal bound: 3.68371
Preck submodel is infeasible, continue branching
General disjunction: No feasible solution found, use SCIP default branching rule
_____________________________________
Now starting branching with general disjunction
Current branching Node number: 135
LP objective value: 166400
Node lower bound: 166400
Node upper bound: 204750
gap to the primal bound: 3.68371
Preck submodel is infeasible, continue branching
General disjunction: Both Children are added
_____________________________________
Now starting branching with general disjunction
Current branching Node number: 136
LP objective value: 167500
Node lower bound: 167500
Node upper bound: 204750
gap to the primal bound: 3.68371
Preck submodel is infeasible, continue branching
General disjunction: No feasible solution found, use SCIP default branching rule
_____________________________________
Now starting branching with general disjunction
Current branching Node number: 138
LP objective value: 167500
Node lower bound: 167500
Node upper bound: 204750
gap to the primal bound: 3.68371
Preck submodel is infeasible, continue branching
General disjunction: Both Children are added
_____________________________________
Now starting branching with general disjunction
Current branching Node number: 140
LP objective value: 167500
Node lower bound: 167500
Node upper bound: 204750
gap to the primal bound: 3.68371
Preck submodel is infeasible, continue branching
General disjunction: Both Children are added
_____________________________________
Now starting branching with general disjunction
Current branching Node number: 142
LP objective value: 172400
Node lower bound: 172400
Node upper bound: 204750
gap to the primal bound: 3.68371
Preck submodel is infeasible, continue branching
General disjunction: Both Children are added
_____________________________________
Now starting branching with general disjunction
Current branching Node number: 144
Relpscost reduced domain, skip general disjunction branching
_____________________________________
Now starting branching with general disjunction
Current branching Node number: 144
LP objective value: 185667
Node lower bound: 185667
Node upper bound: 204750
gap to the primal bound: 3.68371
Preck submodel is infeasible, continue branching
General disjunction: No feasible solution found, use SCIP default branching rule
_____________________________________
Now starting branching with general disjunction
Current branching Node number: 146
LP objective value: 185667
Node lower bound: 185667
Node upper bound: 204750
gap to the primal bound: 3.68371
Preck submodel is infeasible, continue branching
General disjunction: No feasible solution found, use SCIP default branching rule
_____________________________________
Now starting branching with general disjunction
Current branching Node number: 148
LP objective value: 185667
Node lower bound: 185667
Node upper bound: 204750
gap to the primal bound: 3.68371
Preck submodel is infeasible, continue branching
General disjunction: No feasible solution found, use SCIP default branching rule
_____________________________________
Now starting branching with general disjunction
Current branching Node number: 33
LP objective value: 137333
Node lower bound: 137333
Node upper bound: 204750
gap to the primal bound: 3.68371
Preck submodel is infeasible, continue branching
General disjunction: No feasible solution found, use SCIP default branching rule
_____________________________________
Now starting branching with general disjunction
Current branching Node number: 153
Relpscost reduced domain, skip general disjunction branching
_____________________________________
Now starting branching with general disjunction
Current branching Node number: 153
LP objective value: 164250
Node lower bound: 164250
Node upper bound: 204750
gap to the primal bound: 3.68371
Preck submodel is infeasible, continue branching
General disjunction: No feasible solution found, use SCIP default branching rule
_____________________________________
Now starting branching with general disjunction
Current branching Node number: 155
LP objective value: 175200
Node lower bound: 175200
Node upper bound: 204750
gap to the primal bound: 3.68371
Preck submodel is infeasible, continue branching
General disjunction: No feasible solution found, use SCIP default branching rule
_____________________________________
Now starting branching with general disjunction
Current branching Node number: 156
LP objective value: 175200
Node lower bound: 175200
Node upper bound: 204750
gap to the primal bound: 3.68371
Preck submodel is infeasible, continue branching
General disjunction: No feasible solution found, use SCIP default branching rule
_____________________________________
Now starting branching with general disjunction
Current branching Node number: 158
LP objective value: 175200
Node lower bound: 175200
Node upper bound: 204750
gap to the primal bound: 3.68371
Preck submodel is infeasible, continue branching
General disjunction: No feasible solution found, use SCIP default branching rule
_____________________________________
Now starting branching with general disjunction
Current branching Node number: 161
LP objective value: 191600
Node lower bound: 191600
Node upper bound: 204750
gap to the primal bound: 3.68371
Preck submodel is infeasible, continue branching
General disjunction: No feasible solution found, use SCIP default branching rule
_____________________________________
Now starting branching with general disjunction
Current branching Node number: 162
Relpscost reduced domain, skip general disjunction branching
_____________________________________
Now starting branching with general disjunction
Current branching Node number: 162
(node 82) proof of infeasible LP 242 not valid -- solving again with tighter dual feasibility tolerance
(node 82) proof of infeasible LP 242 not valid -- solving again from scratch
Relpscost reduced domain, skip general disjunction branching
_____________________________________
Now starting branching with general disjunction
Current branching Node number: 162
Relpscost reduced domain, skip general disjunction branching
_____________________________________
Now starting branching with general disjunction
Current branching Node number: 162
Relpscost reduced domain, skip general disjunction branching
_____________________________________
Now starting branching with general disjunction
Current branching Node number: 162
LP objective value: 191600
Node lower bound: 191600
Node upper bound: 204750
gap to the primal bound: 3.68371
Preck submodel is infeasible, continue branching
General disjunction: No feasible solution found, use SCIP default branching rule
_____________________________________
Now starting branching with general disjunction
Current branching Node number: 164
LP objective value: 191600
Node lower bound: 191600
Node upper bound: 204750
gap to the primal bound: 3.68371
Preck submodel is infeasible, continue branching
General disjunction: No feasible solution found, use SCIP default branching rule
_____________________________________
Now starting branching with general disjunction
Current branching Node number: 167
LP objective value: 191600
Node lower bound: 191600
Node upper bound: 204750
gap to the primal bound: 3.68371
Preck submodel is infeasible, continue branching
General disjunction: No feasible solution found, use SCIP default branching rule
_____________________________________
Now starting branching with general disjunction
Current branching Node number: 168
LP objective value: 191600
Node lower bound: 191600
Node upper bound: 204750
gap to the primal bound: 3.68371
Preck submodel is infeasible, continue branching
General disjunction: No feasible solution found, use SCIP default branching rule
_____________________________________
Now starting branching with general disjunction
Current branching Node number: 170
LP objective value: 191600
Node lower bound: 191600
Node upper bound: 204750
gap to the primal bound: 3.68371
Preck submodel is infeasible, continue branching
General disjunction: No feasible solution found, use SCIP default branching rule
_____________________________________
Now starting branching with general disjunction
Current branching Node number: 172
LP objective value: 202500
Node lower bound: 202500
Node upper bound: 204750
gap to the primal bound: 3.68371
Preck submodel is infeasible, continue branching
General disjunction: No feasible solution found, use SCIP default branching rule
_____________________________________
Now starting branching with general disjunction
Current branching Node number: 82
LP objective value: 61200
Node lower bound: 61200
Node upper bound: 204750
gap to the primal bound: 3.68371
Preck submodel is infeasible, continue branching
General disjunction: No feasible solution found, use SCIP default branching rule
_____________________________________
Now starting branching with general disjunction
Current branching Node number: 177
LP objective value: 131000
Node lower bound: 131000
Node upper bound: 204750
gap to the primal bound: 3.68371
Preck submodel is infeasible, continue branching
General disjunction: No feasible solution found, use SCIP default branching rule
_____________________________________
Now starting branching with general disjunction
Current branching Node number: 179
Relpscost reduced domain, skip general disjunction branching
_____________________________________
Now starting branching with general disjunction
Current branching Node number: 179
Relpscost reduced domain, skip general disjunction branching
_____________________________________
Now starting branching with general disjunction
Current branching Node number: 179
LP objective value: 141334
Node lower bound: 141334
Node upper bound: 204750
gap to the primal bound: 3.68371
Preck submodel is infeasible, continue branching
General disjunction: No feasible solution found, use SCIP default branching rule
_____________________________________
Now starting branching with general disjunction
Current branching Node number: 181
LP objective value: 175000
Node lower bound: 175000
Node upper bound: 204750
gap to the primal bound: 3.68371
Preck submodel is infeasible, continue branching
General disjunction: No feasible solution found, use SCIP default branching rule
_____________________________________
Now starting branching with general disjunction
Current branching Node number: 183
LP objective value: 176000
Node lower bound: 176000
Node upper bound: 204750
gap to the primal bound: 3.68371
Preck submodel is infeasible, continue branching
General disjunction: No feasible solution found, use SCIP default branching rule
_____________________________________
Now starting branching with general disjunction
Current branching Node number: 184
LP objective value: 176000
Node lower bound: 176000
Node upper bound: 204750
gap to the primal bound: 3.68371
Preck submodel is infeasible, continue branching
General disjunction: No feasible solution found, use SCIP default branching rule
_____________________________________
Now starting branching with general disjunction
Current branching Node number: 186
LP objective value: 176000
Node lower bound: 176000
Node upper bound: 204750
gap to the primal bound: 3.68371
Preck submodel is infeasible, continue branching
General disjunction: No feasible solution found, use SCIP default branching rule
_____________________________________
Now starting branching with general disjunction
Current branching Node number: 188
LP objective value: 176000
Node lower bound: 176000
Node upper bound: 204750
gap to the primal bound: 3.68371
Preck submodel is infeasible, continue branching
General disjunction: No feasible solution found, use SCIP default branching rule
_____________________________________
Now starting branching with general disjunction
Current branching Node number: 191
LP objective value: 176000
Node lower bound: 176000
Node upper bound: 204750
gap to the primal bound: 3.68371
Preck submodel is infeasible, continue branching
General disjunction: No feasible solution found, use SCIP default branching rule
_____________________________________
Now starting branching with general disjunction
Current branching Node number: 192
LP objective value: 176000
Node lower bound: 176000
Node upper bound: 204750
gap to the primal bound: 3.68371
Preck submodel is infeasible, continue branching
General disjunction: No feasible solution found, use SCIP default branching rule
_____________________________________
Now starting branching with general disjunction
Current branching Node number: 194
LP objective value: 176006
Node lower bound: 176006
Node upper bound: 204750
gap to the primal bound: 3.68371
Preck submodel is infeasible, continue branching
General disjunction: No feasible solution found, use SCIP default branching rule
_____________________________________
Now starting branching with general disjunction
Current branching Node number: 194
LP objective value: 176006
Node lower bound: 176006
Node upper bound: 204750
gap to the primal bound: 3.68371
Preck submodel is infeasible, continue branching
General disjunction: No feasible solution found, use SCIP default branching rule
_____________________________________
Now starting branching with general disjunction
Current branching Node number: 197
LP objective value: 176006
Node lower bound: 176006
Node upper bound: 204750
gap to the primal bound: 3.68371
Preck submodel is infeasible, continue branching
General disjunction: No feasible solution found, use SCIP default branching rule
_____________________________________
Now starting branching with general disjunction
Current branching Node number: 80
LP objective value: 61200
Node lower bound: 61200
Node upper bound: 204750
gap to the primal bound: 3.68371
Preck submodel is infeasible, continue branching
General disjunction: No feasible solution found, use SCIP default branching rule
  234s|   100 |    92 |  5469 |  48.6 |    10M |  17 | 449 | 636 | 566 | 367 |  1 | 116 | 714 | 4.371536e+04 | 2.047500e+05 | 368.37%| unknown
_____________________________________
Now starting branching with general disjunction
Current branching Node number: 201
LP objective value: 61200
Node lower bound: 61200
Node upper bound: 204750
gap to the primal bound: 3.68371
Preck submodel is infeasible, continue branching
General disjunction: No feasible solution found, use SCIP default branching rule
_____________________________________
Now starting branching with general disjunction
Current branching Node number: 203
LP objective value: 61200
Node lower bound: 61200
Node upper bound: 204750
gap to the primal bound: 3.68371
Preck submodel is infeasible, continue branching
General disjunction: No feasible solution found, use SCIP default branching rule
_____________________________________
Now starting branching with general disjunction
Current branching Node number: 205
LP objective value: 153000
Node lower bound: 153000
Node upper bound: 204750
gap to the primal bound: 3.68371
Preck submodel is infeasible, continue branching
General disjunction: No feasible solution found, use SCIP default branching rule
_____________________________________
Now starting branching with general disjunction
Current branching Node number: 207
LP objective value: 153000
Node lower bound: 153000
Node upper bound: 204750
gap to the primal bound: 3.68371
Preck submodel is infeasible, continue branching
General disjunction: No feasible solution found, use SCIP default branching rule
_____________________________________
Now starting branching with general disjunction
Current branching Node number: 209
LP objective value: 153000
Node lower bound: 153000
Node upper bound: 204750
gap to the primal bound: 3.68371
Preck submodel is infeasible, continue branching
General disjunction: No feasible solution found, use SCIP default branching rule
_____________________________________
Now starting branching with general disjunction
Current branching Node number: 210
LP objective value: 153000
Node lower bound: 153000
Node upper bound: 204750
gap to the primal bound: 3.68371
Preck submodel is infeasible, continue branching
General disjunction: No feasible solution found, use SCIP default branching rule
_____________________________________
Now starting branching with general disjunction
Current branching Node number: 212
LP objective value: 153000
Node lower bound: 153000
Node upper bound: 204750
gap to the primal bound: 3.68371
Preck submodel is infeasible, continue branching
General disjunction: Both Children are added
_____________________________________
Now starting branching with general disjunction
Current branching Node number: 214
Relpscost reduced domain, skip general disjunction branching
_____________________________________
Now starting branching with general disjunction
Current branching Node number: 214
LP objective value: 198000
Node lower bound: 198000
Node upper bound: 204750
gap to the primal bound: 3.68371
Preck submodel is infeasible, continue branching
General disjunction: No feasible solution found, use SCIP default branching rule
_____________________________________
Now starting branching with general disjunction
Current branching Node number: 217
LP objective value: 198000
Node lower bound: 198000
Node upper bound: 204750
gap to the primal bound: 3.68371
Preck submodel is infeasible, continue branching
Error in probing right side: 0
General disjunction: No feasible solution found, use SCIP default branching rule
_____________________________________
Now starting branching with general disjunction
Current branching Node number: 218
LP objective value: 198000
Node lower bound: 198000
Node upper bound: 204750
gap to the primal bound: 3.68371
Preck submodel is infeasible, continue branching
General disjunction: No feasible solution found, use SCIP default branching rule
_____________________________________
Now starting branching with general disjunction
Current branching Node number: 220
Relpscost reduced domain, skip general disjunction branching
_____________________________________
Now starting branching with general disjunction
Current branching Node number: 220
LP objective value: 198000
Node lower bound: 198000
Node upper bound: 204750
gap to the primal bound: 3.68371
Preck submodel is infeasible, continue branching
General disjunction: No feasible solution found, use SCIP default branching rule
_____________________________________
Now starting branching with general disjunction
Current branching Node number: 3
LP objective value: 43716
Node lower bound: 43716
Node upper bound: 204750
gap to the primal bound: 3.68364
Preck submodel is infeasible, continue branching
General disjunction: No feasible solution found, use SCIP default branching rule
_____________________________________
Now starting branching with general disjunction
Current branching Node number: 224
LP objective value: 51000
Node lower bound: 51000
Node upper bound: 204750
gap to the primal bound: 3.68364
Preck submodel is infeasible, continue branching
General disjunction: No feasible solution found, use SCIP default branching rule
_____________________________________
Now starting branching with general disjunction
Current branching Node number: 227
LP objective value: 91500
Node lower bound: 91500
Node upper bound: 204750
gap to the primal bound: 3.68364
Preck submodel is infeasible, continue branching
General disjunction: No feasible solution found, use SCIP default branching rule
_____________________________________
Now starting branching with general disjunction
Current branching Node number: 229
Relpscost reduced domain, skip general disjunction branching
_____________________________________
Now starting branching with general disjunction
Current branching Node number: 229
LP objective value: 153000
Node lower bound: 153000
Node upper bound: 204750
gap to the primal bound: 3.68364
Preck submodel is infeasible, continue branching
General disjunction: No feasible solution found, use SCIP default branching rule
_____________________________________
Now starting branching with general disjunction
Current branching Node number: 231
LP objective value: 153000
Node lower bound: 153000
Node upper bound: 204750
gap to the primal bound: 3.68364
Preck submodel is infeasible, continue branching
General disjunction: No feasible solution found, use SCIP default branching rule
_____________________________________
Now starting branching with general disjunction
Current branching Node number: 233
Relpscost reduced domain, skip general disjunction branching
_____________________________________
Now starting branching with general disjunction
Current branching Node number: 233
LP objective value: 202667
Node lower bound: 202667
Node upper bound: 204750
gap to the primal bound: 3.68364
Preck submodel is infeasible, continue branching
General disjunction: No feasible solution found, use SCIP default branching rule
_____________________________________
Now starting branching with general disjunction
Current branching Node number: 235
LP objective value: 202667
Node lower bound: 202667
Node upper bound: 204750
gap to the primal bound: 3.68364
Preck submodel is infeasible, continue branching
General disjunction: No feasible solution found, use SCIP default branching rule
_____________________________________
Now starting branching with general disjunction
Current branching Node number: 237
LP objective value: 202667
Node lower bound: 202667
Node upper bound: 204750
gap to the primal bound: 3.68364
Preck submodel is infeasible, continue branching
General disjunction: No feasible solution found, use SCIP default branching rule
_____________________________________
Now starting branching with general disjunction
Current branching Node number: 239
LP objective value: 202667
Node lower bound: 202667
Node upper bound: 204750
gap to the primal bound: 3.68364
Preck submodel is infeasible, continue branching
General disjunction: No feasible solution found, use SCIP default branching rule
_____________________________________
Now starting branching with general disjunction
Current branching Node number: 240
LP objective value: 202667
Node lower bound: 202667
Node upper bound: 204750
gap to the primal bound: 3.68364
Preck submodel is infeasible, continue branching
General disjunction: No feasible solution found, use SCIP default branching rule
_____________________________________
Now starting branching with general disjunction
Current branching Node number: 243
LP objective value: 202667
Node lower bound: 202667
Node upper bound: 204750
gap to the primal bound: 3.68364
Preck submodel is infeasible, continue branching
General disjunction: No feasible solution found, use SCIP default branching rule
_____________________________________
Now starting branching with general disjunction
Current branching Node number: 244
LP objective value: 202667
Node lower bound: 202667
Node upper bound: 204750
gap to the primal bound: 3.68364
Preck submodel is infeasible, continue branching
General disjunction: No feasible solution found, use SCIP default branching rule
_____________________________________
Now starting branching with general disjunction
Current branching Node number: 226
LP objective value: 61200
Node lower bound: 61200
Node upper bound: 204750
gap to the primal bound: 3.68364
Preck submodel is infeasible, continue branching
General disjunction: No feasible solution found, use SCIP default branching rule
_____________________________________
Now starting branching with general disjunction
Current branching Node number: 249
LP objective value: 61200
Node lower bound: 61200
Node upper bound: 204750
gap to the primal bound: 3.68364
Preck submodel is infeasible, continue branching
General disjunction: No feasible solution found, use SCIP default branching rule
_____________________________________
Now starting branching with general disjunction
Current branching Node number: 251
LP objective value: 131000
Node lower bound: 131000
Node upper bound: 204750
gap to the primal bound: 3.68364
Preck submodel is infeasible, continue branching
General disjunction: No feasible solution found, use SCIP default branching rule
_____________________________________
Now starting branching with general disjunction
Current branching Node number: 253
LP objective value: 131000
Node lower bound: 131000
Node upper bound: 204750
gap to the primal bound: 3.68364
Preck submodel is infeasible, continue branching
General disjunction: No feasible solution found, use SCIP default branching rule
_____________________________________
Now starting branching with general disjunction
Current branching Node number: 255
LP objective value: 131000
Node lower bound: 131000
Node upper bound: 204750
gap to the primal bound: 3.68364
Preck submodel is infeasible, continue branching
General disjunction: No feasible solution found, use SCIP default branching rule
_____________________________________
Now starting branching with general disjunction
Current branching Node number: 257
LP objective value: 175000
Node lower bound: 175000
Node upper bound: 204750
gap to the primal bound: 3.68364
Preck submodel is infeasible, continue branching
General disjunction: No feasible solution found, use SCIP default branching rule
_____________________________________
Now starting branching with general disjunction
Current branching Node number: 259
LP objective value: 175000
Node lower bound: 175000
Node upper bound: 204750
gap to the primal bound: 3.68364
Preck submodel is infeasible, continue branching
General disjunction: No feasible solution found, use SCIP default branching rule
_____________________________________
Now starting branching with general disjunction
Current branching Node number: 260
(node 132) proof of infeasible LP 361 not valid -- solving again with tighter dual feasibility tolerance
(node 132) proof of infeasible LP 361 not valid -- solving again from scratch
(node 132) proof of infeasible LP 361 not valid -- solving again with tighter dual feasibility tolerance
(node 132) proof of infeasible LP 361 not valid -- solving again from scratch
LP objective value: 175000
Node lower bound: 175000
Node upper bound: 204750
gap to the primal bound: 3.68364
Preck submodel is infeasible, continue branching
General disjunction: No feasible solution found, use SCIP default branching rule
_____________________________________
Now starting branching with general disjunction
Current branching Node number: 262
(node 133) proof of infeasible LP 362 not valid -- solving again with tighter dual feasibility tolerance
(node 133) proof of infeasible LP 362 not valid -- solving again from scratch
(node 133) proof of infeasible LP 362 not valid -- solving again with tighter dual feasibility tolerance
(node 133) proof of infeasible LP 362 not valid -- solving again from scratch
LP objective value: 175000
Node lower bound: 175000
Node upper bound: 204750
gap to the primal bound: 3.68364
Preck submodel is infeasible, continue branching
General disjunction: Both Children are added
_____________________________________
Now starting branching with general disjunction
Current branching Node number: 264
Relpscost reduced domain, skip general disjunction branching
_____________________________________
Now starting branching with general disjunction
Current branching Node number: 264
Relpscost reduced domain, skip general disjunction branching
_____________________________________
Now starting branching with general disjunction
Current branching Node number: 264
LP objective value: 195667
Node lower bound: 195667
Node upper bound: 204750
gap to the primal bound: 3.68364
Preck submodel is infeasible, continue branching
General disjunction: No feasible solution found, use SCIP default branching rule
_____________________________________
Now starting branching with general disjunction
Current branching Node number: 266
LP objective value: 195667
Node lower bound: 195667
Node upper bound: 204750
gap to the primal bound: 3.68364
Preck submodel is infeasible, continue branching
General disjunction: No feasible solution found, use SCIP default branching rule
_____________________________________
Now starting branching with general disjunction
Current branching Node number: 269
(node 136) proof of infeasible LP 374 not valid -- solving again with tighter dual feasibility tolerance
(node 136) proof of infeasible LP 374 not valid -- solving again from scratch
LP objective value: 196333
Node lower bound: 196333
Node upper bound: 204750
gap to the primal bound: 3.68364
Preck submodel is infeasible, continue branching
General disjunction: No feasible solution found, use SCIP default branching rule
_____________________________________
Now starting branching with general disjunction
Current branching Node number: 269
LP objective value: 196334
Node lower bound: 196334
Node upper bound: 204750
gap to the primal bound: 3.68364
Preck submodel is infeasible, continue branching
General disjunction: No feasible solution found, use SCIP default branching rule
_____________________________________
Now starting branching with general disjunction
Current branching Node number: 56
LP objective value: 61200
Node lower bound: 61200
Node upper bound: 204750
gap to the primal bound: 3.68364
Preck submodel is infeasible, continue branching
General disjunction: No feasible solution found, use SCIP default branching rule
_____________________________________
Now starting branching with general disjunction
Current branching Node number: 273
LP objective value: 61200
Node lower bound: 61200
Node upper bound: 204750
gap to the primal bound: 3.68364
Preck submodel is infeasible, continue branching
General disjunction: No feasible solution found, use SCIP default branching rule
_____________________________________
Now starting branching with general disjunction
Current branching Node number: 275
LP objective value: 131000
Node lower bound: 131000
Node upper bound: 204750
gap to the primal bound: 3.68364
Preck submodel is infeasible, continue branching
General disjunction: No feasible solution found, use SCIP default branching rule
_____________________________________
Now starting branching with general disjunction
Current branching Node number: 277
Relpscost reduced domain, skip general disjunction branching
_____________________________________
Now starting branching with general disjunction
Current branching Node number: 277
LP objective value: 154250
Node lower bound: 154250
Node upper bound: 204750
gap to the primal bound: 3.68364
Preck submodel is infeasible, continue branching
General disjunction: No feasible solution found, use SCIP default branching rule
_____________________________________
Now starting branching with general disjunction
Current branching Node number: 279
LP objective value: 172400
Node lower bound: 172400
Node upper bound: 204750
gap to the primal bound: 3.68364
Preck submodel is infeasible, continue branching
General disjunction: No feasible solution found, use SCIP default branching rule
_____________________________________
Now starting branching with general disjunction
Current branching Node number: 280
LP objective value: 172400
Node lower bound: 172400
Node upper bound: 204750
gap to the primal bound: 3.68364
Preck submodel is infeasible, continue branching
General disjunction: No feasible solution found, use SCIP default branching rule
_____________________________________
Now starting branching with general disjunction
Current branching Node number: 282
LP objective value: 172400
Node lower bound: 172400
Node upper bound: 204750
gap to the primal bound: 3.68364
Preck submodel is infeasible, continue branching
General disjunction: No feasible solution found, use SCIP default branching rule
_____________________________________
Now starting branching with general disjunction
Current branching Node number: 284
LP objective value: 172400
Node lower bound: 172400
Node upper bound: 204750
gap to the primal bound: 3.68364
Preck submodel is infeasible, continue branching
General disjunction: No feasible solution found, use SCIP default branching rule
_____________________________________
Now starting branching with general disjunction
Current branching Node number: 286
LP objective value: 172400
Node lower bound: 172400
Node upper bound: 204750
gap to the primal bound: 3.68364
Preck submodel is infeasible, continue branching
General disjunction: No feasible solution found, use SCIP default branching rule
_____________________________________
Now starting branching with general disjunction
Current branching Node number: 289
LP objective value: 172400
Node lower bound: 172400
Node upper bound: 204750
gap to the primal bound: 3.68364
Preck submodel is infeasible, continue branching
General disjunction: No feasible solution found, use SCIP default branching rule
_____________________________________
Now starting branching with general disjunction
Current branching Node number: 291
LP objective value: 172400
Node lower bound: 172400
Node upper bound: 204750
gap to the primal bound: 3.68364
Preck submodel is infeasible, continue branching
General disjunction: No feasible solution found, use SCIP default branching rule
_____________________________________
Now starting branching with general disjunction
Current branching Node number: 292
LP objective value: 172400
Node lower bound: 172400
Node upper bound: 204750
gap to the primal bound: 3.68364
Preck submodel is infeasible, continue branching
General disjunction: Both Children are added
_____________________________________
Now starting branching with general disjunction
Current branching Node number: 225
LP objective value: 43716
Node lower bound: 43716
Node upper bound: 204750
gap to the primal bound: 3.68364
Preck submodel is infeasible, continue branching
General disjunction: No feasible solution found, use SCIP default branching rule
_____________________________________
Now starting branching with general disjunction
Current branching Node number: 297
LP objective value: 153000
Node lower bound: 153000
Node upper bound: 204750
gap to the primal bound: 3.68364
Preck submodel is infeasible, continue branching
General disjunction: No feasible solution found, use SCIP default branching rule
_____________________________________
Now starting branching with general disjunction
Current branching Node number: 299
Relpscost reduced domain, skip general disjunction branching
_____________________________________
Now starting branching with general disjunction
Current branching Node number: 299
LP objective value: 153000
Node lower bound: 153000
Node upper bound: 204750
gap to the primal bound: 3.68364
Preck submodel is infeasible, continue branching
General disjunction: No feasible solution found, use SCIP default branching rule
_____________________________________
Now starting branching with general disjunction
Current branching Node number: 301
LP objective value: 153000
Node lower bound: 153000
Node upper bound: 204750
gap to the primal bound: 3.68364
Preck submodel is infeasible, continue branching
General disjunction: No feasible solution found, use SCIP default branching rule
_____________________________________
Now starting branching with general disjunction
Current branching Node number: 302
LP objective value: 153000
Node lower bound: 153000
Node upper bound: 204750
gap to the primal bound: 3.68364
Preck submodel is infeasible, continue branching
General disjunction: No feasible solution found, use SCIP default branching rule
_____________________________________
Now starting branching with general disjunction
Current branching Node number: 305
LP objective value: 180400
Node lower bound: 180400
Node upper bound: 204750
gap to the primal bound: 3.68364
Preck submodel is infeasible, continue branching
General disjunction: No feasible solution found, use SCIP default branching rule
_____________________________________
Now starting branching with general disjunction
Current branching Node number: 306
LP objective value: 180400
Node lower bound: 180400
Node upper bound: 204750
gap to the primal bound: 3.68364
Preck submodel is infeasible, continue branching
General disjunction: No feasible solution found, use SCIP default branching rule
_____________________________________
Now starting branching with general disjunction
Current branching Node number: 309
LP objective value: 180400
Node lower bound: 180400
Node upper bound: 204750
gap to the primal bound: 3.68364
Preck submodel is infeasible, continue branching
General disjunction: No feasible solution found, use SCIP default branching rule
_____________________________________
Now starting branching with general disjunction
Current branching Node number: 310
LP objective value: 180400
Node lower bound: 180400
Node upper bound: 204750
gap to the primal bound: 3.68364
Preck submodel is infeasible, continue branching
General disjunction: No feasible solution found, use SCIP default branching rule
_____________________________________
Now starting branching with general disjunction
Current branching Node number: 312
LP objective value: 180400
Node lower bound: 180400
Node upper bound: 204750
gap to the primal bound: 3.68364
Preck submodel is infeasible, continue branching
General disjunction: No feasible solution found, use SCIP default branching rule
_____________________________________
Now starting branching with general disjunction
Current branching Node number: 314
LP objective value: 180400
Node lower bound: 180400
Node upper bound: 204750
gap to the primal bound: 3.68364
Preck submodel is infeasible, continue branching
General disjunction: No feasible solution found, use SCIP default branching rule
_____________________________________
Now starting branching with general disjunction
Current branching Node number: 316
LP objective value: 180400
Node lower bound: 180400
Node upper bound: 204750
gap to the primal bound: 3.68364
Preck submodel is infeasible, continue branching
General disjunction: No feasible solution found, use SCIP default branching rule
_____________________________________
Now starting branching with general disjunction
Current branching Node number: 296
LP objective value: 51000
Node lower bound: 51000
Node upper bound: 204750
gap to the primal bound: 3.01471
Preck submodel is infeasible, continue branching
General disjunction: No feasible solution found, use SCIP default branching rule
_____________________________________
Now starting branching with general disjunction
Current branching Node number: 320
LP objective value: 61200
Node lower bound: 61200
Node upper bound: 204750
gap to the primal bound: 3.01471
Preck submodel is infeasible, continue branching
General disjunction: No feasible solution found, use SCIP default branching rule
_____________________________________
Now starting branching with general disjunction
Current branching Node number: 323
LP objective value: 61200
Node lower bound: 61200
Node upper bound: 204750
gap to the primal bound: 3.01471
Preck submodel is infeasible, continue branching
General disjunction: No feasible solution found, use SCIP default branching rule
_____________________________________
Now starting branching with general disjunction
Current branching Node number: 325
LP objective value: 131000
Node lower bound: 131000
Node upper bound: 204750
gap to the primal bound: 3.01471
Preck submodel is infeasible, continue branching
General disjunction: No feasible solution found, use SCIP default branching rule
_____________________________________
Now starting branching with general disjunction
Current branching Node number: 327
LP objective value: 154250
Node lower bound: 154250
Node upper bound: 204750
gap to the primal bound: 3.01471
Preck submodel is infeasible, continue branching
General disjunction: No feasible solution found, use SCIP default branching rule
_____________________________________
Now starting branching with general disjunction
Current branching Node number: 329
LP objective value: 172400
Node lower bound: 172400
Node upper bound: 204750
gap to the primal bound: 3.01471
Preck submodel is infeasible, continue branching
General disjunction: No feasible solution found, use SCIP default branching rule
_____________________________________
Now starting branching with general disjunction
Current branching Node number: 330
LP objective value: 172400
Node lower bound: 172400
Node upper bound: 204750
gap to the primal bound: 3.01471
Preck submodel is infeasible, continue branching
General disjunction: No feasible solution found, use SCIP default branching rule
_____________________________________
Now starting branching with general disjunction
Current branching Node number: 333
LP objective value: 172400
Node lower bound: 172400
Node upper bound: 204750
gap to the primal bound: 3.01471
Preck submodel is infeasible, continue branching
General disjunction: No feasible solution found, use SCIP default branching rule
_____________________________________
Now starting branching with general disjunction
Current branching Node number: 335
LP objective value: 188800
Node lower bound: 188800
Node upper bound: 204750
gap to the primal bound: 3.01471
Preck submodel is infeasible, continue branching
General disjunction: No feasible solution found, use SCIP default branching rule
_____________________________________
Now starting branching with general disjunction
Current branching Node number: 336
LP objective value: 188800
Node lower bound: 188800
Node upper bound: 204750
gap to the primal bound: 3.01471
Preck submodel is infeasible, continue branching
General disjunction: No feasible solution found, use SCIP default branching rule
_____________________________________
Now starting branching with general disjunction
Current branching Node number: 339
Relpscost reduced domain, skip general disjunction branching
_____________________________________
Now starting branching with general disjunction
Current branching Node number: 339
LP objective value: 203000
Node lower bound: 203000
Node upper bound: 204750
gap to the primal bound: 3.01471
Preck submodel is infeasible, continue branching
General disjunction: No feasible solution found, use SCIP default branching rule
_____________________________________
Now starting branching with general disjunction
Current branching Node number: 340
LP objective value: 203000
Node lower bound: 203000
Node upper bound: 204750
gap to the primal bound: 3.01471
Preck submodel is infeasible, continue branching
General disjunction: No feasible solution found, use SCIP default branching rule
_____________________________________
Now starting branching with general disjunction
Current branching Node number: 342
Relpscost reduced domain, skip general disjunction branching
_____________________________________
Now starting branching with general disjunction
Current branching Node number: 342
Relpscost reduced domain, skip general disjunction branching
_____________________________________
Now starting branching with general disjunction
Current branching Node number: 322
LP objective value: 61200
Node lower bound: 61200
Node upper bound: 204750
gap to the primal bound: 3.01471
Preck submodel is infeasible, continue branching
General disjunction: No feasible solution found, use SCIP default branching rule
_____________________________________
Now starting branching with general disjunction
Current branching Node number: 345
LP objective value: 117000
Node lower bound: 117000
Node upper bound: 204750
gap to the primal bound: 3.01471
Preck submodel is infeasible, continue branching
General disjunction: No feasible solution found, use SCIP default branching rule
_____________________________________
Now starting branching with general disjunction
Current branching Node number: 347
Relpscost reduced domain, skip general disjunction branching
_____________________________________
Now starting branching with general disjunction
Current branching Node number: 347
LP objective value: 159667
Node lower bound: 159667
Node upper bound: 204750
gap to the primal bound: 3.01471
Preck submodel is infeasible, continue branching
General disjunction: No feasible solution found, use SCIP default branching rule
_____________________________________
Now starting branching with general disjunction
Current branching Node number: 349
LP objective value: 164250
Node lower bound: 164250
Node upper bound: 204750
gap to the primal bound: 3.01471
Preck submodel is infeasible, continue branching
General disjunction: No feasible solution found, use SCIP default branching rule
_____________________________________
Now starting branching with general disjunction
Current branching Node number: 351
LP objective value: 164250
Node lower bound: 164250
Node upper bound: 204750
gap to the primal bound: 3.01471
Preck submodel is infeasible, continue branching
General disjunction: No feasible solution found, use SCIP default branching rule
_____________________________________
Now starting branching with general disjunction
Current branching Node number: 352
LP objective value: 164250
Node lower bound: 164250
Node upper bound: 204750
gap to the primal bound: 3.01471
Preck submodel is infeasible, continue branching
General disjunction: No feasible solution found, use SCIP default branching rule
_____________________________________
Now starting branching with general disjunction
Current branching Node number: 355
LP objective value: 164250
Node lower bound: 164250
Node upper bound: 204750
gap to the primal bound: 3.01471
Preck submodel is infeasible, continue branching
General disjunction: No feasible solution found, use SCIP default branching rule
_____________________________________
Now starting branching with general disjunction
Current branching Node number: 356
LP objective value: 164250
Node lower bound: 164250
Node upper bound: 204750
gap to the primal bound: 3.01471
Preck submodel is infeasible, continue branching
General disjunction: No feasible solution found, use SCIP default branching rule
_____________________________________
Now starting branching with general disjunction
Current branching Node number: 358
LP objective value: 164250
Node lower bound: 164250
Node upper bound: 204750
gap to the primal bound: 3.01471
Preck submodel is infeasible, continue branching
General disjunction: No feasible solution found, use SCIP default branching rule
_____________________________________
Now starting branching with general disjunction
Current branching Node number: 361
LP objective value: 164250
Node lower bound: 164250
Node upper bound: 204750
gap to the primal bound: 3.01471
Preck submodel is infeasible, continue branching
General disjunction: No feasible solution found, use SCIP default branching rule
_____________________________________
Now starting branching with general disjunction
Current branching Node number: 362
LP objective value: 164250
Node lower bound: 164250
Node upper bound: 204750
gap to the primal bound: 3.01471
Preck submodel is infeasible, continue branching
General disjunction: No feasible solution found, use SCIP default branching rule
_____________________________________
Now starting branching with general disjunction
Current branching Node number: 364
LP objective value: 164250
Node lower bound: 164250
Node upper bound: 204750
gap to the primal bound: 3.01471
Preck submodel is infeasible, continue branching
General disjunction: No feasible solution found, use SCIP default branching rule
_____________________________________
Now starting branching with general disjunction
Current branching Node number: 344
LP objective value: 63000
Node lower bound: 76500
Node upper bound: 204750
gap to the primal bound: 3.01471
Preck submodel is infeasible, continue branching
General disjunction: No feasible solution found, use SCIP default branching rule
_____________________________________
Now starting branching with general disjunction
Current branching Node number: 369
LP objective value: 153000
Node lower bound: 153000
Node upper bound: 204750
gap to the primal bound: 3.01471
Preck submodel is infeasible, continue branching
General disjunction: No feasible solution found, use SCIP default branching rule
_____________________________________
Now starting branching with general disjunction
Current branching Node number: 370
LP objective value: 153000
Node lower bound: 153000
Node upper bound: 204750
gap to the primal bound: 3.01471
Preck submodel is infeasible, continue branching
General disjunction: No feasible solution found, use SCIP default branching rule
_____________________________________
Now starting branching with general disjunction
Current branching Node number: 373
Relpscost reduced domain, skip general disjunction branching
_____________________________________
Now starting branching with general disjunction
Current branching Node number: 373
LP objective value: 159667
Node lower bound: 159667
Node upper bound: 204750
gap to the primal bound: 3.01471
Preck submodel is infeasible, continue branching
General disjunction: No feasible solution found, use SCIP default branching rule
_____________________________________
Now starting branching with general disjunction
Current branching Node number: 375
LP objective value: 159667
Node lower bound: 159667
Node upper bound: 204750
gap to the primal bound: 3.01471
Preck submodel is infeasible, continue branching
General disjunction: No feasible solution found, use SCIP default branching rule
_____________________________________
Now starting branching with general disjunction
Current branching Node number: 377
LP objective value: 159667
Node lower bound: 159667
Node upper bound: 204750
gap to the primal bound: 3.01471
Preck submodel is infeasible, continue branching
General disjunction: No feasible solution found, use SCIP default branching rule
_____________________________________
Now starting branching with general disjunction
Current branching Node number: 378
LP objective value: 159667
Node lower bound: 159667
Node upper bound: 204750
gap to the primal bound: 3.01471
Preck submodel is infeasible, continue branching
General disjunction: No feasible solution found, use SCIP default branching rule
_____________________________________
Now starting branching with general disjunction
Current branching Node number: 380
LP objective value: 159667
Node lower bound: 159667
Node upper bound: 204750
gap to the primal bound: 3.01471
Preck submodel is infeasible, continue branching
General disjunction: No feasible solution found, use SCIP default branching rule
_____________________________________
Now starting branching with general disjunction
Current branching Node number: 382
LP objective value: 159667
Node lower bound: 159667
Node upper bound: 204750
gap to the primal bound: 3.01471
Preck submodel is infeasible, continue branching
General disjunction: No feasible solution found, use SCIP default branching rule
_____________________________________
Now starting branching with general disjunction
Current branching Node number: 384
LP objective value: 159667
Node lower bound: 159667
Node upper bound: 204750
gap to the primal bound: 3.01471
Preck submodel is infeasible, continue branching
General disjunction: No feasible solution found, use SCIP default branching rule
_____________________________________
Now starting branching with general disjunction
Current branching Node number: 387
LP objective value: 159667
Node lower bound: 159667
Node upper bound: 204750
gap to the primal bound: 3.01471
Preck submodel is infeasible, continue branching
General disjunction: No feasible solution found, use SCIP default branching rule
_____________________________________
Now starting branching with general disjunction
Current branching Node number: 389
LP objective value: 164600
Node lower bound: 164600
Node upper bound: 204750
gap to the primal bound: 3.01471
Preck submodel is infeasible, continue branching
General disjunction: No feasible solution found, use SCIP default branching rule
_____________________________________
Now starting branching with general disjunction
Current branching Node number: 368
LP objective value: 76500
Node lower bound: 76500
Node upper bound: 204750
gap to the primal bound: 3.01471
Preck submodel is infeasible, continue branching
General disjunction: No feasible solution found, use SCIP default branching rule
_____________________________________
Now starting branching with general disjunction
Current branching Node number: 393
LP objective value: 153000
Node lower bound: 153000
Node upper bound: 204750
gap to the primal bound: 3.01471
Preck submodel is infeasible, continue branching
General disjunction: No feasible solution found, use SCIP default branching rule
_____________________________________
Now starting branching with general disjunction
Current branching Node number: 395
LP objective value: 153000
Node lower bound: 153000
Node upper bound: 204750
gap to the primal bound: 3.01471
Preck submodel is infeasible, continue branching
General disjunction: No feasible solution found, use SCIP default branching rule
  491s|   200 |   188 | 10787 |  50.9 |    12M |  17 | 449 | 758 | 566 | 537 |  1 | 238 | 956 | 5.100000e+04 | 2.047500e+05 | 301.47%| unknown
_____________________________________
Now starting branching with general disjunction
Current branching Node number: 396
LP objective value: 153000
Node lower bound: 153000
Node upper bound: 204750
gap to the primal bound: 3.01471
Preck submodel is infeasible, continue branching
General disjunction: No feasible solution found, use SCIP default branching rule
_____________________________________
Now starting branching with general disjunction
Current branching Node number: 399
LP objective value: 153000
Node lower bound: 153000
Node upper bound: 204750
gap to the primal bound: 3.01471
Preck submodel is infeasible, continue branching
General disjunction: No feasible solution found, use SCIP default branching rule
_____________________________________
Now starting branching with general disjunction
Current branching Node number: 400
LP objective value: 153000
Node lower bound: 153000
Node upper bound: 204750
gap to the primal bound: 3.01471
Preck submodel is infeasible, continue branching
General disjunction: No feasible solution found, use SCIP default branching rule
_____________________________________
Now starting branching with general disjunction
Current branching Node number: 402
LP objective value: 153000
Node lower bound: 153000
Node upper bound: 204750
gap to the primal bound: 3.01471
Preck submodel is infeasible, continue branching
General disjunction: No feasible solution found, use SCIP default branching rule
_____________________________________
Now starting branching with general disjunction
Current branching Node number: 405
LP objective value: 159667
Node lower bound: 159667
Node upper bound: 204750
gap to the primal bound: 3.01471
Preck submodel is infeasible, continue branching
General disjunction: No feasible solution found, use SCIP default branching rule
_____________________________________
Now starting branching with general disjunction
Current branching Node number: 405
LP objective value: 159667
Node lower bound: 159667
Node upper bound: 204750
gap to the primal bound: 3.01471
Preck submodel is infeasible, continue branching
General disjunction: No feasible solution found, use SCIP default branching rule
_____________________________________
Now starting branching with general disjunction
Current branching Node number: 406
LP objective value: 159667
Node lower bound: 159667
Node upper bound: 204750
gap to the primal bound: 3.01471
Preck submodel is infeasible, continue branching
General disjunction: No feasible solution found, use SCIP default branching rule
_____________________________________
Now starting branching with general disjunction
Current branching Node number: 409
Relpscost reduced domain, skip general disjunction branching
_____________________________________
Now starting branching with general disjunction
Current branching Node number: 409
LP objective value: 179334
Node lower bound: 179334
Node upper bound: 204750
gap to the primal bound: 3.01471
Preck submodel is infeasible, continue branching
General disjunction: No feasible solution found, use SCIP default branching rule
_____________________________________
Now starting branching with general disjunction
Current branching Node number: 411
LP objective value: 179334
Node lower bound: 179334
Node upper bound: 204750
gap to the primal bound: 3.01471
Preck submodel is infeasible, continue branching
General disjunction: No feasible solution found, use SCIP default branching rule
_____________________________________
Now starting branching with general disjunction
Current branching Node number: 324
LP objective value: 61200
Node lower bound: 61200
Node upper bound: 204750
gap to the primal bound: 3.01471
Preck submodel is infeasible, continue branching
General disjunction: No feasible solution found, use SCIP default branching rule
_____________________________________
Now starting branching with general disjunction
Current branching Node number: 415
LP objective value: 153000
Node lower bound: 153000
Node upper bound: 204750
gap to the primal bound: 3.01471
Preck submodel is infeasible, continue branching
General disjunction: No feasible solution found, use SCIP default branching rule
_____________________________________
Now starting branching with general disjunction
Current branching Node number: 417
LP objective value: 164250
Node lower bound: 164250
Node upper bound: 204750
gap to the primal bound: 3.01471
Preck submodel is infeasible, continue branching
General disjunction: No feasible solution found, use SCIP default branching rule
_____________________________________
Now starting branching with general disjunction
Current branching Node number: 418
LP objective value: 164250
Node lower bound: 164250
Node upper bound: 204750
gap to the primal bound: 3.01471
Preck submodel is infeasible, continue branching
General disjunction: No feasible solution found, use SCIP default branching rule
_____________________________________
Now starting branching with general disjunction
Current branching Node number: 420
LP objective value: 164250
Node lower bound: 164250
Node upper bound: 204750
gap to the primal bound: 3.01471
Preck submodel is infeasible, continue branching
General disjunction: No feasible solution found, use SCIP default branching rule
_____________________________________
Now starting branching with general disjunction
Current branching Node number: 422
LP objective value: 164250
Node lower bound: 164250
Node upper bound: 204750
gap to the primal bound: 3.01471
Preck submodel is infeasible, continue branching
General disjunction: No feasible solution found, use SCIP default branching rule
_____________________________________
Now starting branching with general disjunction
Current branching Node number: 425
LP objective value: 164250
Node lower bound: 164250
Node upper bound: 204750
gap to the primal bound: 3.01471
Preck submodel is infeasible, continue branching
General disjunction: No feasible solution found, use SCIP default branching rule
_____________________________________
Now starting branching with general disjunction
Current branching Node number: 426
LP objective value: 164250
Node lower bound: 164250
Node upper bound: 204750
gap to the primal bound: 3.01471
Preck submodel is infeasible, continue branching
General disjunction: No feasible solution found, use SCIP default branching rule
_____________________________________
Now starting branching with general disjunction
Current branching Node number: 429
Relpscost reduced domain, skip general disjunction branching
_____________________________________
Now starting branching with general disjunction
Current branching Node number: 429
LP objective value: 164250
Node lower bound: 164250
Node upper bound: 204750
gap to the primal bound: 3.01471
Preck submodel is infeasible, continue branching
General disjunction: No feasible solution found, use SCIP default branching rule
_____________________________________
Now starting branching with general disjunction
Current branching Node number: 430
LP objective value: 164250
Node lower bound: 164250
Node upper bound: 204750
gap to the primal bound: 3.01471
Preck submodel is infeasible, continue branching
General disjunction: No feasible solution found, use SCIP default branching rule
_____________________________________
Now starting branching with general disjunction
Current branching Node number: 432
Relpscost reduced domain, skip general disjunction branching
_____________________________________
Now starting branching with general disjunction
Current branching Node number: 432
Relpscost reduced domain, skip general disjunction branching
_____________________________________
Now starting branching with general disjunction
Current branching Node number: 432
LP objective value: 196667
Node lower bound: 196667
Node upper bound: 204750
gap to the primal bound: 3.01471
Preck submodel is infeasible, continue branching
General disjunction: No feasible solution found, use SCIP default branching rule
_____________________________________
Now starting branching with general disjunction
Current branching Node number: 130
LP objective value: 76500
Node lower bound: 76500
Node upper bound: 204750
gap to the primal bound: 3.01471
Preck submodel is infeasible, continue branching
General disjunction: No feasible solution found, use SCIP default branching rule
_____________________________________
Now starting branching with general disjunction
Current branching Node number: 437
LP objective value: 153000
Node lower bound: 153000
Node upper bound: 204750
gap to the primal bound: 3.01471
Preck submodel is infeasible, continue branching
General disjunction: No feasible solution found, use SCIP default branching rule
_____________________________________
Now starting branching with general disjunction
Current branching Node number: 439
LP objective value: 156750
Node lower bound: 156750
Node upper bound: 204750
gap to the primal bound: 3.01471
Preck submodel is infeasible, continue branching
General disjunction: No feasible solution found, use SCIP default branching rule
_____________________________________
Now starting branching with general disjunction
Current branching Node number: 441
LP objective value: 156750
Node lower bound: 156750
Node upper bound: 204750
gap to the primal bound: 3.01471
Preck submodel is infeasible, continue branching
General disjunction: No feasible solution found, use SCIP default branching rule
_____________________________________
Now starting branching with general disjunction
Current branching Node number: 442
LP objective value: 156750
Node lower bound: 156750
Node upper bound: 204750
gap to the primal bound: 3.01471
Preck submodel is infeasible, continue branching
General disjunction: No feasible solution found, use SCIP default branching rule
_____________________________________
Now starting branching with general disjunction
Current branching Node number: 444
LP objective value: 156750
Node lower bound: 156750
Node upper bound: 204750
gap to the primal bound: 3.01471
Preck submodel is infeasible, continue branching
General disjunction: No feasible solution found, use SCIP default branching rule
_____________________________________
Now starting branching with general disjunction
Current branching Node number: 447
LP objective value: 160000
Node lower bound: 160000
Node upper bound: 204750
gap to the primal bound: 3.01471
Preck submodel is infeasible, continue branching
General disjunction: Both Children are added
_____________________________________
Now starting branching with general disjunction
Current branching Node number: 448
LP objective value: 168800
Node lower bound: 168800
Node upper bound: 204750
gap to the primal bound: 3.01471
Preck submodel is infeasible, continue branching
General disjunction: No feasible solution found, use SCIP default branching rule
_____________________________________
Now starting branching with general disjunction
Current branching Node number: 450
LP objective value: 168800
Node lower bound: 168800
Node upper bound: 204750
gap to the primal bound: 3.01471
Preck submodel is infeasible, continue branching
General disjunction: No feasible solution found, use SCIP default branching rule
_____________________________________
Now starting branching with general disjunction
Current branching Node number: 453
LP objective value: 168800
Node lower bound: 168800
Node upper bound: 204750
gap to the primal bound: 3.01471
Preck submodel is infeasible, continue branching
General disjunction: No feasible solution found, use SCIP default branching rule
_____________________________________
Now starting branching with general disjunction
Current branching Node number: 455
Relpscost reduced domain, skip general disjunction branching
_____________________________________
Now starting branching with general disjunction
Current branching Node number: 455
Relpscost reduced domain, skip general disjunction branching
_____________________________________
Now starting branching with general disjunction
Current branching Node number: 455
Relpscost reduced domain, skip general disjunction branching
_____________________________________
Now starting branching with general disjunction
Current branching Node number: 455
Relpscost reduced domain, skip general disjunction branching
_____________________________________
Now starting branching with general disjunction
Current branching Node number: 455
LP objective value: 189667
Node lower bound: 189667
Node upper bound: 204750
gap to the primal bound: 3.01471
Preck submodel is infeasible, continue branching
General disjunction: Only Right constraint added:
_____________________________________
Now starting branching with general disjunction
Current branching Node number: 454
Relpscost reduced domain, skip general disjunction branching
_____________________________________
Now starting branching with general disjunction
Current branching Node number: 454
LP objective value: 168800
Node lower bound: 168800
Node upper bound: 204750
gap to the primal bound: 3.01471
Preck submodel is infeasible, continue branching
General disjunction: No feasible solution found, use SCIP default branching rule
_____________________________________
Now starting branching with general disjunction
Current branching Node number: 436
LP objective value: 102000
Node lower bound: 153000
Node upper bound: 204750
gap to the primal bound: 3.01471
Preck submodel is infeasible, continue branching
General disjunction: No feasible solution found, use SCIP default branching rule
_____________________________________
Now starting branching with general disjunction
Current branching Node number: 458
LP objective value: 153000
Node lower bound: 153000
Node upper bound: 204750
gap to the primal bound: 3.01471
Preck submodel is infeasible, continue branching
General disjunction: No feasible solution found, use SCIP default branching rule
_____________________________________
Now starting branching with general disjunction
Current branching Node number: 461
LP objective value: 153000
Node lower bound: 153000
Node upper bound: 204750
gap to the primal bound: 3.01471
Preck submodel is infeasible, continue branching
General disjunction: No feasible solution found, use SCIP default branching rule
_____________________________________
Now starting branching with general disjunction
Current branching Node number: 462
LP objective value: 153000
Node lower bound: 153000
Node upper bound: 204750
gap to the primal bound: 3.01471
Preck submodel is infeasible, continue branching
General disjunction: No feasible solution found, use SCIP default branching rule
_____________________________________
Now starting branching with general disjunction
Current branching Node number: 465
Relpscost reduced domain, skip general disjunction branching
_____________________________________
Now starting branching with general disjunction
Current branching Node number: 465
LP objective value: 159667
Node lower bound: 159667
Node upper bound: 204750
gap to the primal bound: 3.01471
Preck submodel is infeasible, continue branching
General disjunction: No feasible solution found, use SCIP default branching rule
_____________________________________
Now starting branching with general disjunction
Current branching Node number: 466
LP objective value: 159667
Node lower bound: 159667
Node upper bound: 204750
gap to the primal bound: 3.01471
Preck submodel is infeasible, continue branching
General disjunction: No feasible solution found, use SCIP default branching rule
_____________________________________
Now starting branching with general disjunction
Current branching Node number: 469
LP objective value: 159667
Node lower bound: 159667
Node upper bound: 204750
gap to the primal bound: 3.01471
Preck submodel is infeasible, continue branching
General disjunction: No feasible solution found, use SCIP default branching rule
_____________________________________
Now starting branching with general disjunction
Current branching Node number: 471
LP objective value: 159667
Node lower bound: 159667
Node upper bound: 204750
gap to the primal bound: 3.01471
Preck submodel is infeasible, continue branching
General disjunction: No feasible solution found, use SCIP default branching rule
_____________________________________
Now starting branching with general disjunction
Current branching Node number: 473
LP objective value: 184000
Node lower bound: 184000
Node upper bound: 204750
gap to the primal bound: 3.01471
Preck submodel is infeasible, continue branching
General disjunction: No feasible solution found, use SCIP default branching rule
_____________________________________
Now starting branching with general disjunction
Current branching Node number: 474
Relpscost reduced domain, skip general disjunction branching
_____________________________________
Now starting branching with general disjunction
Current branching Node number: 474
Relpscost reduced domain, skip general disjunction branching
_____________________________________
Now starting branching with general disjunction
Current branching Node number: 474
LP objective value: 189000
Node lower bound: 189000
Node upper bound: 204750
gap to the primal bound: 3.01471
Preck submodel is infeasible, continue branching
General disjunction: No feasible solution found, use SCIP default branching rule
_____________________________________
Now starting branching with general disjunction
Current branching Node number: 476
LP objective value: 196000
Node lower bound: 196000
Node upper bound: 204750
gap to the primal bound: 3.01471
Preck submodel is infeasible, continue branching
General disjunction: No feasible solution found, use SCIP default branching rule
_____________________________________
Now starting branching with general disjunction
Current branching Node number: 200
LP objective value: 76500
Node lower bound: 76500
Node upper bound: 204750
gap to the primal bound: 3.01471
Preck submodel is infeasible, continue branching
General disjunction: No feasible solution found, use SCIP default branching rule
_____________________________________
Now starting branching with general disjunction
Current branching Node number: 481
LP objective value: 76500
Node lower bound: 76500
Node upper bound: 204750
gap to the primal bound: 3.01471
Preck submodel is infeasible, continue branching
General disjunction: No feasible solution found, use SCIP default branching rule
_____________________________________
Now starting branching with general disjunction
Current branching Node number: 483
LP objective value: 153000
Node lower bound: 153000
Node upper bound: 204750
gap to the primal bound: 3.01471
Preck submodel is infeasible, continue branching
General disjunction: No feasible solution found, use SCIP default branching rule
_____________________________________
Now starting branching with general disjunction
Current branching Node number: 485
LP objective value: 153000
Node lower bound: 153000
Node upper bound: 204750
gap to the primal bound: 3.01471
Preck submodel is infeasible, continue branching
General disjunction: No feasible solution found, use SCIP default branching rule
_____________________________________
Now starting branching with general disjunction
Current branching Node number: 487
LP objective value: 153000
Node lower bound: 153000
Node upper bound: 204750
gap to the primal bound: 3.01471
Preck submodel is infeasible, continue branching
General disjunction: No feasible solution found, use SCIP default branching rule
_____________________________________
Now starting branching with general disjunction
Current branching Node number: 489
LP objective value: 153000
Node lower bound: 153000
Node upper bound: 204750
gap to the primal bound: 3.01471
Preck submodel is infeasible, continue branching
General disjunction: No feasible solution found, use SCIP default branching rule
_____________________________________
Now starting branching with general disjunction
Current branching Node number: 490
LP objective value: 153000
Node lower bound: 153000
Node upper bound: 204750
gap to the primal bound: 3.01471
Preck submodel is infeasible, continue branching
General disjunction: No feasible solution found, use SCIP default branching rule
_____________________________________
Now starting branching with general disjunction
Current branching Node number: 492
LP objective value: 153000
Node lower bound: 153000
Node upper bound: 204750
gap to the primal bound: 3.01471
Preck submodel is infeasible, continue branching
General disjunction: No feasible solution found, use SCIP default branching rule
_____________________________________
Now starting branching with general disjunction
Current branching Node number: 494
LP objective value: 153000
Node lower bound: 153000
Node upper bound: 204750
gap to the primal bound: 3.01471
Preck submodel is infeasible, continue branching
General disjunction: Both Children are added
_____________________________________
Now starting branching with general disjunction
Current branching Node number: 496
Relpscost reduced domain, skip general disjunction branching
_____________________________________
Now starting branching with general disjunction
Current branching Node number: 496
LP objective value: 198000
Node lower bound: 198000
Node upper bound: 204750
gap to the primal bound: 3.01471
Preck submodel is infeasible, continue branching
General disjunction: No feasible solution found, use SCIP default branching rule
_____________________________________
Now starting branching with general disjunction
Current branching Node number: 498
LP objective value: 198000
Node lower bound: 198000
Node upper bound: 204750
gap to the primal bound: 3.01471
Preck submodel is infeasible, continue branching
General disjunction: No feasible solution found, use SCIP default branching rule
_____________________________________
Now starting branching with general disjunction
Current branching Node number: 500
LP objective value: 198000
Node lower bound: 198000
Node upper bound: 204750
gap to the primal bound: 3.01471
Preck submodel is infeasible, continue branching
General disjunction: No feasible solution found, use SCIP default branching rule
_____________________________________
Now starting branching with general disjunction
Current branching Node number: 502
LP objective value: 198000
Node lower bound: 198000
Node upper bound: 204750
gap to the primal bound: 3.01471
Preck submodel is infeasible, continue branching
General disjunction: No feasible solution found, use SCIP default branching rule
_____________________________________
Now starting branching with general disjunction
Current branching Node number: 321
LP objective value: 153000
Node lower bound: 153000
Node upper bound: 204750
gap to the primal bound: 2.34559
Preck submodel is infeasible, continue branching
General disjunction: No feasible solution found, use SCIP default branching rule
_____________________________________
Now starting branching with general disjunction
Current branching Node number: 507
LP objective value: 175000
Node lower bound: 175000
Node upper bound: 204750
gap to the primal bound: 2.34559
Preck submodel is infeasible, continue branching
General disjunction: No feasible solution found, use SCIP default branching rule
_____________________________________
Now starting branching with general disjunction
Current branching Node number: 509
LP objective value: 175000
Node lower bound: 175000
Node upper bound: 204750
gap to the primal bound: 2.34559
Preck submodel is infeasible, continue branching
General disjunction: No feasible solution found, use SCIP default branching rule
_____________________________________
Now starting branching with general disjunction
Current branching Node number: 510
LP objective value: 175000
Node lower bound: 175000
Node upper bound: 204750
gap to the primal bound: 2.34559
Preck submodel is infeasible, continue branching
General disjunction: No feasible solution found, use SCIP default branching rule
_____________________________________
Now starting branching with general disjunction
Current branching Node number: 512
LP objective value: 175000
Node lower bound: 175000
Node upper bound: 204750
gap to the primal bound: 2.34559
Preck submodel is infeasible, continue branching
General disjunction: No feasible solution found, use SCIP default branching rule
_____________________________________
Now starting branching with general disjunction
Current branching Node number: 515
LP objective value: 175000
Node lower bound: 175000
Node upper bound: 204750
gap to the primal bound: 2.34559
Preck submodel is infeasible, continue branching
General disjunction: No feasible solution found, use SCIP default branching rule
_____________________________________
Now starting branching with general disjunction
Current branching Node number: 517
LP objective value: 175000
Node lower bound: 175000
Node upper bound: 204750
gap to the primal bound: 2.34559
Preck submodel is infeasible, continue branching
General disjunction: No feasible solution found, use SCIP default branching rule
_____________________________________
Now starting branching with general disjunction
Current branching Node number: 518
LP objective value: 175000
Node lower bound: 175000
Node upper bound: 204750
gap to the primal bound: 2.34559
Preck submodel is infeasible, continue branching
General disjunction: No feasible solution found, use SCIP default branching rule
_____________________________________
Now starting branching with general disjunction
Current branching Node number: 520
LP objective value: 175000
Node lower bound: 175000
Node upper bound: 204750
gap to the primal bound: 2.34559
Preck submodel is infeasible, continue branching
General disjunction: No feasible solution found, use SCIP default branching rule
_____________________________________
Now starting branching with general disjunction
Current branching Node number: 523
Relpscost reduced domain, skip general disjunction branching
_____________________________________
Now starting branching with general disjunction
Current branching Node number: 523
Relpscost reduced domain, skip general disjunction branching
_____________________________________
Now starting branching with general disjunction
Current branching Node number: 523
LP objective value: 175000
Node lower bound: 175000
Node upper bound: 204750
gap to the primal bound: 2.34559
Preck submodel is infeasible, continue branching
General disjunction: No feasible solution found, use SCIP default branching rule
_____________________________________
Now starting branching with general disjunction
Current branching Node number: 524
LP objective value: 175000
Node lower bound: 175000
Node upper bound: 204750
gap to the primal bound: 2.34559
Preck submodel is infeasible, continue branching
General disjunction: No feasible solution found, use SCIP default branching rule
_____________________________________
Now starting branching with general disjunction
Current branching Node number: 527
LP objective value: 182200
Node lower bound: 182200
Node upper bound: 204750
gap to the primal bound: 2.34559
Preck submodel is infeasible, continue branching
General disjunction: No feasible solution found, use SCIP default branching rule
_____________________________________
Now starting branching with general disjunction
Current branching Node number: 272
LP objective value: 63000
Node lower bound: 63000
Node upper bound: 204750
gap to the primal bound: 2.34559
Preck submodel is infeasible, continue branching
General disjunction: No feasible solution found, use SCIP default branching rule
_____________________________________
Now starting branching with general disjunction
Current branching Node number: 531
LP objective value: 153000
Node lower bound: 153000
Node upper bound: 204750
gap to the primal bound: 2.34559
Preck submodel is infeasible, continue branching
General disjunction: No feasible solution found, use SCIP default branching rule
_____________________________________
Now starting branching with general disjunction
Current branching Node number: 533
LP objective value: 159667
Node lower bound: 159667
Node upper bound: 204750
gap to the primal bound: 2.34559
Preck submodel is infeasible, continue branching
General disjunction: No feasible solution found, use SCIP default branching rule
_____________________________________
Now starting branching with general disjunction
Current branching Node number: 534
LP objective value: 159667
Node lower bound: 159667
Node upper bound: 204750
gap to the primal bound: 2.34559
Preck submodel is infeasible, continue branching
General disjunction: No feasible solution found, use SCIP default branching rule
_____________________________________
Now starting branching with general disjunction
Current branching Node number: 537
LP objective value: 159667
Node lower bound: 159667
Node upper bound: 204750
gap to the primal bound: 2.34559
Preck submodel is infeasible, continue branching
General disjunction: No feasible solution found, use SCIP default branching rule
_____________________________________
Now starting branching with general disjunction
Current branching Node number: 539
LP objective value: 159667
Node lower bound: 159667
Node upper bound: 204750
gap to the primal bound: 2.34559
Preck submodel is infeasible, continue branching
General disjunction: No feasible solution found, use SCIP default branching rule
_____________________________________
Now starting branching with general disjunction
Current branching Node number: 541
LP objective value: 159667
Node lower bound: 159667
Node upper bound: 204750
gap to the primal bound: 2.34559
Preck submodel is infeasible, continue branching
General disjunction: No feasible solution found, use SCIP default branching rule
_____________________________________
Now starting branching with general disjunction
Current branching Node number: 542
LP objective value: 159667
Node lower bound: 159667
Node upper bound: 204750
gap to the primal bound: 2.34559
Preck submodel is infeasible, continue branching
General disjunction: No feasible solution found, use SCIP default branching rule
_____________________________________
Now starting branching with general disjunction
Current branching Node number: 545
LP objective value: 159667
Node lower bound: 159667
Node upper bound: 204750
gap to the primal bound: 2.34559
Preck submodel is infeasible, continue branching
General disjunction: No feasible solution found, use SCIP default branching rule
_____________________________________
Now starting branching with general disjunction
Current branching Node number: 546
LP objective value: 159667
Node lower bound: 159667
Node upper bound: 204750
gap to the primal bound: 2.34559
Preck submodel is infeasible, continue branching
General disjunction: No feasible solution found, use SCIP default branching rule
_____________________________________
Now starting branching with general disjunction
Current branching Node number: 549
Relpscost reduced domain, skip general disjunction branching
_____________________________________
Now starting branching with general disjunction
Current branching Node number: 549
LP objective value: 164254
Node lower bound: 164254
Node upper bound: 204750
gap to the primal bound: 2.34559
Preck submodel is infeasible, continue branching
General disjunction: No feasible solution found, use SCIP default branching rule
_____________________________________
Now starting branching with general disjunction
Current branching Node number: 550
Relpscost reduced domain, skip general disjunction branching
_____________________________________
Now starting branching with general disjunction
Current branching Node number: 550
LP objective value: 164255
Node lower bound: 164255
Node upper bound: 204750
gap to the primal bound: 2.34559
Preck submodel is infeasible, continue branching
General disjunction: Both Children are added
_____________________________________
Now starting branching with general disjunction
Current branching Node number: 552
LP objective value: 185250
Node lower bound: 185250
Node upper bound: 204750
gap to the primal bound: 2.34559
Preck submodel is infeasible, continue branching
General disjunction: No feasible solution found, use SCIP default branching rule
_____________________________________
Now starting branching with general disjunction
Current branching Node number: 554
LP objective value: 185250
Node lower bound: 185250
Node upper bound: 204750
gap to the primal bound: 2.34559
Preck submodel is infeasible, continue branching
General disjunction: No feasible solution found, use SCIP default branching rule
_____________________________________
Now starting branching with general disjunction
Current branching Node number: 274
LP objective value: 61200
Node lower bound: 61200
Node upper bound: 204750
gap to the primal bound: 2.34559
Preck submodel is infeasible, continue branching
General disjunction: No feasible solution found, use SCIP default branching rule
_____________________________________
Now starting branching with general disjunction
Current branching Node number: 559
LP objective value: 153000
Node lower bound: 153000
Node upper bound: 204750
gap to the primal bound: 2.34559
Preck submodel is infeasible, continue branching
General disjunction: No feasible solution found, use SCIP default branching rule
_____________________________________
Now starting branching with general disjunction
Current branching Node number: 561
LP objective value: 164250
Node lower bound: 164250
Node upper bound: 204750
gap to the primal bound: 2.34559
Preck submodel is infeasible, continue branching
General disjunction: No feasible solution found, use SCIP default branching rule
_____________________________________
Now starting branching with general disjunction
Current branching Node number: 563
LP objective value: 172400
Node lower bound: 172400
Node upper bound: 204750
gap to the primal bound: 2.34559
Preck submodel is infeasible, continue branching
General disjunction: No feasible solution found, use SCIP default branching rule
_____________________________________
Now starting branching with general disjunction
Current branching Node number: 564
LP objective value: 172400
Node lower bound: 172400
Node upper bound: 204750
gap to the primal bound: 2.34559
Preck submodel is infeasible, continue branching
General disjunction: No feasible solution found, use SCIP default branching rule
_____________________________________
Now starting branching with general disjunction
Current branching Node number: 566
LP objective value: 172400
Node lower bound: 172400
Node upper bound: 204750
gap to the primal bound: 2.34559
Preck submodel is infeasible, continue branching
General disjunction: No feasible solution found, use SCIP default branching rule
_____________________________________
Now starting branching with general disjunction
Current branching Node number: 568
LP objective value: 172400
Node lower bound: 172400
Node upper bound: 204750
gap to the primal bound: 2.34559
Preck submodel is infeasible, continue branching
General disjunction: No feasible solution found, use SCIP default branching rule
_____________________________________
Now starting branching with general disjunction
Current branching Node number: 570
LP objective value: 172400
Node lower bound: 172400
Node upper bound: 204750
gap to the primal bound: 2.34559
Preck submodel is infeasible, continue branching
General disjunction: No feasible solution found, use SCIP default branching rule
_____________________________________
Now starting branching with general disjunction
Current branching Node number: 573
LP objective value: 172400
Node lower bound: 172400
Node upper bound: 204750
gap to the primal bound: 2.34559
Preck submodel is infeasible, continue branching
General disjunction: No feasible solution found, use SCIP default branching rule
_____________________________________
Now starting branching with general disjunction
Current branching Node number: 574
LP objective value: 172400
Node lower bound: 172400
Node upper bound: 204750
gap to the primal bound: 2.34559
Preck submodel is infeasible, continue branching
General disjunction: No feasible solution found, use SCIP default branching rule
_____________________________________
Now starting branching with general disjunction
Current branching Node number: 577
LP objective value: 172400
Node lower bound: 172400
Node upper bound: 204750
gap to the primal bound: 2.34559
Preck submodel is infeasible, continue branching
General disjunction: No feasible solution found, use SCIP default branching rule
_____________________________________
Now starting branching with general disjunction
Current branching Node number: 578
LP objective value: 172400
Node lower bound: 172400
Node upper bound: 204750
gap to the primal bound: 2.34559
Preck submodel is infeasible, continue branching
General disjunction: Both Children are added
_____________________________________
Now starting branching with general disjunction
Current branching Node number: 580
LP objective value: 201200
Node lower bound: 201200
Node upper bound: 204750
gap to the primal bound: 2.34559
Preck submodel is infeasible, continue branching
General disjunction: No feasible solution found, use SCIP default branching rule
  759s|   300 |   274 | 20981 |  68.0 |    14M |  20 | 449 |1004 | 592 | 798 |  2 | 498 |1322 | 6.120000e+04 | 2.047500e+05 | 234.56%| unknown
_____________________________________
Now starting branching with general disjunction
Current branching Node number: 176
LP objective value: 61200
Node lower bound: 61200
Node upper bound: 204750
gap to the primal bound: 2.34559
Preck submodel is infeasible, continue branching
General disjunction: No feasible solution found, use SCIP default branching rule
_____________________________________
Now starting branching with general disjunction
Current branching Node number: 585
LP objective value: 153000
Node lower bound: 153000
Node upper bound: 204750
gap to the primal bound: 2.34559
Preck submodel is infeasible, continue branching
General disjunction: No feasible solution found, use SCIP default branching rule
_____________________________________
Now starting branching with general disjunction
Current branching Node number: 587
LP objective value: 175000
Node lower bound: 175000
Node upper bound: 204750
gap to the primal bound: 2.34559
Preck submodel is infeasible, continue branching
General disjunction: No feasible solution found, use SCIP default branching rule
_____________________________________
Now starting branching with general disjunction
Current branching Node number: 589
LP objective value: 175000
Node lower bound: 175000
Node upper bound: 204750
gap to the primal bound: 2.34559
Preck submodel is infeasible, continue branching
General disjunction: No feasible solution found, use SCIP default branching rule
_____________________________________
Now starting branching with general disjunction
Current branching Node number: 591
LP objective value: 175000
Node lower bound: 175000
Node upper bound: 204750
gap to the primal bound: 2.34559
Preck submodel is infeasible, continue branching
General disjunction: No feasible solution found, use SCIP default branching rule
_____________________________________
Now starting branching with general disjunction
Current branching Node number: 593
LP objective value: 175000
Node lower bound: 175000
Node upper bound: 204750
gap to the primal bound: 2.34559
Preck submodel is infeasible, continue branching
General disjunction: No feasible solution found, use SCIP default branching rule
_____________________________________
Now starting branching with general disjunction
Current branching Node number: 594
LP objective value: 175000
Node lower bound: 175000
Node upper bound: 204750
gap to the primal bound: 2.34559
Preck submodel is infeasible, continue branching
General disjunction: No feasible solution found, use SCIP default branching rule
_____________________________________
Now starting branching with general disjunction
Current branching Node number: 596
LP objective value: 175000
Node lower bound: 175000
Node upper bound: 204750
gap to the primal bound: 2.34559
Preck submodel is infeasible, continue branching
General disjunction: No feasible solution found, use SCIP default branching rule
_____________________________________
Now starting branching with general disjunction
Current branching Node number: 598
LP objective value: 175000
Node lower bound: 175000
Node upper bound: 204750
gap to the primal bound: 2.34559
Preck submodel is infeasible, continue branching
General disjunction: No feasible solution found, use SCIP default branching rule
_____________________________________
Now starting branching with general disjunction
Current branching Node number: 600
LP objective value: 175000
Node lower bound: 175000
Node upper bound: 204750
gap to the primal bound: 2.34559
Preck submodel is infeasible, continue branching
General disjunction: No feasible solution found, use SCIP default branching rule
_____________________________________
Now starting branching with general disjunction
Current branching Node number: 602
LP objective value: 175000
Node lower bound: 175000
Node upper bound: 204750
gap to the primal bound: 2.34559
Preck submodel is infeasible, continue branching
General disjunction: No feasible solution found, use SCIP default branching rule
_____________________________________
Now starting branching with general disjunction
Current branching Node number: 604
LP objective value: 175000
Node lower bound: 175000
Node upper bound: 204750
gap to the primal bound: 2.34559
Preck submodel is infeasible, continue branching
General disjunction: No feasible solution found, use SCIP default branching rule
_____________________________________
Now starting branching with general disjunction
Current branching Node number: 606
LP objective value: 175000
Node lower bound: 175000
Node upper bound: 204750
gap to the primal bound: 2.34559
Preck submodel is infeasible, continue branching
General disjunction: No feasible solution found, use SCIP default branching rule
_____________________________________
Now starting branching with general disjunction
Current branching Node number: 202
LP objective value: 61200
Node lower bound: 61200
Node upper bound: 204750
gap to the primal bound: 2.34559
Preck submodel is infeasible, continue branching
General disjunction: No feasible solution found, use SCIP default branching rule
_____________________________________
Now starting branching with general disjunction
Current branching Node number: 611
LP objective value: 153000
Node lower bound: 153000
Node upper bound: 204750
gap to the primal bound: 2.34559
Preck submodel is infeasible, continue branching
General disjunction: No feasible solution found, use SCIP default branching rule
_____________________________________
Now starting branching with general disjunction
Current branching Node number: 613
LP objective value: 153000
Node lower bound: 153000
Node upper bound: 204750
gap to the primal bound: 2.34559
Preck submodel is infeasible, continue branching
General disjunction: No feasible solution found, use SCIP default branching rule
_____________________________________
Now starting branching with general disjunction
Current branching Node number: 615
LP objective value: 153000
Node lower bound: 153000
Node upper bound: 204750
gap to the primal bound: 2.34559
Preck submodel is infeasible, continue branching
General disjunction: No feasible solution found, use SCIP default branching rule
_____________________________________
Now starting branching with general disjunction
Current branching Node number: 617
LP objective value: 153000
Node lower bound: 153000
Node upper bound: 204750
gap to the primal bound: 2.34559
Preck submodel is infeasible, continue branching
General disjunction: No feasible solution found, use SCIP default branching rule
_____________________________________
Now starting branching with general disjunction
Current branching Node number: 619
LP objective value: 153000
Node lower bound: 153000
Node upper bound: 204750
gap to the primal bound: 2.34559
Preck submodel is infeasible, continue branching
General disjunction: No feasible solution found, use SCIP default branching rule
_____________________________________
Now starting branching with general disjunction
Current branching Node number: 621
LP objective value: 153000
Node lower bound: 153000
Node upper bound: 204750
gap to the primal bound: 2.34559
Preck submodel is infeasible, continue branching
General disjunction: No feasible solution found, use SCIP default branching rule
_____________________________________
Now starting branching with general disjunction
Current branching Node number: 622
LP objective value: 153000
Node lower bound: 153000
Node upper bound: 204750
gap to the primal bound: 2.34559
Preck submodel is infeasible, continue branching
General disjunction: No feasible solution found, use SCIP default branching rule
_____________________________________
Now starting branching with general disjunction
Current branching Node number: 625
LP objective value: 153000
Node lower bound: 153000
Node upper bound: 204750
gap to the primal bound: 2.34559
Preck submodel is infeasible, continue branching
General disjunction: No feasible solution found, use SCIP default branching rule
_____________________________________
Now starting branching with general disjunction
Current branching Node number: 626
LP objective value: 153000
Node lower bound: 153000
Node upper bound: 204750
gap to the primal bound: 2.34559
Preck submodel is infeasible, continue branching
General disjunction: No feasible solution found, use SCIP default branching rule
_____________________________________
Now starting branching with general disjunction
Current branching Node number: 628
LP objective value: 153000
Node lower bound: 153000
Node upper bound: 204750
gap to the primal bound: 2.34559
Preck submodel is infeasible, continue branching
General disjunction: Both Children are added
_____________________________________
Now starting branching with general disjunction
Current branching Node number: 630
Relpscost reduced domain, skip general disjunction branching
_____________________________________
Now starting branching with general disjunction
Current branching Node number: 630
LP objective value: 156334
Node lower bound: 156334
Node upper bound: 204750
gap to the primal bound: 2.34559
Preck submodel is infeasible, continue branching
General disjunction: No feasible solution found, use SCIP default branching rule
_____________________________________
Now starting branching with general disjunction
Current branching Node number: 633
Relpscost reduced domain, skip general disjunction branching
_____________________________________
Now starting branching with general disjunction
Current branching Node number: 633
LP objective value: 204500
Node lower bound: 204500
Node upper bound: 204750
gap to the primal bound: 2.34559
Preck submodel is infeasible, continue branching
General disjunction: No feasible solution found, use SCIP default branching rule
_____________________________________
Now starting branching with general disjunction
Current branching Node number: 250
LP objective value: 61200
Node lower bound: 61200
Node upper bound: 204750
gap to the primal bound: 2.34559
Preck submodel is infeasible, continue branching
General disjunction: No feasible solution found, use SCIP default branching rule
_____________________________________
Now starting branching with general disjunction
Current branching Node number: 637
LP objective value: 153000
Node lower bound: 153000
Node upper bound: 204750
gap to the primal bound: 2.34559
Preck submodel is infeasible, continue branching
General disjunction: No feasible solution found, use SCIP default branching rule
_____________________________________
Now starting branching with general disjunction
Current branching Node number: 639
LP objective value: 175000
Node lower bound: 175000
Node upper bound: 204750
gap to the primal bound: 2.34559
Preck submodel is infeasible, continue branching
General disjunction: No feasible solution found, use SCIP default branching rule
_____________________________________
Now starting branching with general disjunction
Current branching Node number: 641
LP objective value: 175000
Node lower bound: 175000
Node upper bound: 204750
gap to the primal bound: 2.34559
Preck submodel is infeasible, continue branching
General disjunction: No feasible solution found, use SCIP default branching rule
_____________________________________
Now starting branching with general disjunction
Current branching Node number: 643
LP objective value: 175000
Node lower bound: 175000
Node upper bound: 204750
gap to the primal bound: 2.34559
Preck submodel is infeasible, continue branching
General disjunction: No feasible solution found, use SCIP default branching rule
_____________________________________
Now starting branching with general disjunction
Current branching Node number: 645
LP objective value: 175000
Node lower bound: 175000
Node upper bound: 204750
gap to the primal bound: 2.34559
Preck submodel is infeasible, continue branching
General disjunction: No feasible solution found, use SCIP default branching rule
_____________________________________
Now starting branching with general disjunction
Current branching Node number: 646
LP objective value: 175000
Node lower bound: 175000
Node upper bound: 204750
gap to the primal bound: 2.34559
Preck submodel is infeasible, continue branching
General disjunction: No feasible solution found, use SCIP default branching rule
_____________________________________
Now starting branching with general disjunction
Current branching Node number: 648
LP objective value: 175000
Node lower bound: 175000
Node upper bound: 204750
gap to the primal bound: 2.34559
Preck submodel is infeasible, continue branching
General disjunction: No feasible solution found, use SCIP default branching rule
_____________________________________
Now starting branching with general disjunction
Current branching Node number: 650
LP objective value: 175000
Node lower bound: 175000
Node upper bound: 204750
gap to the primal bound: 2.34559
Preck submodel is infeasible, continue branching
General disjunction: No feasible solution found, use SCIP default branching rule
_____________________________________
Now starting branching with general disjunction
Current branching Node number: 652
LP objective value: 175000
Node lower bound: 175000
Node upper bound: 204750
gap to the primal bound: 2.34559
Preck submodel is infeasible, continue branching
General disjunction: Both Children are added
_____________________________________
Now starting branching with general disjunction
Current branching Node number: 654
Relpscost reduced domain, skip general disjunction branching
_____________________________________
Now starting branching with general disjunction
Current branching Node number: 654
Relpscost reduced domain, skip general disjunction branching
_____________________________________
Now starting branching with general disjunction
Current branching Node number: 654
LP objective value: 187667
Node lower bound: 187667
Node upper bound: 204750
gap to the primal bound: 2.34559
Preck submodel is infeasible, continue branching
General disjunction: No feasible solution found, use SCIP default branching rule
_____________________________________
Now starting branching with general disjunction
Current branching Node number: 657
LP objective value: 187667
Node lower bound: 187667
Node upper bound: 204750
gap to the primal bound: 2.34559
Preck submodel is infeasible, continue branching
General disjunction: No feasible solution found, use SCIP default branching rule
_____________________________________
Now starting branching with general disjunction
Current branching Node number: 204
LP objective value: 76500
Node lower bound: 76500
Node upper bound: 204750
gap to the primal bound: 2.34559
Preck submodel is infeasible, continue branching
General disjunction: No feasible solution found, use SCIP default branching rule
_____________________________________
Now starting branching with general disjunction
Current branching Node number: 661
LP objective value: 153000
Node lower bound: 153000
Node upper bound: 204750
gap to the primal bound: 2.34559
Preck submodel is infeasible, continue branching
General disjunction: No feasible solution found, use SCIP default branching rule
_____________________________________
Now starting branching with general disjunction
Current branching Node number: 663
LP objective value: 153000
Node lower bound: 153000
Node upper bound: 204750
gap to the primal bound: 2.34559
Preck submodel is infeasible, continue branching
General disjunction: No feasible solution found, use SCIP default branching rule
_____________________________________
Now starting branching with general disjunction
Current branching Node number: 665
LP objective value: 153000
Node lower bound: 153000
Node upper bound: 204750
gap to the primal bound: 2.34559
Preck submodel is infeasible, continue branching
General disjunction: No feasible solution found, use SCIP default branching rule
_____________________________________
Now starting branching with general disjunction
Current branching Node number: 667
LP objective value: 153000
Node lower bound: 153000
Node upper bound: 204750
gap to the primal bound: 2.34559
Preck submodel is infeasible, continue branching
General disjunction: No feasible solution found, use SCIP default branching rule
_____________________________________
Now starting branching with general disjunction
Current branching Node number: 669
LP objective value: 153000
Node lower bound: 153000
Node upper bound: 204750
gap to the primal bound: 2.34559
Preck submodel is infeasible, continue branching
General disjunction: No feasible solution found, use SCIP default branching rule
_____________________________________
Now starting branching with general disjunction
Current branching Node number: 670
LP objective value: 153000
Node lower bound: 153000
Node upper bound: 204750
gap to the primal bound: 2.34559
Preck submodel is infeasible, continue branching
General disjunction: Both Children are added
_____________________________________
Now starting branching with general disjunction
Current branching Node number: 672
LP objective value: 169000
Node lower bound: 169000
Node upper bound: 204750
gap to the primal bound: 2.34559
Preck submodel is infeasible, continue branching
General disjunction: No feasible solution found, use SCIP default branching rule
_____________________________________
Now starting branching with general disjunction
Current branching Node number: 674
LP objective value: 169000
Node lower bound: 169000
Node upper bound: 204750
gap to the primal bound: 2.34559
Preck submodel is infeasible, continue branching
General disjunction: No feasible solution found, use SCIP default branching rule
_____________________________________
Now starting branching with general disjunction
Current branching Node number: 676
LP objective value: 169000
Node lower bound: 169000
Node upper bound: 204750
gap to the primal bound: 2.34559
Preck submodel is infeasible, continue branching
General disjunction: No feasible solution found, use SCIP default branching rule
_____________________________________
Now starting branching with general disjunction
Current branching Node number: 678
LP objective value: 169000
Node lower bound: 169000
Node upper bound: 204750
gap to the primal bound: 2.34559
Preck submodel is infeasible, continue branching
General disjunction: No feasible solution found, use SCIP default branching rule
_____________________________________
Now starting branching with general disjunction
Current branching Node number: 680
LP objective value: 169000
Node lower bound: 169000
Node upper bound: 204750
gap to the primal bound: 2.34559
Preck submodel is infeasible, continue branching
General disjunction: No feasible solution found, use SCIP default branching rule
_____________________________________
Now starting branching with general disjunction
Current branching Node number: 683
LP objective value: 169000
Node lower bound: 169000
Node upper bound: 204750
gap to the primal bound: 2.34559
Preck submodel is infeasible, continue branching
General disjunction: No feasible solution found, use SCIP default branching rule
d 882s|   353 |   308 | 23082 |  63.7 |adaptive|  20 | 449 |1038 | 593 |   0 |  1 | 562 |1432 | 6.120000e+04 | 1.990000e+05 | 225.16%|   5.73%
_____________________________________
Now starting branching with general disjunction
Current branching Node number: 414
LP objective value: 76500
Node lower bound: 76500
Node upper bound: 199000
gap to the primal bound: 2.25163
Preck submodel is infeasible, continue branching
General disjunction: No feasible solution found, use SCIP default branching rule
_____________________________________
Now starting branching with general disjunction
Current branching Node number: 687
LP objective value: 153000
Node lower bound: 153000
Node upper bound: 199000
gap to the primal bound: 2.25163
Preck submodel is infeasible, continue branching
General disjunction: No feasible solution found, use SCIP default branching rule
_____________________________________
Now starting branching with general disjunction
Current branching Node number: 689
LP objective value: 164250
Node lower bound: 164250
Node upper bound: 199000
gap to the primal bound: 2.25163
Preck submodel is infeasible, continue branching
General disjunction: No feasible solution found, use SCIP default branching rule
_____________________________________
Now starting branching with general disjunction
Current branching Node number: 690
LP objective value: 164250
Node lower bound: 164250
Node upper bound: 199000
gap to the primal bound: 2.25163
Preck submodel is infeasible, continue branching
General disjunction: No feasible solution found, use SCIP default branching rule
_____________________________________
Now starting branching with general disjunction
Current branching Node number: 692
LP objective value: 164250
Node lower bound: 164250
Node upper bound: 199000
gap to the primal bound: 2.25163
Preck submodel is infeasible, continue branching
General disjunction: No feasible solution found, use SCIP default branching rule
_____________________________________
Now starting branching with general disjunction
Current branching Node number: 694
LP objective value: 164250
Node lower bound: 164250
Node upper bound: 199000
gap to the primal bound: 2.25163
Preck submodel is infeasible, continue branching
General disjunction: No feasible solution found, use SCIP default branching rule
_____________________________________
Now starting branching with general disjunction
Current branching Node number: 696
LP objective value: 164250
Node lower bound: 164250
Node upper bound: 199000
gap to the primal bound: 2.25163
Preck submodel is infeasible, continue branching
General disjunction: No feasible solution found, use SCIP default branching rule
_____________________________________
Now starting branching with general disjunction
Current branching Node number: 698
LP objective value: 164250
Node lower bound: 164250
Node upper bound: 199000
gap to the primal bound: 2.25163
Preck submodel is infeasible, continue branching
General disjunction: No feasible solution found, use SCIP default branching rule
_____________________________________
Now starting branching with general disjunction
Current branching Node number: 700
LP objective value: 164250
Node lower bound: 164250
Node upper bound: 199000
gap to the primal bound: 2.25163
Preck submodel is infeasible, continue branching
General disjunction: No feasible solution found, use SCIP default branching rule
_____________________________________
Now starting branching with general disjunction
Current branching Node number: 702
LP objective value: 164250
Node lower bound: 164250
Node upper bound: 199000
gap to the primal bound: 2.25163
Preck submodel is infeasible, continue branching
General disjunction: No feasible solution found, use SCIP default branching rule
_____________________________________
Now starting branching with general disjunction
Current branching Node number: 704
LP objective value: 164250
Node lower bound: 164250
Node upper bound: 199000
gap to the primal bound: 2.25163
Preck submodel is infeasible, continue branching
General disjunction: No feasible solution found, use SCIP default branching rule
_____________________________________
Now starting branching with general disjunction
Current branching Node number: 707
LP objective value: 164250
Node lower bound: 164250
Node upper bound: 199000
gap to the primal bound: 2.25163
Preck submodel is infeasible, continue branching
General disjunction: No feasible solution found, use SCIP default branching rule
_____________________________________
Now starting branching with general disjunction
Current branching Node number: 709
LP objective value: 164250
Node lower bound: 164250
Node upper bound: 199000
gap to the primal bound: 2.25163
Preck submodel is infeasible, continue branching
General disjunction: Both Children are added
_____________________________________
Now starting branching with general disjunction
Current branching Node number: 392
LP objective value: 102000
Node lower bound: 153000
Node upper bound: 199000
gap to the primal bound: 2.25163
Preck submodel is infeasible, continue branching
General disjunction: No feasible solution found, use SCIP default branching rule
_____________________________________
Now starting branching with general disjunction
Current branching Node number: 712
LP objective value: 153000
Node lower bound: 153000
Node upper bound: 199000
gap to the primal bound: 2.25163
Preck submodel is infeasible, continue branching
General disjunction: No feasible solution found, use SCIP default branching rule
(node 369) solution of LP 971 not optimal (pfeas=0, dfeas=1) -- solving again with tighter feasibility tolerance
(node 369) solution of LP 971 not optimal (pfeas=0, dfeas=1) -- solving again from scratch
(node 369) numerical troubles in LP 972 -- unresolved
(node 369) unresolved numerical troubles in LP 972 -- using pseudo solution instead (loop 1)
_____________________________________
Now starting branching with general disjunction
Current branching Node number: 717
LP objective value: 153000
Node lower bound: 153000
Node upper bound: 199000
gap to the primal bound: 2.25163
Preck submodel is infeasible, continue branching
General disjunction: No feasible solution found, use SCIP default branching rule
_____________________________________
Now starting branching with general disjunction
Current branching Node number: 719
(node 371) solution of LP 974 not optimal (pfeas=0, dfeas=1) -- solving again with tighter feasibility tolerance
(node 371) solution of LP 974 not optimal (pfeas=0, dfeas=1) -- solving again from scratch
LP objective value: 153000
Node lower bound: 153000
Node upper bound: 199000
gap to the primal bound: 2.25163
Preck submodel is infeasible, continue branching
General disjunction: No feasible solution found, use SCIP default branching rule
_____________________________________
Now starting branching with general disjunction
Current branching Node number: 720
LP objective value: 153000
Node lower bound: 153000
Node upper bound: 199000
gap to the primal bound: 2.25163
Preck submodel is infeasible, continue branching
General disjunction: No feasible solution found, use SCIP default branching rule
_____________________________________
Now starting branching with general disjunction
Current branching Node number: 723
LP objective value: 153000
Node lower bound: 153000
Node upper bound: 199000
gap to the primal bound: 2.25163
Preck submodel is infeasible, continue branching
General disjunction: No feasible solution found, use SCIP default branching rule
_____________________________________
Now starting branching with general disjunction
Current branching Node number: 725
LP objective value: 184000
Node lower bound: 184000
Node upper bound: 199000
gap to the primal bound: 2.25163
Preck submodel is infeasible, continue branching
General disjunction: No feasible solution found, use SCIP default branching rule
_____________________________________
Now starting branching with general disjunction
Current branching Node number: 726
LP objective value: 184000
Node lower bound: 184000
Node upper bound: 199000
gap to the primal bound: 2.25163
Preck submodel is infeasible, continue branching
General disjunction: No feasible solution found, use SCIP default branching rule
_____________________________________
Now starting branching with general disjunction
Current branching Node number: 729
Relpscost reduced domain, skip general disjunction branching
_____________________________________
Now starting branching with general disjunction
Current branching Node number: 729
LP objective value: 195250
Node lower bound: 195250
Node upper bound: 199000
gap to the primal bound: 2.25163
Preck submodel is infeasible, continue branching
General disjunction: No feasible solution found, use SCIP default branching rule
_____________________________________
Now starting branching with general disjunction
Current branching Node number: 730
LP objective value: 195250
Node lower bound: 195250
Node upper bound: 199000
gap to the primal bound: 2.25163
Preck submodel is infeasible, continue branching
General disjunction: No feasible solution found, use SCIP default branching rule
_____________________________________
Now starting branching with general disjunction
Current branching Node number: 733
LP objective value: 195250
Node lower bound: 195250
Node upper bound: 199000
gap to the primal bound: 2.25163
Preck submodel is infeasible, continue branching
General disjunction: No feasible solution found, use SCIP default branching rule
_____________________________________
Now starting branching with general disjunction
Current branching Node number: 734
Relpscost reduced domain, skip general disjunction branching
_____________________________________
Now starting branching with general disjunction
Current branching Node number: 734
Relpscost reduced domain, skip general disjunction branching
_____________________________________
Now starting branching with general disjunction
Current branching Node number: 248
LP objective value: 76500
Node lower bound: 76500
Node upper bound: 199000
gap to the primal bound: 2.25163
Preck submodel is infeasible, continue branching
General disjunction: No feasible solution found, use SCIP default branching rule
_____________________________________
Now starting branching with general disjunction
Current branching Node number: 737
LP objective value: 76500
Node lower bound: 76500
Node upper bound: 199000
gap to the primal bound: 2.25163
Preck submodel is infeasible, continue branching
General disjunction: No feasible solution found, use SCIP default branching rule
_____________________________________
Now starting branching with general disjunction
Current branching Node number: 739
LP objective value: 153000
Node lower bound: 153000
Node upper bound: 199000
gap to the primal bound: 2.25163
Preck submodel is infeasible, continue branching
General disjunction: No feasible solution found, use SCIP default branching rule
_____________________________________
Now starting branching with general disjunction
Current branching Node number: 741
LP objective value: 153000
Node lower bound: 153000
Node upper bound: 199000
gap to the primal bound: 2.25163
Preck submodel is infeasible, continue branching
General disjunction: No feasible solution found, use SCIP default branching rule
_____________________________________
Now starting branching with general disjunction
Current branching Node number: 743
LP objective value: 153000
Node lower bound: 153000
Node upper bound: 199000
gap to the primal bound: 2.25163
Preck submodel is infeasible, continue branching
General disjunction: No feasible solution found, use SCIP default branching rule
_____________________________________
Now starting branching with general disjunction
Current branching Node number: 745
LP objective value: 153000
Node lower bound: 153000
Node upper bound: 199000
gap to the primal bound: 2.25163
Preck submodel is infeasible, continue branching
General disjunction: No feasible solution found, use SCIP default branching rule
_____________________________________
Now starting branching with general disjunction
Current branching Node number: 747
LP objective value: 161200
Node lower bound: 161200
Node upper bound: 199000
gap to the primal bound: 2.25163
Preck submodel is infeasible, continue branching
General disjunction: No feasible solution found, use SCIP default branching rule
_____________________________________
Now starting branching with general disjunction
Current branching Node number: 748
(node 387) proof of infeasible LP 996 not valid -- solving again with tighter dual feasibility tolerance
LP objective value: 161200
Node lower bound: 161200
Node upper bound: 199000
gap to the primal bound: 2.25163
Preck submodel is infeasible, continue branching
General disjunction: No feasible solution found, use SCIP default branching rule
_____________________________________
Now starting branching with general disjunction
Current branching Node number: 750
LP objective value: 161200
Node lower bound: 161200
Node upper bound: 199000
gap to the primal bound: 2.25163
Preck submodel is infeasible, continue branching
General disjunction: No feasible solution found, use SCIP default branching rule
_____________________________________
Now starting branching with general disjunction
Current branching Node number: 752
LP objective value: 161200
Node lower bound: 161200
Node upper bound: 199000
gap to the primal bound: 2.25163
Preck submodel is infeasible, continue branching
General disjunction: Both Children are added
_____________________________________
Now starting branching with general disjunction
Current branching Node number: 754
LP objective value: 177000
Node lower bound: 177000
Node upper bound: 199000
gap to the primal bound: 2.25163
Preck submodel is infeasible, continue branching
General disjunction: No feasible solution found, use SCIP default branching rule
_____________________________________
Now starting branching with general disjunction
Current branching Node number: 756
LP objective value: 177000
Node lower bound: 177000
Node upper bound: 199000
gap to the primal bound: 2.25163
Preck submodel is infeasible, continue branching
General disjunction: No feasible solution found, use SCIP default branching rule
_____________________________________
Now starting branching with general disjunction
Current branching Node number: 759
LP objective value: 184375
Node lower bound: 184375
Node upper bound: 199000
gap to the primal bound: 2.25163
Preck submodel is infeasible, continue branching
General disjunction: No feasible solution found, use SCIP default branching rule
_____________________________________
Now starting branching with general disjunction
Current branching Node number: 584
LP objective value: 76500
Node lower bound: 76500
Node upper bound: 199000
gap to the primal bound: 2.25163
Preck submodel is infeasible, continue branching
General disjunction: No feasible solution found, use SCIP default branching rule
_____________________________________
Now starting branching with general disjunction
Current branching Node number: 763
LP objective value: 153000
Node lower bound: 153000
Node upper bound: 199000
gap to the primal bound: 2.25163
Preck submodel is infeasible, continue branching
General disjunction: No feasible solution found, use SCIP default branching rule
_____________________________________
Now starting branching with general disjunction
Current branching Node number: 765
LP objective value: 175000
Node lower bound: 175000
Node upper bound: 199000
gap to the primal bound: 2.25163
Preck submodel is infeasible, continue branching
General disjunction: No feasible solution found, use SCIP default branching rule
_____________________________________
Now starting branching with general disjunction
Current branching Node number: 767
LP objective value: 175000
Node lower bound: 175000
Node upper bound: 199000
gap to the primal bound: 2.25163
Preck submodel is infeasible, continue branching
General disjunction: No feasible solution found, use SCIP default branching rule
_____________________________________
Now starting branching with general disjunction
Current branching Node number: 768
LP objective value: 175000
Node lower bound: 175000
Node upper bound: 199000
gap to the primal bound: 2.25163
Preck submodel is infeasible, continue branching
General disjunction: No feasible solution found, use SCIP default branching rule
_____________________________________
Now starting branching with general disjunction
Current branching Node number: 770
LP objective value: 175000
Node lower bound: 175000
Node upper bound: 199000
gap to the primal bound: 2.25163
Preck submodel is infeasible, continue branching
General disjunction: No feasible solution found, use SCIP default branching rule
_____________________________________
Now starting branching with general disjunction
Current branching Node number: 772
LP objective value: 175000
Node lower bound: 175000
Node upper bound: 199000
gap to the primal bound: 2.25163
Preck submodel is infeasible, continue branching
General disjunction: No feasible solution found, use SCIP default branching rule
_____________________________________
Now starting branching with general disjunction
Current branching Node number: 775
(node 400) solution of LP 1056 not optimal (pfeas=0, dfeas=1) -- solving again with tighter feasibility tolerance
(node 400) solution of LP 1056 not optimal (pfeas=0, dfeas=1) -- solving again from scratch
LP objective value: 175000
Node lower bound: 175000
Node upper bound: 199000
gap to the primal bound: 2.25163
Preck submodel is infeasible, continue branching
General disjunction: No feasible solution found, use SCIP default branching rule
 1003s|   400 |   353 | 27899 |  68.3 |    15M |  20 | 449 |1050 | 594 |1036 |  1 | 584 |1516 | 6.120000e+04 | 1.990000e+05 | 225.16%|   6.38%
_____________________________________
Now starting branching with general disjunction
Current branching Node number: 776
LP objective value: 175000
Node lower bound: 175000
Node upper bound: 199000
gap to the primal bound: 2.25163
Preck submodel is infeasible, continue branching
General disjunction: No feasible solution found, use SCIP default branching rule
_____________________________________
Now starting branching with general disjunction
Current branching Node number: 779
LP objective value: 175000
Node lower bound: 175000
Node upper bound: 199000
gap to the primal bound: 2.25163
Preck submodel is infeasible, continue branching
General disjunction: No feasible solution found, use SCIP default branching rule
_____________________________________
Now starting branching with general disjunction
Current branching Node number: 781
LP objective value: 175000
Node lower bound: 175000
Node upper bound: 199000
gap to the primal bound: 2.25163
Preck submodel is infeasible, continue branching
General disjunction: No feasible solution found, use SCIP default branching rule
_____________________________________
Now starting branching with general disjunction
Current branching Node number: 783
LP objective value: 175000
Node lower bound: 175000
Node upper bound: 199000
gap to the primal bound: 2.25163
Preck submodel is infeasible, continue branching
General disjunction: Both Children are added
_____________________________________
Now starting branching with general disjunction
Current branching Node number: 784
Relpscost reduced domain, skip general disjunction branching
_____________________________________
Now starting branching with general disjunction
Current branching Node number: 784
LP objective value: 186526
Node lower bound: 186526
Node upper bound: 199000
gap to the primal bound: 2.25163
Preck submodel is infeasible, continue branching
General disjunction: No feasible solution found, use SCIP default branching rule
_____________________________________
Now starting branching with general disjunction
Current branching Node number: 762
LP objective value: 102000
Node lower bound: 153000
Node upper bound: 199000
gap to the primal bound: 2.25163
Preck submodel is infeasible, continue branching
General disjunction: No feasible solution found, use SCIP default branching rule
_____________________________________
Now starting branching with general disjunction
Current branching Node number: 788
LP objective value: 153000
Node lower bound: 153000
Node upper bound: 199000
gap to the primal bound: 2.25163
Preck submodel is infeasible, continue branching
General disjunction: No feasible solution found, use SCIP default branching rule
_____________________________________
Now starting branching with general disjunction
Current branching Node number: 791
LP objective value: 175000
Node lower bound: 175000
Node upper bound: 199000
gap to the primal bound: 2.25163
Preck submodel is infeasible, continue branching
General disjunction: No feasible solution found, use SCIP default branching rule
_____________________________________
Now starting branching with general disjunction
Current branching Node number: 792
LP objective value: 175000
Node lower bound: 175000
Node upper bound: 199000
gap to the primal bound: 2.25163
Preck submodel is infeasible, continue branching
General disjunction: No feasible solution found, use SCIP default branching rule
_____________________________________
Now starting branching with general disjunction
Current branching Node number: 794
LP objective value: 175000
Node lower bound: 175000
Node upper bound: 199000
gap to the primal bound: 2.25163
Preck submodel is infeasible, continue branching
General disjunction: No feasible solution found, use SCIP default branching rule
_____________________________________
Now starting branching with general disjunction
Current branching Node number: 797
LP objective value: 175000
Node lower bound: 175000
Node upper bound: 199000
gap to the primal bound: 2.25163
Preck submodel is infeasible, continue branching
General disjunction: No feasible solution found, use SCIP default branching rule
_____________________________________
Now starting branching with general disjunction
Current branching Node number: 799
LP objective value: 175000
Node lower bound: 175000
Node upper bound: 199000
gap to the primal bound: 2.25163
Preck submodel is infeasible, continue branching
General disjunction: No feasible solution found, use SCIP default branching rule
_____________________________________
Now starting branching with general disjunction
Current branching Node number: 801
LP objective value: 175000
Node lower bound: 175000
Node upper bound: 199000
gap to the primal bound: 2.25163
Preck submodel is infeasible, continue branching
General disjunction: No feasible solution found, use SCIP default branching rule
_____________________________________
Now starting branching with general disjunction
Current branching Node number: 803
LP objective value: 175000
Node lower bound: 175000
Node upper bound: 199000
gap to the primal bound: 2.25163
Preck submodel is infeasible, continue branching
General disjunction: No feasible solution found, use SCIP default branching rule
_____________________________________
Now starting branching with general disjunction
Current branching Node number: 805
LP objective value: 175000
Node lower bound: 175000
Node upper bound: 199000
gap to the primal bound: 2.25163
Preck submodel is infeasible, continue branching
General disjunction: No feasible solution found, use SCIP default branching rule
_____________________________________
Now starting branching with general disjunction
Current branching Node number: 806
(node 416) solution of LP 1104 not optimal (pfeas=0, dfeas=1) -- solving again with tighter feasibility tolerance
(node 416) solution of LP 1104 not optimal (pfeas=0, dfeas=1) -- solving again from scratch
(node 416) solution of LP 1104 not optimal (pfeas=0, dfeas=1) -- solving again with tighter feasibility tolerance
(node 416) solution of LP 1104 not optimal (pfeas=0, dfeas=1) -- solving again from scratch
LP objective value: 175000
Node lower bound: 175000
Node upper bound: 199000
gap to the primal bound: 2.25163
Preck submodel is infeasible, continue branching
General disjunction: No feasible solution found, use SCIP default branching rule
_____________________________________
Now starting branching with general disjunction
Current branching Node number: 808
LP objective value: 175000
Node lower bound: 175000
Node upper bound: 199000
gap to the primal bound: 2.25163
Preck submodel is infeasible, continue branching
General disjunction: No feasible solution found, use SCIP default branching rule
_____________________________________
Now starting branching with general disjunction
Current branching Node number: 810
LP objective value: 175000
Node lower bound: 175000
Node upper bound: 199000
gap to the primal bound: 2.25163
Preck submodel is infeasible, continue branching
General disjunction: No feasible solution found, use SCIP default branching rule
_____________________________________
Now starting branching with general disjunction
Current branching Node number: 132
LP objective value: 126000
Node lower bound: 153000
Node upper bound: 199000
gap to the primal bound: 2.25163
Preck submodel is infeasible, continue branching
General disjunction: No feasible solution found, use SCIP default branching rule
_____________________________________
Now starting branching with general disjunction
Current branching Node number: 814
LP objective value: 153000
Node lower bound: 153000
Node upper bound: 199000
gap to the primal bound: 2.25163
Preck submodel is infeasible, continue branching
General disjunction: No feasible solution found, use SCIP default branching rule
_____________________________________
Now starting branching with general disjunction
Current branching Node number: 817
LP objective value: 153000
Node lower bound: 153000
Node upper bound: 199000
gap to the primal bound: 2.25163
Preck submodel is infeasible, continue branching
General disjunction: No feasible solution found, use SCIP default branching rule
_____________________________________
Now starting branching with general disjunction
Current branching Node number: 819
Relpscost reduced domain, skip general disjunction branching
_____________________________________
Now starting branching with general disjunction
Current branching Node number: 819
LP objective value: 175667
Node lower bound: 175667
Node upper bound: 199000
gap to the primal bound: 2.25163
Preck submodel is infeasible, continue branching
General disjunction: No feasible solution found, use SCIP default branching rule
_____________________________________
Now starting branching with general disjunction
Current branching Node number: 821
LP objective value: 175667
Node lower bound: 175667
Node upper bound: 199000
gap to the primal bound: 2.25163
Preck submodel is infeasible, continue branching
(node 423) solution of LP 1117 not optimal (pfeas=0, dfeas=1) -- solving again with tighter feasibility tolerance
(node 423) solution of LP 1117 not optimal (pfeas=0, dfeas=1) -- solving again from scratch
General disjunction: No feasible solution found, use SCIP default branching rule
_____________________________________
Now starting branching with general disjunction
Current branching Node number: 822
LP objective value: 175667
Node lower bound: 175667
Node upper bound: 199000
gap to the primal bound: 2.25163
Preck submodel is infeasible, continue branching
General disjunction: No feasible solution found, use SCIP default branching rule
_____________________________________
Now starting branching with general disjunction
Current branching Node number: 824
LP objective value: 175667
Node lower bound: 175667
Node upper bound: 199000
gap to the primal bound: 2.25163
Preck submodel is infeasible, continue branching
General disjunction: No feasible solution found, use SCIP default branching rule
_____________________________________
Now starting branching with general disjunction
Current branching Node number: 826
Relpscost reduced domain, skip general disjunction branching
_____________________________________
Now starting branching with general disjunction
Current branching Node number: 480
LP objective value: 102000
Node lower bound: 102000
Node upper bound: 199000
gap to the primal bound: 2.25163
Preck submodel is infeasible, continue branching
General disjunction: No feasible solution found, use SCIP default branching rule
_____________________________________
Now starting branching with general disjunction
Current branching Node number: 828
LP objective value: 153000
Node lower bound: 153000
Node upper bound: 199000
gap to the primal bound: 2.25163
Preck submodel is infeasible, continue branching
General disjunction: No feasible solution found, use SCIP default branching rule
_____________________________________
Now starting branching with general disjunction
Current branching Node number: 831
LP objective value: 153000
Node lower bound: 153000
Node upper bound: 199000
gap to the primal bound: 2.25163
Preck submodel is infeasible, continue branching
General disjunction: No feasible solution found, use SCIP default branching rule
_____________________________________
Now starting branching with general disjunction
Current branching Node number: 833
LP objective value: 153000
Node lower bound: 153000
Node upper bound: 199000
gap to the primal bound: 2.25163
Preck submodel is infeasible, continue branching
General disjunction: No feasible solution found, use SCIP default branching rule
_____________________________________
Now starting branching with general disjunction
Current branching Node number: 835
LP objective value: 153000
Node lower bound: 153000
Node upper bound: 199000
gap to the primal bound: 2.25163
Preck submodel is infeasible, continue branching
General disjunction: No feasible solution found, use SCIP default branching rule
_____________________________________
Now starting branching with general disjunction
Current branching Node number: 837
LP objective value: 175667
Node lower bound: 175667
Node upper bound: 199000
gap to the primal bound: 2.25163
Preck submodel is infeasible, continue branching
General disjunction: No feasible solution found, use SCIP default branching rule
_____________________________________
Now starting branching with general disjunction
Current branching Node number: 838
LP objective value: 175667
Node lower bound: 175667
Node upper bound: 199000
gap to the primal bound: 2.25163
Preck submodel is infeasible, continue branching
General disjunction: No feasible solution found, use SCIP default branching rule
_____________________________________
Now starting branching with general disjunction
Current branching Node number: 841
LP objective value: 175667
Node lower bound: 175667
Node upper bound: 199000
gap to the primal bound: 2.25163
Preck submodel is infeasible, continue branching
General disjunction: No feasible solution found, use SCIP default branching rule
_____________________________________
Now starting branching with general disjunction
Current branching Node number: 843
LP objective value: 175667
Node lower bound: 175667
Node upper bound: 199000
gap to the primal bound: 2.25163
Preck submodel is infeasible, continue branching
General disjunction: No feasible solution found, use SCIP default branching rule
_____________________________________
Now starting branching with general disjunction
Current branching Node number: 844
LP objective value: 175667
Node lower bound: 175667
Node upper bound: 199000
gap to the primal bound: 2.25163
Preck submodel is infeasible, continue branching
General disjunction: No feasible solution found, use SCIP default branching rule
_____________________________________
Now starting branching with general disjunction
Current branching Node number: 846
LP objective value: 175667
Node lower bound: 175667
Node upper bound: 199000
gap to the primal bound: 2.25163
Preck submodel is infeasible, continue branching
General disjunction: No feasible solution found, use SCIP default branching rule
_____________________________________
Now starting branching with general disjunction
Current branching Node number: 848
LP objective value: 175667
Node lower bound: 175667
Node upper bound: 199000
gap to the primal bound: 2.25163
Preck submodel is infeasible, continue branching
General disjunction: No feasible solution found, use SCIP default branching rule
_____________________________________
Now starting branching with general disjunction
Current branching Node number: 850
LP objective value: 175667
Node lower bound: 175667
Node upper bound: 199000
gap to the primal bound: 2.25163
Preck submodel is infeasible, continue branching
General disjunction: No feasible solution found, use SCIP default branching rule
_____________________________________
Now starting branching with general disjunction
Current branching Node number: 558
LP objective value: 76500
Node lower bound: 76500
Node upper bound: 199000
gap to the primal bound: 2.25163
Preck submodel is infeasible, continue branching
General disjunction: No feasible solution found, use SCIP default branching rule
_____________________________________
Now starting branching with general disjunction
Current branching Node number: 855
LP objective value: 153000
Node lower bound: 153000
Node upper bound: 199000
gap to the primal bound: 2.25163
Preck submodel is infeasible, continue branching
General disjunction: No feasible solution found, use SCIP default branching rule
_____________________________________
Now starting branching with general disjunction
Current branching Node number: 857
LP objective value: 164250
Node lower bound: 164250
Node upper bound: 199000
gap to the primal bound: 2.25163
Preck submodel is infeasible, continue branching
General disjunction: No feasible solution found, use SCIP default branching rule
_____________________________________
Now starting branching with general disjunction
Current branching Node number: 859
LP objective value: 164250
Node lower bound: 164250
Node upper bound: 199000
gap to the primal bound: 2.25163
Preck submodel is infeasible, continue branching
General disjunction: No feasible solution found, use SCIP default branching rule
_____________________________________
Now starting branching with general disjunction
Current branching Node number: 860
LP objective value: 164250
Node lower bound: 164250
Node upper bound: 199000
gap to the primal bound: 2.25163
Preck submodel is infeasible, continue branching
General disjunction: No feasible solution found, use SCIP default branching rule
_____________________________________
Now starting branching with general disjunction
Current branching Node number: 863
LP objective value: 172400
Node lower bound: 172400
Node upper bound: 199000
gap to the primal bound: 2.25163
Preck submodel is infeasible, continue branching
General disjunction: No feasible solution found, use SCIP default branching rule
_____________________________________
Now starting branching with general disjunction
Current branching Node number: 864
LP objective value: 172400
Node lower bound: 172400
Node upper bound: 199000
gap to the primal bound: 2.25163
Preck submodel is infeasible, continue branching
General disjunction: No feasible solution found, use SCIP default branching rule
_____________________________________
Now starting branching with general disjunction
Current branching Node number: 866
LP objective value: 172400
Node lower bound: 172400
Node upper bound: 199000
gap to the primal bound: 2.25163
Preck submodel is infeasible, continue branching
General disjunction: No feasible solution found, use SCIP default branching rule
_____________________________________
Now starting branching with general disjunction
Current branching Node number: 868
LP objective value: 172400
Node lower bound: 172400
Node upper bound: 199000
gap to the primal bound: 2.25163
Preck submodel is infeasible, continue branching
General disjunction: Both Children are added
_____________________________________
Now starting branching with general disjunction
Current branching Node number: 870
LP objective value: 180600
Node lower bound: 180600
Node upper bound: 199000
gap to the primal bound: 2.25163
Preck submodel is infeasible, continue branching
General disjunction: No feasible solution found, use SCIP default branching rule
_____________________________________
Now starting branching with general disjunction
Current branching Node number: 873
LP objective value: 195625
Node lower bound: 195625
Node upper bound: 199000
gap to the primal bound: 2.25163
Preck submodel is infeasible, continue branching
General disjunction: No feasible solution found, use SCIP default branching rule
_____________________________________
Now starting branching with general disjunction
Current branching Node number: 854
LP objective value: 102000
Node lower bound: 102000
Node upper bound: 199000
gap to the primal bound: 2.25163
Preck submodel is infeasible, continue branching
General disjunction: No feasible solution found, use SCIP default branching rule
_____________________________________
Now starting branching with general disjunction
Current branching Node number: 876
LP objective value: 153000
Node lower bound: 153000
Node upper bound: 199000
gap to the primal bound: 2.25163
Preck submodel is infeasible, continue branching
General disjunction: No feasible solution found, use SCIP default branching rule
_____________________________________
Now starting branching with general disjunction
Current branching Node number: 878
LP objective value: 153000
Node lower bound: 153000
Node upper bound: 199000
gap to the primal bound: 2.25163
Preck submodel is infeasible, continue branching
General disjunction: No feasible solution found, use SCIP default branching rule
_____________________________________
Now starting branching with general disjunction
Current branching Node number: 881
LP objective value: 159667
Node lower bound: 159667
Node upper bound: 199000
gap to the primal bound: 2.25163
Preck submodel is infeasible, continue branching
General disjunction: No feasible solution found, use SCIP default branching rule
_____________________________________
Now starting branching with general disjunction
Current branching Node number: 882
LP objective value: 159667
Node lower bound: 159667
Node upper bound: 199000
gap to the primal bound: 2.25163
Preck submodel is infeasible, continue branching
General disjunction: No feasible solution found, use SCIP default branching rule
_____________________________________
Now starting branching with general disjunction
Current branching Node number: 885
LP objective value: 159667
Node lower bound: 159667
Node upper bound: 199000
gap to the primal bound: 2.25163
Preck submodel is infeasible, continue branching
General disjunction: No feasible solution found, use SCIP default branching rule
_____________________________________
Now starting branching with general disjunction
Current branching Node number: 887
LP objective value: 159667
Node lower bound: 159667
Node upper bound: 199000
gap to the primal bound: 2.25163
Preck submodel is infeasible, continue branching
General disjunction: No feasible solution found, use SCIP default branching rule
_____________________________________
Now starting branching with general disjunction
Current branching Node number: 889
LP objective value: 159667
Node lower bound: 159667
Node upper bound: 199000
gap to the primal bound: 2.25163
Preck submodel is infeasible, continue branching
General disjunction: No feasible solution found, use SCIP default branching rule
_____________________________________
Now starting branching with general disjunction
Current branching Node number: 890
LP objective value: 159667
Node lower bound: 159667
Node upper bound: 199000
gap to the primal bound: 2.25163
Preck submodel is infeasible, continue branching
General disjunction: No feasible solution found, use SCIP default branching rule
_____________________________________
Now starting branching with general disjunction
Current branching Node number: 893
LP objective value: 159667
Node lower bound: 159667
Node upper bound: 199000
gap to the primal bound: 2.25163
Preck submodel is infeasible, continue branching
General disjunction: No feasible solution found, use SCIP default branching rule
_____________________________________
Now starting branching with general disjunction
Current branching Node number: 894
LP objective value: 159667
Node lower bound: 159667
Node upper bound: 199000
gap to the primal bound: 2.25163
Preck submodel is infeasible, continue branching
General disjunction: No feasible solution found, use SCIP default branching rule
_____________________________________
Now starting branching with general disjunction
Current branching Node number: 896
LP objective value: 159667
Node lower bound: 159667
Node upper bound: 199000
gap to the primal bound: 2.25163
Preck submodel is infeasible, continue branching
General disjunction: Both Children are added
_____________________________________
Now starting branching with general disjunction
Current branching Node number: 898
Relpscost reduced domain, skip general disjunction branching
_____________________________________
Now starting branching with general disjunction
Current branching Node number: 610
LP objective value: 76500
Node lower bound: 76500
Node upper bound: 199000
gap to the primal bound: 2.25163
Preck submodel is infeasible, continue branching
General disjunction: No feasible solution found, use SCIP default branching rule
_____________________________________
Now starting branching with general disjunction
Current branching Node number: 901
LP objective value: 153000
Node lower bound: 153000
Node upper bound: 199000
gap to the primal bound: 2.25163
Preck submodel is infeasible, continue branching
General disjunction: No feasible solution found, use SCIP default branching rule
_____________________________________
Now starting branching with general disjunction
Current branching Node number: 903
LP objective value: 153000
Node lower bound: 153000
Node upper bound: 199000
gap to the primal bound: 2.25163
Preck submodel is infeasible, continue branching
General disjunction: No feasible solution found, use SCIP default branching rule
_____________________________________
Now starting branching with general disjunction
Current branching Node number: 905
LP objective value: 153000
Node lower bound: 153000
Node upper bound: 199000
gap to the primal bound: 2.25163
Preck submodel is infeasible, continue branching
General disjunction: No feasible solution found, use SCIP default branching rule
_____________________________________
Now starting branching with general disjunction
Current branching Node number: 907
LP objective value: 153000
Node lower bound: 153000
Node upper bound: 199000
gap to the primal bound: 2.25163
Preck submodel is infeasible, continue branching
General disjunction: No feasible solution found, use SCIP default branching rule
_____________________________________
Now starting branching with general disjunction
Current branching Node number: 908
(node 474) numerical troubles in LP 1248 -- solve again with dual simplex without scaling
(node 474) proof of infeasible LP 1248 not valid -- solving again with tighter dual feasibility tolerance
(node 474) proof of infeasible LP 1248 not valid -- solving again from scratch
(node 474) numerical troubles in LP 1248 -- solve again with dual simplex without scaling
(node 474) proof of infeasible LP 1248 not valid -- solving again with tighter dual feasibility tolerance
(node 474) proof of infeasible LP 1248 not valid -- solving again from scratch
Relpscost reduced domain, skip general disjunction branching
_____________________________________
Now starting branching with general disjunction
Current branching Node number: 908
LP objective value: 153000
Node lower bound: 153000
Node upper bound: 199000
gap to the primal bound: 2.25163
Preck submodel is infeasible, continue branching
General disjunction: No feasible solution found, use SCIP default branching rule
_____________________________________
Now starting branching with general disjunction
Current branching Node number: 911
LP objective value: 153000
Node lower bound: 153000
Node upper bound: 199000
gap to the primal bound: 2.25163
Preck submodel is infeasible, continue branching
General disjunction: No feasible solution found, use SCIP default branching rule
_____________________________________
Now starting branching with general disjunction
Current branching Node number: 913
LP objective value: 156120
Node lower bound: 156120
Node upper bound: 199000
gap to the primal bound: 2.25163
Preck submodel is infeasible, continue branching
General disjunction: No feasible solution found, use SCIP default branching rule
_____________________________________
Now starting branching with general disjunction
Current branching Node number: 914
LP objective value: 156120
Node lower bound: 156120
Node upper bound: 199000
gap to the primal bound: 2.25163
Preck submodel is infeasible, continue branching
General disjunction: No feasible solution found, use SCIP default branching rule
_____________________________________
Now starting branching with general disjunction
Current branching Node number: 917
LP objective value: 174150
Node lower bound: 174150
Node upper bound: 199000
gap to the primal bound: 2.25163
Preck submodel is infeasible, continue branching
General disjunction: No feasible solution found, use SCIP default branching rule
_____________________________________
Now starting branching with general disjunction
Current branching Node number: 918
LP objective value: 174150
Node lower bound: 174150
Node upper bound: 199000
gap to the primal bound: 2.25163
Preck submodel is infeasible, continue branching
General disjunction: No feasible solution found, use SCIP default branching rule
_____________________________________
Now starting branching with general disjunction
Current branching Node number: 920
Relpscost reduced domain, skip general disjunction branching
_____________________________________
Now starting branching with general disjunction
Current branching Node number: 920
LP objective value: 180416
Node lower bound: 180416
Node upper bound: 199000
gap to the primal bound: 2.25163
Preck submodel is infeasible, continue branching
General disjunction: Both Children are added
_____________________________________
Now starting branching with general disjunction
Current branching Node number: 922
LP objective value: 195650
Node lower bound: 195650
Node upper bound: 199000
gap to the primal bound: 2.25163
Preck submodel is infeasible, continue branching
General disjunction: No feasible solution found, use SCIP default branching rule
_____________________________________
Now starting branching with general disjunction
Current branching Node number: 228
LP objective value: 91500
Node lower bound: 91500
Node upper bound: 199000
gap to the primal bound: 2.25163
Preck submodel is infeasible, continue branching
General disjunction: No feasible solution found, use SCIP default branching rule
_____________________________________
Now starting branching with general disjunction
Current branching Node number: 927
LP objective value: 91500
Node lower bound: 91500
Node upper bound: 199000
gap to the primal bound: 2.25163
Preck submodel is infeasible, continue branching
General disjunction: No feasible solution found, use SCIP default branching rule
_____________________________________
Now starting branching with general disjunction
Current branching Node number: 929
LP objective value: 109500
Node lower bound: 109500
Node upper bound: 199000
gap to the primal bound: 2.25163
Preck submodel is infeasible, continue branching
General disjunction: No feasible solution found, use SCIP default branching rule
_____________________________________
Now starting branching with general disjunction
Current branching Node number: 931
LP objective value: 153000
Node lower bound: 153000
Node upper bound: 199000
gap to the primal bound: 2.25163
Preck submodel is infeasible, continue branching
General disjunction: No feasible solution found, use SCIP default branching rule
_____________________________________
Now starting branching with general disjunction
Current branching Node number: 933
LP objective value: 154000
Node lower bound: 154000
Node upper bound: 199000
gap to the primal bound: 2.25163
Preck submodel is infeasible, continue branching
General disjunction: No feasible solution found, use SCIP default branching rule
_____________________________________
Now starting branching with general disjunction
Current branching Node number: 935
LP objective value: 154000
Node lower bound: 154000
Node upper bound: 199000
gap to the primal bound: 2.25163
Preck submodel is infeasible, continue branching
General disjunction: No feasible solution found, use SCIP default branching rule
_____________________________________
Now starting branching with general disjunction
Current branching Node number: 937
LP objective value: 181500
Node lower bound: 181500
Node upper bound: 199000
gap to the primal bound: 2.25163
Preck submodel is infeasible, continue branching
General disjunction: No feasible solution found, use SCIP default branching rule
_____________________________________
Now starting branching with general disjunction
Current branching Node number: 938
Relpscost reduced domain, skip general disjunction branching
_____________________________________
Now starting branching with general disjunction
Current branching Node number: 938
LP objective value: 181500
Node lower bound: 181500
Node upper bound: 199000
gap to the primal bound: 2.25163
Preck submodel is infeasible, continue branching
General disjunction: No feasible solution found, use SCIP default branching rule
_____________________________________
Now starting branching with general disjunction
Current branching Node number: 940
LP objective value: 181500
Node lower bound: 181500
Node upper bound: 199000
gap to the primal bound: 2.25163
Preck submodel is infeasible, continue branching
General disjunction: No feasible solution found, use SCIP default branching rule
_____________________________________
Now starting branching with general disjunction
Current branching Node number: 942
LP objective value: 181500
Node lower bound: 181500
Node upper bound: 199000
gap to the primal bound: 2.25163
Preck submodel is infeasible, continue branching
Error in probing right side: 0
Error in probing right side: 0
General disjunction: Infeasible disjunction
_____________________________________
Now starting branching with general disjunction
Current branching Node number: 943
LP objective value: 181500
Node lower bound: 181500
Node upper bound: 199000
gap to the primal bound: 2.25163
Preck submodel is infeasible, continue branching
General disjunction: No feasible solution found, use SCIP default branching rule
_____________________________________
Now starting branching with general disjunction
Current branching Node number: 944
LP objective value: 181500
Node lower bound: 181500
Node upper bound: 199000
gap to the primal bound: 2.25163
Preck submodel is infeasible, continue branching
General disjunction: No feasible solution found, use SCIP default branching rule
_____________________________________
Now starting branching with general disjunction
Current branching Node number: 947
LP objective value: 187750
Node lower bound: 187750
Node upper bound: 199000
gap to the primal bound: 2.25163
Preck submodel is infeasible, continue branching
General disjunction: No feasible solution found, use SCIP default branching rule
_____________________________________
Now starting branching with general disjunction
Current branching Node number: 686
LP objective value: 102000
Node lower bound: 102000
Node upper bound: 199000
gap to the primal bound: 2.25163
Preck submodel is infeasible, continue branching
General disjunction: No feasible solution found, use SCIP default branching rule
_____________________________________
Now starting branching with general disjunction
Current branching Node number: 950
LP objective value: 153000
Node lower bound: 153000
Node upper bound: 199000
gap to the primal bound: 2.25163
Preck submodel is infeasible, continue branching
General disjunction: No feasible solution found, use SCIP default branching rule
(node 499) solution of LP 1304 not optimal (pfeas=0, dfeas=1) -- solving again with tighter feasibility tolerance
(node 499) solution of LP 1304 not optimal (pfeas=0, dfeas=1) -- solving again from scratch
_____________________________________
Now starting branching with general disjunction
Current branching Node number: 953
LP objective value: 164250
Node lower bound: 164250
Node upper bound: 199000
gap to the primal bound: 2.25163
Preck submodel is infeasible, continue branching
General disjunction: No feasible solution found, use SCIP default branching rule
_____________________________________
Now starting branching with general disjunction
Current branching Node number: 955
LP objective value: 164250
Node lower bound: 164250
Node upper bound: 199000
gap to the primal bound: 2.25163
Preck submodel is infeasible, continue branching
General disjunction: No feasible solution found, use SCIP default branching rule
 1281s|   500 |   433 | 37469 |  73.8 |    17M |  21 | 449 |1144 | 592 |1363 |  1 | 701 |1661 | 6.120000e+04 | 1.990000e+05 | 225.16%|   7.60%
_____________________________________
Now starting branching with general disjunction
Current branching Node number: 956
Relpscost reduced domain, skip general disjunction branching
_____________________________________
Now starting branching with general disjunction
Current branching Node number: 956
LP objective value: 164250
Node lower bound: 164250
Node upper bound: 199000
gap to the primal bound: 2.25163
Preck submodel is infeasible, continue branching
General disjunction: No feasible solution found, use SCIP default branching rule
_____________________________________
Now starting branching with general disjunction
Current branching Node number: 958
LP objective value: 164250
Node lower bound: 164250
Node upper bound: 199000
gap to the primal bound: 2.25163
Preck submodel is infeasible, continue branching
General disjunction: No feasible solution found, use SCIP default branching rule
_____________________________________
Now starting branching with general disjunction
Current branching Node number: 961
LP objective value: 184000
Node lower bound: 184000
Node upper bound: 199000
gap to the primal bound: 2.25163
Preck submodel is infeasible, continue branching
General disjunction: No feasible solution found, use SCIP default branching rule
_____________________________________
Now starting branching with general disjunction
Current branching Node number: 963
LP objective value: 184000
Node lower bound: 184000
Node upper bound: 199000
gap to the primal bound: 2.25163
Preck submodel is infeasible, continue branching
General disjunction: No feasible solution found, use SCIP default branching rule
_____________________________________
Now starting branching with general disjunction
Current branching Node number: 964
LP objective value: 184000
Node lower bound: 184000
Node upper bound: 199000
gap to the primal bound: 2.25163
Preck submodel is infeasible, continue branching
General disjunction: No feasible solution found, use SCIP default branching rule
_____________________________________
Now starting branching with general disjunction
Current branching Node number: 967
LP objective value: 184000
Node lower bound: 184000
Node upper bound: 199000
gap to the primal bound: 2.25163
Preck submodel is infeasible, continue branching
General disjunction: No feasible solution found, use SCIP default branching rule
_____________________________________
Now starting branching with general disjunction
Current branching Node number: 968
LP objective value: 184000
Node lower bound: 184000
Node upper bound: 199000
gap to the primal bound: 2.25163
Preck submodel is infeasible, continue branching
General disjunction: No feasible solution found, use SCIP default branching rule
_____________________________________
Now starting branching with general disjunction
Current branching Node number: 970
LP objective value: 184000
Node lower bound: 184000
Node upper bound: 199000
gap to the primal bound: 2.25163
Preck submodel is infeasible, continue branching
General disjunction: No feasible solution found, use SCIP default branching rule
_____________________________________
Now starting branching with general disjunction
Current branching Node number: 951
LP objective value: 153000
Node lower bound: 153000
Node upper bound: 199000
gap to the primal bound: 2.25163
Preck submodel is infeasible, continue branching
General disjunction: No feasible solution found, use SCIP default branching rule
_____________________________________
Now starting branching with general disjunction
Current branching Node number: 975
LP objective value: 160000
Node lower bound: 160000
Node upper bound: 199000
gap to the primal bound: 2.25163
Preck submodel is infeasible, continue branching
General disjunction: No feasible solution found, use SCIP default branching rule
_____________________________________
Now starting branching with general disjunction
Current branching Node number: 976
LP objective value: 160000
Node lower bound: 160000
Node upper bound: 199000
gap to the primal bound: 2.25163
Preck submodel is infeasible, continue branching
General disjunction: No feasible solution found, use SCIP default branching rule
_____________________________________
Now starting branching with general disjunction
Current branching Node number: 978
LP objective value: 160000
Node lower bound: 160000
Node upper bound: 199000
gap to the primal bound: 2.25163
Preck submodel is infeasible, continue branching
General disjunction: No feasible solution found, use SCIP default branching rule
_____________________________________
Now starting branching with general disjunction
Current branching Node number: 980
LP objective value: 160000
Node lower bound: 160000
Node upper bound: 199000
gap to the primal bound: 2.25163
Preck submodel is infeasible, continue branching
General disjunction: No feasible solution found, use SCIP default branching rule
_____________________________________
Now starting branching with general disjunction
Current branching Node number: 982
LP objective value: 160000
Node lower bound: 160000
Node upper bound: 199000
gap to the primal bound: 2.25163
Preck submodel is infeasible, continue branching
General disjunction: No feasible solution found, use SCIP default branching rule
_____________________________________
Now starting branching with general disjunction
Current branching Node number: 984
LP objective value: 160000
Node lower bound: 160000
Node upper bound: 199000
gap to the primal bound: 2.25163
Preck submodel is infeasible, continue branching
General disjunction: No feasible solution found, use SCIP default branching rule
_____________________________________
Now starting branching with general disjunction
Current branching Node number: 987
Relpscost reduced domain, skip general disjunction branching
_____________________________________
Now starting branching with general disjunction
Current branching Node number: 987
LP objective value: 197667
Node lower bound: 197667
Node upper bound: 199000
gap to the primal bound: 2.25163
Preck submodel is infeasible, continue branching
General disjunction: No feasible solution found, use SCIP default branching rule
_____________________________________
Now starting branching with general disjunction
Current branching Node number: 989
LP objective value: 197667
Node lower bound: 197667
Node upper bound: 199000
gap to the primal bound: 2.25163
Preck submodel is infeasible, continue branching
General disjunction: No feasible solution found, use SCIP default branching rule
_____________________________________
Now starting branching with general disjunction
Current branching Node number: 990
LP objective value: 197667
Node lower bound: 197667
Node upper bound: 199000
gap to the primal bound: 2.25163
Preck submodel is infeasible, continue branching
General disjunction: No feasible solution found, use SCIP default branching rule
_____________________________________
Now starting branching with general disjunction
Current branching Node number: 992
LP objective value: 197667
Node lower bound: 197667
Node upper bound: 199000
gap to the primal bound: 2.25163
Preck submodel is infeasible, continue branching
General disjunction: No feasible solution found, use SCIP default branching rule
(node 523) proof of infeasible LP 1355 not valid -- solving again with tighter dual feasibility tolerance
_____________________________________
Now starting branching with general disjunction
Current branching Node number: 995
LP objective value: 197667
Node lower bound: 197667
Node upper bound: 199000
gap to the primal bound: 2.25163
Preck submodel is infeasible, continue branching
General disjunction: No feasible solution found, use SCIP default branching rule
_____________________________________
Now starting branching with general disjunction
Current branching Node number: 346
LP objective value: 117000
Node lower bound: 117000
Node upper bound: 199000
gap to the primal bound: 2.25163
Preck submodel is infeasible, continue branching
General disjunction: No feasible solution found, use SCIP default branching rule
_____________________________________
Now starting branching with general disjunction
Current branching Node number: 999
Relpscost reduced domain, skip general disjunction branching
_____________________________________
Now starting branching with general disjunction
Current branching Node number: 999
LP objective value: 159667
Node lower bound: 159667
Node upper bound: 199000
gap to the primal bound: 2.25163
Preck submodel is infeasible, continue branching
General disjunction: No feasible solution found, use SCIP default branching rule
_____________________________________
Now starting branching with general disjunction
Current branching Node number: 1001
LP objective value: 189750
Node lower bound: 189750
Node upper bound: 199000
gap to the primal bound: 2.25163
Preck submodel is infeasible, continue branching
General disjunction: No feasible solution found, use SCIP default branching rule
_____________________________________
Now starting branching with general disjunction
Current branching Node number: 1003
LP objective value: 189750
Node lower bound: 189750
Node upper bound: 199000
gap to the primal bound: 2.25163
Preck submodel is infeasible, continue branching
General disjunction: No feasible solution found, use SCIP default branching rule
_____________________________________
Now starting branching with general disjunction
Current branching Node number: 1005
LP objective value: 189750
Node lower bound: 189750
Node upper bound: 199000
gap to the primal bound: 2.25163
Preck submodel is infeasible, continue branching
General disjunction: No feasible solution found, use SCIP default branching rule
_____________________________________
Now starting branching with general disjunction
Current branching Node number: 1006
LP objective value: 189750
Node lower bound: 189750
Node upper bound: 199000
gap to the primal bound: 2.25163
Preck submodel is infeasible, continue branching
General disjunction: No feasible solution found, use SCIP default branching rule
_____________________________________
Now starting branching with general disjunction
Current branching Node number: 1008
LP objective value: 189750
Node lower bound: 189750
Node upper bound: 199000
gap to the primal bound: 2.25163
Preck submodel is infeasible, continue branching
General disjunction: No feasible solution found, use SCIP default branching rule
_____________________________________
Now starting branching with general disjunction
Current branching Node number: 1010
LP objective value: 189750
Node lower bound: 189750
Node upper bound: 199000
gap to the primal bound: 2.25163
Preck submodel is infeasible, continue branching
General disjunction: No feasible solution found, use SCIP default branching rule
_____________________________________
Now starting branching with general disjunction
Current branching Node number: 1013
LP objective value: 189750
Node lower bound: 189750
Node upper bound: 199000
gap to the primal bound: 2.25163
Preck submodel is infeasible, continue branching
General disjunction: No feasible solution found, use SCIP default branching rule
_____________________________________
Now starting branching with general disjunction
Current branching Node number: 1014
LP objective value: 189750
Node lower bound: 189750
Node upper bound: 199000
gap to the primal bound: 2.25163
Preck submodel is infeasible, continue branching
General disjunction: No feasible solution found, use SCIP default branching rule
_____________________________________
Now starting branching with general disjunction
Current branching Node number: 1016
LP objective value: 189750
Node lower bound: 189750
Node upper bound: 199000
gap to the primal bound: 2.25163
Preck submodel is infeasible, continue branching
General disjunction: No feasible solution found, use SCIP default branching rule
_____________________________________
Now starting branching with general disjunction
Current branching Node number: 1018
LP objective value: 189750
Node lower bound: 189750
Node upper bound: 199000
gap to the primal bound: 2.25163
Preck submodel is infeasible, continue branching
General disjunction: No feasible solution found, use SCIP default branching rule
_____________________________________
Now starting branching with general disjunction
Current branching Node number: 1020
LP objective value: 189750
Node lower bound: 189750
Node upper bound: 199000
gap to the primal bound: 2.25163
Preck submodel is infeasible, continue branching
General disjunction: No feasible solution found, use SCIP default branching rule
_____________________________________
Now starting branching with general disjunction
Current branching Node number: 636
LP objective value: 76500
Node lower bound: 76500
Node upper bound: 199000
gap to the primal bound: 2.25163
Preck submodel is infeasible, continue branching
General disjunction: No feasible solution found, use SCIP default branching rule
_____________________________________
Now starting branching with general disjunction
Current branching Node number: 1025
LP objective value: 153000
Node lower bound: 153000
Node upper bound: 199000
gap to the primal bound: 2.25163
Preck submodel is infeasible, continue branching
General disjunction: No feasible solution found, use SCIP default branching rule
_____________________________________
Now starting branching with general disjunction
Current branching Node number: 1027
LP objective value: 175000
Node lower bound: 175000
Node upper bound: 199000
gap to the primal bound: 2.25163
Preck submodel is infeasible, continue branching
General disjunction: No feasible solution found, use SCIP default branching rule
_____________________________________
Now starting branching with general disjunction
Current branching Node number: 1029
LP objective value: 182750
Node lower bound: 182750
Node upper bound: 199000
gap to the primal bound: 2.25163
Preck submodel is infeasible, continue branching
General disjunction: No feasible solution found, use SCIP default branching rule
_____________________________________
Now starting branching with general disjunction
Current branching Node number: 1031
LP objective value: 182750
Node lower bound: 182750
Node upper bound: 199000
gap to the primal bound: 2.25163
Preck submodel is infeasible, continue branching
General disjunction: No feasible solution found, use SCIP default branching rule
_____________________________________
Now starting branching with general disjunction
Current branching Node number: 1033
LP objective value: 182750
Node lower bound: 182750
Node upper bound: 199000
gap to the primal bound: 2.25163
Preck submodel is infeasible, continue branching
General disjunction: No feasible solution found, use SCIP default branching rule
_____________________________________
Now starting branching with general disjunction
Current branching Node number: 1034
LP objective value: 182750
Node lower bound: 182750
Node upper bound: 199000
gap to the primal bound: 2.25163
Preck submodel is infeasible, continue branching
General disjunction: No feasible solution found, use SCIP default branching rule
_____________________________________
Now starting branching with general disjunction
Current branching Node number: 1037
LP objective value: 182750
Node lower bound: 182750
Node upper bound: 199000
gap to the primal bound: 2.25163
Preck submodel is infeasible, continue branching
General disjunction: No feasible solution found, use SCIP default branching rule
_____________________________________
Now starting branching with general disjunction
Current branching Node number: 1038
LP objective value: 182750
Node lower bound: 182750
Node upper bound: 199000
gap to the primal bound: 2.25163
Preck submodel is infeasible, continue branching
General disjunction: No feasible solution found, use SCIP default branching rule
_____________________________________
Now starting branching with general disjunction
Current branching Node number: 1041
LP objective value: 182750
Node lower bound: 182750
Node upper bound: 199000
gap to the primal bound: 2.25163
Preck submodel is infeasible, continue branching
General disjunction: No feasible solution found, use SCIP default branching rule
_____________________________________
Now starting branching with general disjunction
Current branching Node number: 1042
LP objective value: 182750
Node lower bound: 182750
Node upper bound: 199000
gap to the primal bound: 2.25163
Preck submodel is infeasible, continue branching
General disjunction: No feasible solution found, use SCIP default branching rule
_____________________________________
Now starting branching with general disjunction
Current branching Node number: 1044
LP objective value: 182750
Node lower bound: 182750
Node upper bound: 199000
gap to the primal bound: 2.25163
Preck submodel is infeasible, continue branching
General disjunction: No feasible solution found, use SCIP default branching rule
_____________________________________
Now starting branching with general disjunction
Current branching Node number: 1046
LP objective value: 182750
Node lower bound: 182750
Node upper bound: 199000
gap to the primal bound: 2.25163
Preck submodel is infeasible, continue branching
General disjunction: No feasible solution found, use SCIP default branching rule
_____________________________________
Now starting branching with general disjunction
Current branching Node number: 1024
LP objective value: 102000
Node lower bound: 102000
Node upper bound: 199000
gap to the primal bound: 2.25163
Preck submodel is infeasible, continue branching
General disjunction: No feasible solution found, use SCIP default branching rule
_____________________________________
Now starting branching with general disjunction
Current branching Node number: 1050
LP objective value: 153000
Node lower bound: 153000
Node upper bound: 199000
gap to the primal bound: 2.25163
Preck submodel is infeasible, continue branching
General disjunction: No feasible solution found, use SCIP default branching rule
_____________________________________
Now starting branching with general disjunction
Current branching Node number: 1053
LP objective value: 175000
Node lower bound: 175000
Node upper bound: 199000
gap to the primal bound: 2.25163
Preck submodel is infeasible, continue branching
General disjunction: No feasible solution found, use SCIP default branching rule
_____________________________________
Now starting branching with general disjunction
Current branching Node number: 1055
(node 557) solution of LP 1405 not optimal (pfeas=0, dfeas=1) -- solving again with tighter feasibility tolerance
(node 557) solution of LP 1405 not optimal (pfeas=0, dfeas=1) -- solving again from scratch
(node 557) solution of LP 1405 not optimal (pfeas=0, dfeas=1) -- solving again with tighter feasibility tolerance
(node 557) solution of LP 1405 not optimal (pfeas=0, dfeas=1) -- solving again from scratch
LP objective value: 175000
Node lower bound: 175000
Node upper bound: 199000
gap to the primal bound: 2.25163
Preck submodel is infeasible, continue branching
General disjunction: No feasible solution found, use SCIP default branching rule
_____________________________________
Now starting branching with general disjunction
Current branching Node number: 1056
LP objective value: 175000
Node lower bound: 175000
Node upper bound: 199000
gap to the primal bound: 2.25163
Preck submodel is infeasible, continue branching
General disjunction: No feasible solution found, use SCIP default branching rule
_____________________________________
Now starting branching with general disjunction
Current branching Node number: 1059
LP objective value: 175000
Node lower bound: 175000
Node upper bound: 199000
gap to the primal bound: 2.25163
Preck submodel is infeasible, continue branching
General disjunction: No feasible solution found, use SCIP default branching rule
_____________________________________
Now starting branching with general disjunction
Current branching Node number: 1061
LP objective value: 175000
Node lower bound: 175000
Node upper bound: 199000
gap to the primal bound: 2.25163
Preck submodel is infeasible, continue branching
General disjunction: No feasible solution found, use SCIP default branching rule
_____________________________________
Now starting branching with general disjunction
Current branching Node number: 1062
LP objective value: 175000
Node lower bound: 175000
Node upper bound: 199000
gap to the primal bound: 2.25163
Preck submodel is infeasible, continue branching
General disjunction: No feasible solution found, use SCIP default branching rule
_____________________________________
Now starting branching with general disjunction
Current branching Node number: 1064
LP objective value: 175000
Node lower bound: 175000
Node upper bound: 199000
gap to the primal bound: 2.25163
Preck submodel is infeasible, continue branching
General disjunction: No feasible solution found, use SCIP default branching rule
_____________________________________
Now starting branching with general disjunction
Current branching Node number: 1066
LP objective value: 175000
Node lower bound: 175000
Node upper bound: 199000
gap to the primal bound: 2.25163
Preck submodel is infeasible, continue branching
General disjunction: No feasible solution found, use SCIP default branching rule
_____________________________________
Now starting branching with general disjunction
Current branching Node number: 1069
LP objective value: 175000
Node lower bound: 175000
Node upper bound: 199000
gap to the primal bound: 2.25163
Preck submodel is infeasible, continue branching
General disjunction: No feasible solution found, use SCIP default branching rule
_____________________________________
Now starting branching with general disjunction
Current branching Node number: 1071
LP objective value: 175000
Node lower bound: 175000
Node upper bound: 199000
gap to the primal bound: 2.25163
Preck submodel is infeasible, continue branching
General disjunction: No feasible solution found, use SCIP default branching rule
_____________________________________
Now starting branching with general disjunction
Current branching Node number: 1073
LP objective value: 188250
Node lower bound: 188250
Node upper bound: 199000
gap to the primal bound: 2.25163
Preck submodel is infeasible, continue branching
General disjunction: No feasible solution found, use SCIP default branching rule
_____________________________________
Now starting branching with general disjunction
Current branching Node number: 900
LP objective value: 102000
Node lower bound: 102000
Node upper bound: 199000
gap to the primal bound: 2.25163
Preck submodel is infeasible, continue branching
General disjunction: No feasible solution found, use SCIP default branching rule
_____________________________________
Now starting branching with general disjunction
Current branching Node number: 1076
LP objective value: 153000
Node lower bound: 153000
Node upper bound: 199000
gap to the primal bound: 2.25163
Preck submodel is infeasible, continue branching
General disjunction: No feasible solution found, use SCIP default branching rule
_____________________________________
Now starting branching with general disjunction
Current branching Node number: 1079
LP objective value: 153000
Node lower bound: 153000
Node upper bound: 199000
gap to the primal bound: 2.25163
Preck submodel is infeasible, continue branching
General disjunction: No feasible solution found, use SCIP default branching rule
(node 571) solution of LP 1482 not optimal (pfeas=0, dfeas=1) -- solving again with tighter feasibility tolerance
(node 571) solution of LP 1482 not optimal (pfeas=0, dfeas=1) -- solving again from scratch
_____________________________________
Now starting branching with general disjunction
Current branching Node number: 1081
LP objective value: 153000
Node lower bound: 153000
Node upper bound: 199000
gap to the primal bound: 2.25163
Preck submodel is infeasible, continue branching
General disjunction: No feasible solution found, use SCIP default branching rule
_____________________________________
Now starting branching with general disjunction
Current branching Node number: 1083
LP objective value: 153000
Node lower bound: 153000
Node upper bound: 199000
gap to the primal bound: 2.25163
Preck submodel is infeasible, continue branching
General disjunction: No feasible solution found, use SCIP default branching rule
_____________________________________
Now starting branching with general disjunction
Current branching Node number: 1085
LP objective value: 153000
Node lower bound: 153000
Node upper bound: 199000
gap to the primal bound: 2.25163
Preck submodel is infeasible, continue branching
General disjunction: No feasible solution found, use SCIP default branching rule
_____________________________________
Now starting branching with general disjunction
Current branching Node number: 1087
LP objective value: 153000
Node lower bound: 153000
Node upper bound: 199000
gap to the primal bound: 2.25163
Preck submodel is infeasible, continue branching
General disjunction: No feasible solution found, use SCIP default branching rule
_____________________________________
Now starting branching with general disjunction
Current branching Node number: 1088
LP objective value: 153000
Node lower bound: 153000
Node upper bound: 199000
gap to the primal bound: 2.25163
Preck submodel is infeasible, continue branching
General disjunction: No feasible solution found, use SCIP default branching rule
_____________________________________
Now starting branching with general disjunction
Current branching Node number: 1090
LP objective value: 153000
Node lower bound: 153000
Node upper bound: 199000
gap to the primal bound: 2.25163
Preck submodel is infeasible, continue branching
General disjunction: No feasible solution found, use SCIP default branching rule
_____________________________________
Now starting branching with general disjunction
Current branching Node number: 1093
LP objective value: 164000
Node lower bound: 164000
Node upper bound: 199000
gap to the primal bound: 2.25163
Preck submodel is infeasible, continue branching
General disjunction: No feasible solution found, use SCIP default branching rule
_____________________________________
Now starting branching with general disjunction
Current branching Node number: 1095
LP objective value: 164000
Node lower bound: 164000
Node upper bound: 199000
gap to the primal bound: 2.25163
Preck submodel is infeasible, continue branching
General disjunction: No feasible solution found, use SCIP default branching rule
_____________________________________
Now starting branching with general disjunction
Current branching Node number: 1096
LP objective value: 164000
Node lower bound: 164000
Node upper bound: 199000
gap to the primal bound: 2.25163
Preck submodel is infeasible, continue branching
General disjunction: No feasible solution found, use SCIP default branching rule
_____________________________________
Now starting branching with general disjunction
Current branching Node number: 1099
LP objective value: 164000
Node lower bound: 164000
Node upper bound: 199000
gap to the primal bound: 2.25163
Preck submodel is infeasible, continue branching
General disjunction: No feasible solution found, use SCIP default branching rule
_____________________________________
Now starting branching with general disjunction
Current branching Node number: 326
LP objective value: 131000
Node lower bound: 131000
Node upper bound: 199000
gap to the primal bound: 2.25163
Preck submodel is infeasible, continue branching
General disjunction: No feasible solution found, use SCIP default branching rule
_____________________________________
Now starting branching with general disjunction
Current branching Node number: 1103
LP objective value: 153000
Node lower bound: 153000
Node upper bound: 199000
gap to the primal bound: 2.25163
Preck submodel is infeasible, continue branching
General disjunction: No feasible solution found, use SCIP default branching rule
_____________________________________
Now starting branching with general disjunction
Current branching Node number: 1105
LP objective value: 153000
Node lower bound: 153000
Node upper bound: 199000
gap to the primal bound: 2.25163
Preck submodel is infeasible, continue branching
General disjunction: No feasible solution found, use SCIP default branching rule
(node 585) solution of LP 1504 not optimal (pfeas=0, dfeas=1) -- solving again with tighter feasibility tolerance
(node 585) solution of LP 1504 not optimal (pfeas=0, dfeas=1) -- solving again from scratch
_____________________________________
Now starting branching with general disjunction
Current branching Node number: 1107
LP objective value: 159667
Node lower bound: 159667
Node upper bound: 199000
gap to the primal bound: 2.25163
Preck submodel is infeasible, continue branching
General disjunction: No feasible solution found, use SCIP default branching rule
_____________________________________
Now starting branching with general disjunction
Current branching Node number: 1109
LP objective value: 184200
Node lower bound: 184200
Node upper bound: 199000
gap to the primal bound: 2.25163
Preck submodel is infeasible, continue branching
General disjunction: No feasible solution found, use SCIP default branching rule
_____________________________________
Now starting branching with general disjunction
Current branching Node number: 1111
Relpscost reduced domain, skip general disjunction branching
_____________________________________
Now starting branching with general disjunction
Current branching Node number: 1111
LP objective value: 198334
Node lower bound: 198334
Node upper bound: 199000
gap to the primal bound: 2.25163
Preck submodel is infeasible, continue branching
General disjunction: No feasible solution found, use SCIP default branching rule
_____________________________________
Now starting branching with general disjunction
Current branching Node number: 1113
LP objective value: 198334
Node lower bound: 198334
Node upper bound: 199000
gap to the primal bound: 2.25163
Preck submodel is infeasible, continue branching
General disjunction: No feasible solution found, use SCIP default branching rule
_____________________________________
Now starting branching with general disjunction
Current branching Node number: 1115
LP objective value: 198334
Node lower bound: 198334
Node upper bound: 199000
gap to the primal bound: 2.25163
Preck submodel is infeasible, continue branching
General disjunction: No feasible solution found, use SCIP default branching rule
_____________________________________
Now starting branching with general disjunction
Current branching Node number: 1117
LP objective value: 198334
Node lower bound: 198334
Node upper bound: 199000
gap to the primal bound: 2.25163
Preck submodel is infeasible, continue branching
General disjunction: No feasible solution found, use SCIP default branching rule
*1512s|   591 |   500 | 40971 |  68.3 |    LP  |  21 | 449 |1456 | 578 |1600 |  1 |1028 |1755 | 6.120000e+04 | 1.983340e+05 | 224.08%|   8.27%
_____________________________________
Now starting branching with general disjunction
Current branching Node number: 276
LP objective value: 131000
Node lower bound: 131000
Node upper bound: 198334
gap to the primal bound: 2.24075
Preck submodel is infeasible, continue branching
General disjunction: No feasible solution found, use SCIP default branching rule
_____________________________________
Now starting branching with general disjunction
Current branching Node number: 1121
LP objective value: 153000
Node lower bound: 153000
Node upper bound: 198334
gap to the primal bound: 2.24075
Preck submodel is infeasible, continue branching
General disjunction: No feasible solution found, use SCIP default branching rule
_____________________________________
Now starting branching with general disjunction
Current branching Node number: 1122
LP objective value: 153000
Node lower bound: 153000
Node upper bound: 198334
gap to the primal bound: 2.24075
Preck submodel is infeasible, continue branching
General disjunction: No feasible solution found, use SCIP default branching rule
_____________________________________
Now starting branching with general disjunction
Current branching Node number: 713
LP objective value: 153000
Node lower bound: 153000
Node upper bound: 198334
gap to the primal bound: 2.24075
Preck submodel is infeasible, continue branching
General disjunction: No feasible solution found, use SCIP default branching rule
_____________________________________
Now starting branching with general disjunction
Current branching Node number: 1127
LP objective value: 160000
Node lower bound: 160000
Node upper bound: 198334
gap to the primal bound: 2.24075
Preck submodel is infeasible, continue branching
General disjunction: No feasible solution found, use SCIP default branching rule
_____________________________________
Now starting branching with general disjunction
Current branching Node number: 1129
LP objective value: 160000
Node lower bound: 160000
Node upper bound: 198334
gap to the primal bound: 2.24075
Preck submodel is infeasible, continue branching
General disjunction: No feasible solution found, use SCIP default branching rule
_____________________________________
Now starting branching with general disjunction
Current branching Node number: 10
LP objective value: 153000
Node lower bound: 153000
Node upper bound: 198334
gap to the primal bound: 2.24075
Preck submodel is infeasible, continue branching
General disjunction: No feasible solution found, use SCIP default branching rule
_____________________________________
Now starting branching with general disjunction
Current branching Node number: 1133
LP objective value: 153000
Node lower bound: 153000
Node upper bound: 198334
gap to the primal bound: 2.24075
Preck submodel is infeasible, continue branching
General disjunction: No feasible solution found, use SCIP default branching rule
_____________________________________
Now starting branching with general disjunction
Current branching Node number: 1135
LP objective value: 153000
Node lower bound: 153000
Node upper bound: 198334
gap to the primal bound: 2.24075
Preck submodel is infeasible, continue branching
General disjunction: No feasible solution found, use SCIP default branching rule
d1529s|   600 |   482 | 41721 |  68.6 |conflict|  21 | 449 |1490 | 566 |   0 |  1 |1066 |1757 | 6.120000e+04 | 1.937500e+05 | 216.58%|   8.30%
_____________________________________
Now starting branching with general disjunction
Current branching Node number: 129
LP objective value: 153000
Node lower bound: 153000
Node upper bound: 193750
gap to the primal bound: 2.0754
Preck submodel is infeasible, continue branching
General disjunction: No feasible solution found, use SCIP default branching rule
_____________________________________
Now starting branching with general disjunction
Current branching Node number: 1139
LP objective value: 153000
Node lower bound: 153000
Node upper bound: 193750
gap to the primal bound: 2.0754
Preck submodel is infeasible, continue branching
General disjunction: No feasible solution found, use SCIP default branching rule
_____________________________________
Now starting branching with general disjunction
Current branching Node number: 1141
LP objective value: 153000
Node lower bound: 153000
Node upper bound: 193750
gap to the primal bound: 2.0754
Preck submodel is infeasible, continue branching
General disjunction: No feasible solution found, use SCIP default branching rule
_____________________________________
Now starting branching with general disjunction
Current branching Node number: 152
LP objective value: 137333
Node lower bound: 137333
Node upper bound: 193750
gap to the primal bound: 2.0754
Preck submodel is infeasible, continue branching
General disjunction: No feasible solution found, use SCIP default branching rule
_____________________________________
Now starting branching with general disjunction
Current branching Node number: 1144
LP objective value: 137333
Node lower bound: 137333
Node upper bound: 193750
gap to the primal bound: 2.0754
Preck submodel is infeasible, continue branching
General disjunction: No feasible solution found, use SCIP default branching rule
_____________________________________
Now starting branching with general disjunction
Current branching Node number: 1147
LP objective value: 164250
Node lower bound: 164250
Node upper bound: 193750
gap to the primal bound: 2.0754
Preck submodel is infeasible, continue branching
General disjunction: No feasible solution found, use SCIP default branching rule
_____________________________________
Now starting branching with general disjunction
Current branching Node number: 42
LP objective value: 153000
Node lower bound: 153000
Node upper bound: 193750
gap to the primal bound: 2.0754
Preck submodel is infeasible, continue branching
General disjunction: No feasible solution found, use SCIP default branching rule
_____________________________________
Now starting branching with general disjunction
Current branching Node number: 1151
LP objective value: 153000
Node lower bound: 153000
Node upper bound: 193750
gap to the primal bound: 2.0754
Preck submodel is infeasible, continue branching
General disjunction: No feasible solution found, use SCIP default branching rule
_____________________________________
Now starting branching with general disjunction
Current branching Node number: 1153
LP objective value: 153000
Node lower bound: 153000
Node upper bound: 193750
gap to the primal bound: 2.0754
Preck submodel is infeasible, continue branching
General disjunction: No feasible solution found, use SCIP default branching rule
_____________________________________
Now starting branching with general disjunction
Current branching Node number: 530
LP objective value: 76500
Node lower bound: 76500
Node upper bound: 193750
gap to the primal bound: 1.53268
Preck submodel is infeasible, continue branching
General disjunction: No feasible solution found, use SCIP default branching rule
_____________________________________
Now starting branching with general disjunction
Current branching Node number: 1157
LP objective value: 153000
Node lower bound: 153000
Node upper bound: 193750
gap to the primal bound: 1.53268
Preck submodel is infeasible, continue branching
General disjunction: No feasible solution found, use SCIP default branching rule
_____________________________________
Now starting branching with general disjunction
Current branching Node number: 1159
LP objective value: 153000
Node lower bound: 153000
Node upper bound: 193750
gap to the primal bound: 1.53268
Preck submodel is infeasible, continue branching
General disjunction: No feasible solution found, use SCIP default branching rule
_____________________________________
Now starting branching with general disjunction
Current branching Node number: 41
LP objective value: 153000
Node lower bound: 153000
Node upper bound: 193750
gap to the primal bound: 1.53268
Preck submodel is infeasible, continue branching
General disjunction: No feasible solution found, use SCIP default branching rule
_____________________________________
Now starting branching with general disjunction
Current branching Node number: 1163
LP objective value: 153000
Node lower bound: 153000
Node upper bound: 193750
gap to the primal bound: 1.53268
Preck submodel is infeasible, continue branching
General disjunction: No feasible solution found, use SCIP default branching rule
_____________________________________
Now starting branching with general disjunction
Current branching Node number: 1165
(node 615) proof of infeasible LP 1579 not valid -- solving again with tighter dual feasibility tolerance
LP objective value: 186335
Node lower bound: 186335
Node upper bound: 193750
gap to the primal bound: 1.53268
Preck submodel is infeasible, continue branching
General disjunction: No feasible solution found, use SCIP default branching rule
_____________________________________
Now starting branching with general disjunction
Current branching Node number: 746
LP objective value: 153000
Node lower bound: 153000
Node upper bound: 193750
gap to the primal bound: 1.53268
Preck submodel is infeasible, continue branching
General disjunction: No feasible solution found, use SCIP default branching rule
_____________________________________
Now starting branching with general disjunction
Current branching Node number: 1169
LP objective value: 153000
Node lower bound: 153000
Node upper bound: 193750
gap to the primal bound: 1.53268
Preck submodel is infeasible, continue branching
General disjunction: No feasible solution found, use SCIP default branching rule
_____________________________________
Now starting branching with general disjunction
Current branching Node number: 1171
LP objective value: 179250
Node lower bound: 179250
Node upper bound: 193750
gap to the primal bound: 1.53268
Preck submodel is infeasible, continue branching
General disjunction: No feasible solution found, use SCIP default branching rule
_____________________________________
Now starting branching with general disjunction
Current branching Node number: 673
LP objective value: 153000
Node lower bound: 153000
Node upper bound: 193750
gap to the primal bound: 1.53268
Preck submodel is infeasible, continue branching
General disjunction: Both Children are added
_____________________________________
Now starting branching with general disjunction
Current branching Node number: 1174
Relpscost reduced domain, skip general disjunction branching
_____________________________________
Now starting branching with general disjunction
Current branching Node number: 1174
LP objective value: 156834
Node lower bound: 156834
Node upper bound: 193750
gap to the primal bound: 1.53268
Preck submodel is infeasible, continue branching
General disjunction: No feasible solution found, use SCIP default branching rule
_____________________________________
Now starting branching with general disjunction
Current branching Node number: 1177
Relpscost reduced domain, skip general disjunction branching
_____________________________________
Now starting branching with general disjunction
Current branching Node number: 1177
LP objective value: 165754
Node lower bound: 165754
Node upper bound: 193750
gap to the primal bound: 1.53268
Preck submodel is infeasible, continue branching
General disjunction: No feasible solution found, use SCIP default branching rule
d1588s|   621 |   481 | 43013 |  68.3 |adaptive|  21 | 449 |1195 | 594 |   0 |  2 |1115 |1784 | 7.650000e+04 | 1.878000e+05 | 145.49%|   8.87%
_____________________________________
Now starting branching with general disjunction
Current branching Node number: 211
LP objective value: 153000
Node lower bound: 153000
Node upper bound: 187800
gap to the primal bound: 1.4549
Preck submodel is infeasible, continue branching
General disjunction: No feasible solution found, use SCIP default branching rule
_____________________________________
Now starting branching with general disjunction
Current branching Node number: 1180
LP objective value: 153000
Node lower bound: 153000
Node upper bound: 187800
gap to the primal bound: 1.4549
Preck submodel is infeasible, continue branching
General disjunction: No feasible solution found, use SCIP default branching rule
_____________________________________
Now starting branching with general disjunction
Current branching Node number: 1183
LP objective value: 179250
Node lower bound: 179250
Node upper bound: 187800
gap to the primal bound: 1.4549
Preck submodel is infeasible, continue branching
General disjunction: No feasible solution found, use SCIP default branching rule
_____________________________________
Now starting branching with general disjunction
Current branching Node number: 304
LP objective value: 153000
Node lower bound: 153000
Node upper bound: 187800
gap to the primal bound: 1.4549
Preck submodel is infeasible, continue branching
General disjunction: No feasible solution found, use SCIP default branching rule
_____________________________________
Now starting branching with general disjunction
Current branching Node number: 1186
LP objective value: 153000
Node lower bound: 153000
Node upper bound: 187800
gap to the primal bound: 1.4549
Preck submodel is infeasible, continue branching
General disjunction: No feasible solution found, use SCIP default branching rule
_____________________________________
Now starting branching with general disjunction
Current branching Node number: 623
(node 628) proof of infeasible LP 1628 not valid -- solving again with tighter dual feasibility tolerance
(node 628) proof of infeasible LP 1628 not valid -- solving again from scratch
Relpscost reduced domain, skip general disjunction branching
_____________________________________
Now starting branching with general disjunction
Current branching Node number: 623
LP objective value: 165000
Node lower bound: 165000
Node upper bound: 187800
gap to the primal bound: 1.4549
Preck submodel is infeasible, continue branching
General disjunction: No feasible solution found, use SCIP default branching rule
_____________________________________
Now starting branching with general disjunction
Current branching Node number: 1190
LP objective value: 165000
Node lower bound: 165000
Node upper bound: 187800
gap to the primal bound: 1.4549
Preck submodel is infeasible, continue branching
General disjunction: No feasible solution found, use SCIP default branching rule
_____________________________________
Now starting branching with general disjunction
Current branching Node number: 1193
Relpscost reduced domain, skip general disjunction branching
_____________________________________
Now starting branching with general disjunction
Current branching Node number: 1193
Relpscost reduced domain, skip general disjunction branching
_____________________________________
Now starting branching with general disjunction
Current branching Node number: 1193
LP objective value: 169430
Node lower bound: 169430
Node upper bound: 187800
gap to the primal bound: 1.4549
Preck submodel is infeasible, continue branching
General disjunction: No feasible solution found, use SCIP default branching rule
_____________________________________
Now starting branching with general disjunction
Current branching Node number: 660
LP objective value: 102000
Node lower bound: 102000
Node upper bound: 187800
gap to the primal bound: 1.4549
Preck submodel is infeasible, continue branching
General disjunction: No feasible solution found, use SCIP default branching rule
_____________________________________
Now starting branching with general disjunction
Current branching Node number: 1196
LP objective value: 153000
Node lower bound: 153000
Node upper bound: 187800
gap to the primal bound: 1.4549
Preck submodel is infeasible, continue branching
General disjunction: No feasible solution found, use SCIP default branching rule
_____________________________________
Now starting branching with general disjunction
Current branching Node number: 1199
LP objective value: 153000
Node lower bound: 153000
Node upper bound: 187800
gap to the primal bound: 1.4549
Preck submodel is infeasible, continue branching
General disjunction: No feasible solution found, use SCIP default branching rule
_____________________________________
Now starting branching with general disjunction
Current branching Node number: 1201
Relpscost reduced domain, skip general disjunction branching
_____________________________________
Now starting branching with general disjunction
Current branching Node number: 1201
LP objective value: 153000
Node lower bound: 153000
Node upper bound: 187800
gap to the primal bound: 1.4549
Preck submodel is infeasible, continue branching
General disjunction: No feasible solution found, use SCIP default branching rule
_____________________________________
Now starting branching with general disjunction
Current branching Node number: 666
Relpscost reduced domain, skip general disjunction branching
_____________________________________
Now starting branching with general disjunction
Current branching Node number: 666
Relpscost reduced domain, skip general disjunction branching
_____________________________________
Now starting branching with general disjunction
Current branching Node number: 666
LP objective value: 153000
Node lower bound: 153000
Node upper bound: 187800
gap to the primal bound: 1.4549
Preck submodel is infeasible, continue branching
General disjunction: No feasible solution found, use SCIP default branching rule
_____________________________________
Now starting branching with general disjunction
Current branching Node number: 1204
Relpscost reduced domain, skip general disjunction branching
_____________________________________
Now starting branching with general disjunction
Current branching Node number: 1204
LP objective value: 153000
Node lower bound: 153000
Node upper bound: 187800
gap to the primal bound: 1.4549
Preck submodel is infeasible, continue branching
General disjunction: No feasible solution found, use SCIP default branching rule
_____________________________________
Now starting branching with general disjunction
Current branching Node number: 1206
LP objective value: 153000
Node lower bound: 153000
Node upper bound: 187800
gap to the primal bound: 1.4549
Preck submodel is infeasible, continue branching
General disjunction: No feasible solution found, use SCIP default branching rule
_____________________________________
Now starting branching with general disjunction
Current branching Node number: 671
LP objective value: 153000
Node lower bound: 153000
Node upper bound: 187800
gap to the primal bound: 1.4549
Preck submodel is infeasible, continue branching
General disjunction: No feasible solution found, use SCIP default branching rule
_____________________________________
Now starting branching with general disjunction
Current branching Node number: 1210
LP objective value: 153000
Node lower bound: 153000
Node upper bound: 187800
gap to the primal bound: 1.4549
Preck submodel is infeasible, continue branching
General disjunction: No feasible solution found, use SCIP default branching rule
_____________________________________
Now starting branching with general disjunction
Current branching Node number: 1212
Relpscost reduced domain, skip general disjunction branching
_____________________________________
Now starting branching with general disjunction
Current branching Node number: 1212
Relpscost reduced domain, skip general disjunction branching
_____________________________________
Now starting branching with general disjunction
Current branching Node number: 1212
Relpscost reduced domain, skip general disjunction branching
_____________________________________
Now starting branching with general disjunction
Current branching Node number: 1212
LP objective value: 177001
Node lower bound: 177001
Node upper bound: 187800
gap to the primal bound: 1.4549
Preck submodel is infeasible, continue branching
General disjunction: No feasible solution found, use SCIP default branching rule
_____________________________________
Now starting branching with general disjunction
Current branching Node number: 736
LP objective value: 102000
Node lower bound: 102000
Node upper bound: 187800
gap to the primal bound: 1.4549
Preck submodel is infeasible, continue branching
General disjunction: No feasible solution found, use SCIP default branching rule
_____________________________________
Now starting branching with general disjunction
Current branching Node number: 1216
LP objective value: 153000
Node lower bound: 153000
Node upper bound: 187800
gap to the primal bound: 1.4549
Preck submodel is infeasible, continue branching
General disjunction: No feasible solution found, use SCIP default branching rule
_____________________________________
Now starting branching with general disjunction
Current branching Node number: 1219
LP objective value: 153000
Node lower bound: 153000
Node upper bound: 187800
gap to the primal bound: 1.4549
Preck submodel is infeasible, continue branching
General disjunction: No feasible solution found, use SCIP default branching rule
_____________________________________
Now starting branching with general disjunction
Current branching Node number: 1221
LP objective value: 153000
Node lower bound: 153000
Node upper bound: 187800
gap to the primal bound: 1.4549
Preck submodel is infeasible, continue branching
General disjunction: No feasible solution found, use SCIP default branching rule
_____________________________________
Now starting branching with general disjunction
Current branching Node number: 178
LP objective value: 131000
Node lower bound: 131000
Node upper bound: 187800
gap to the primal bound: 1.4549
Preck submodel is infeasible, continue branching
General disjunction: No feasible solution found, use SCIP default branching rule
_____________________________________
Now starting branching with general disjunction
Current branching Node number: 1225
LP objective value: 175000
Node lower bound: 175000
Node upper bound: 187800
gap to the primal bound: 1.4549
Preck submodel is infeasible, continue branching
General disjunction: No feasible solution found, use SCIP default branching rule
_____________________________________
Now starting branching with general disjunction
Current branching Node number: 1227
LP objective value: 175000
Node lower bound: 175000
Node upper bound: 187800
gap to the primal bound: 1.4549
Preck submodel is infeasible, continue branching
General disjunction: No feasible solution found, use SCIP default branching rule
_____________________________________
Now starting branching with general disjunction
Current branching Node number: 664
LP objective value: 153000
Node lower bound: 153000
Node upper bound: 187800
gap to the primal bound: 1.4549
Preck submodel is infeasible, continue branching
General disjunction: No feasible solution found, use SCIP default branching rule
_____________________________________
Now starting branching with general disjunction
Current branching Node number: 1231
LP objective value: 153000
Node lower bound: 153000
Node upper bound: 187800
gap to the primal bound: 1.4549
Preck submodel is infeasible, continue branching
General disjunction: No feasible solution found, use SCIP default branching rule
_____________________________________
Now starting branching with general disjunction
Current branching Node number: 1233
LP objective value: 153000
Node lower bound: 153000
Node upper bound: 187800
gap to the primal bound: 1.4549
Preck submodel is infeasible, continue branching
General disjunction: No feasible solution found, use SCIP default branching rule
_____________________________________
Now starting branching with general disjunction
Current branching Node number: 738
LP objective value: 102000
Node lower bound: 102000
Node upper bound: 187800
gap to the primal bound: 1.4549
Preck submodel is infeasible, continue branching
General disjunction: No feasible solution found, use SCIP default branching rule
_____________________________________
Now starting branching with general disjunction
Current branching Node number: 1236
LP objective value: 153000
Node lower bound: 153000
Node upper bound: 187800
gap to the primal bound: 1.4549
Preck submodel is infeasible, continue branching
General disjunction: No feasible solution found, use SCIP default branching rule
_____________________________________
Now starting branching with general disjunction
Current branching Node number: 1239
LP objective value: 153000
Node lower bound: 153000
Node upper bound: 187800
gap to the primal bound: 1.4549
Preck submodel is infeasible, continue branching
General disjunction: No feasible solution found, use SCIP default branching rule
_____________________________________
Now starting branching with general disjunction
Current branching Node number: 1241
LP objective value: 153000
Node lower bound: 153000
Node upper bound: 187800
gap to the primal bound: 1.4549
Preck submodel is infeasible, continue branching
General disjunction: No feasible solution found, use SCIP default branching rule
_____________________________________
Now starting branching with general disjunction
Current branching Node number: 624
LP objective value: 153000
Node lower bound: 153000
Node upper bound: 187800
gap to the primal bound: 1.4549
Preck submodel is infeasible, continue branching
General disjunction: No feasible solution found, use SCIP default branching rule
_____________________________________
Now starting branching with general disjunction
Current branching Node number: 1245
LP objective value: 153000
Node lower bound: 153000
Node upper bound: 187800
gap to the primal bound: 1.4549
Preck submodel is infeasible, continue branching
General disjunction: No feasible solution found, use SCIP default branching rule
_____________________________________
Now starting branching with general disjunction
Current branching Node number: 1246
Relpscost reduced domain, skip general disjunction branching
_____________________________________
Now starting branching with general disjunction
Current branching Node number: 1246
Relpscost reduced domain, skip general disjunction branching
_____________________________________
Now starting branching with general disjunction
Current branching Node number: 1246
LP objective value: 163601
Node lower bound: 163601
Node upper bound: 187800
gap to the primal bound: 1.4549
Preck submodel is infeasible, continue branching
General disjunction: Only Left constraint added:
_____________________________________
Now starting branching with general disjunction
Current branching Node number: 1246
Relpscost reduced domain, skip general disjunction branching
_____________________________________
Now starting branching with general disjunction
Current branching Node number: 1246
LP objective value: 176844
Node lower bound: 176844
Node upper bound: 187800
gap to the primal bound: 1.4549
Preck submodel is infeasible, continue branching
General disjunction: No feasible solution found, use SCIP default branching rule
_____________________________________
Now starting branching with general disjunction
Current branching Node number: 836
Relpscost reduced domain, skip general disjunction branching
_____________________________________
Now starting branching with general disjunction
Current branching Node number: 836
Relpscost reduced domain, skip general disjunction branching
_____________________________________
Now starting branching with general disjunction
Current branching Node number: 836
LP objective value: 153000
Node lower bound: 153000
Node upper bound: 187800
gap to the primal bound: 1.4549
Preck submodel is infeasible, continue branching
General disjunction: No feasible solution found, use SCIP default branching rule
_____________________________________
Now starting branching with general disjunction
Current branching Node number: 1250
LP objective value: 153000
Node lower bound: 153000
Node upper bound: 187800
gap to the primal bound: 1.4549
Preck submodel is infeasible, continue branching
General disjunction: No feasible solution found, use SCIP default branching rule
_____________________________________
Now starting branching with general disjunction
Current branching Node number: 1253
LP objective value: 153000
Node lower bound: 153000
Node upper bound: 187800
gap to the primal bound: 1.4549
Preck submodel is infeasible, continue branching
General disjunction: No feasible solution found, use SCIP default branching rule
_____________________________________
Now starting branching with general disjunction
Current branching Node number: 482
LP objective value: 102000
Node lower bound: 102000
Node upper bound: 187800
gap to the primal bound: 1.4549
Preck submodel is infeasible, continue branching
General disjunction: No feasible solution found, use SCIP default branching rule
_____________________________________
Now starting branching with general disjunction
Current branching Node number: 1256
LP objective value: 153000
Node lower bound: 153000
Node upper bound: 187800
gap to the primal bound: 1.4549
Preck submodel is infeasible, continue branching
General disjunction: No feasible solution found, use SCIP default branching rule
_____________________________________
Now starting branching with general disjunction
Current branching Node number: 1259
LP objective value: 153000
Node lower bound: 153000
Node upper bound: 187800
gap to the primal bound: 1.4549
Preck submodel is infeasible, continue branching
General disjunction: No feasible solution found, use SCIP default branching rule
_____________________________________
Now starting branching with general disjunction
Current branching Node number: 1261
LP objective value: 153000
Node lower bound: 153000
Node upper bound: 187800
gap to the primal bound: 1.4549
Preck submodel is infeasible, continue branching
General disjunction: No feasible solution found, use SCIP default branching rule
_____________________________________
Now starting branching with general disjunction
Current branching Node number: 215
LP objective value: 153000
Node lower bound: 153000
Node upper bound: 187800
gap to the primal bound: 1.4549
Preck submodel is infeasible, continue branching
General disjunction: Both Children are added
_____________________________________
Now starting branching with general disjunction
Current branching Node number: 1264
LP objective value: 154250
Node lower bound: 154250
Node upper bound: 187800
gap to the primal bound: 1.4549
Preck submodel is infeasible, continue branching
General disjunction: No feasible solution found, use SCIP default branching rule
_____________________________________
Now starting branching with general disjunction
Current branching Node number: 1266
LP objective value: 154250
Node lower bound: 154250
Node upper bound: 187800
gap to the primal bound: 1.4549
Preck submodel is infeasible, continue branching
General disjunction: No feasible solution found, use SCIP default branching rule
_____________________________________
Now starting branching with general disjunction
Current branching Node number: 208
LP objective value: 153000
Node lower bound: 153000
Node upper bound: 187800
gap to the primal bound: 1.4549
Preck submodel is infeasible, continue branching
General disjunction: No feasible solution found, use SCIP default branching rule
_____________________________________
Now starting branching with general disjunction
Current branching Node number: 1271
LP objective value: 153000
Node lower bound: 153000
Node upper bound: 187800
gap to the primal bound: 1.4549
Preck submodel is infeasible, continue branching
General disjunction: No feasible solution found, use SCIP default branching rule
_____________________________________
Now starting branching with general disjunction
Current branching Node number: 1273
LP objective value: 153000
Node lower bound: 153000
Node upper bound: 187800
gap to the primal bound: 1.4549
Preck submodel is infeasible, continue branching
General disjunction: No feasible solution found, use SCIP default branching rule
_____________________________________
Now starting branching with general disjunction
Current branching Node number: 1156
LP objective value: 102000
Node lower bound: 102000
Node upper bound: 187800
gap to the primal bound: 1.05246
Preck submodel is infeasible, continue branching
General disjunction: No feasible solution found, use SCIP default branching rule
_____________________________________
Now starting branching with general disjunction
Current branching Node number: 1276
LP objective value: 153000
Node lower bound: 153000
Node upper bound: 187800
gap to the primal bound: 1.05246
Preck submodel is infeasible, continue branching
General disjunction: No feasible solution found, use SCIP default branching rule
_____________________________________
Now starting branching with general disjunction
Current branching Node number: 1279
LP objective value: 153000
Node lower bound: 153000
Node upper bound: 187800
gap to the primal bound: 1.05246
Preck submodel is infeasible, continue branching
General disjunction: No feasible solution found, use SCIP default branching rule
_____________________________________
Now starting branching with general disjunction
Current branching Node number: 372
LP objective value: 153000
Node lower bound: 153000
Node upper bound: 187800
gap to the primal bound: 1.05246
Preck submodel is infeasible, continue branching
General disjunction: No feasible solution found, use SCIP default branching rule
_____________________________________
Now starting branching with general disjunction
Current branching Node number: 1282
Relpscost reduced domain, skip general disjunction branching
_____________________________________
Now starting branching with general disjunction
Current branching Node number: 1282
LP objective value: 153000
Node lower bound: 153000
Node upper bound: 187800
gap to the primal bound: 1.05246
Preck submodel is infeasible, continue branching
General disjunction: No feasible solution found, use SCIP default branching rule
_____________________________________
Now starting branching with general disjunction
Current branching Node number: 1285
LP objective value: 153000
Node lower bound: 153000
Node upper bound: 187800
gap to the primal bound: 1.05246
Preck submodel is infeasible, continue branching
General disjunction: No feasible solution found, use SCIP default branching rule
_____________________________________
Now starting branching with general disjunction
Current branching Node number: 906
Relpscost reduced domain, skip general disjunction branching
_____________________________________
Now starting branching with general disjunction
Current branching Node number: 906
Relpscost reduced domain, skip general disjunction branching
_____________________________________
Now starting branching with general disjunction
Current branching Node number: 906
Relpscost reduced domain, skip general disjunction branching
_____________________________________
Now starting branching with general disjunction
Current branching Node number: 906
Relpscost reduced domain, skip general disjunction branching
_____________________________________
Now starting branching with general disjunction
Current branching Node number: 906
LP objective value: 153000
Node lower bound: 153000
Node upper bound: 187800
gap to the primal bound: 1.05246
Preck submodel is infeasible, continue branching
General disjunction: No feasible solution found, use SCIP default branching rule
_____________________________________
Now starting branching with general disjunction
Current branching Node number: 1289
Relpscost reduced domain, skip general disjunction branching
_____________________________________
Now starting branching with general disjunction
Current branching Node number: 1289
LP objective value: 153000
Node lower bound: 153000
Node upper bound: 187800
gap to the primal bound: 1.05246
Preck submodel is infeasible, continue branching
General disjunction: No feasible solution found, use SCIP default branching rule
_____________________________________
Now starting branching with general disjunction
Current branching Node number: 1291
LP objective value: 156200
Node lower bound: 156200
Node upper bound: 187800
gap to the primal bound: 1.05246
Preck submodel is infeasible, continue branching
General disjunction: No feasible solution found, use SCIP default branching rule
_____________________________________
Now starting branching with general disjunction
Current branching Node number: 497
Relpscost reduced domain, skip general disjunction branching
_____________________________________
Now starting branching with general disjunction
Current branching Node number: 497
LP objective value: 153000
Node lower bound: 153000
Node upper bound: 187800
gap to the primal bound: 1.05246
Preck submodel is infeasible, continue branching
General disjunction: No feasible solution found, use SCIP default branching rule
_____________________________________
Now starting branching with general disjunction
Current branching Node number: 1295
LP objective value: 153000
Node lower bound: 153000
Node upper bound: 187800
gap to the primal bound: 1.05246
Preck submodel is infeasible, continue branching
General disjunction: No feasible solution found, use SCIP default branching rule
_____________________________________
Now starting branching with general disjunction
Current branching Node number: 1296
Relpscost reduced domain, skip general disjunction branching
_____________________________________
Now starting branching with general disjunction
Current branching Node number: 1296
LP objective value: 153000
Node lower bound: 153000
Node upper bound: 187800
gap to the primal bound: 1.05246
Preck submodel is infeasible, continue branching
General disjunction: No feasible solution found, use SCIP default branching rule
_____________________________________
Now starting branching with general disjunction
Current branching Node number: 495
Relpscost reduced domain, skip general disjunction branching
_____________________________________
Now starting branching with general disjunction
Current branching Node number: 495
LP objective value: 153000
Node lower bound: 153000
Node upper bound: 187800
gap to the primal bound: 1.05246
Preck submodel is infeasible, continue branching
General disjunction: No feasible solution found, use SCIP default branching rule
_____________________________________
Now starting branching with general disjunction
Current branching Node number: 1301
LP objective value: 179250
Node lower bound: 179250
Node upper bound: 187800
gap to the primal bound: 1.05246
Preck submodel is infeasible, continue branching
General disjunction: No feasible solution found, use SCIP default branching rule
_____________________________________
Now starting branching with general disjunction
Current branching Node number: 1303
LP objective value: 179250
Node lower bound: 179250
Node upper bound: 187800
gap to the primal bound: 1.05246
Preck submodel is infeasible, continue branching
General disjunction: No feasible solution found, use SCIP default branching rule
_____________________________________
Now starting branching with general disjunction
Current branching Node number: 627
LP objective value: 153000
Node lower bound: 153000
Node upper bound: 187800
gap to the primal bound: 1.05246
Preck submodel is infeasible, continue branching
General disjunction: No feasible solution found, use SCIP default branching rule
_____________________________________
Now starting branching with general disjunction
Current branching Node number: 1307
Relpscost reduced domain, skip general disjunction branching
_____________________________________
Now starting branching with general disjunction
Current branching Node number: 1307
LP objective value: 155286
Node lower bound: 155286
Node upper bound: 187800
gap to the primal bound: 1.05246
Preck submodel is infeasible, continue branching
General disjunction: No feasible solution found, use SCIP default branching rule
_____________________________________
Now starting branching with general disjunction
Current branching Node number: 1309
LP objective value: 163000
Node lower bound: 163000
Node upper bound: 187800
gap to the primal bound: 1.05246
Preck submodel is infeasible, continue branching
General disjunction: No feasible solution found, use SCIP default branching rule
_____________________________________
Now starting branching with general disjunction
Current branching Node number: 880
LP objective value: 153000
Node lower bound: 153000
Node upper bound: 187800
gap to the primal bound: 1.05246
Preck submodel is infeasible, continue branching
General disjunction: No feasible solution found, use SCIP default branching rule
(node 690) solution of LP 1869 not optimal (pfeas=0, dfeas=1) -- solving again with tighter feasibility tolerance
(node 690) solution of LP 1869 not optimal (pfeas=0, dfeas=1) -- solving again from scratch
_____________________________________
Now starting branching with general disjunction
Current branching Node number: 1312
Relpscost reduced domain, skip general disjunction branching
_____________________________________
Now starting branching with general disjunction
Current branching Node number: 1312
LP objective value: 153000
Node lower bound: 153000
Node upper bound: 187800
gap to the primal bound: 1.05246
Preck submodel is infeasible, continue branching
General disjunction: No feasible solution found, use SCIP default branching rule
_____________________________________
Now starting branching with general disjunction
Current branching Node number: 1315
Relpscost reduced domain, skip general disjunction branching
_____________________________________
Now starting branching with general disjunction
Current branching Node number: 1315
LP objective value: 159667
Node lower bound: 159667
Node upper bound: 187800
gap to the primal bound: 1.05246
Preck submodel is infeasible, continue branching
General disjunction: No feasible solution found, use SCIP default branching rule
(node 692) solution of LP 1875 not optimal (pfeas=0, dfeas=1) -- solving again with tighter feasibility tolerance
(node 692) solution of LP 1875 not optimal (pfeas=0, dfeas=1) -- solving again from scratch
_____________________________________
Now starting branching with general disjunction
Current branching Node number: 912
Relpscost reduced domain, skip general disjunction branching
_____________________________________
Now starting branching with general disjunction
Current branching Node number: 912
LP objective value: 153000
Node lower bound: 153000
Node upper bound: 187800
gap to the primal bound: 1.05246
Preck submodel is infeasible, continue branching
General disjunction: No feasible solution found, use SCIP default branching rule
_____________________________________
Now starting branching with general disjunction
Current branching Node number: 1319
Relpscost reduced domain, skip general disjunction branching
_____________________________________
Now starting branching with general disjunction
Current branching Node number: 1319
LP objective value: 153000
Node lower bound: 153000
Node upper bound: 187800
gap to the primal bound: 1.05246
Preck submodel is infeasible, continue branching
General disjunction: No feasible solution found, use SCIP default branching rule
_____________________________________
Now starting branching with general disjunction
Current branching Node number: 1321
Relpscost reduced domain, skip general disjunction branching
_____________________________________
Now starting branching with general disjunction
Current branching Node number: 1321
LP objective value: 153000
Node lower bound: 153000
Node upper bound: 187800
gap to the primal bound: 1.05246
Preck submodel is infeasible, continue branching
General disjunction: No feasible solution found, use SCIP default branching rule
_____________________________________
Now starting branching with general disjunction
Current branching Node number: 668
LP objective value: 153000
Node lower bound: 153000
Node upper bound: 187800
gap to the primal bound: 1.05246
Preck submodel is infeasible, continue branching
General disjunction: No feasible solution found, use SCIP default branching rule
_____________________________________
Now starting branching with general disjunction
Current branching Node number: 1324
LP objective value: 153000
Node lower bound: 153000
Node upper bound: 187800
gap to the primal bound: 1.05246
Preck submodel is infeasible, continue branching
General disjunction: No feasible solution found, use SCIP default branching rule
_____________________________________
Now starting branching with general disjunction
Current branching Node number: 1327
LP objective value: 153000
Node lower bound: 153000
Node upper bound: 187800
gap to the primal bound: 1.05246
Preck submodel is infeasible, continue branching
General disjunction: No feasible solution found, use SCIP default branching rule
_____________________________________
Now starting branching with general disjunction
Current branching Node number: 632
LP objective value: 169250
Node lower bound: 169250
Node upper bound: 187800
gap to the primal bound: 1.05246
Preck submodel is infeasible, continue branching
General disjunction: No feasible solution found, use SCIP default branching rule
_____________________________________
Now starting branching with general disjunction
Current branching Node number: 1330
LP objective value: 169250
Node lower bound: 169250
Node upper bound: 187800
gap to the primal bound: 1.05246
Preck submodel is infeasible, continue branching
General disjunction: No feasible solution found, use SCIP default branching rule
 1821s|   700 |   556 | 52391 |  74.0 |    19M |  21 | 449 |1621 | 595 |2273 |  1 |1551 |1885 | 9.150000e+04 | 1.878000e+05 | 105.25%|   9.66%
_____________________________________
Now starting branching with general disjunction
Current branching Node number: 926
LP objective value: 91500
Node lower bound: 91500
Node upper bound: 187800
gap to the primal bound: 1.05246
Preck submodel is infeasible, continue branching
General disjunction: No feasible solution found, use SCIP default branching rule
_____________________________________
Now starting branching with general disjunction
Current branching Node number: 1335
LP objective value: 153000
Node lower bound: 153000
Node upper bound: 187800
gap to the primal bound: 1.05246
Preck submodel is infeasible, continue branching
General disjunction: No feasible solution found, use SCIP default branching rule
_____________________________________
Now starting branching with general disjunction
Current branching Node number: 1337
LP objective value: 153000
Node lower bound: 153000
Node upper bound: 187800
gap to the primal bound: 1.05246
Preck submodel is infeasible, continue branching
General disjunction: No feasible solution found, use SCIP default branching rule
_____________________________________
Now starting branching with general disjunction
Current branching Node number: 620
Relpscost reduced domain, skip general disjunction branching
_____________________________________
Now starting branching with general disjunction
Current branching Node number: 620
LP objective value: 153000
Node lower bound: 153000
Node upper bound: 187800
gap to the primal bound: 1.05246
Preck submodel is infeasible, continue branching
General disjunction: No feasible solution found, use SCIP default branching rule
_____________________________________
Now starting branching with general disjunction
Current branching Node number: 1341
LP objective value: 154800
Node lower bound: 154800
Node upper bound: 187800
gap to the primal bound: 1.05246
Preck submodel is infeasible, continue branching
General disjunction: No feasible solution found, use SCIP default branching rule
_____________________________________
Now starting branching with general disjunction
Current branching Node number: 1342
LP objective value: 154800
Node lower bound: 154800
Node upper bound: 187800
gap to the primal bound: 1.05246
Preck submodel is infeasible, continue branching
General disjunction: No feasible solution found, use SCIP default branching rule
_____________________________________
Now starting branching with general disjunction
Current branching Node number: 1164
Relpscost reduced domain, skip general disjunction branching
_____________________________________
Now starting branching with general disjunction
Current branching Node number: 1164
Relpscost reduced domain, skip general disjunction branching
_____________________________________
Now starting branching with general disjunction
Current branching Node number: 1164
LP objective value: 153000
Node lower bound: 153000
Node upper bound: 187800
gap to the primal bound: 1.05246
Preck submodel is infeasible, continue branching
General disjunction: Both Children are added
_____________________________________
Now starting branching with general disjunction
Current branching Node number: 1346
Relpscost reduced domain, skip general disjunction branching
_____________________________________
Now starting branching with general disjunction
Current branching Node number: 1346
LP objective value: 179500
Node lower bound: 179500
Node upper bound: 187800
gap to the primal bound: 1.05246
Preck submodel is infeasible, continue branching
General disjunction: No feasible solution found, use SCIP default branching rule
_____________________________________
Now starting branching with general disjunction
Current branching Node number: 1348
LP objective value: 179500
Node lower bound: 179500
Node upper bound: 187800
gap to the primal bound: 1.05246
Preck submodel is infeasible, continue branching
General disjunction: No feasible solution found, use SCIP default branching rule
_____________________________________
Now starting branching with general disjunction
Current branching Node number: 416
LP objective value: 153000
Node lower bound: 153000
Node upper bound: 187800
gap to the primal bound: 1.05246
Preck submodel is infeasible, continue branching
General disjunction: No feasible solution found, use SCIP default branching rule
_____________________________________
Now starting branching with general disjunction
Current branching Node number: 1352
LP objective value: 153000
Node lower bound: 153000
Node upper bound: 187800
gap to the primal bound: 1.05246
Preck submodel is infeasible, continue branching
General disjunction: No feasible solution found, use SCIP default branching rule
_____________________________________
Now starting branching with general disjunction
Current branching Node number: 1354
Relpscost reduced domain, skip general disjunction branching
_____________________________________
Now starting branching with general disjunction
Current branching Node number: 1354
Relpscost reduced domain, skip general disjunction branching
_____________________________________
Now starting branching with general disjunction
Current branching Node number: 1354
Relpscost reduced domain, skip general disjunction branching
(node 712) solution of LP 1940 not optimal (pfeas=0, dfeas=1) -- solving again with tighter feasibility tolerance
(node 712) solution of LP 1940 not optimal (pfeas=0, dfeas=1) -- solving again from scratch
_____________________________________
Now starting branching with general disjunction
Current branching Node number: 1354
Relpscost reduced domain, skip general disjunction branching
_____________________________________
Now starting branching with general disjunction
Current branching Node number: 1354
Relpscost reduced domain, skip general disjunction branching
_____________________________________
Now starting branching with general disjunction
Current branching Node number: 1354
Relpscost reduced domain, skip general disjunction branching
_____________________________________
Now starting branching with general disjunction
Current branching Node number: 1354
LP objective value: 153000
Node lower bound: 153000
Node upper bound: 187800
gap to the primal bound: 1.05246
Preck submodel is infeasible, continue branching
General disjunction: No feasible solution found, use SCIP default branching rule
_____________________________________
Now starting branching with general disjunction
Current branching Node number: 716
LP objective value: 153000
Node lower bound: 153000
Node upper bound: 187800
gap to the primal bound: 1.05246
Preck submodel is infeasible, continue branching
General disjunction: No feasible solution found, use SCIP default branching rule
_____________________________________
Now starting branching with general disjunction
Current branching Node number: 1359
LP objective value: 153000
Node lower bound: 153000
Node upper bound: 187800
gap to the primal bound: 1.05246
Preck submodel is infeasible, continue branching
General disjunction: No feasible solution found, use SCIP default branching rule
_____________________________________
Now starting branching with general disjunction
Current branching Node number: 1361
LP objective value: 153000
Node lower bound: 153000
Node upper bound: 187800
gap to the primal bound: 1.05246
Preck submodel is infeasible, continue branching
General disjunction: No feasible solution found, use SCIP default branching rule
_____________________________________
Now starting branching with general disjunction
Current branching Node number: 631
(node 716) proof of infeasible LP 1956 not valid -- solving again with tighter dual feasibility tolerance
(node 716) proof of infeasible LP 1956 not valid -- solving again from scratch
Relpscost reduced domain, skip general disjunction branching
_____________________________________
Now starting branching with general disjunction
Current branching Node number: 631
LP objective value: 153000
Node lower bound: 153000
Node upper bound: 187800
gap to the primal bound: 1.05246
Preck submodel is infeasible, continue branching
General disjunction: No feasible solution found, use SCIP default branching rule
_____________________________________
Now starting branching with general disjunction
Current branching Node number: 1364
LP objective value: 153000
Node lower bound: 153000
Node upper bound: 187800
gap to the primal bound: 1.05246
Preck submodel is infeasible, continue branching
General disjunction: No feasible solution found, use SCIP default branching rule
_____________________________________
Now starting branching with general disjunction
Current branching Node number: 1367
Relpscost reduced domain, skip general disjunction branching
_____________________________________
Now starting branching with general disjunction
Current branching Node number: 1367
LP objective value: 168127
Node lower bound: 168127
Node upper bound: 187800
gap to the primal bound: 1.05246
Preck submodel is infeasible, continue branching
General disjunction: No feasible solution found, use SCIP default branching rule
_____________________________________
Now starting branching with general disjunction
Current branching Node number: 744
LP objective value: 153000
Node lower bound: 153000
Node upper bound: 187800
gap to the primal bound: 1.05246
Preck submodel is infeasible, continue branching
General disjunction: No feasible solution found, use SCIP default branching rule
_____________________________________
Now starting branching with general disjunction
Current branching Node number: 1371
Relpscost reduced domain, skip general disjunction branching
_____________________________________
Now starting branching with general disjunction
Current branching Node number: 1371
Relpscost reduced domain, skip general disjunction branching
_____________________________________
Now starting branching with general disjunction
Current branching Node number: 1371
LP objective value: 153000
Node lower bound: 153000
Node upper bound: 187800
gap to the primal bound: 1.05246
Preck submodel is infeasible, continue branching
General disjunction: No feasible solution found, use SCIP default branching rule
_____________________________________
Now starting branching with general disjunction
Current branching Node number: 1373
LP objective value: 153000
Node lower bound: 153000
Node upper bound: 187800
gap to the primal bound: 1.05246
Preck submodel is infeasible, continue branching
General disjunction: No feasible solution found, use SCIP default branching rule
_____________________________________
Now starting branching with general disjunction
Current branching Node number: 488
LP objective value: 153000
Node lower bound: 153000
Node upper bound: 187800
gap to the primal bound: 1.05246
Preck submodel is infeasible, continue branching
General disjunction: No feasible solution found, use SCIP default branching rule
_____________________________________
Now starting branching with general disjunction
Current branching Node number: 1377
Relpscost reduced domain, skip general disjunction branching
_____________________________________
Now starting branching with general disjunction
Current branching Node number: 1377
Relpscost reduced domain, skip general disjunction branching
_____________________________________
Now starting branching with general disjunction
Current branching Node number: 1377
LP objective value: 153000
Node lower bound: 153000
Node upper bound: 187800
gap to the primal bound: 1.05246
Preck submodel is infeasible, continue branching
General disjunction: No feasible solution found, use SCIP default branching rule
_____________________________________
Now starting branching with general disjunction
Current branching Node number: 1379
Relpscost reduced domain, skip general disjunction branching
_____________________________________
Now starting branching with general disjunction
Current branching Node number: 1379
LP objective value: 153000
Node lower bound: 153000
Node upper bound: 187800
gap to the primal bound: 1.05246
Preck submodel is infeasible, continue branching
General disjunction: No feasible solution found, use SCIP default branching rule
_____________________________________
Now starting branching with general disjunction
Current branching Node number: 818
LP objective value: 153000
Node lower bound: 153000
Node upper bound: 187800
gap to the primal bound: 1.05246
Preck submodel is infeasible, continue branching
General disjunction: No feasible solution found, use SCIP default branching rule
_____________________________________
Now starting branching with general disjunction
Current branching Node number: 1382
LP objective value: 153000
Node lower bound: 153000
Node upper bound: 187800
gap to the primal bound: 1.05246
Preck submodel is infeasible, continue branching
General disjunction: No feasible solution found, use SCIP default branching rule
_____________________________________
Now starting branching with general disjunction
Current branching Node number: 1385
Relpscost reduced domain, skip general disjunction branching
_____________________________________
Now starting branching with general disjunction
Current branching Node number: 1385
LP objective value: 168200
Node lower bound: 168200
Node upper bound: 187800
gap to the primal bound: 1.05246
Preck submodel is infeasible, continue branching
General disjunction: No feasible solution found, use SCIP default branching rule
_____________________________________
Now starting branching with general disjunction
Current branching Node number: 37
LP objective value: 153000
Node lower bound: 153000
Node upper bound: 187800
gap to the primal bound: 1.05246
Preck submodel is infeasible, continue branching
General disjunction: No feasible solution found, use SCIP default branching rule
_____________________________________
Now starting branching with general disjunction
Current branching Node number: 1389
LP objective value: 153000
Node lower bound: 153000
Node upper bound: 187800
gap to the primal bound: 1.05246
Preck submodel is infeasible, continue branching
General disjunction: No feasible solution found, use SCIP default branching rule
_____________________________________
Now starting branching with general disjunction
Current branching Node number: 1391
LP objective value: 153000
Node lower bound: 153000
Node upper bound: 187800
gap to the primal bound: 1.05246
Preck submodel is infeasible, continue branching
General disjunction: No feasible solution found, use SCIP default branching rule
_____________________________________
Now starting branching with general disjunction
Current branching Node number: 928
LP objective value: 91500
Node lower bound: 91500
Node upper bound: 187800
gap to the primal bound: 1.05246
Preck submodel is infeasible, continue branching
General disjunction: No feasible solution found, use SCIP default branching rule
_____________________________________
Now starting branching with general disjunction
Current branching Node number: 1395
LP objective value: 153000
Node lower bound: 153000
Node upper bound: 187800
gap to the primal bound: 1.05246
Preck submodel is infeasible, continue branching
General disjunction: No feasible solution found, use SCIP default branching rule
_____________________________________
Now starting branching with general disjunction
Current branching Node number: 1397
LP objective value: 153000
Node lower bound: 153000
Node upper bound: 187800
gap to the primal bound: 1.05246
Preck submodel is infeasible, continue branching
General disjunction: No feasible solution found, use SCIP default branching rule
_____________________________________
Now starting branching with general disjunction
Current branching Node number: 688
LP objective value: 153000
Node lower bound: 153000
Node upper bound: 187800
gap to the primal bound: 1.05246
Preck submodel is infeasible, continue branching
General disjunction: No feasible solution found, use SCIP default branching rule
_____________________________________
Now starting branching with general disjunction
Current branching Node number: 1401
LP objective value: 159667
Node lower bound: 159667
Node upper bound: 187800
gap to the primal bound: 1.05246
Preck submodel is infeasible, continue branching
General disjunction: No feasible solution found, use SCIP default branching rule
_____________________________________
Now starting branching with general disjunction
Current branching Node number: 1403
LP objective value: 159667
Node lower bound: 159667
Node upper bound: 187800
gap to the primal bound: 1.05246
Preck submodel is infeasible, continue branching
General disjunction: No feasible solution found, use SCIP default branching rule
_____________________________________
Now starting branching with general disjunction
Current branching Node number: 724
LP objective value: 153000
Node lower bound: 153000
Node upper bound: 187800
gap to the primal bound: 1.05246
Preck submodel is infeasible, continue branching
General disjunction: No feasible solution found, use SCIP default branching rule
_____________________________________
Now starting branching with general disjunction
Current branching Node number: 1407
LP objective value: 175000
Node lower bound: 175000
Node upper bound: 187800
gap to the primal bound: 1.05246
Preck submodel is infeasible, continue branching
General disjunction: No feasible solution found, use SCIP default branching rule
_____________________________________
Now starting branching with general disjunction
Current branching Node number: 1409
LP objective value: 175000
Node lower bound: 175000
Node upper bound: 187800
gap to the primal bound: 1.05246
Preck submodel is infeasible, continue branching
General disjunction: No feasible solution found, use SCIP default branching rule
_____________________________________
Now starting branching with general disjunction
Current branching Node number: 1208
LP objective value: 153000
Node lower bound: 153000
Node upper bound: 187800
gap to the primal bound: 1.05246
Preck submodel is infeasible, continue branching
General disjunction: No feasible solution found, use SCIP default branching rule
_____________________________________
Now starting branching with general disjunction
Current branching Node number: 1413
LP objective value: 153000
Node lower bound: 153000
Node upper bound: 187800
gap to the primal bound: 1.05246
Preck submodel is infeasible, continue branching
General disjunction: No feasible solution found, use SCIP default branching rule
_____________________________________
Now starting branching with general disjunction
Current branching Node number: 1414
LP objective value: 153000
Node lower bound: 153000
Node upper bound: 187800
gap to the primal bound: 1.05246
Preck submodel is infeasible, continue branching
General disjunction: No feasible solution found, use SCIP default branching rule
_____________________________________
Now starting branching with general disjunction
Current branching Node number: 404
Relpscost reduced domain, skip general disjunction branching
_____________________________________
Now starting branching with general disjunction
Current branching Node number: 404
LP objective value: 153000
Node lower bound: 153000
Node upper bound: 187800
gap to the primal bound: 1.05246
Preck submodel is infeasible, continue branching
General disjunction: No feasible solution found, use SCIP default branching rule
_____________________________________
Now starting branching with general disjunction
Current branching Node number: 1418
LP objective value: 153000
Node lower bound: 153000
Node upper bound: 187800
gap to the primal bound: 1.05246
Preck submodel is infeasible, continue branching
General disjunction: No feasible solution found, use SCIP default branching rule
_____________________________________
Now starting branching with general disjunction
Current branching Node number: 1421
LP objective value: 153000
Node lower bound: 153000
Node upper bound: 187800
gap to the primal bound: 1.05246
Preck submodel is infeasible, continue branching
General disjunction: No feasible solution found, use SCIP default branching rule
_____________________________________
Now starting branching with general disjunction
Current branching Node number: 1092
Relpscost reduced domain, skip general disjunction branching
_____________________________________
Now starting branching with general disjunction
Current branching Node number: 1092
LP objective value: 153000
Node lower bound: 153000
Node upper bound: 187800
gap to the primal bound: 1.05246
Preck submodel is infeasible, continue branching
General disjunction: No feasible solution found, use SCIP default branching rule
_____________________________________
Now starting branching with general disjunction
Current branching Node number: 1424
LP objective value: 153000
Node lower bound: 153000
Node upper bound: 187800
gap to the primal bound: 1.05246
Preck submodel is infeasible, continue branching
General disjunction: No feasible solution found, use SCIP default branching rule
_____________________________________
Now starting branching with general disjunction
Current branching Node number: 1427
LP objective value: 153000
Node lower bound: 153000
Node upper bound: 187800
gap to the primal bound: 1.05246
Preck submodel is infeasible, continue branching
General disjunction: No feasible solution found, use SCIP default branching rule
_____________________________________
Now starting branching with general disjunction
Current branching Node number: 1142
Relpscost reduced domain, skip general disjunction branching
_____________________________________
Now starting branching with general disjunction
Current branching Node number: 1142
LP objective value: 153000
Node lower bound: 153000
Node upper bound: 187800
gap to the primal bound: 1.05246
Preck submodel is infeasible, continue branching
General disjunction: No feasible solution found, use SCIP default branching rule
_____________________________________
Now starting branching with general disjunction
Current branching Node number: 1431
LP objective value: 153000
Node lower bound: 153000
Node upper bound: 187800
gap to the primal bound: 1.05246
Preck submodel is infeasible, continue branching
General disjunction: No feasible solution found, use SCIP default branching rule
_____________________________________
Now starting branching with general disjunction
Current branching Node number: 1433
Relpscost reduced domain, skip general disjunction branching
_____________________________________
Now starting branching with general disjunction
Current branching Node number: 1433
LP objective value: 153000
Node lower bound: 153000
Node upper bound: 187800
gap to the primal bound: 1.05246
Preck submodel is infeasible, continue branching
General disjunction: No feasible solution found, use SCIP default branching rule
_____________________________________
Now starting branching with general disjunction
Current branching Node number: 13
Relpscost reduced domain, skip general disjunction branching
_____________________________________
Now starting branching with general disjunction
Current branching Node number: 13
LP objective value: 159667
Node lower bound: 159667
Node upper bound: 187800
gap to the primal bound: 1.05246
Preck submodel is infeasible, continue branching
General disjunction: No feasible solution found, use SCIP default branching rule
_____________________________________
Now starting branching with general disjunction
Current branching Node number: 1437
LP objective value: 164250
Node lower bound: 164250
Node upper bound: 187800
gap to the primal bound: 1.05246
Preck submodel is infeasible, continue branching
General disjunction: No feasible solution found, use SCIP default branching rule
_____________________________________
Now starting branching with general disjunction
Current branching Node number: 1439
LP objective value: 172400
Node lower bound: 172400
Node upper bound: 187800
gap to the primal bound: 1.05246
Preck submodel is infeasible, continue branching
General disjunction: No feasible solution found, use SCIP default branching rule
_____________________________________
Now starting branching with general disjunction
Current branching Node number: 616
LP objective value: 153000
Node lower bound: 153000
Node upper bound: 187800
gap to the primal bound: 1.05246
Preck submodel is infeasible, continue branching
General disjunction: No feasible solution found, use SCIP default branching rule
_____________________________________
Now starting branching with general disjunction
Current branching Node number: 1443
Relpscost reduced domain, skip general disjunction branching
_____________________________________
Now starting branching with general disjunction
Current branching Node number: 1443
LP objective value: 153000
Node lower bound: 153000
Node upper bound: 187800
gap to the primal bound: 1.05246
Preck submodel is infeasible, continue branching
General disjunction: No feasible solution found, use SCIP default branching rule
_____________________________________
Now starting branching with general disjunction
Current branching Node number: 1444
LP objective value: 153000
Node lower bound: 153000
Node upper bound: 187800
gap to the primal bound: 1.05246
Preck submodel is infeasible, continue branching
General disjunction: No feasible solution found, use SCIP default branching rule
_____________________________________
Now starting branching with general disjunction
Current branching Node number: 463
LP objective value: 153000
Node lower bound: 153000
Node upper bound: 187800
gap to the primal bound: 1.05246
Preck submodel is infeasible, continue branching
General disjunction: No feasible solution found, use SCIP default branching rule
_____________________________________
Now starting branching with general disjunction
Current branching Node number: 1448
LP objective value: 153000
Node lower bound: 153000
Node upper bound: 187800
gap to the primal bound: 1.05246
Preck submodel is infeasible, continue branching
General disjunction: No feasible solution found, use SCIP default branching rule
_____________________________________
Now starting branching with general disjunction
Current branching Node number: 1451
LP objective value: 175000
Node lower bound: 175000
Node upper bound: 187800
gap to the primal bound: 1.05246
Preck submodel is infeasible, continue branching
General disjunction: No feasible solution found, use SCIP default branching rule
_____________________________________
Now starting branching with general disjunction
Current branching Node number: 1334
LP objective value: 91500
Node lower bound: 91500
Node upper bound: 187800
gap to the primal bound: 1.05246
Preck submodel is infeasible, continue branching
General disjunction: No feasible solution found, use SCIP default branching rule
_____________________________________
Now starting branching with general disjunction
Current branching Node number: 1455
LP objective value: 153000
Node lower bound: 153000
Node upper bound: 187800
gap to the primal bound: 1.05246
Preck submodel is infeasible, continue branching
General disjunction: No feasible solution found, use SCIP default branching rule
_____________________________________
Now starting branching with general disjunction
Current branching Node number: 1457
LP objective value: 153000
Node lower bound: 153000
Node upper bound: 187800
gap to the primal bound: 1.05246
Preck submodel is infeasible, continue branching
General disjunction: No feasible solution found, use SCIP default branching rule
_____________________________________
Now starting branching with general disjunction
Current branching Node number: 1299
Relpscost reduced domain, skip general disjunction branching
_____________________________________
Now starting branching with general disjunction
Current branching Node number: 1299
LP objective value: 153000
Node lower bound: 153000
Node upper bound: 187800
gap to the primal bound: 1.05246
Preck submodel is infeasible, continue branching
General disjunction: Both Children are added
_____________________________________
Now starting branching with general disjunction
Current branching Node number: 1460
LP objective value: 154250
Node lower bound: 154250
Node upper bound: 187800
gap to the primal bound: 1.05246
Preck submodel is infeasible, continue branching
General disjunction: No feasible solution found, use SCIP default branching rule
_____________________________________
Now starting branching with general disjunction
Current branching Node number: 1463
Relpscost reduced domain, skip general disjunction branching
_____________________________________
Now starting branching with general disjunction
Current branching Node number: 1463
LP objective value: 155163
Node lower bound: 155163
Node upper bound: 187800
gap to the primal bound: 1.05246
Preck submodel is infeasible, continue branching
General disjunction: Both Children are added
_____________________________________
Now starting branching with general disjunction
Current branching Node number: 1464
LP objective value: 176875
Node lower bound: 176875
Node upper bound: 187800
gap to the primal bound: 1.05246
Preck submodel is infeasible, continue branching
General disjunction: Only Left constraint added:
_____________________________________
Now starting branching with general disjunction
Current branching Node number: 1464
Relpscost reduced domain, skip general disjunction branching
_____________________________________
Now starting branching with general disjunction
Current branching Node number: 1464
LP objective value: 184703
Node lower bound: 184703
Node upper bound: 187800
gap to the primal bound: 1.05246
Preck submodel is infeasible, continue branching
General disjunction: Infeasible disjunction
_____________________________________
Now starting branching with general disjunction
Current branching Node number: 1465
Relpscost reduced domain, skip general disjunction branching
_____________________________________
Now starting branching with general disjunction
Current branching Node number: 1465
LP objective value: 155168
Node lower bound: 155168
Node upper bound: 187800
gap to the primal bound: 1.05246
Preck submodel is infeasible, continue branching
General disjunction: Both Children are added
_____________________________________
Now starting branching with general disjunction
Current branching Node number: 1466
LP objective value: 184000
Node lower bound: 184000
Node upper bound: 187800
gap to the primal bound: 1.05246
Preck submodel is infeasible, continue branching
General disjunction: Infeasible disjunction
_____________________________________
Now starting branching with general disjunction
Current branching Node number: 1467
Relpscost reduced domain, skip general disjunction branching
_____________________________________
Now starting branching with general disjunction
Current branching Node number: 1467
LP objective value: 155591
Node lower bound: 155591
Node upper bound: 187800
gap to the primal bound: 1.05246
Preck submodel is infeasible, continue branching
General disjunction: Both Children are added
_____________________________________
Now starting branching with general disjunction
Current branching Node number: 1468
LP objective value: 183500
Node lower bound: 183500
Node upper bound: 187800
gap to the primal bound: 1.05246
Preck submodel is infeasible, continue branching
General disjunction: No feasible solution found, use SCIP default branching rule
_____________________________________
Now starting branching with general disjunction
Current branching Node number: 1470
LP objective value: 183500
Node lower bound: 183500
Node upper bound: 187800
gap to the primal bound: 1.05246
Preck submodel is infeasible, continue branching
General disjunction: No feasible solution found, use SCIP default branching rule
_____________________________________
Now starting branching with general disjunction
Current branching Node number: 934
LP objective value: 154000
Node lower bound: 154000
Node upper bound: 187800
gap to the primal bound: 1.05246
Preck submodel is infeasible, continue branching
General disjunction: No feasible solution found, use SCIP default branching rule
_____________________________________
Now starting branching with general disjunction
Current branching Node number: 1475
LP objective value: 177250
Node lower bound: 177250
Node upper bound: 187800
gap to the primal bound: 1.05246
Preck submodel is infeasible, continue branching
General disjunction: No feasible solution found, use SCIP default branching rule
_____________________________________
Now starting branching with general disjunction
Current branching Node number: 1476
LP objective value: 177250
Node lower bound: 177250
Node upper bound: 187800
gap to the primal bound: 1.05246
Preck submodel is infeasible, continue branching
General disjunction: No feasible solution found, use SCIP default branching rule
(node 776) solution of LP 2265 not optimal (pfeas=1, dfeas=0) -- solving again with tighter feasibility tolerance
(node 776) solution of LP 2268 not optimal (pfeas=1, dfeas=0) -- solving again with tighter feasibility tolerance
_____________________________________
Now starting branching with general disjunction
Current branching Node number: 464
LP objective value: 153000
Node lower bound: 153000
Node upper bound: 187800
gap to the primal bound: 1.05246
Preck submodel is infeasible, continue branching
General disjunction: No feasible solution found, use SCIP default branching rule
_____________________________________
Now starting branching with general disjunction
Current branching Node number: 1480
LP objective value: 153000
Node lower bound: 153000
Node upper bound: 187800
gap to the primal bound: 1.05246
Preck submodel is infeasible, continue branching
General disjunction: No feasible solution found, use SCIP default branching rule
_____________________________________
Now starting branching with general disjunction
Current branching Node number: 1483
LP objective value: 153000
Node lower bound: 153000
Node upper bound: 187800
gap to the primal bound: 1.05246
Preck submodel is infeasible, continue branching
General disjunction: No feasible solution found, use SCIP default branching rule
_____________________________________
Now starting branching with general disjunction
Current branching Node number: 629
Relpscost reduced domain, skip general disjunction branching
_____________________________________
Now starting branching with general disjunction
Current branching Node number: 629
LP objective value: 155400
Node lower bound: 155400
Node upper bound: 187800
gap to the primal bound: 1.05246
Preck submodel is infeasible, continue branching
General disjunction: No feasible solution found, use SCIP default branching rule
_____________________________________
Now starting branching with general disjunction
Current branching Node number: 1487
LP objective value: 168000
Node lower bound: 168000
Node upper bound: 187800
gap to the primal bound: 1.05246
Preck submodel is infeasible, continue branching
General disjunction: No feasible solution found, use SCIP default branching rule
_____________________________________
Now starting branching with general disjunction
Current branching Node number: 1488
LP objective value: 184600
Node lower bound: 184600
Node upper bound: 187800
gap to the primal bound: 1.05246
Preck submodel is infeasible, continue branching
General disjunction: No feasible solution found, use SCIP default branching rule
_____________________________________
Now starting branching with general disjunction
Current branching Node number: 403
LP objective value: 153000
Node lower bound: 153000
Node upper bound: 187800
gap to the primal bound: 1.05246
Preck submodel is infeasible, continue branching
General disjunction: No feasible solution found, use SCIP default branching rule
_____________________________________
Now starting branching with general disjunction
Current branching Node number: 1492
LP objective value: 153000
Node lower bound: 153000
Node upper bound: 187800
gap to the primal bound: 1.05246
Preck submodel is infeasible, continue branching
General disjunction: No feasible solution found, use SCIP default branching rule
_____________________________________
Now starting branching with general disjunction
Current branching Node number: 1495
LP objective value: 175000
Node lower bound: 175000
Node upper bound: 187800
gap to the primal bound: 1.05246
Preck submodel is infeasible, continue branching
General disjunction: No feasible solution found, use SCIP default branching rule
_____________________________________
Now starting branching with general disjunction
Current branching Node number: 1154
LP objective value: 153000
Node lower bound: 153000
Node upper bound: 187800
gap to the primal bound: 1.05246
Preck submodel is infeasible, continue branching
General disjunction: No feasible solution found, use SCIP default branching rule
_____________________________________
Now starting branching with general disjunction
Current branching Node number: 1499
Relpscost reduced domain, skip general disjunction branching
_____________________________________
Now starting branching with general disjunction
Current branching Node number: 1499
LP objective value: 158819
Node lower bound: 158819
Node upper bound: 187800
gap to the primal bound: 1.05246
Preck submodel is infeasible, continue branching
General disjunction: No feasible solution found, use SCIP default branching rule
_____________________________________
Now starting branching with general disjunction
Current branching Node number: 1501
Relpscost reduced domain, skip general disjunction branching
_____________________________________
Now starting branching with general disjunction
Current branching Node number: 1501
LP objective value: 175132
Node lower bound: 175132
Node upper bound: 187800
gap to the primal bound: 1.05246
Preck submodel is infeasible, continue branching
General disjunction: Both Children are added
_____________________________________
Now starting branching with general disjunction
Current branching Node number: 560
LP objective value: 153000
Node lower bound: 153000
Node upper bound: 187800
gap to the primal bound: 1.05246
Preck submodel is infeasible, continue branching
General disjunction: No feasible solution found, use SCIP default branching rule
_____________________________________
Now starting branching with general disjunction
Current branching Node number: 1505
LP objective value: 159667
Node lower bound: 159667
Node upper bound: 187800
gap to the primal bound: 1.05246
Preck submodel is infeasible, continue branching
General disjunction: No feasible solution found, use SCIP default branching rule
_____________________________________
Now starting branching with general disjunction
Current branching Node number: 1506
LP objective value: 159667
Node lower bound: 159667
Node upper bound: 187800
gap to the primal bound: 1.05246
Preck submodel is infeasible, continue branching
General disjunction: No feasible solution found, use SCIP default branching rule
_____________________________________
Now starting branching with general disjunction
Current branching Node number: 612
LP objective value: 153000
Node lower bound: 153000
Node upper bound: 187800
gap to the primal bound: 1.05246
Preck submodel is infeasible, continue branching
General disjunction: No feasible solution found, use SCIP default branching rule
_____________________________________
Now starting branching with general disjunction
Current branching Node number: 1511
LP objective value: 153000
Node lower bound: 153000
Node upper bound: 187800
gap to the primal bound: 1.05246
Preck submodel is infeasible, continue branching
General disjunction: No feasible solution found, use SCIP default branching rule
_____________________________________
Now starting branching with general disjunction
Current branching Node number: 1513
LP objective value: 153000
Node lower bound: 153000
Node upper bound: 187800
gap to the primal bound: 1.05246
Preck submodel is infeasible, continue branching
General disjunction: No feasible solution found, use SCIP default branching rule
_____________________________________
Now starting branching with general disjunction
Current branching Node number: 1106
Relpscost reduced domain, skip general disjunction branching
_____________________________________
Now starting branching with general disjunction
Current branching Node number: 1106
LP objective value: 153000
Node lower bound: 153000
Node upper bound: 187800
gap to the primal bound: 1.05246
Preck submodel is infeasible, continue branching
General disjunction: No feasible solution found, use SCIP default branching rule
_____________________________________
Now starting branching with general disjunction
Current branching Node number: 1516
LP objective value: 153000
Node lower bound: 153000
Node upper bound: 187800
gap to the primal bound: 1.05246
Preck submodel is infeasible, continue branching
General disjunction: No feasible solution found, use SCIP default branching rule
_____________________________________
Now starting branching with general disjunction
Current branching Node number: 1519
LP objective value: 153000
Node lower bound: 153000
Node upper bound: 187800
gap to the primal bound: 1.05246
Preck submodel is infeasible, continue branching
General disjunction: No feasible solution found, use SCIP default branching rule
_____________________________________
Now starting branching with general disjunction
Current branching Node number: 397
Relpscost reduced domain, skip general disjunction branching
_____________________________________
Now starting branching with general disjunction
Current branching Node number: 397
LP objective value: 153000
Node lower bound: 153000
Node upper bound: 187800
gap to the primal bound: 1.05246
Preck submodel is infeasible, continue branching
General disjunction: No feasible solution found, use SCIP default branching rule
_____________________________________
Now starting branching with general disjunction
Current branching Node number: 1523
Relpscost reduced domain, skip general disjunction branching
_____________________________________
Now starting branching with general disjunction
Current branching Node number: 1523
LP objective value: 153000
Node lower bound: 153000
Node upper bound: 187800
gap to the primal bound: 1.05246
Preck submodel is infeasible, continue branching
General disjunction: No feasible solution found, use SCIP default branching rule
_____________________________________
Now starting branching with general disjunction
Current branching Node number: 1525
Relpscost reduced domain, skip general disjunction branching
_____________________________________
Now starting branching with general disjunction
Current branching Node number: 1525
LP objective value: 175000
Node lower bound: 175000
Node upper bound: 187800
gap to the primal bound: 1.05246
Preck submodel is infeasible, continue branching
General disjunction: No feasible solution found, use SCIP default branching rule
 2072s|   800 |   650 | 66900 |  82.9 |    22M |  23 | 449 |2779 | 602 |3018 |  3 |2758 |1986 | 9.150000e+04 | 1.878000e+05 | 105.25%|   9.67%
_____________________________________
Now starting branching with general disjunction
Current branching Node number: 1394
LP objective value: 91500
Node lower bound: 91500
Node upper bound: 187800
gap to the primal bound: 1.05246
Preck submodel is infeasible, continue branching
General disjunction: No feasible solution found, use SCIP default branching rule
_____________________________________
Now starting branching with general disjunction
Current branching Node number: 1529
LP objective value: 153000
Node lower bound: 153000
Node upper bound: 187800
gap to the primal bound: 1.05246
Preck submodel is infeasible, continue branching
General disjunction: No feasible solution found, use SCIP default branching rule
_____________________________________
Now starting branching with general disjunction
Current branching Node number: 1531
LP objective value: 153000
Node lower bound: 153000
Node upper bound: 187800
gap to the primal bound: 1.05246
Preck submodel is infeasible, continue branching
General disjunction: No feasible solution found, use SCIP default branching rule
_____________________________________
Now starting branching with general disjunction
Current branching Node number: 1086
LP objective value: 153000
Node lower bound: 153000
Node upper bound: 187800
gap to the primal bound: 1.05246
Preck submodel is infeasible, continue branching
General disjunction: No feasible solution found, use SCIP default branching rule
_____________________________________
Now starting branching with general disjunction
Current branching Node number: 1535
LP objective value: 153000
Node lower bound: 153000
Node upper bound: 187800
gap to the primal bound: 1.05246
Preck submodel is infeasible, continue branching
General disjunction: No feasible solution found, use SCIP default branching rule
_____________________________________
Now starting branching with general disjunction
Current branching Node number: 1537
LP objective value: 153000
Node lower bound: 153000
Node upper bound: 187800
gap to the primal bound: 1.05246
Preck submodel is infeasible, continue branching
Error in probing right side: 0
General disjunction: Both Children are added
_____________________________________
Now starting branching with general disjunction
Current branching Node number: 298
LP objective value: 153000
Node lower bound: 153000
Node upper bound: 187800
gap to the primal bound: 1.05246
Preck submodel is infeasible, continue branching
General disjunction: No feasible solution found, use SCIP default branching rule
_____________________________________
Now starting branching with general disjunction
Current branching Node number: 1541
LP objective value: 159667
Node lower bound: 159667
Node upper bound: 187800
gap to the primal bound: 1.05246
Preck submodel is infeasible, continue branching
General disjunction: No feasible solution found, use SCIP default branching rule
_____________________________________
Now starting branching with general disjunction
Current branching Node number: 1543
LP objective value: 164250
Node lower bound: 164250
Node upper bound: 187800
gap to the primal bound: 1.05246
Preck submodel is infeasible, continue branching
General disjunction: No feasible solution found, use SCIP default branching rule
_____________________________________
Now starting branching with general disjunction
Current branching Node number: 910
LP objective value: 153000
Node lower bound: 153000
Node upper bound: 187800
gap to the primal bound: 1.05246
Preck submodel is infeasible, continue branching
General disjunction: No feasible solution found, use SCIP default branching rule
_____________________________________
Now starting branching with general disjunction
Current branching Node number: 1547
LP objective value: 156120
Node lower bound: 156120
Node upper bound: 187800
gap to the primal bound: 1.05246
Preck submodel is infeasible, continue branching
General disjunction: No feasible solution found, use SCIP default branching rule
_____________________________________
Now starting branching with general disjunction
Current branching Node number: 1549
LP objective value: 174000
Node lower bound: 174000
Node upper bound: 187800
gap to the primal bound: 1.05246
Preck submodel is infeasible, continue branching
General disjunction: Both Children are added
_____________________________________
Now starting branching with general disjunction
Current branching Node number: 206
LP objective value: 153000
Node lower bound: 153000
Node upper bound: 187800
gap to the primal bound: 1.05246
Preck submodel is infeasible, continue branching
General disjunction: No feasible solution found, use SCIP default branching rule
_____________________________________
Now starting branching with general disjunction
Current branching Node number: 1553
LP objective value: 153000
Node lower bound: 153000
Node upper bound: 187800
gap to the primal bound: 1.05246
Preck submodel is infeasible, continue branching
General disjunction: No feasible solution found, use SCIP default branching rule
_____________________________________
Now starting branching with general disjunction
Current branching Node number: 1555
LP objective value: 153000
Node lower bound: 153000
Node upper bound: 187800
gap to the primal bound: 1.05246
Preck submodel is infeasible, continue branching
General disjunction: No feasible solution found, use SCIP default branching rule
_____________________________________
Now starting branching with general disjunction
Current branching Node number: 662
LP objective value: 153000
Node lower bound: 153000
Node upper bound: 187800
gap to the primal bound: 1.05246
Preck submodel is infeasible, continue branching
General disjunction: No feasible solution found, use SCIP default branching rule
_____________________________________
Now starting branching with general disjunction
Current branching Node number: 1559
LP objective value: 153000
Node lower bound: 153000
Node upper bound: 187800
gap to the primal bound: 1.05246
Preck submodel is infeasible, continue branching
General disjunction: No feasible solution found, use SCIP default branching rule
_____________________________________
Now starting branching with general disjunction
Current branching Node number: 1561
LP objective value: 153000
Node lower bound: 153000
Node upper bound: 187800
gap to the primal bound: 1.05246
Preck submodel is infeasible, continue branching
General disjunction: No feasible solution found, use SCIP default branching rule
_____________________________________
Now starting branching with general disjunction
Current branching Node number: 14
LP objective value: 159667
Node lower bound: 159667
Node upper bound: 187800
gap to the primal bound: 1.05246
Preck submodel is infeasible, continue branching
General disjunction: No feasible solution found, use SCIP default branching rule
_____________________________________
Now starting branching with general disjunction
Current branching Node number: 1565
LP objective value: 164250
Node lower bound: 164250
Node upper bound: 187800
gap to the primal bound: 1.05246
Preck submodel is infeasible, continue branching
General disjunction: No feasible solution found, use SCIP default branching rule
_____________________________________
Now starting branching with general disjunction
Current branching Node number: 1567
LP objective value: 172400
Node lower bound: 172400
Node upper bound: 187800
gap to the primal bound: 1.05246
Preck submodel is infeasible, continue branching
General disjunction: No feasible solution found, use SCIP default branching rule
_____________________________________
Now starting branching with general disjunction
Current branching Node number: 722
LP objective value: 153000
Node lower bound: 153000
Node upper bound: 187800
gap to the primal bound: 1.05246
Preck submodel is infeasible, continue branching
General disjunction: No feasible solution found, use SCIP default branching rule
_____________________________________
Now starting branching with general disjunction
Current branching Node number: 1571
LP objective value: 175000
Node lower bound: 175000
Node upper bound: 187800
gap to the primal bound: 1.05246
Preck submodel is infeasible, continue branching
General disjunction: No feasible solution found, use SCIP default branching rule
_____________________________________
Now starting branching with general disjunction
Current branching Node number: 1572
LP objective value: 175000
Node lower bound: 175000
Node upper bound: 187800
gap to the primal bound: 1.05246
Preck submodel is infeasible, continue branching
General disjunction: No feasible solution found, use SCIP default branching rule
_____________________________________
Now starting branching with general disjunction
Current branching Node number: 904
LP objective value: 153000
Node lower bound: 153000
Node upper bound: 187800
gap to the primal bound: 1.05246
Preck submodel is infeasible, continue branching
General disjunction: No feasible solution found, use SCIP default branching rule
_____________________________________
Now starting branching with general disjunction
Current branching Node number: 1577
Relpscost reduced domain, skip general disjunction branching
_____________________________________
Now starting branching with general disjunction
Current branching Node number: 1577
LP objective value: 153000
Node lower bound: 153000
Node upper bound: 187800
gap to the primal bound: 1.05246
Preck submodel is infeasible, continue branching
General disjunction: No feasible solution found, use SCIP default branching rule
_____________________________________
Now starting branching with general disjunction
Current branching Node number: 1579
LP objective value: 153000
Node lower bound: 153000
Node upper bound: 187800
gap to the primal bound: 1.05246
Preck submodel is infeasible, continue branching
General disjunction: No feasible solution found, use SCIP default branching rule
_____________________________________
Now starting branching with general disjunction
Current branching Node number: 1078
LP objective value: 153000
Node lower bound: 153000
Node upper bound: 187800
gap to the primal bound: 1.05246
Preck submodel is infeasible, continue branching
General disjunction: No feasible solution found, use SCIP default branching rule
(node 829) solution of LP 2439 not optimal (pfeas=0, dfeas=1) -- solving again with tighter feasibility tolerance
(node 829) solution of LP 2439 not optimal (pfeas=0, dfeas=1) -- solving again from scratch
_____________________________________
Now starting branching with general disjunction
Current branching Node number: 1583
LP objective value: 153000
Node lower bound: 153000
Node upper bound: 187800
gap to the primal bound: 1.05246
Preck submodel is infeasible, continue branching
General disjunction: No feasible solution found, use SCIP default branching rule
_____________________________________
Now starting branching with general disjunction
Current branching Node number: 1585
LP objective value: 153000
Node lower bound: 153000
Node upper bound: 187800
gap to the primal bound: 1.05246
Preck submodel is infeasible, continue branching
General disjunction: No feasible solution found, use SCIP default branching rule
_____________________________________
Now starting branching with general disjunction
Current branching Node number: 1454
LP objective value: 107250
Node lower bound: 107250
Node upper bound: 187800
gap to the primal bound: 1.05246
Preck submodel is infeasible, continue branching
General disjunction: No feasible solution found, use SCIP default branching rule
_____________________________________
Now starting branching with general disjunction
Current branching Node number: 1588
LP objective value: 153000
Node lower bound: 153000
Node upper bound: 187800
gap to the primal bound: 1.05246
Preck submodel is infeasible, continue branching
General disjunction: No feasible solution found, use SCIP default branching rule
_____________________________________
Now starting branching with general disjunction
Current branching Node number: 1591
LP objective value: 153000
Node lower bound: 153000
Node upper bound: 187800
gap to the primal bound: 1.05246
Preck submodel is infeasible, continue branching
General disjunction: No feasible solution found, use SCIP default branching rule
_____________________________________
Now starting branching with general disjunction
Current branching Node number: 1593
LP objective value: 153000
Node lower bound: 153000
Node upper bound: 187800
gap to the primal bound: 1.05246
Preck submodel is infeasible, continue branching
General disjunction: No feasible solution found, use SCIP default branching rule
_____________________________________
Now starting branching with general disjunction
Current branching Node number: 47
LP objective value: 164000
Node lower bound: 164000
Node upper bound: 187800
gap to the primal bound: 1.05246
Preck submodel is infeasible, continue branching
General disjunction: No feasible solution found, use SCIP default branching rule
_____________________________________
Now starting branching with general disjunction
Current branching Node number: 1596
LP objective value: 164000
Node lower bound: 164000
Node upper bound: 187800
gap to the primal bound: 1.05246
Preck submodel is infeasible, continue branching
General disjunction: No feasible solution found, use SCIP default branching rule
_____________________________________
Now starting branching with general disjunction
Current branching Node number: 1322
LP objective value: 153000
Node lower bound: 153000
Node upper bound: 187800
gap to the primal bound: 1.05246
Preck submodel is infeasible, continue branching
General disjunction: No feasible solution found, use SCIP default branching rule
_____________________________________
Now starting branching with general disjunction
Current branching Node number: 1601
Relpscost reduced domain, skip general disjunction branching
_____________________________________
Now starting branching with general disjunction
Current branching Node number: 1601
LP objective value: 163667
Node lower bound: 163667
Node upper bound: 187800
gap to the primal bound: 1.05246
Preck submodel is infeasible, continue branching
General disjunction: No feasible solution found, use SCIP default branching rule
_____________________________________
Now starting branching with general disjunction
Current branching Node number: 1603
LP objective value: 163667
Node lower bound: 163667
Node upper bound: 187800
gap to the primal bound: 1.05246
Preck submodel is infeasible, continue branching
General disjunction: Only Right constraint added:
_____________________________________
Now starting branching with general disjunction
Current branching Node number: 1603
LP objective value: 177000
Node lower bound: 177000
Node upper bound: 187800
gap to the primal bound: 1.05246
Preck submodel is infeasible, continue branching
Error in probing right side: 0
General disjunction: Only Left constraint added:
_____________________________________
Now starting branching with general disjunction
Current branching Node number: 1528
LP objective value: 107250
Node lower bound: 107250
Node upper bound: 187800
gap to the primal bound: 0.841176
Preck submodel is infeasible, continue branching
General disjunction: No feasible solution found, use SCIP default branching rule
_____________________________________
Now starting branching with general disjunction
Current branching Node number: 1604
LP objective value: 153000
Node lower bound: 153000
Node upper bound: 187800
gap to the primal bound: 0.841176
Preck submodel is infeasible, continue branching
General disjunction: No feasible solution found, use SCIP default branching rule
_____________________________________
Now starting branching with general disjunction
Current branching Node number: 1607
LP objective value: 153000
Node lower bound: 153000
Node upper bound: 187800
gap to the primal bound: 0.841176
Preck submodel is infeasible, continue branching
General disjunction: No feasible solution found, use SCIP default branching rule
_____________________________________
Now starting branching with general disjunction
Current branching Node number: 532
LP objective value: 153000
Node lower bound: 153000
Node upper bound: 187800
gap to the primal bound: 0.841176
Preck submodel is infeasible, continue branching
General disjunction: No feasible solution found, use SCIP default branching rule
_____________________________________
Now starting branching with general disjunction
Current branching Node number: 1611
LP objective value: 153000
Node lower bound: 153000
Node upper bound: 187800
gap to the primal bound: 0.841176
Preck submodel is infeasible, continue branching
General disjunction: No feasible solution found, use SCIP default branching rule
_____________________________________
Now starting branching with general disjunction
Current branching Node number: 1613
Relpscost reduced domain, skip general disjunction branching
_____________________________________
Now starting branching with general disjunction
Current branching Node number: 1613
Relpscost reduced domain, skip general disjunction branching
_____________________________________
Now starting branching with general disjunction
Current branching Node number: 1613
Relpscost reduced domain, skip general disjunction branching
_____________________________________
Now starting branching with general disjunction
Current branching Node number: 1613
LP objective value: 153000
Node lower bound: 153000
Node upper bound: 187800
gap to the primal bound: 0.841176
Preck submodel is infeasible, continue branching
General disjunction: No feasible solution found, use SCIP default branching rule
_____________________________________
Now starting branching with general disjunction
Current branching Node number: 1126
Relpscost reduced domain, skip general disjunction branching
_____________________________________
Now starting branching with general disjunction
Current branching Node number: 1126
Relpscost reduced domain, skip general disjunction branching
_____________________________________
Now starting branching with general disjunction
Current branching Node number: 1126
Relpscost reduced domain, skip general disjunction branching
_____________________________________
Now starting branching with general disjunction
Current branching Node number: 1126
Relpscost reduced domain, skip general disjunction branching
_____________________________________
Now starting branching with general disjunction
Current branching Node number: 1126
Relpscost reduced domain, skip general disjunction branching
_____________________________________
Now starting branching with general disjunction
Current branching Node number: 1126
Relpscost reduced domain, skip general disjunction branching
_____________________________________
Now starting branching with general disjunction
Current branching Node number: 1126
LP objective value: 153000
Node lower bound: 153000
Node upper bound: 187800
gap to the primal bound: 0.841176
Preck submodel is infeasible, continue branching
General disjunction: No feasible solution found, use SCIP default branching rule
_____________________________________
Now starting branching with general disjunction
Current branching Node number: 1617
Relpscost reduced domain, skip general disjunction branching
_____________________________________
Now starting branching with general disjunction
Current branching Node number: 1617
LP objective value: 153000
Node lower bound: 153000
Node upper bound: 187800
gap to the primal bound: 0.841176
Preck submodel is infeasible, continue branching
General disjunction: No feasible solution found, use SCIP default branching rule
_____________________________________
Now starting branching with general disjunction
Current branching Node number: 1618
LP objective value: 153000
Node lower bound: 153000
Node upper bound: 187800
gap to the primal bound: 0.841176
Preck submodel is infeasible, continue branching
General disjunction: No feasible solution found, use SCIP default branching rule
_____________________________________
Now starting branching with general disjunction
Current branching Node number: 1277
LP objective value: 153000
Node lower bound: 153000
Node upper bound: 187800
gap to the primal bound: 0.841176
Preck submodel is infeasible, continue branching
General disjunction: No feasible solution found, use SCIP default branching rule
_____________________________________
Now starting branching with general disjunction
Current branching Node number: 1623
Relpscost reduced domain, skip general disjunction branching
_____________________________________
Now starting branching with general disjunction
Current branching Node number: 1623
LP objective value: 153000
Node lower bound: 153000
Node upper bound: 187800
gap to the primal bound: 0.841176
Preck submodel is infeasible, continue branching
General disjunction: No feasible solution found, use SCIP default branching rule
_____________________________________
Now starting branching with general disjunction
Current branching Node number: 1624
LP objective value: 153000
Node lower bound: 153000
Node upper bound: 187800
gap to the primal bound: 0.841176
Preck submodel is infeasible, continue branching
General disjunction: No feasible solution found, use SCIP default branching rule
_____________________________________
Now starting branching with general disjunction
Current branching Node number: 1124
LP objective value: 153000
Node lower bound: 153000
Node upper bound: 187800
gap to the primal bound: 0.841176
Preck submodel is infeasible, continue branching
General disjunction: No feasible solution found, use SCIP default branching rule
_____________________________________
Now starting branching with general disjunction
Current branching Node number: 1629
LP objective value: 153000
Node lower bound: 153000
Node upper bound: 187800
gap to the primal bound: 0.841176
Preck submodel is infeasible, continue branching
General disjunction: No feasible solution found, use SCIP default branching rule
_____________________________________
Now starting branching with general disjunction
Current branching Node number: 1630
LP objective value: 153000
Node lower bound: 153000
Node upper bound: 187800
gap to the primal bound: 0.841176
Preck submodel is infeasible, continue branching
General disjunction: No feasible solution found, use SCIP default branching rule
_____________________________________
Now starting branching with general disjunction
Current branching Node number: 303
LP objective value: 154000
Node lower bound: 154000
Node upper bound: 187800
gap to the primal bound: 0.841176
Preck submodel is infeasible, continue branching
General disjunction: No feasible solution found, use SCIP default branching rule
_____________________________________
Now starting branching with general disjunction
Current branching Node number: 1635
LP objective value: 154000
Node lower bound: 154000
Node upper bound: 187800
gap to the primal bound: 0.841176
Preck submodel is infeasible, continue branching
General disjunction: No feasible solution found, use SCIP default branching rule
_____________________________________
Now starting branching with general disjunction
Current branching Node number: 1636
LP objective value: 154000
Node lower bound: 154000
Node upper bound: 187800
gap to the primal bound: 0.841176
Preck submodel is infeasible, continue branching
General disjunction: No feasible solution found, use SCIP default branching rule
_____________________________________
Now starting branching with general disjunction
Current branching Node number: 834
LP objective value: 153000
Node lower bound: 153000
Node upper bound: 187800
gap to the primal bound: 0.841176
Preck submodel is infeasible, continue branching
General disjunction: No feasible solution found, use SCIP default branching rule
_____________________________________
Now starting branching with general disjunction
Current branching Node number: 1641
Relpscost reduced domain, skip general disjunction branching
_____________________________________
Now starting branching with general disjunction
Current branching Node number: 1641
LP objective value: 153000
Node lower bound: 153000
Node upper bound: 187800
gap to the primal bound: 0.841176
Preck submodel is infeasible, continue branching
General disjunction: No feasible solution found, use SCIP default branching rule
_____________________________________
Now starting branching with general disjunction
Current branching Node number: 1642
Relpscost reduced domain, skip general disjunction branching
_____________________________________
Now starting branching with general disjunction
Current branching Node number: 1642
LP objective value: 153000
Node lower bound: 153000
Node upper bound: 187800
gap to the primal bound: 0.841176
Preck submodel is infeasible, continue branching
General disjunction: No feasible solution found, use SCIP default branching rule
_____________________________________
Now starting branching with general disjunction
Current branching Node number: 715
Relpscost reduced domain, skip general disjunction branching
_____________________________________
Now starting branching with general disjunction
Current branching Node number: 715
LP objective value: 153000
Node lower bound: 153000
Node upper bound: 187800
gap to the primal bound: 0.841176
Preck submodel is infeasible, continue branching
General disjunction: No feasible solution found, use SCIP default branching rule
_____________________________________
Now starting branching with general disjunction
Current branching Node number: 1647
LP objective value: 153000
Node lower bound: 153000
Node upper bound: 187800
gap to the primal bound: 0.841176
Preck submodel is infeasible, continue branching
General disjunction: No feasible solution found, use SCIP default branching rule
_____________________________________
Now starting branching with general disjunction
Current branching Node number: 1648
LP objective value: 153000
Node lower bound: 153000
Node upper bound: 187800
gap to the primal bound: 0.841176
Preck submodel is infeasible, continue branching
General disjunction: No feasible solution found, use SCIP default branching rule
_____________________________________
Now starting branching with general disjunction
Current branching Node number: 20
LP objective value: 159667
Node lower bound: 159667
Node upper bound: 187800
gap to the primal bound: 0.841176
Preck submodel is infeasible, continue branching
General disjunction: No feasible solution found, use SCIP default branching rule
_____________________________________
Now starting branching with general disjunction
Current branching Node number: 1653
Relpscost reduced domain, skip general disjunction branching
_____________________________________
Now starting branching with general disjunction
Current branching Node number: 1653
LP objective value: 168834
Node lower bound: 168834
Node upper bound: 187800
gap to the primal bound: 0.841176
Preck submodel is infeasible, continue branching
General disjunction: No feasible solution found, use SCIP default branching rule
_____________________________________
Now starting branching with general disjunction
Current branching Node number: 1655
LP objective value: 168834
Node lower bound: 168834
Node upper bound: 187800
gap to the primal bound: 0.841176
Preck submodel is infeasible, continue branching
General disjunction: No feasible solution found, use SCIP default branching rule
_____________________________________
Now starting branching with general disjunction
Current branching Node number: 17
LP objective value: 159667
Node lower bound: 159667
Node upper bound: 187800
gap to the primal bound: 0.841176
Preck submodel is infeasible, continue branching
General disjunction: No feasible solution found, use SCIP default branching rule
_____________________________________
Now starting branching with general disjunction
Current branching Node number: 1659
LP objective value: 168834
Node lower bound: 168834
Node upper bound: 187800
gap to the primal bound: 0.841176
Preck submodel is infeasible, continue branching
General disjunction: No feasible solution found, use SCIP default branching rule
_____________________________________
Now starting branching with general disjunction
Current branching Node number: 1661
LP objective value: 168834
Node lower bound: 168834
Node upper bound: 187800
gap to the primal bound: 0.841176
Preck submodel is infeasible, continue branching
General disjunction: No feasible solution found, use SCIP default branching rule
_____________________________________
Now starting branching with general disjunction
Current branching Node number: 1136
LP objective value: 153000
Node lower bound: 153000
Node upper bound: 187800
gap to the primal bound: 0.841176
Preck submodel is infeasible, continue branching
General disjunction: No feasible solution found, use SCIP default branching rule
_____________________________________
Now starting branching with general disjunction
Current branching Node number: 1665
LP objective value: 182500
Node lower bound: 182500
Node upper bound: 187800
gap to the primal bound: 0.841176
Preck submodel is infeasible, continue branching
General disjunction: No feasible solution found, use SCIP default branching rule
_____________________________________
Now starting branching with general disjunction
Current branching Node number: 1667
LP objective value: 182500
Node lower bound: 182500
Node upper bound: 187800
gap to the primal bound: 0.841176
Preck submodel is infeasible, continue branching
General disjunction: No feasible solution found, use SCIP default branching rule
_____________________________________
Now starting branching with general disjunction
Current branching Node number: 1155
LP objective value: 153000
Node lower bound: 153000
Node upper bound: 187800
gap to the primal bound: 0.841176
Preck submodel is infeasible, continue branching
General disjunction: No feasible solution found, use SCIP default branching rule
_____________________________________
Now starting branching with general disjunction
Current branching Node number: 1670
LP objective value: 153000
Node lower bound: 153000
Node upper bound: 187800
gap to the primal bound: 0.841176
Preck submodel is infeasible, continue branching
General disjunction: No feasible solution found, use SCIP default branching rule
_____________________________________
Now starting branching with general disjunction
Current branching Node number: 1673
LP objective value: 158819
Node lower bound: 158819
Node upper bound: 187800
gap to the primal bound: 0.841176
Preck submodel is infeasible, continue branching
General disjunction: No feasible solution found, use SCIP default branching rule
_____________________________________
Now starting branching with general disjunction
Current branching Node number: 449
LP objective value: 160000
Node lower bound: 160000
Node upper bound: 187800
gap to the primal bound: 0.841176
Preck submodel is infeasible, continue branching
General disjunction: No feasible solution found, use SCIP default branching rule
_____________________________________
Now starting branching with general disjunction
Current branching Node number: 1677
LP objective value: 160000
Node lower bound: 160000
Node upper bound: 187800
gap to the primal bound: 0.841176
Preck submodel is infeasible, continue branching
General disjunction: No feasible solution found, use SCIP default branching rule
_____________________________________
Now starting branching with general disjunction
Current branching Node number: 1678
LP objective value: 160000
Node lower bound: 160000
Node upper bound: 187800
gap to the primal bound: 0.841176
Preck submodel is infeasible, continue branching
General disjunction: No feasible solution found, use SCIP default branching rule
_____________________________________
Now starting branching with general disjunction
Current branching Node number: 1257
LP objective value: 153000
Node lower bound: 153000
Node upper bound: 187800
gap to the primal bound: 0.841176
Preck submodel is infeasible, continue branching
General disjunction: No feasible solution found, use SCIP default branching rule
_____________________________________
Now starting branching with general disjunction
Current branching Node number: 1683
LP objective value: 153000
Node lower bound: 153000
Node upper bound: 187800
gap to the primal bound: 0.841176
Preck submodel is infeasible, continue branching
General disjunction: No feasible solution found, use SCIP default branching rule
_____________________________________
Now starting branching with general disjunction
Current branching Node number: 1685
LP objective value: 153000
Node lower bound: 153000
Node upper bound: 187800
gap to the primal bound: 0.841176
Preck submodel is infeasible, continue branching
General disjunction: No feasible solution found, use SCIP default branching rule
_____________________________________
Now starting branching with general disjunction
Current branching Node number: 916
Relpscost reduced domain, skip general disjunction branching
_____________________________________
Now starting branching with general disjunction
Current branching Node number: 916
LP objective value: 156120
Node lower bound: 156120
Node upper bound: 187800
gap to the primal bound: 0.841176
Preck submodel is infeasible, continue branching
(node 884) solution of LP 2686 not optimal (pfeas=0, dfeas=1) -- solving again with tighter feasibility tolerance
(node 884) solution of LP 2686 not optimal (pfeas=0, dfeas=1) -- solving again from scratch
(node 884) numerical troubles in LP 2687 -- unresolved
Error in probing left side: 0
(node 884) solution of LP 2689 not optimal (pfeas=1, dfeas=0) -- solving again with tighter feasibility tolerance
(node 884) solution of LP 2689 not optimal (pfeas=1, dfeas=0) -- solving again from scratch
(node 884) solution of LP 2690 not optimal (pfeas=0, dfeas=1) -- solving again with tighter feasibility tolerance
(node 884) numerical troubles in LP 2691 -- unresolved
Error in probing left side: 0
General disjunction: Both Children are added
_____________________________________
Now starting branching with general disjunction
Current branching Node number: 1688
(node 885) solution of LP 2693 not optimal (pfeas=0, dfeas=1) -- solving again with tighter feasibility tolerance
(node 885) solution of LP 2693 not optimal (pfeas=0, dfeas=1) -- solving again from scratch
(node 885) solution of LP 2693 not optimal (pfeas=0, dfeas=1) -- solving again with tighter feasibility tolerance
(node 885) solution of LP 2693 not optimal (pfeas=0, dfeas=1) -- solving again from scratch
(node 885) numerical troubles in LP 2694 -- unresolved
(node 885) unresolved numerical troubles while resolving LP 2694 after probing
Relpscost reduced domain, skip general disjunction branching
(node 886) solution of LP 2695 not optimal (pfeas=1, dfeas=0) -- solving again with tighter feasibility tolerance
(node 886) solution of LP 2695 not optimal (pfeas=1, dfeas=0) -- solving again from scratch
_____________________________________
Now starting branching with general disjunction
Current branching Node number: 1691
Relpscost reduced domain, skip general disjunction branching
_____________________________________
Now starting branching with general disjunction
Current branching Node number: 230
LP objective value: 153000
Node lower bound: 153000
Node upper bound: 187800
gap to the primal bound: 0.841176
Preck submodel is infeasible, continue branching
General disjunction: No feasible solution found, use SCIP default branching rule
_____________________________________
Now starting branching with general disjunction
Current branching Node number: 1693
LP objective value: 153000
Node lower bound: 153000
Node upper bound: 187800
gap to the primal bound: 0.841176
Preck submodel is infeasible, continue branching
General disjunction: No feasible solution found, use SCIP default branching rule
_____________________________________
Now starting branching with general disjunction
Current branching Node number: 1695
LP objective value: 153000
Node lower bound: 153000
Node upper bound: 187800
gap to the primal bound: 0.841176
Preck submodel is infeasible, continue branching
General disjunction: No feasible solution found, use SCIP default branching rule
_____________________________________
Now starting branching with general disjunction
Current branching Node number: 252
LP objective value: 131000
Node lower bound: 131000
Node upper bound: 187800
gap to the primal bound: 0.841176
Preck submodel is infeasible, continue branching
General disjunction: No feasible solution found, use SCIP default branching rule
_____________________________________
Now starting branching with general disjunction
Current branching Node number: 1699
LP objective value: 175000
Node lower bound: 175000
Node upper bound: 187800
gap to the primal bound: 0.841176
Preck submodel is infeasible, continue branching
General disjunction: No feasible solution found, use SCIP default branching rule
_____________________________________
Now starting branching with general disjunction
Current branching Node number: 1700
LP objective value: 175000
Node lower bound: 175000
Node upper bound: 187800
gap to the primal bound: 0.841176
Preck submodel is infeasible, continue branching
General disjunction: No feasible solution found, use SCIP default branching rule
_____________________________________
Now starting branching with general disjunction
Current branching Node number: 614
LP objective value: 153000
Node lower bound: 153000
Node upper bound: 187800
gap to the primal bound: 0.841176
Preck submodel is infeasible, continue branching
General disjunction: No feasible solution found, use SCIP default branching rule
_____________________________________
Now starting branching with general disjunction
Current branching Node number: 1705
LP objective value: 153000
Node lower bound: 153000
Node upper bound: 187800
gap to the primal bound: 0.841176
Preck submodel is infeasible, continue branching
General disjunction: No feasible solution found, use SCIP default branching rule
_____________________________________
Now starting branching with general disjunction
Current branching Node number: 1707
Relpscost reduced domain, skip general disjunction branching
_____________________________________
Now starting branching with general disjunction
Current branching Node number: 1707
Relpscost reduced domain, skip general disjunction branching
_____________________________________
Now starting branching with general disjunction
Current branching Node number: 1707
LP objective value: 153000
Node lower bound: 153000
Node upper bound: 187800
gap to the primal bound: 0.841176
Preck submodel is infeasible, continue branching
General disjunction: No feasible solution found, use SCIP default branching rule
_____________________________________
Now starting branching with general disjunction
Current branching Node number: 19
LP objective value: 159667
Node lower bound: 159667
Node upper bound: 187800
gap to the primal bound: 0.841176
Preck submodel is infeasible, continue branching
General disjunction: No feasible solution found, use SCIP default branching rule
_____________________________________
Now starting branching with general disjunction
Current branching Node number: 1711
LP objective value: 168834
Node lower bound: 168834
Node upper bound: 187800
gap to the primal bound: 0.841176
Preck submodel is infeasible, continue branching
General disjunction: No feasible solution found, use SCIP default branching rule
_____________________________________
Now starting branching with general disjunction
Current branching Node number: 1713
LP objective value: 168834
Node lower bound: 168834
Node upper bound: 187800
gap to the primal bound: 0.841176
Preck submodel is infeasible, continue branching
General disjunction: No feasible solution found, use SCIP default branching rule
_____________________________________
Now starting branching with general disjunction
Current branching Node number: 952
LP objective value: 153000
Node lower bound: 153000
Node upper bound: 187800
gap to the primal bound: 0.841176
Preck submodel is infeasible, continue branching
General disjunction: No feasible solution found, use SCIP default branching rule
_____________________________________
Now starting branching with general disjunction
Current branching Node number: 1717
LP objective value: 153000
Node lower bound: 153000
Node upper bound: 187800
gap to the primal bound: 0.841176
Preck submodel is infeasible, continue branching
General disjunction: No feasible solution found, use SCIP default branching rule
 2321s|   900 |   742 | 81268 |  89.7 |    25M |  23 | 449 |3516 | 597 |3931 |  1 |3548 |2052 | 1.020000e+05 | 1.878000e+05 |  84.12%|  10.47%
_____________________________________
Now starting branching with general disjunction
Current branching Node number: 1718
LP objective value: 153000
Node lower bound: 153000
Node upper bound: 187800
gap to the primal bound: 0.841176
Preck submodel is infeasible, continue branching
General disjunction: No feasible solution found, use SCIP default branching rule
_____________________________________
Now starting branching with general disjunction
Current branching Node number: 1080
Relpscost reduced domain, skip general disjunction branching
_____________________________________
Now starting branching with general disjunction
Current branching Node number: 1080
LP objective value: 153000
Node lower bound: 153000
Node upper bound: 187800
gap to the primal bound: 0.841176
Preck submodel is infeasible, continue branching
General disjunction: No feasible solution found, use SCIP default branching rule
_____________________________________
Now starting branching with general disjunction
Current branching Node number: 1723
LP objective value: 153000
Node lower bound: 153000
Node upper bound: 187800
gap to the primal bound: 0.841176
Preck submodel is infeasible, continue branching
General disjunction: No feasible solution found, use SCIP default branching rule
_____________________________________
Now starting branching with general disjunction
Current branching Node number: 1725
LP objective value: 153000
Node lower bound: 153000
Node upper bound: 187800
gap to the primal bound: 0.841176
Preck submodel is infeasible, continue branching
General disjunction: No feasible solution found, use SCIP default branching rule
_____________________________________
Now starting branching with general disjunction
Current branching Node number: 1188
LP objective value: 153000
Node lower bound: 153000
Node upper bound: 187800
gap to the primal bound: 0.841176
Preck submodel is infeasible, continue branching
General disjunction: No feasible solution found, use SCIP default branching rule
_____________________________________
Now starting branching with general disjunction
Current branching Node number: 1728
LP objective value: 153000
Node lower bound: 153000
Node upper bound: 187800
gap to the primal bound: 0.841176
Preck submodel is infeasible, continue branching
General disjunction: No feasible solution found, use SCIP default branching rule
_____________________________________
Now starting branching with general disjunction
Current branching Node number: 1731
LP objective value: 182500
Node lower bound: 182500
Node upper bound: 187800
gap to the primal bound: 0.841176
Preck submodel is infeasible, continue branching
General disjunction: No feasible solution found, use SCIP default branching rule
_____________________________________
Now starting branching with general disjunction
Current branching Node number: 1104
LP objective value: 153000
Node lower bound: 153000
Node upper bound: 187800
gap to the primal bound: 0.841176
Preck submodel is infeasible, continue branching
General disjunction: No feasible solution found, use SCIP default branching rule
_____________________________________
Now starting branching with general disjunction
Current branching Node number: 1735
LP objective value: 153000
Node lower bound: 153000
Node upper bound: 187800
gap to the primal bound: 0.841176
Preck submodel is infeasible, continue branching
General disjunction: No feasible solution found, use SCIP default branching rule
_____________________________________
Now starting branching with general disjunction
Current branching Node number: 1737
Relpscost reduced domain, skip general disjunction branching
_____________________________________
Now starting branching with general disjunction
Current branching Node number: 1737
LP objective value: 182500
Node lower bound: 182500
Node upper bound: 187800
gap to the primal bound: 0.841176
Preck submodel is infeasible, continue branching
General disjunction: No feasible solution found, use SCIP default branching rule
_____________________________________
Now starting branching with general disjunction
Current branching Node number: 829
LP objective value: 102000
Node lower bound: 102000
Node upper bound: 187800
gap to the primal bound: 0.841176
Preck submodel is infeasible, continue branching
General disjunction: No feasible solution found, use SCIP default branching rule
_____________________________________
Now starting branching with general disjunction
Current branching Node number: 1741
LP objective value: 153000
Node lower bound: 153000
Node upper bound: 187800
gap to the primal bound: 0.841176
Preck submodel is infeasible, continue branching
General disjunction: No feasible solution found, use SCIP default branching rule
_____________________________________
Now starting branching with general disjunction
Current branching Node number: 1743
Relpscost reduced domain, skip general disjunction branching
_____________________________________
Now starting branching with general disjunction
Current branching Node number: 1743
LP objective value: 153000
Node lower bound: 153000
Node upper bound: 187800
gap to the primal bound: 0.841176
Preck submodel is infeasible, continue branching
General disjunction: No feasible solution found, use SCIP default branching rule
_____________________________________
Now starting branching with general disjunction
Current branching Node number: 1355
Relpscost reduced domain, skip general disjunction branching
_____________________________________
Now starting branching with general disjunction
Current branching Node number: 1355
LP objective value: 153000
Node lower bound: 153000
Node upper bound: 187800
gap to the primal bound: 0.841176
Preck submodel is infeasible, continue branching
General disjunction: No feasible solution found, use SCIP default branching rule
_____________________________________
Now starting branching with general disjunction
Current branching Node number: 1747
LP objective value: 175000
Node lower bound: 175000
Node upper bound: 187800
gap to the primal bound: 0.841176
Preck submodel is infeasible, continue branching
General disjunction: No feasible solution found, use SCIP default branching rule
_____________________________________
Now starting branching with general disjunction
Current branching Node number: 1749
LP objective value: 175000
Node lower bound: 175000
Node upper bound: 187800
gap to the primal bound: 0.841176
Preck submodel is infeasible, continue branching
General disjunction: No feasible solution found, use SCIP default branching rule
_____________________________________
Now starting branching with general disjunction
Current branching Node number: 1308
LP objective value: 170400
Node lower bound: 170400
Node upper bound: 187800
gap to the primal bound: 0.841176
Preck submodel is infeasible, continue branching
General disjunction: No feasible solution found, use SCIP default branching rule
_____________________________________
Now starting branching with general disjunction
Current branching Node number: 374
LP objective value: 159667
Node lower bound: 159667
Node upper bound: 187800
gap to the primal bound: 0.841176
Preck submodel is infeasible, continue branching
General disjunction: No feasible solution found, use SCIP default branching rule
_____________________________________
Now starting branching with general disjunction
Current branching Node number: 1755
LP objective value: 159667
Node lower bound: 159667
Node upper bound: 187800
gap to the primal bound: 0.841176
Preck submodel is infeasible, continue branching
General disjunction: No feasible solution found, use SCIP default branching rule
_____________________________________
Now starting branching with general disjunction
Current branching Node number: 1757
LP objective value: 159667
Node lower bound: 159667
Node upper bound: 187800
gap to the primal bound: 0.841176
Preck submodel is infeasible, continue branching
General disjunction: No feasible solution found, use SCIP default branching rule
_____________________________________
Now starting branching with general disjunction
Current branching Node number: 1123
LP objective value: 153000
Node lower bound: 153000
Node upper bound: 187800
gap to the primal bound: 0.841176
Preck submodel is infeasible, continue branching
General disjunction: No feasible solution found, use SCIP default branching rule
_____________________________________
Now starting branching with general disjunction
Current branching Node number: 1760
LP objective value: 153000
Node lower bound: 153000
Node upper bound: 187800
gap to the primal bound: 0.841176
Preck submodel is infeasible, continue branching
General disjunction: No feasible solution found, use SCIP default branching rule
_____________________________________
Now starting branching with general disjunction
Current branching Node number: 1763
LP objective value: 153000
Node lower bound: 153000
Node upper bound: 187800
gap to the primal bound: 0.841176
Preck submodel is infeasible, continue branching
General disjunction: No feasible solution found, use SCIP default branching rule
_____________________________________
Now starting branching with general disjunction
Current branching Node number: 1084
Relpscost reduced domain, skip general disjunction branching
_____________________________________
Now starting branching with general disjunction
Current branching Node number: 1084
LP objective value: 153000
Node lower bound: 153000
Node upper bound: 187800
gap to the primal bound: 0.841176
Preck submodel is infeasible, continue branching
General disjunction: No feasible solution found, use SCIP default branching rule
_____________________________________
Now starting branching with general disjunction
Current branching Node number: 1767
LP objective value: 153000
Node lower bound: 153000
Node upper bound: 187800
gap to the primal bound: 0.841176
Preck submodel is infeasible, continue branching
General disjunction: No feasible solution found, use SCIP default branching rule
_____________________________________
Now starting branching with general disjunction
Current branching Node number: 1769
LP objective value: 153000
Node lower bound: 153000
Node upper bound: 187800
gap to the primal bound: 0.841176
Preck submodel is infeasible, continue branching
General disjunction: No feasible solution found, use SCIP default branching rule
_____________________________________
Now starting branching with general disjunction
Current branching Node number: 1244
LP objective value: 153000
Node lower bound: 153000
Node upper bound: 187800
gap to the primal bound: 0.841176
Preck submodel is infeasible, continue branching
General disjunction: No feasible solution found, use SCIP default branching rule
_____________________________________
Now starting branching with general disjunction
Current branching Node number: 1773
LP objective value: 157250
Node lower bound: 157250
Node upper bound: 187800
gap to the primal bound: 0.841176
Preck submodel is infeasible, continue branching
General disjunction: Both Children are added
_____________________________________
Now starting branching with general disjunction
Current branching Node number: 1774
Relpscost reduced domain, skip general disjunction branching
_____________________________________
Now starting branching with general disjunction
Current branching Node number: 1774
LP objective value: 166255
Node lower bound: 166255
Node upper bound: 187800
gap to the primal bound: 0.841176
Preck submodel is infeasible, continue branching
General disjunction: No feasible solution found, use SCIP default branching rule
_____________________________________
Now starting branching with general disjunction
Current branching Node number: 1392
LP objective value: 153000
Node lower bound: 153000
Node upper bound: 187800
gap to the primal bound: 0.841176
Preck submodel is infeasible, continue branching
General disjunction: No feasible solution found, use SCIP default branching rule
_____________________________________
Now starting branching with general disjunction
Current branching Node number: 1779
Relpscost reduced domain, skip general disjunction branching
_____________________________________
Now starting branching with general disjunction
Current branching Node number: 1779
Relpscost reduced domain, skip general disjunction branching
_____________________________________
Now starting branching with general disjunction
Current branching Node number: 1779
LP objective value: 153000
Node lower bound: 153000
Node upper bound: 187800
gap to the primal bound: 0.841176
Preck submodel is infeasible, continue branching
General disjunction: No feasible solution found, use SCIP default branching rule
_____________________________________
Now starting branching with general disjunction
Current branching Node number: 1780
LP objective value: 153000
Node lower bound: 153000
Node upper bound: 187800
gap to the primal bound: 0.841176
Preck submodel is infeasible, continue branching
General disjunction: Both Children are added
_____________________________________
Now starting branching with general disjunction
Current branching Node number: 1416
LP objective value: 153000
Node lower bound: 153000
Node upper bound: 187800
gap to the primal bound: 0.841176
Preck submodel is infeasible, continue branching
General disjunction: No feasible solution found, use SCIP default branching rule
_____________________________________
Now starting branching with general disjunction
Current branching Node number: 1785
LP objective value: 154000
Node lower bound: 154000
Node upper bound: 187800
gap to the primal bound: 0.841176
Preck submodel is infeasible, continue branching
General disjunction: Both Children are added
_____________________________________
Now starting branching with general disjunction
Current branching Node number: 1786
LP objective value: 164000
Node lower bound: 164000
Node upper bound: 187800
gap to the primal bound: 0.841176
Preck submodel is infeasible, continue branching
General disjunction: Only Left constraint added:
_____________________________________
Now starting branching with general disjunction
Current branching Node number: 1786
LP objective value: 180000
Node lower bound: 180000
Node upper bound: 187800
gap to the primal bound: 0.841176
Preck submodel is infeasible, continue branching
General disjunction: Both Children are added
_____________________________________
Now starting branching with general disjunction
Current branching Node number: 1788
Relpscost reduced domain, skip general disjunction branching
_____________________________________
Now starting branching with general disjunction
Current branching Node number: 1788
LP objective value: 185058
Node lower bound: 185058
Node upper bound: 187800
gap to the primal bound: 0.841176
Preck submodel is infeasible, continue branching
General disjunction: Infeasible disjunction
_____________________________________
Now starting branching with general disjunction
Current branching Node number: 1789
LP objective value: 180000
Node lower bound: 180000
Node upper bound: 187800
gap to the primal bound: 0.841176
Preck submodel is infeasible, continue branching
General disjunction: No feasible solution found, use SCIP default branching rule
_____________________________________
Now starting branching with general disjunction
Current branching Node number: 877
Relpscost reduced domain, skip general disjunction branching
_____________________________________
Now starting branching with general disjunction
Current branching Node number: 877
LP objective value: 153000
Node lower bound: 153000
Node upper bound: 187800
gap to the primal bound: 0.841176
Preck submodel is infeasible, continue branching
General disjunction: No feasible solution found, use SCIP default branching rule
_____________________________________
Now starting branching with general disjunction
Current branching Node number: 1792
LP objective value: 153000
Node lower bound: 153000
Node upper bound: 187800
gap to the primal bound: 0.841176
Preck submodel is infeasible, continue branching
General disjunction: No feasible solution found, use SCIP default branching rule
_____________________________________
Now starting branching with general disjunction
Current branching Node number: 1794
LP objective value: 153000
Node lower bound: 153000
Node upper bound: 187800
gap to the primal bound: 0.841176
Preck submodel is infeasible, continue branching
General disjunction: No feasible solution found, use SCIP default branching rule
(node 943) solution of LP 3017 not optimal (pfeas=1, dfeas=0) -- solving again with tighter feasibility tolerance
(node 943) solution of LP 3021 not optimal (pfeas=1, dfeas=0) -- solving again with tighter feasibility tolerance
(node 943) solution of LP 3023 not optimal (pfeas=1, dfeas=0) -- solving again with tighter feasibility tolerance
(node 943) solution of LP 3031 not optimal (pfeas=1, dfeas=0) -- solving again with tighter feasibility tolerance
_____________________________________
Now starting branching with general disjunction
Current branching Node number: 446
LP objective value: 156750
Node lower bound: 156750
Node upper bound: 187800
gap to the primal bound: 0.841176
Preck submodel is infeasible, continue branching
General disjunction: No feasible solution found, use SCIP default branching rule
_____________________________________
Now starting branching with general disjunction
Current branching Node number: 1798
LP objective value: 156750
Node lower bound: 156750
Node upper bound: 187800
gap to the primal bound: 0.841176
Preck submodel is infeasible, continue branching
General disjunction: No feasible solution found, use SCIP default branching rule
_____________________________________
Now starting branching with general disjunction
Current branching Node number: 1801
LP objective value: 156750
Node lower bound: 156750
Node upper bound: 187800
gap to the primal bound: 0.841176
Preck submodel is infeasible, continue branching
General disjunction: Both Children are added
_____________________________________
Now starting branching with general disjunction
Current branching Node number: 1089
LP objective value: 153000
Node lower bound: 153000
Node upper bound: 187800
gap to the primal bound: 0.841176
Preck submodel is infeasible, continue branching
General disjunction: No feasible solution found, use SCIP default branching rule
_____________________________________
Now starting branching with general disjunction
Current branching Node number: 1805
LP objective value: 164000
Node lower bound: 164000
Node upper bound: 187800
gap to the primal bound: 0.841176
Preck submodel is infeasible, continue branching
General disjunction: Both Children are added
_____________________________________
Now starting branching with general disjunction
Current branching Node number: 1806
LP objective value: 184200
Node lower bound: 184200
Node upper bound: 187800
gap to the primal bound: 0.841176
Preck submodel is infeasible, continue branching
General disjunction: No feasible solution found, use SCIP default branching rule
_____________________________________
Now starting branching with general disjunction
Current branching Node number: 1207
LP objective value: 153000
Node lower bound: 153000
Node upper bound: 187800
gap to the primal bound: 0.841176
Preck submodel is infeasible, continue branching
General disjunction: No feasible solution found, use SCIP default branching rule
_____________________________________
Now starting branching with general disjunction
Current branching Node number: 1811
LP objective value: 153000
Node lower bound: 153000
Node upper bound: 187800
gap to the primal bound: 0.841176
Preck submodel is infeasible, continue branching
General disjunction: No feasible solution found, use SCIP default branching rule
_____________________________________
Now starting branching with general disjunction
Current branching Node number: 1813
LP objective value: 153000
Node lower bound: 153000
Node upper bound: 187800
gap to the primal bound: 0.841176
Preck submodel is infeasible, continue branching
General disjunction: No feasible solution found, use SCIP default branching rule
_____________________________________
Now starting branching with general disjunction
Current branching Node number: 755
Relpscost reduced domain, skip general disjunction branching
_____________________________________
Now starting branching with general disjunction
Current branching Node number: 755
Relpscost reduced domain, skip general disjunction branching
_____________________________________
Now starting branching with general disjunction
Current branching Node number: 755
LP objective value: 161858
Node lower bound: 161858
Node upper bound: 187800
gap to the primal bound: 0.841176
Preck submodel is infeasible, continue branching
General disjunction: Only Left constraint added:
_____________________________________
Now starting branching with general disjunction
Current branching Node number: 755
LP objective value: 182200
Node lower bound: 182200
Node upper bound: 187800
gap to the primal bound: 0.841176
Preck submodel is infeasible, continue branching
General disjunction: No feasible solution found, use SCIP default branching rule
_____________________________________
Now starting branching with general disjunction
Current branching Node number: 1817
LP objective value: 182200
Node lower bound: 182200
Node upper bound: 187800
gap to the primal bound: 0.841176
Preck submodel is infeasible, continue branching
General disjunction: No feasible solution found, use SCIP default branching rule
_____________________________________
Now starting branching with general disjunction
Current branching Node number: 1819
Relpscost reduced domain, skip general disjunction branching
_____________________________________
Now starting branching with general disjunction
Current branching Node number: 1819
LP objective value: 182215
Node lower bound: 182457
Node upper bound: 187800
gap to the primal bound: 0.841176
Preck submodel is infeasible, continue branching
General disjunction: No feasible solution found, use SCIP default branching rule
_____________________________________
Now starting branching with general disjunction
Current branching Node number: 1209
Relpscost reduced domain, skip general disjunction branching
_____________________________________
Now starting branching with general disjunction
Current branching Node number: 1209
LP objective value: 153000
Node lower bound: 153000
Node upper bound: 187800
gap to the primal bound: 0.841176
Preck submodel is infeasible, continue branching
General disjunction: No feasible solution found, use SCIP default branching rule
_____________________________________
Now starting branching with general disjunction
Current branching Node number: 1823
LP objective value: 153000
Node lower bound: 153000
Node upper bound: 187800
gap to the primal bound: 0.841176
Preck submodel is infeasible, continue branching
General disjunction: No feasible solution found, use SCIP default branching rule
_____________________________________
Now starting branching with general disjunction
Current branching Node number: 1825
LP objective value: 153000
Node lower bound: 153000
Node upper bound: 187800
gap to the primal bound: 0.841176
Preck submodel is infeasible, continue branching
General disjunction: No feasible solution found, use SCIP default branching rule
(node 958) solution of LP 3167 not optimal (pfeas=0, dfeas=1) -- solving again with tighter feasibility tolerance
_____________________________________
Now starting branching with general disjunction
Current branching Node number: 394
LP objective value: 153000
Node lower bound: 153000
Node upper bound: 187800
gap to the primal bound: 0.841176
Preck submodel is infeasible, continue branching
General disjunction: No feasible solution found, use SCIP default branching rule
_____________________________________
Now starting branching with general disjunction
Current branching Node number: 1829
LP objective value: 153000
Node lower bound: 153000
Node upper bound: 187800
gap to the primal bound: 0.841176
Preck submodel is infeasible, continue branching
General disjunction: No feasible solution found, use SCIP default branching rule
_____________________________________
Now starting branching with general disjunction
Current branching Node number: 1831
LP objective value: 153000
Node lower bound: 153000
Node upper bound: 187800
gap to the primal bound: 0.841176
Preck submodel is infeasible, continue branching
General disjunction: No feasible solution found, use SCIP default branching rule
_____________________________________
Now starting branching with general disjunction
Current branching Node number: 468
LP objective value: 159667
Node lower bound: 159667
Node upper bound: 187800
gap to the primal bound: 0.841176
Preck submodel is infeasible, continue branching
General disjunction: No feasible solution found, use SCIP default branching rule
_____________________________________
Now starting branching with general disjunction
Current branching Node number: 1834
LP objective value: 159667
Node lower bound: 159667
Node upper bound: 187800
gap to the primal bound: 0.841176
Preck submodel is infeasible, continue branching
General disjunction: No feasible solution found, use SCIP default branching rule
_____________________________________
Now starting branching with general disjunction
Current branching Node number: 1778
LP objective value: 153000
Node lower bound: 153000
Node upper bound: 187800
gap to the primal bound: 0.841176
Preck submodel is infeasible, continue branching
General disjunction: Both Children are added
_____________________________________
Now starting branching with general disjunction
Current branching Node number: 1838
LP objective value: 179500
Node lower bound: 179500
Node upper bound: 187800
gap to the primal bound: 0.841176
Preck submodel is infeasible, continue branching
General disjunction: No feasible solution found, use SCIP default branching rule
_____________________________________
Now starting branching with general disjunction
Current branching Node number: 1841
LP objective value: 179500
Node lower bound: 179500
Node upper bound: 187800
gap to the primal bound: 0.841176
Preck submodel is infeasible, continue branching
General disjunction: No feasible solution found, use SCIP default branching rule
_____________________________________
Now starting branching with general disjunction
Current branching Node number: 936
LP objective value: 154000
Node lower bound: 154000
Node upper bound: 187800
gap to the primal bound: 0.841176
Preck submodel is infeasible, continue branching
General disjunction: Both Children are added
_____________________________________
Now starting branching with general disjunction
Current branching Node number: 1844
LP objective value: 160500
Node lower bound: 160500
Node upper bound: 187800
gap to the primal bound: 0.841176
Preck submodel is infeasible, continue branching
General disjunction: No feasible solution found, use SCIP default branching rule
_____________________________________
Now starting branching with general disjunction
Current branching Node number: 1847
LP objective value: 160500
Node lower bound: 160500
Node upper bound: 187800
gap to the primal bound: 0.841176
Preck submodel is infeasible, continue branching
General disjunction: No feasible solution found, use SCIP default branching rule
_____________________________________
Now starting branching with general disjunction
Current branching Node number: 548
LP objective value: 181000
Node lower bound: 181000
Node upper bound: 187800
gap to the primal bound: 0.841176
Preck submodel is infeasible, continue branching
General disjunction: No feasible solution found, use SCIP default branching rule
_____________________________________
Now starting branching with general disjunction
Current branching Node number: 1850
LP objective value: 181000
Node lower bound: 181000
Node upper bound: 187800
gap to the primal bound: 0.841176
Preck submodel is infeasible, continue branching
General disjunction: No feasible solution found, use SCIP default branching rule
_____________________________________
Now starting branching with general disjunction
Current branching Node number: 53
LP objective value: 159667
Node lower bound: 159667
Node upper bound: 187800
gap to the primal bound: 0.841176
Preck submodel is infeasible, continue branching
General disjunction: No feasible solution found, use SCIP default branching rule
_____________________________________
Now starting branching with general disjunction
Current branching Node number: 1855
Relpscost reduced domain, skip general disjunction branching
_____________________________________
Now starting branching with general disjunction
Current branching Node number: 1855
LP objective value: 186334
Node lower bound: 186334
Node upper bound: 187800
gap to the primal bound: 0.841176
Preck submodel is infeasible, continue branching
General disjunction: No feasible solution found, use SCIP default branching rule
_____________________________________
Now starting branching with general disjunction
Current branching Node number: 1857
LP objective value: 186334
Node lower bound: 186334
Node upper bound: 187800
gap to the primal bound: 0.841176
Preck submodel is infeasible, continue branching
General disjunction: No feasible solution found, use SCIP default branching rule
_____________________________________
Now starting branching with general disjunction
Current branching Node number: 1268
LP objective value: 154250
Node lower bound: 154250
Node upper bound: 187800
gap to the primal bound: 0.841176
Preck submodel is infeasible, continue branching
General disjunction: No feasible solution found, use SCIP default branching rule
_____________________________________
Now starting branching with general disjunction
Current branching Node number: 1861
Relpscost reduced domain, skip general disjunction branching
_____________________________________
Now starting branching with general disjunction
Current branching Node number: 1861
LP objective value: 178617
Node lower bound: 178617
Node upper bound: 187800
gap to the primal bound: 0.841176
Preck submodel is infeasible, continue branching
General disjunction: Both Children are added
_____________________________________
Now starting branching with general disjunction
Current branching Node number: 1862
Relpscost reduced domain, skip general disjunction branching
_____________________________________
Now starting branching with general disjunction
Current branching Node number: 1862
LP objective value: 186417
Node lower bound: 186417
Node upper bound: 187800
gap to the primal bound: 0.841176
Preck submodel is infeasible, continue branching
General disjunction: No feasible solution found, use SCIP default branching rule
_____________________________________
Now starting branching with general disjunction
Current branching Node number: 1740
LP objective value: 153000
Node lower bound: 153000
Node upper bound: 187800
gap to the primal bound: 0.841176
Preck submodel is infeasible, continue branching
General disjunction: No feasible solution found, use SCIP default branching rule
_____________________________________
Now starting branching with general disjunction
Current branching Node number: 1867
LP objective value: 153000
Node lower bound: 153000
Node upper bound: 187800
gap to the primal bound: 0.841176
Preck submodel is infeasible, continue branching
General disjunction: No feasible solution found, use SCIP default branching rule
_____________________________________
Now starting branching with general disjunction
Current branching Node number: 1869
LP objective value: 153000
Node lower bound: 153000
Node upper bound: 187800
gap to the primal bound: 0.841176
Preck submodel is infeasible, continue branching
General disjunction: No feasible solution found, use SCIP default branching rule
_____________________________________
Now starting branching with general disjunction
Current branching Node number: 38
LP objective value: 153000
Node lower bound: 153000
Node upper bound: 187800
gap to the primal bound: 0.841176
Preck submodel is infeasible, continue branching
General disjunction: No feasible solution found, use SCIP default branching rule
_____________________________________
Now starting branching with general disjunction
Current branching Node number: 1873
LP objective value: 153000
Node lower bound: 153000
Node upper bound: 187800
gap to the primal bound: 0.841176
Preck submodel is infeasible, continue branching
General disjunction: No feasible solution found, use SCIP default branching rule
_____________________________________
Now starting branching with general disjunction
Current branching Node number: 1875
LP objective value: 153000
Node lower bound: 153000
Node upper bound: 187800
gap to the primal bound: 0.841176
Preck submodel is infeasible, continue branching
General disjunction: No feasible solution found, use SCIP default branching rule
_____________________________________
Now starting branching with general disjunction
Current branching Node number: 1150
LP objective value: 153000
Node lower bound: 153000
Node upper bound: 187800
gap to the primal bound: 0.841176
Preck submodel is infeasible, continue branching
General disjunction: No feasible solution found, use SCIP default branching rule
_____________________________________
Now starting branching with general disjunction
Current branching Node number: 1879
LP objective value: 153000
Node lower bound: 153000
Node upper bound: 187800
gap to the primal bound: 0.841176
Preck submodel is infeasible, continue branching
General disjunction: No feasible solution found, use SCIP default branching rule
_____________________________________
Now starting branching with general disjunction
Current branching Node number: 1881
LP objective value: 153000
Node lower bound: 153000
Node upper bound: 187800
gap to the primal bound: 0.841176
Preck submodel is infeasible, continue branching
General disjunction: No feasible solution found, use SCIP default branching rule
_____________________________________
Now starting branching with general disjunction
Current branching Node number: 1051
LP objective value: 153000
Node lower bound: 153000
Node upper bound: 187800
gap to the primal bound: 0.841176
Preck submodel is infeasible, continue branching
General disjunction: No feasible solution found, use SCIP default branching rule
_____________________________________
Now starting branching with general disjunction
Current branching Node number: 1885
LP objective value: 175000
Node lower bound: 175000
Node upper bound: 187800
gap to the primal bound: 0.841176
Preck submodel is infeasible, continue branching
General disjunction: No feasible solution found, use SCIP default branching rule
_____________________________________
Now starting branching with general disjunction
Current branching Node number: 256
LP objective value: 131000
Node lower bound: 131000
Node upper bound: 187800
gap to the primal bound: 0.841176
Preck submodel is infeasible, continue branching
General disjunction: No feasible solution found, use SCIP default branching rule
_____________________________________
Now starting branching with general disjunction
Current branching Node number: 1889
LP objective value: 175000
Node lower bound: 175000
Node upper bound: 187800
gap to the primal bound: 0.841176
Preck submodel is infeasible, continue branching
General disjunction: No feasible solution found, use SCIP default branching rule
_____________________________________
Now starting branching with general disjunction
Current branching Node number: 1891
LP objective value: 175000
Node lower bound: 175000
Node upper bound: 187800
gap to the primal bound: 0.841176
Preck submodel is infeasible, continue branching
General disjunction: No feasible solution found, use SCIP default branching rule
_____________________________________
Now starting branching with general disjunction
Current branching Node number: 1243
LP objective value: 153000
Node lower bound: 153000
Node upper bound: 187800
gap to the primal bound: 0.841176
Preck submodel is infeasible, continue branching
General disjunction: No feasible solution found, use SCIP default branching rule
_____________________________________
Now starting branching with general disjunction
Current branching Node number: 1895
Relpscost reduced domain, skip general disjunction branching
_____________________________________
Now starting branching with general disjunction
Current branching Node number: 1895
LP objective value: 153000
Node lower bound: 153000
Node upper bound: 187800
gap to the primal bound: 0.841176
Preck submodel is infeasible, continue branching
General disjunction: No feasible solution found, use SCIP default branching rule
_____________________________________
Now starting branching with general disjunction
Current branching Node number: 1896
LP objective value: 153000
Node lower bound: 153000
Node upper bound: 187800
gap to the primal bound: 0.841176
Preck submodel is infeasible, continue branching
General disjunction: No feasible solution found, use SCIP default branching rule
_____________________________________
Now starting branching with general disjunction
Current branching Node number: 1297
LP objective value: 153000
Node lower bound: 153000
Node upper bound: 187800
gap to the primal bound: 0.841176
Preck submodel is infeasible, continue branching
General disjunction: No feasible solution found, use SCIP default branching rule
 time | node  | left  |LP iter|LP it/n|mem/heur|mdpt |vars |cons |rows |cuts |sepa|confs|strbr|  dualbound   | primalbound  |  gap   | compl. 
 2622s|  1000 |   824 | 97203 |  96.6 |    27M |  23 | 449 |4450 | 591 |4622 |  1 |4589 |2106 | 1.020000e+05 | 1.878000e+05 |  84.12%|  11.57%
_____________________________________
Now starting branching with general disjunction
Current branching Node number: 1900
LP objective value: 153000
Node lower bound: 153000
Node upper bound: 187800
gap to the primal bound: 0.841176
Preck submodel is infeasible, continue branching
General disjunction: No feasible solution found, use SCIP default branching rule
_____________________________________
Now starting branching with general disjunction
Current branching Node number: 1903
Relpscost reduced domain, skip general disjunction branching
_____________________________________
Now starting branching with general disjunction
Current branching Node number: 1903
LP objective value: 175167
Node lower bound: 175167
Node upper bound: 187800
gap to the primal bound: 0.841176
Preck submodel is infeasible, continue branching
General disjunction: Both Children are added
_____________________________________
Now starting branching with general disjunction
Current branching Node number: 618
Relpscost reduced domain, skip general disjunction branching
_____________________________________
Now starting branching with general disjunction
Current branching Node number: 618
LP objective value: 153000
Node lower bound: 153000
Node upper bound: 187800
gap to the primal bound: 0.841176
Preck submodel is infeasible, continue branching
General disjunction: No feasible solution found, use SCIP default branching rule
_____________________________________
Now starting branching with general disjunction
Current branching Node number: 1907
LP objective value: 153000
Node lower bound: 153000
Node upper bound: 187800
gap to the primal bound: 0.841176
Preck submodel is infeasible, continue branching
General disjunction: No feasible solution found, use SCIP default branching rule
_____________________________________
Now starting branching with general disjunction
Current branching Node number: 1909
Relpscost reduced domain, skip general disjunction branching
_____________________________________
Now starting branching with general disjunction
Current branching Node number: 1909
LP objective value: 153000
Node lower bound: 153000
Node upper bound: 187800
gap to the primal bound: 0.841176
Preck submodel is infeasible, continue branching
General disjunction: No feasible solution found, use SCIP default branching rule
_____________________________________
Now starting branching with general disjunction
Current branching Node number: 856
Relpscost reduced domain, skip general disjunction branching
_____________________________________
Now starting branching with general disjunction
Current branching Node number: 856
LP objective value: 153000
Node lower bound: 153000
Node upper bound: 187800
gap to the primal bound: 0.841176
Preck submodel is infeasible, continue branching
General disjunction: No feasible solution found, use SCIP default branching rule
_____________________________________
Now starting branching with general disjunction
Current branching Node number: 1913
Relpscost reduced domain, skip general disjunction branching
_____________________________________
Now starting branching with general disjunction
Current branching Node number: 1913
LP objective value: 153000
Node lower bound: 153000
Node upper bound: 187800
gap to the primal bound: 0.841176
Preck submodel is infeasible, continue branching
General disjunction: No feasible solution found, use SCIP default branching rule
_____________________________________
Now starting branching with general disjunction
Current branching Node number: 1915
Relpscost reduced domain, skip general disjunction branching
_____________________________________
Now starting branching with general disjunction
Current branching Node number: 1915
LP objective value: 159667
Node lower bound: 159667
Node upper bound: 187800
gap to the primal bound: 0.841176
Preck submodel is infeasible, continue branching
General disjunction: No feasible solution found, use SCIP default branching rule
_____________________________________
Now starting branching with general disjunction
Current branching Node number: 740
LP objective value: 153000
Node lower bound: 153000
Node upper bound: 187800
gap to the primal bound: 0.841176
Preck submodel is infeasible, continue branching
General disjunction: No feasible solution found, use SCIP default branching rule
_____________________________________
Now starting branching with general disjunction
Current branching Node number: 1919
LP objective value: 153000
Node lower bound: 153000
Node upper bound: 187800
gap to the primal bound: 0.841176
Preck submodel is infeasible, continue branching
General disjunction: No feasible solution found, use SCIP default branching rule
_____________________________________
Now starting branching with general disjunction
Current branching Node number: 1921
LP objective value: 153000
Node lower bound: 153000
Node upper bound: 187800
gap to the primal bound: 0.841176
Preck submodel is infeasible, continue branching
General disjunction: No feasible solution found, use SCIP default branching rule
_____________________________________
Now starting branching with general disjunction
Current branching Node number: 1052
LP objective value: 153000
Node lower bound: 153000
Node upper bound: 187800
gap to the primal bound: 0.841176
Preck submodel is infeasible, continue branching
General disjunction: No feasible solution found, use SCIP default branching rule
_____________________________________
Now starting branching with general disjunction
Current branching Node number: 1925
Relpscost reduced domain, skip general disjunction branching
_____________________________________
Now starting branching with general disjunction
Current branching Node number: 1925
(node 1014) solution of LP 3349 not optimal (pfeas=0, dfeas=1) -- solving again with tighter feasibility tolerance
Relpscost reduced domain, skip general disjunction branching
_____________________________________
Now starting branching with general disjunction
Current branching Node number: 1925
Relpscost reduced domain, skip general disjunction branching
_____________________________________
Now starting branching with general disjunction
Current branching Node number: 1925
Relpscost reduced domain, skip general disjunction branching
_____________________________________
Now starting branching with general disjunction
Current branching Node number: 1925
LP objective value: 163334
Node lower bound: 163334
Node upper bound: 187800
gap to the primal bound: 0.841176
Preck submodel is infeasible, continue branching
General disjunction: No feasible solution found, use SCIP default branching rule
_____________________________________
Now starting branching with general disjunction
Current branching Node number: 1926
LP objective value: 163334
Node lower bound: 163334
Node upper bound: 187800
gap to the primal bound: 0.841176
Preck submodel is infeasible, continue branching
General disjunction: No feasible solution found, use SCIP default branching rule
_____________________________________
Now starting branching with general disjunction
Current branching Node number: 472
LP objective value: 159667
Node lower bound: 159667
Node upper bound: 187800
gap to the primal bound: 0.841176
Preck submodel is infeasible, continue branching
General disjunction: No feasible solution found, use SCIP default branching rule
_____________________________________
Now starting branching with general disjunction
Current branching Node number: 1026
LP objective value: 153000
Node lower bound: 153000
Node upper bound: 187800
gap to the primal bound: 0.841176
Preck submodel is infeasible, continue branching
General disjunction: No feasible solution found, use SCIP default branching rule
_____________________________________
Now starting branching with general disjunction
Current branching Node number: 1933
LP objective value: 153000
Node lower bound: 153000
Node upper bound: 187800
gap to the primal bound: 0.841176
Preck submodel is infeasible, continue branching
General disjunction: No feasible solution found, use SCIP default branching rule
_____________________________________
Now starting branching with general disjunction
Current branching Node number: 1934
Relpscost reduced domain, skip general disjunction branching
_____________________________________
Now starting branching with general disjunction
Current branching Node number: 1934
LP objective value: 163334
Node lower bound: 163334
Node upper bound: 187800
gap to the primal bound: 0.841176
Preck submodel is infeasible, continue branching
General disjunction: No feasible solution found, use SCIP default branching rule
_____________________________________
Now starting branching with general disjunction
Current branching Node number: 1082
LP objective value: 153000
Node lower bound: 153000
Node upper bound: 187800
gap to the primal bound: 0.841176
Preck submodel is infeasible, continue branching
General disjunction: No feasible solution found, use SCIP default branching rule
_____________________________________
Now starting branching with general disjunction
Current branching Node number: 1939
LP objective value: 153000
Node lower bound: 153000
Node upper bound: 187800
gap to the primal bound: 0.841176
Preck submodel is infeasible, continue branching
General disjunction: No feasible solution found, use SCIP default branching rule
_____________________________________
Now starting branching with general disjunction
Current branching Node number: 1941
Relpscost reduced domain, skip general disjunction branching
_____________________________________
Now starting branching with general disjunction
Current branching Node number: 1941
LP objective value: 153000
Node lower bound: 153000
Node upper bound: 187800
gap to the primal bound: 0.841176
Preck submodel is infeasible, continue branching
General disjunction: No feasible solution found, use SCIP default branching rule
_____________________________________
Now starting branching with general disjunction
Current branching Node number: 460
LP objective value: 153000
Node lower bound: 153000
Node upper bound: 187800
gap to the primal bound: 0.841176
Preck submodel is infeasible, continue branching
General disjunction: No feasible solution found, use SCIP default branching rule
_____________________________________
Now starting branching with general disjunction
Current branching Node number: 1945
LP objective value: 159667
Node lower bound: 159667
Node upper bound: 187800
gap to the primal bound: 0.841176
Preck submodel is infeasible, continue branching
General disjunction: No feasible solution found, use SCIP default branching rule
_____________________________________
Now starting branching with general disjunction
Current branching Node number: 1947
LP objective value: 175000
Node lower bound: 175000
Node upper bound: 187800
gap to the primal bound: 0.841176
Preck submodel is infeasible, continue branching
General disjunction: No feasible solution found, use SCIP default branching rule
_____________________________________
Now starting branching with general disjunction
Current branching Node number: 1230
LP objective value: 153000
Node lower bound: 153000
Node upper bound: 187800
gap to the primal bound: 0.841176
Preck submodel is infeasible, continue branching
General disjunction: No feasible solution found, use SCIP default branching rule
_____________________________________
Now starting branching with general disjunction
Current branching Node number: 1950
LP objective value: 153000
Node lower bound: 153000
Node upper bound: 187800
gap to the primal bound: 0.841176
Preck submodel is infeasible, continue branching
General disjunction: No feasible solution found, use SCIP default branching rule
_____________________________________
Now starting branching with general disjunction
Current branching Node number: 1953
LP objective value: 153000
Node lower bound: 153000
Node upper bound: 187800
gap to the primal bound: 0.841176
Preck submodel is infeasible, continue branching
General disjunction: No feasible solution found, use SCIP default branching rule
_____________________________________
Now starting branching with general disjunction
Current branching Node number: 1077
LP objective value: 153000
Node lower bound: 153000
Node upper bound: 187800
gap to the primal bound: 0.841176
Preck submodel is infeasible, continue branching
General disjunction: No feasible solution found, use SCIP default branching rule
_____________________________________
Now starting branching with general disjunction
Current branching Node number: 1957
LP objective value: 153000
Node lower bound: 153000
Node upper bound: 187800
gap to the primal bound: 0.841176
Preck submodel is infeasible, continue branching
General disjunction: No feasible solution found, use SCIP default branching rule
_____________________________________
Now starting branching with general disjunction
Current branching Node number: 1959
Relpscost reduced domain, skip general disjunction branching
_____________________________________
Now starting branching with general disjunction
Current branching Node number: 1959
LP objective value: 153000
Node lower bound: 153000
Node upper bound: 187800
gap to the primal bound: 0.841176
Preck submodel is infeasible, continue branching
General disjunction: No feasible solution found, use SCIP default branching rule
_____________________________________
Now starting branching with general disjunction
Current branching Node number: 1366
Relpscost reduced domain, skip general disjunction branching
_____________________________________
Now starting branching with general disjunction
Current branching Node number: 1366
LP objective value: 169287
Node lower bound: 169287
Node upper bound: 187800
gap to the primal bound: 0.841176
Preck submodel is infeasible, continue branching
General disjunction: No feasible solution found, use SCIP default branching rule
_____________________________________
Now starting branching with general disjunction
Current branching Node number: 438
Relpscost reduced domain, skip general disjunction branching
_____________________________________
Now starting branching with general disjunction
Current branching Node number: 438
Relpscost reduced domain, skip general disjunction branching
_____________________________________
Now starting branching with general disjunction
Current branching Node number: 438
Relpscost reduced domain, skip general disjunction branching
_____________________________________
Now starting branching with general disjunction
Current branching Node number: 438
LP objective value: 153000
Node lower bound: 153000
Node upper bound: 187800
gap to the primal bound: 0.841176
Preck submodel is infeasible, continue branching
General disjunction: No feasible solution found, use SCIP default branching rule
_____________________________________
Now starting branching with general disjunction
Current branching Node number: 1965
LP objective value: 153000
Node lower bound: 153000
Node upper bound: 187800
gap to the primal bound: 0.841176
Preck submodel is infeasible, continue branching
General disjunction: No feasible solution found, use SCIP default branching rule
_____________________________________
Now starting branching with general disjunction
Current branching Node number: 1967
LP objective value: 153000
Node lower bound: 153000
Node upper bound: 187800
gap to the primal bound: 0.841176
Preck submodel is infeasible, continue branching
General disjunction: No feasible solution found, use SCIP default branching rule
_____________________________________
Now starting branching with general disjunction
Current branching Node number: 1197
LP objective value: 153000
Node lower bound: 153000
Node upper bound: 187800
gap to the primal bound: 0.841176
Preck submodel is infeasible, continue branching
General disjunction: No feasible solution found, use SCIP default branching rule
_____________________________________
Now starting branching with general disjunction
Current branching Node number: 1971
LP objective value: 153000
Node lower bound: 153000
Node upper bound: 187800
gap to the primal bound: 0.841176
Preck submodel is infeasible, continue branching
General disjunction: No feasible solution found, use SCIP default branching rule
_____________________________________
Now starting branching with general disjunction
Current branching Node number: 1972
LP objective value: 153000
Node lower bound: 153000
Node upper bound: 187800
gap to the primal bound: 0.841176
Preck submodel is infeasible, continue branching
General disjunction: No feasible solution found, use SCIP default branching rule
_____________________________________
Now starting branching with general disjunction
Current branching Node number: 879
LP objective value: 153000
Node lower bound: 153000
Node upper bound: 187800
gap to the primal bound: 0.841176
Preck submodel is infeasible, continue branching
General disjunction: No feasible solution found, use SCIP default branching rule
_____________________________________
Now starting branching with general disjunction
Current branching Node number: 1976
LP objective value: 153000
Node lower bound: 153000
Node upper bound: 187800
gap to the primal bound: 0.841176
Preck submodel is infeasible, continue branching
General disjunction: No feasible solution found, use SCIP default branching rule
(node 1046) solution of LP 3468 not optimal (pfeas=0, dfeas=1) -- solving again with tighter feasibility tolerance
(node 1046) solution of LP 3468 not optimal (pfeas=0, dfeas=1) -- solving again from scratch
_____________________________________
Now starting branching with general disjunction
Current branching Node number: 1979
LP objective value: 159667
Node lower bound: 159667
Node upper bound: 187800
gap to the primal bound: 0.841176
Preck submodel is infeasible, continue branching
General disjunction: No feasible solution found, use SCIP default branching rule
_____________________________________
Now starting branching with general disjunction
Current branching Node number: 363
LP objective value: 164250
Node lower bound: 164250
Node upper bound: 187800
gap to the primal bound: 0.841176
Preck submodel is infeasible, continue branching
General disjunction: Only Right constraint added:
_____________________________________
Now starting branching with general disjunction
Current branching Node number: 363
LP objective value: 173750
Node lower bound: 173750
Node upper bound: 187800
gap to the primal bound: 0.841176
Preck submodel is infeasible, continue branching
General disjunction: No feasible solution found, use SCIP default branching rule
_____________________________________
Now starting branching with general disjunction
Current branching Node number: 1982
LP objective value: 173750
Node lower bound: 173750
Node upper bound: 187800
gap to the primal bound: 0.841176
Preck submodel is infeasible, continue branching
General disjunction: No feasible solution found, use SCIP default branching rule
_____________________________________
Now starting branching with general disjunction
Current branching Node number: 1175
Relpscost reduced domain, skip general disjunction branching
_____________________________________
Now starting branching with general disjunction
Current branching Node number: 1175
LP objective value: 153000
Node lower bound: 153000
Node upper bound: 187800
gap to the primal bound: 0.841176
Preck submodel is infeasible, continue branching
General disjunction: No feasible solution found, use SCIP default branching rule
_____________________________________
Now starting branching with general disjunction
Current branching Node number: 1987
Relpscost reduced domain, skip general disjunction branching
_____________________________________
Now starting branching with general disjunction
Current branching Node number: 1987
LP objective value: 156667
Node lower bound: 156667
Node upper bound: 187800
gap to the primal bound: 0.841176
Preck submodel is infeasible, continue branching
General disjunction: No feasible solution found, use SCIP default branching rule
_____________________________________
Now starting branching with general disjunction
Current branching Node number: 1989
Relpscost reduced domain, skip general disjunction branching
_____________________________________
Now starting branching with general disjunction
Current branching Node number: 1989
LP objective value: 173346
Node lower bound: 173346
Node upper bound: 187800
gap to the primal bound: 0.841176
Preck submodel is infeasible, continue branching
General disjunction: No feasible solution found, use SCIP default branching rule
_____________________________________
Now starting branching with general disjunction
Current branching Node number: 711
Relpscost reduced domain, skip general disjunction branching
_____________________________________
Now starting branching with general disjunction
Current branching Node number: 711
LP objective value: 165917
Node lower bound: 165917
Node upper bound: 187800
gap to the primal bound: 0.841176
Preck submodel is infeasible, continue branching
General disjunction: No feasible solution found, use SCIP default branching rule
_____________________________________
Now starting branching with general disjunction
Current branching Node number: 1992
LP objective value: 165917
Node lower bound: 165917
Node upper bound: 187800
gap to the primal bound: 0.841176
Preck submodel is infeasible, continue branching
General disjunction: Both Children are added
_____________________________________
Now starting branching with general disjunction
Current branching Node number: 1994
Relpscost reduced domain, skip general disjunction branching
_____________________________________
Now starting branching with general disjunction
Current branching Node number: 1994
LP objective value: 177723
Node lower bound: 177723
Node upper bound: 187800
gap to the primal bound: 0.841176
Preck submodel is infeasible, continue branching
General disjunction: No feasible solution found, use SCIP default branching rule
_____________________________________
Now starting branching with general disjunction
Current branching Node number: 408
LP objective value: 159667
Node lower bound: 159667
Node upper bound: 187800
gap to the primal bound: 0.841176
Preck submodel is infeasible, continue branching
General disjunction: No feasible solution found, use SCIP default branching rule
_____________________________________
Now starting branching with general disjunction
Current branching Node number: 1999
Relpscost reduced domain, skip general disjunction branching
_____________________________________
Now starting branching with general disjunction
Current branching Node number: 1999
LP objective value: 179334
Node lower bound: 179334
Node upper bound: 187800
gap to the primal bound: 0.841176
Preck submodel is infeasible, continue branching
General disjunction: No feasible solution found, use SCIP default branching rule
_____________________________________
Now starting branching with general disjunction
Current branching Node number: 2001
LP objective value: 184750
Node lower bound: 184750
Node upper bound: 187800
gap to the primal bound: 0.841176
Preck submodel is infeasible, continue branching
General disjunction: No feasible solution found, use SCIP default branching rule
_____________________________________
Now starting branching with general disjunction
Current branching Node number: 360
Relpscost reduced domain, skip general disjunction branching
_____________________________________
Now starting branching with general disjunction
Current branching Node number: 360
LP objective value: 164250
Node lower bound: 164250
Node upper bound: 187800
gap to the primal bound: 0.841176
Preck submodel is infeasible, continue branching
General disjunction: No feasible solution found, use SCIP default branching rule
_____________________________________
Now starting branching with general disjunction
Current branching Node number: 2004
LP objective value: 164250
Node lower bound: 164250
Node upper bound: 187800
gap to the primal bound: 0.841176
Preck submodel is infeasible, continue branching
General disjunction: No feasible solution found, use SCIP default branching rule
_____________________________________
Now starting branching with general disjunction
Current branching Node number: 2007
Relpscost reduced domain, skip general disjunction branching
_____________________________________
Now starting branching with general disjunction
Current branching Node number: 2007
LP objective value: 173968
Node lower bound: 173968
Node upper bound: 187800
gap to the primal bound: 0.841176
Preck submodel is infeasible, continue branching
General disjunction: No feasible solution found, use SCIP default branching rule
_____________________________________
Now starting branching with general disjunction
Current branching Node number: 909
LP objective value: 153000
Node lower bound: 153000
Node upper bound: 187800
gap to the primal bound: 0.841176
Preck submodel is infeasible, continue branching
General disjunction: No feasible solution found, use SCIP default branching rule
_____________________________________
Now starting branching with general disjunction
Current branching Node number: 2011
LP objective value: 163667
Node lower bound: 163667
Node upper bound: 187800
gap to the primal bound: 0.841176
Preck submodel is infeasible, continue branching
General disjunction: No feasible solution found, use SCIP default branching rule
_____________________________________
Now starting branching with general disjunction
Current branching Node number: 2013
LP objective value: 163667
Node lower bound: 163667
Node upper bound: 187800
gap to the primal bound: 0.841176
Preck submodel is infeasible, continue branching
General disjunction: No feasible solution found, use SCIP default branching rule
_____________________________________
Now starting branching with general disjunction
Current branching Node number: 493
LP objective value: 172250
Node lower bound: 172250
Node upper bound: 187800
gap to the primal bound: 0.841176
Preck submodel is infeasible, continue branching
General disjunction: Both Children are added
_____________________________________
Now starting branching with general disjunction
Current branching Node number: 2016
LP objective value: 174000
Node lower bound: 174000
Node upper bound: 187800
gap to the primal bound: 0.841176
Preck submodel is infeasible, continue branching
General disjunction: No feasible solution found, use SCIP default branching rule
_____________________________________
Now starting branching with general disjunction
Current branching Node number: 2019
Relpscost reduced domain, skip general disjunction branching
_____________________________________
Now starting branching with general disjunction
Current branching Node number: 2019
LP objective value: 177001
Node lower bound: 177001
Node upper bound: 187800
gap to the primal bound: 0.841176
Preck submodel is infeasible, continue branching
General disjunction: No feasible solution found, use SCIP default branching rule
_____________________________________
Now starting branching with general disjunction
Current branching Node number: 902
LP objective value: 153000
Node lower bound: 153000
Node upper bound: 187800
gap to the primal bound: 0.841176
Preck submodel is infeasible, continue branching
General disjunction: No feasible solution found, use SCIP default branching rule
_____________________________________
Now starting branching with general disjunction
Current branching Node number: 2023
LP objective value: 153000
Node lower bound: 153000
Node upper bound: 187800
gap to the primal bound: 0.841176
Preck submodel is infeasible, continue branching
General disjunction: No feasible solution found, use SCIP default branching rule
_____________________________________
Now starting branching with general disjunction
Current branching Node number: 2025
Relpscost reduced domain, skip general disjunction branching
_____________________________________
Now starting branching with general disjunction
Current branching Node number: 2025
Relpscost reduced domain, skip general disjunction branching
_____________________________________
Now starting branching with general disjunction
Current branching Node number: 2025
LP objective value: 153000
Node lower bound: 153000
Node upper bound: 187800
gap to the primal bound: 0.841176
Preck submodel is infeasible, continue branching
General disjunction: No feasible solution found, use SCIP default branching rule
_____________________________________
Now starting branching with general disjunction
Current branching Node number: 1160
LP objective value: 153000
Node lower bound: 153000
Node upper bound: 187800
gap to the primal bound: 0.841176
Preck submodel is infeasible, continue branching
General disjunction: No feasible solution found, use SCIP default branching rule
_____________________________________
Now starting branching with general disjunction
Current branching Node number: 2028
LP objective value: 153000
Node lower bound: 153000
Node upper bound: 187800
gap to the primal bound: 0.841176
Preck submodel is infeasible, continue branching
General disjunction: No feasible solution found, use SCIP default branching rule
_____________________________________
Now starting branching with general disjunction
Current branching Node number: 2031
LP objective value: 153000
Node lower bound: 153000
Node upper bound: 187800
gap to the primal bound: 0.841176
Preck submodel is infeasible, continue branching
General disjunction: No feasible solution found, use SCIP default branching rule
_____________________________________
Now starting branching with general disjunction
Current branching Node number: 49
LP objective value: 159667
Node lower bound: 159667
Node upper bound: 187800
gap to the primal bound: 0.841176
Preck submodel is infeasible, continue branching
General disjunction: No feasible solution found, use SCIP default branching rule
_____________________________________
Now starting branching with general disjunction
Current branching Node number: 2035
LP objective value: 186334
Node lower bound: 186334
Node upper bound: 187800
gap to the primal bound: 0.841176
Preck submodel is infeasible, continue branching
General disjunction: No feasible solution found, use SCIP default branching rule
_____________________________________
Now starting branching with general disjunction
Current branching Node number: 134
Relpscost reduced domain, skip general disjunction branching
_____________________________________
Now starting branching with general disjunction
Current branching Node number: 134
LP objective value: 156750
Node lower bound: 156750
Node upper bound: 187800
gap to the primal bound: 0.841176
Preck submodel is infeasible, continue branching
General disjunction: No feasible solution found, use SCIP default branching rule
_____________________________________
Now starting branching with general disjunction
Current branching Node number: 2039
LP objective value: 156750
Node lower bound: 156750
Node upper bound: 187800
gap to the primal bound: 0.841176
Preck submodel is infeasible, continue branching
General disjunction: No feasible solution found, use SCIP default branching rule
_____________________________________
Now starting branching with general disjunction
Current branching Node number: 2041
LP objective value: 160000
Node lower bound: 160000
Node upper bound: 187800
gap to the primal bound: 0.841176
Preck submodel is infeasible, continue branching
General disjunction: No feasible solution found, use SCIP default branching rule
_____________________________________
Now starting branching with general disjunction
Current branching Node number: 1217
LP objective value: 102000
Node lower bound: 102000
Node upper bound: 187800
gap to the primal bound: 0.841176
Preck submodel is infeasible, continue branching
General disjunction: No feasible solution found, use SCIP default branching rule
_____________________________________
Now starting branching with general disjunction
Current branching Node number: 2045
LP objective value: 153000
Node lower bound: 153000
Node upper bound: 187800
gap to the primal bound: 0.841176
Preck submodel is infeasible, continue branching
General disjunction: No feasible solution found, use SCIP default branching rule
_____________________________________
Now starting branching with general disjunction
Current branching Node number: 2047
LP objective value: 153000
Node lower bound: 153000
Node upper bound: 187800
gap to the primal bound: 0.841176
Preck submodel is infeasible, continue branching
General disjunction: No feasible solution found, use SCIP default branching rule
_____________________________________
Now starting branching with general disjunction
Current branching Node number: 2049
LP objective value: 153000
Node lower bound: 153000
Node upper bound: 187800
gap to the primal bound: 0.841176
Preck submodel is infeasible, continue branching
General disjunction: No feasible solution found, use SCIP default branching rule
_____________________________________
Now starting branching with general disjunction
Current branching Node number: 638
LP objective value: 153000
Node lower bound: 153000
Node upper bound: 187800
gap to the primal bound: 0.841176
Preck submodel is infeasible, continue branching
General disjunction: No feasible solution found, use SCIP default branching rule
_____________________________________
Now starting branching with general disjunction
Current branching Node number: 2053
LP objective value: 153000
Node lower bound: 153000
Node upper bound: 187800
gap to the primal bound: 0.841176
Preck submodel is infeasible, continue branching
General disjunction: No feasible solution found, use SCIP default branching rule
_____________________________________
Now starting branching with general disjunction
Current branching Node number: 2054
LP objective value: 153000
Node lower bound: 153000
Node upper bound: 187800
gap to the primal bound: 0.841176
Preck submodel is infeasible, continue branching
General disjunction: No feasible solution found, use SCIP default branching rule
_____________________________________
Now starting branching with general disjunction
Current branching Node number: 832
LP objective value: 153000
Node lower bound: 153000
Node upper bound: 187800
gap to the primal bound: 0.841176
Preck submodel is infeasible, continue branching
General disjunction: No feasible solution found, use SCIP default branching rule
_____________________________________
Now starting branching with general disjunction
Current branching Node number: 2059
LP objective value: 153000
Node lower bound: 153000
Node upper bound: 187800
gap to the primal bound: 0.841176
Preck submodel is infeasible, continue branching
General disjunction: No feasible solution found, use SCIP default branching rule
_____________________________________
Now starting branching with general disjunction
Current branching Node number: 2061
LP objective value: 153000
Node lower bound: 153000
Node upper bound: 187800
gap to the primal bound: 0.841176
Preck submodel is infeasible, continue branching
General disjunction: No feasible solution found, use SCIP default branching rule
_____________________________________
Now starting branching with general disjunction
Current branching Node number: 2044
LP objective value: 153000
Node lower bound: 153000
Node upper bound: 187800
gap to the primal bound: 0.841176
Preck submodel is infeasible, continue branching
General disjunction: No feasible solution found, use SCIP default branching rule
_____________________________________
Now starting branching with general disjunction
Current branching Node number: 2065
LP objective value: 153000
Node lower bound: 153000
Node upper bound: 187800
gap to the primal bound: 0.841176
Preck submodel is infeasible, continue branching
General disjunction: No feasible solution found, use SCIP default branching rule
_____________________________________
Now starting branching with general disjunction
Current branching Node number: 2067
LP objective value: 153000
Node lower bound: 153000
Node upper bound: 187800
gap to the primal bound: 0.841176
Preck submodel is infeasible, continue branching
General disjunction: No feasible solution found, use SCIP default branching rule
_____________________________________
Now starting branching with general disjunction
Current branching Node number: 790
LP objective value: 163334
Node lower bound: 163334
Node upper bound: 187800
gap to the primal bound: 0.841176
Preck submodel is infeasible, continue branching
General disjunction: No feasible solution found, use SCIP default branching rule
_____________________________________
Now starting branching with general disjunction
Current branching Node number: 2071
LP objective value: 163334
Node lower bound: 163334
Node upper bound: 187800
gap to the primal bound: 0.841176
Preck submodel is infeasible, continue branching
General disjunction: No feasible solution found, use SCIP default branching rule
_____________________________________
Now starting branching with general disjunction
Current branching Node number: 2073
LP objective value: 163334
Node lower bound: 163334
Node upper bound: 187800
gap to the primal bound: 0.841176
Preck submodel is infeasible, continue branching
General disjunction: No feasible solution found, use SCIP default branching rule
_____________________________________
Now starting branching with general disjunction
Current branching Node number: 547
LP objective value: 159667
Node lower bound: 159667
Node upper bound: 187800
gap to the primal bound: 0.841176
Preck submodel is infeasible, continue branching
General disjunction: No feasible solution found, use SCIP default branching rule
_____________________________________
Now starting branching with general disjunction
Current branching Node number: 2077
LP objective value: 184000
Node lower bound: 184000
Node upper bound: 187800
gap to the primal bound: 0.841176
Preck submodel is infeasible, continue branching
General disjunction: No feasible solution found, use SCIP default branching rule
_____________________________________
Now starting branching with general disjunction
Current branching Node number: 2078
LP objective value: 184000
Node lower bound: 184000
Node upper bound: 187800
gap to the primal bound: 0.841176
Preck submodel is infeasible, continue branching
General disjunction: No feasible solution found, use SCIP default branching rule
_____________________________________
Now starting branching with general disjunction
Current branching Node number: 816
LP objective value: 153000
Node lower bound: 153000
Node upper bound: 187800
gap to the primal bound: 0.841176
Preck submodel is infeasible, continue branching
General disjunction: No feasible solution found, use SCIP default branching rule
 2844s|  1100 |   906 |110991 | 100.4 |    30M |  23 | 449 |4877 | 593 |5573 |  1 |5102 |2161 | 1.020000e+05 | 1.878000e+05 |  84.12%|  12.87%
_____________________________________
Now starting branching with general disjunction
Current branching Node number: 2083
LP objective value: 159667
Node lower bound: 159667
Node upper bound: 187800
gap to the primal bound: 0.841176
Preck submodel is infeasible, continue branching
General disjunction: No feasible solution found, use SCIP default branching rule
_____________________________________
Now starting branching with general disjunction
Current branching Node number: 2085
LP objective value: 159667
Node lower bound: 159667
Node upper bound: 187800
gap to the primal bound: 0.841176
Preck submodel is infeasible, continue branching
General disjunction: No feasible solution found, use SCIP default branching rule
_____________________________________
Now starting branching with general disjunction
Current branching Node number: 407
LP objective value: 159667
Node lower bound: 159667
Node upper bound: 187800
gap to the primal bound: 0.841176
Preck submodel is infeasible, continue branching
General disjunction: No feasible solution found, use SCIP default branching rule
_____________________________________
Now starting branching with general disjunction
Current branching Node number: 2089
LP objective value: 169000
Node lower bound: 169000
Node upper bound: 187800
gap to the primal bound: 0.841176
Preck submodel is infeasible, continue branching
General disjunction: Both Children are added
_____________________________________
Now starting branching with general disjunction
Current branching Node number: 2090
LP objective value: 184750
Node lower bound: 184750
Node upper bound: 187800
gap to the primal bound: 0.841176
Preck submodel is infeasible, continue branching
General disjunction: No feasible solution found, use SCIP default branching rule
_____________________________________
Now starting branching with general disjunction
Current branching Node number: 381
LP objective value: 160750
Node lower bound: 160750
Node upper bound: 187800
gap to the primal bound: 0.841176
Preck submodel is infeasible, continue branching
General disjunction: No feasible solution found, use SCIP default branching rule
_____________________________________
Now starting branching with general disjunction
Current branching Node number: 2095
LP objective value: 160750
Node lower bound: 160750
Node upper bound: 187800
gap to the primal bound: 0.841176
Preck submodel is infeasible, continue branching
General disjunction: No feasible solution found, use SCIP default branching rule
_____________________________________
Now starting branching with general disjunction
Current branching Node number: 2097
LP objective value: 175000
Node lower bound: 175000
Node upper bound: 187800
gap to the primal bound: 0.841176
Preck submodel is infeasible, continue branching
General disjunction: No feasible solution found, use SCIP default branching rule
_____________________________________
Now starting branching with general disjunction
Current branching Node number: 1539
LP objective value: 153000
Node lower bound: 153000
Node upper bound: 187800
gap to the primal bound: 0.841176
Preck submodel is infeasible, continue branching
General disjunction: No feasible solution found, use SCIP default branching rule
_____________________________________
Now starting branching with general disjunction
Current branching Node number: 2101
LP objective value: 153000
Node lower bound: 153000
Node upper bound: 187800
gap to the primal bound: 0.841176
Preck submodel is infeasible, continue branching
General disjunction: Both Children are added
_____________________________________
Now starting branching with general disjunction
Current branching Node number: 2102
LP objective value: 157000
Node lower bound: 157000
Node upper bound: 187800
gap to the primal bound: 0.841176
Preck submodel is infeasible, continue branching
General disjunction: No feasible solution found, use SCIP default branching rule
_____________________________________
Now starting branching with general disjunction
Current branching Node number: 1300
LP objective value: 153000
Node lower bound: 153000
Node upper bound: 187800
gap to the primal bound: 0.841176
Preck submodel is infeasible, continue branching
General disjunction: Both Children are added
_____________________________________
Now starting branching with general disjunction
Current branching Node number: 2106
LP objective value: 154250
Node lower bound: 154250
Node upper bound: 187800
gap to the primal bound: 0.841176
Preck submodel is infeasible, continue branching
General disjunction: Both Children are added
_____________________________________
Now starting branching with general disjunction
Current branching Node number: 2108
LP objective value: 179600
Node lower bound: 179600
Node upper bound: 187800
gap to the primal bound: 0.841176
Preck submodel is infeasible, continue branching
General disjunction: No feasible solution found, use SCIP default branching rule
_____________________________________
Now starting branching with general disjunction
Current branching Node number: 2111
LP objective value: 179600
Node lower bound: 179600
Node upper bound: 187800
gap to the primal bound: 0.841176
Preck submodel is infeasible, continue branching
General disjunction: No feasible solution found, use SCIP default branching rule
_____________________________________
Now starting branching with general disjunction
Current branching Node number: 2112
LP objective value: 179600
Node lower bound: 179600
Node upper bound: 187800
gap to the primal bound: 0.841176
Preck submodel is infeasible, continue branching
General disjunction: No feasible solution found, use SCIP default branching rule
_____________________________________
Now starting branching with general disjunction
Current branching Node number: 2107
LP objective value: 154250
Node lower bound: 154250
Node upper bound: 187800
gap to the primal bound: 0.841176
Preck submodel is infeasible, continue branching
General disjunction: No feasible solution found, use SCIP default branching rule
_____________________________________
Now starting branching with general disjunction
Current branching Node number: 2117
LP objective value: 158000
Node lower bound: 158000
Node upper bound: 187800
gap to the primal bound: 0.841176
Preck submodel is infeasible, continue branching
General disjunction: No feasible solution found, use SCIP default branching rule
_____________________________________
Now starting branching with general disjunction
Current branching Node number: 2119
LP objective value: 158000
Node lower bound: 158000
Node upper bound: 187800
gap to the primal bound: 0.841176
Preck submodel is infeasible, continue branching
General disjunction: No feasible solution found, use SCIP default branching rule
_____________________________________
Now starting branching with general disjunction
Current branching Node number: 2109
LP objective value: 154250
Node lower bound: 154250
Node upper bound: 187800
gap to the primal bound: 0.841176
Preck submodel is infeasible, continue branching
General disjunction: Both Children are added
_____________________________________
Now starting branching with general disjunction
Current branching Node number: 2122
LP objective value: 168125
Node lower bound: 168125
Node upper bound: 187800
gap to the primal bound: 0.841176
Preck submodel is infeasible, continue branching
General disjunction: No feasible solution found, use SCIP default branching rule
_____________________________________
Now starting branching with general disjunction
Current branching Node number: 2125
LP objective value: 168125
Node lower bound: 168125
Node upper bound: 187800
gap to the primal bound: 0.841176
Preck submodel is infeasible, continue branching
General disjunction: No feasible solution found, use SCIP default branching rule
_____________________________________
Now starting branching with general disjunction
Current branching Node number: 2126
LP objective value: 168125
Node lower bound: 168125
Node upper bound: 187800
gap to the primal bound: 0.841176
Preck submodel is infeasible, continue branching
General disjunction: Infeasible disjunction
_____________________________________
Now starting branching with general disjunction
Current branching Node number: 742
LP objective value: 153000
Node lower bound: 153000
Node upper bound: 187800
gap to the primal bound: 0.841176
Preck submodel is infeasible, continue branching
General disjunction: No feasible solution found, use SCIP default branching rule
_____________________________________
Now starting branching with general disjunction
Current branching Node number: 2129
LP objective value: 153000
Node lower bound: 153000
Node upper bound: 187800
gap to the primal bound: 0.841176
Preck submodel is infeasible, continue branching
General disjunction: No feasible solution found, use SCIP default branching rule
_____________________________________
Now starting branching with general disjunction
Current branching Node number: 2131
LP objective value: 156750
Node lower bound: 156750
Node upper bound: 187800
gap to the primal bound: 0.841176
Preck submodel is infeasible, continue branching
General disjunction: No feasible solution found, use SCIP default branching rule
_____________________________________
Now starting branching with general disjunction
Current branching Node number: 470
LP objective value: 159667
Node lower bound: 159667
Node upper bound: 187800
gap to the primal bound: 0.841176
Preck submodel is infeasible, continue branching
General disjunction: No feasible solution found, use SCIP default branching rule
_____________________________________
Now starting branching with general disjunction
Current branching Node number: 2134
LP objective value: 159667
Node lower bound: 159667
Node upper bound: 187800
gap to the primal bound: 0.841176
Preck submodel is infeasible, continue branching
General disjunction: No feasible solution found, use SCIP default branching rule
_____________________________________
Now starting branching with general disjunction
Current branching Node number: 1237
LP objective value: 153000
Node lower bound: 153000
Node upper bound: 187800
gap to the primal bound: 0.751049
Preck submodel is infeasible, continue branching
General disjunction: No feasible solution found, use SCIP default branching rule
_____________________________________
Now starting branching with general disjunction
Current branching Node number: 2139
LP objective value: 153000
Node lower bound: 153000
Node upper bound: 187800
gap to the primal bound: 0.751049
Preck submodel is infeasible, continue branching
General disjunction: No feasible solution found, use SCIP default branching rule
_____________________________________
Now starting branching with general disjunction
Current branching Node number: 2141
LP objective value: 153000
Node lower bound: 153000
Node upper bound: 187800
gap to the primal bound: 0.751049
Preck submodel is infeasible, continue branching
General disjunction: No feasible solution found, use SCIP default branching rule
_____________________________________
Now starting branching with general disjunction
Current branching Node number: 51
Relpscost reduced domain, skip general disjunction branching
_____________________________________
Now starting branching with general disjunction
Current branching Node number: 51
LP objective value: 186334
Node lower bound: 186334
Node upper bound: 187800
gap to the primal bound: 0.751049
Preck submodel is infeasible, continue branching
General disjunction: No feasible solution found, use SCIP default branching rule
_____________________________________
Now starting branching with general disjunction
Current branching Node number: 2145
LP objective value: 186334
Node lower bound: 186334
Node upper bound: 187800
gap to the primal bound: 0.751049
Preck submodel is infeasible, continue branching
General disjunction: No feasible solution found, use SCIP default branching rule
_____________________________________
Now starting branching with general disjunction
Current branching Node number: 2147
LP objective value: 186334
Node lower bound: 186334
Node upper bound: 187800
gap to the primal bound: 0.751049
Preck submodel is infeasible, continue branching
General disjunction: No feasible solution found, use SCIP default branching rule
_____________________________________
Now starting branching with general disjunction
Current branching Node number: 974
LP objective value: 153000
Node lower bound: 153000
Node upper bound: 187800
gap to the primal bound: 0.751049
Preck submodel is infeasible, continue branching
General disjunction: No feasible solution found, use SCIP default branching rule
_____________________________________
Now starting branching with general disjunction
Current branching Node number: 2151
LP objective value: 159667
Node lower bound: 159667
Node upper bound: 187800
gap to the primal bound: 0.751049
Preck submodel is infeasible, continue branching
General disjunction: No feasible solution found, use SCIP default branching rule
_____________________________________
Now starting branching with general disjunction
Current branching Node number: 2153
LP objective value: 159667
Node lower bound: 159667
Node upper bound: 187800
gap to the primal bound: 0.751049
Preck submodel is infeasible, continue branching
General disjunction: No feasible solution found, use SCIP default branching rule
_____________________________________
Now starting branching with general disjunction
Current branching Node number: 1589
LP objective value: 153000
Node lower bound: 153000
Node upper bound: 187800
gap to the primal bound: 0.751049
Preck submodel is infeasible, continue branching
General disjunction: No feasible solution found, use SCIP default branching rule
_____________________________________
Now starting branching with general disjunction
Current branching Node number: 2157
LP objective value: 159750
Node lower bound: 159750
Node upper bound: 187800
gap to the primal bound: 0.751049
Preck submodel is infeasible, continue branching
General disjunction: No feasible solution found, use SCIP default branching rule
_____________________________________
Now starting branching with general disjunction
Current branching Node number: 2159
LP objective value: 159750
Node lower bound: 159750
Node upper bound: 187800
gap to the primal bound: 0.751049
Preck submodel is infeasible, continue branching
General disjunction: No feasible solution found, use SCIP default branching rule
_____________________________________
Now starting branching with general disjunction
Current branching Node number: 708
LP objective value: 165917
Node lower bound: 165917
Node upper bound: 187800
gap to the primal bound: 0.751049
Preck submodel is infeasible, continue branching
General disjunction: Both Children are added
_____________________________________
Now starting branching with general disjunction
Current branching Node number: 2162
Relpscost reduced domain, skip general disjunction branching
_____________________________________
Now starting branching with general disjunction
Current branching Node number: 2162
LP objective value: 176570
Node lower bound: 176570
Node upper bound: 187800
gap to the primal bound: 0.751049
Preck submodel is infeasible, continue branching
General disjunction: Only Right constraint added:
_____________________________________
Now starting branching with general disjunction
Current branching Node number: 2162
LP objective value: 176570
Node lower bound: 176570
Node upper bound: 187800
gap to the primal bound: 0.751049
Preck submodel is infeasible, continue branching
General disjunction: Both Children are added
_____________________________________
Now starting branching with general disjunction
Current branching Node number: 2164
Relpscost reduced domain, skip general disjunction branching
_____________________________________
Now starting branching with general disjunction
Current branching Node number: 2164
LP objective value: 179514
Node lower bound: 179514
Node upper bound: 187800
gap to the primal bound: 0.751049
Preck submodel is infeasible, continue branching
General disjunction: Infeasible disjunction
_____________________________________
Now starting branching with general disjunction
Current branching Node number: 1101
Relpscost reduced domain, skip general disjunction branching
_____________________________________
Now starting branching with general disjunction
Current branching Node number: 45
LP objective value: 159667
Node lower bound: 159667
Node upper bound: 187800
gap to the primal bound: 0.751049
Preck submodel is infeasible, continue branching
General disjunction: No feasible solution found, use SCIP default branching rule
_____________________________________
Now starting branching with general disjunction
Current branching Node number: 2167
LP objective value: 159667
Node lower bound: 159667
Node upper bound: 187800
gap to the primal bound: 0.751049
Preck submodel is infeasible, continue branching
General disjunction: No feasible solution found, use SCIP default branching rule
_____________________________________
Now starting branching with general disjunction
Current branching Node number: 2169
LP objective value: 159667
Node lower bound: 159667
Node upper bound: 187800
gap to the primal bound: 0.751049
Preck submodel is infeasible, continue branching
General disjunction: No feasible solution found, use SCIP default branching rule
_____________________________________
Now starting branching with general disjunction
Current branching Node number: 1605
LP objective value: 153000
Node lower bound: 153000
Node upper bound: 187800
gap to the primal bound: 0.715068
Preck submodel is infeasible, continue branching
General disjunction: No feasible solution found, use SCIP default branching rule
_____________________________________
Now starting branching with general disjunction
Current branching Node number: 2173
LP objective value: 153000
Node lower bound: 153000
Node upper bound: 187800
gap to the primal bound: 0.715068
Preck submodel is infeasible, continue branching
General disjunction: No feasible solution found, use SCIP default branching rule
_____________________________________
Now starting branching with general disjunction
Current branching Node number: 2175
Relpscost reduced domain, skip general disjunction branching
_____________________________________
Now starting branching with general disjunction
Current branching Node number: 2175
LP objective value: 163542
Node lower bound: 163542
Node upper bound: 187800
gap to the primal bound: 0.715068
Preck submodel is infeasible, continue branching
General disjunction: Both Children are added
_____________________________________
Now starting branching with general disjunction
Current branching Node number: 1538
LP objective value: 159200
Node lower bound: 159200
Node upper bound: 187800
gap to the primal bound: 0.715068
Preck submodel is infeasible, continue branching
General disjunction: No feasible solution found, use SCIP default branching rule
_____________________________________
Now starting branching with general disjunction
Current branching Node number: 2179
Relpscost reduced domain, skip general disjunction branching
_____________________________________
Now starting branching with general disjunction
Current branching Node number: 2179
LP objective value: 159200
Node lower bound: 159200
Node upper bound: 187800
gap to the primal bound: 0.715068
Preck submodel is infeasible, continue branching
General disjunction: No feasible solution found, use SCIP default branching rule
_____________________________________
Now starting branching with general disjunction
Current branching Node number: 2180
LP objective value: 159200
Node lower bound: 159200
Node upper bound: 187800
gap to the primal bound: 0.715068
Preck submodel is infeasible, continue branching
General disjunction: No feasible solution found, use SCIP default branching rule
_____________________________________
Now starting branching with general disjunction
Current branching Node number: 1098
Relpscost reduced domain, skip general disjunction branching
_____________________________________
Now starting branching with general disjunction
Current branching Node number: 1098
LP objective value: 183500
Node lower bound: 183500
Node upper bound: 187800
gap to the primal bound: 0.715068
Preck submodel is infeasible, continue branching
General disjunction: No feasible solution found, use SCIP default branching rule
_____________________________________
Now starting branching with general disjunction
Current branching Node number: 2184
Relpscost reduced domain, skip general disjunction branching
_____________________________________
Now starting branching with general disjunction
Current branching Node number: 367
LP objective value: 184000
Node lower bound: 184000
Node upper bound: 187800
gap to the primal bound: 0.715068
Preck submodel is infeasible, continue branching
General disjunction: No feasible solution found, use SCIP default branching rule
_____________________________________
Now starting branching with general disjunction
Current branching Node number: 428
LP objective value: 164250
Node lower bound: 164250
Node upper bound: 187800
gap to the primal bound: 0.715068
Preck submodel is infeasible, continue branching
General disjunction: No feasible solution found, use SCIP default branching rule
_____________________________________
Now starting branching with general disjunction
Current branching Node number: 2188
LP objective value: 164250
Node lower bound: 164250
Node upper bound: 187800
gap to the primal bound: 0.715068
Preck submodel is infeasible, continue branching
General disjunction: No feasible solution found, use SCIP default branching rule
_____________________________________
Now starting branching with general disjunction
Current branching Node number: 2191
LP objective value: 164250
Node lower bound: 164250
Node upper bound: 187800
gap to the primal bound: 0.715068
Preck submodel is infeasible, continue branching
General disjunction: No feasible solution found, use SCIP default branching rule
(node 1165) solution of LP 4120 not optimal (pfeas=1, dfeas=0) -- solving again with tighter feasibility tolerance
_____________________________________
Now starting branching with general disjunction
Current branching Node number: 1290
LP objective value: 153000
Node lower bound: 153000
Node upper bound: 187800
gap to the primal bound: 0.715068
Preck submodel is infeasible, continue branching
General disjunction: No feasible solution found, use SCIP default branching rule
_____________________________________
Now starting branching with general disjunction
Current branching Node number: 2195
LP objective value: 160600
Node lower bound: 160600
Node upper bound: 187800
gap to the primal bound: 0.715068
Preck submodel is infeasible, continue branching
General disjunction: No feasible solution found, use SCIP default branching rule
_____________________________________
Now starting branching with general disjunction
Current branching Node number: 2197
LP objective value: 160600
Node lower bound: 160600
Node upper bound: 187800
gap to the primal bound: 0.715068
Preck submodel is infeasible, continue branching
General disjunction: Both Children are added
_____________________________________
Now starting branching with general disjunction
Current branching Node number: 1474
LP objective value: 154000
Node lower bound: 154000
Node upper bound: 187800
gap to the primal bound: 0.715068
Preck submodel is infeasible, continue branching
General disjunction: Both Children are added
_____________________________________
Now starting branching with general disjunction
Current branching Node number: 2200
LP objective value: 160500
Node lower bound: 160500
Node upper bound: 187800
gap to the primal bound: 0.715068
Preck submodel is infeasible, continue branching
General disjunction: No feasible solution found, use SCIP default branching rule
_____________________________________
Now starting branching with general disjunction
Current branching Node number: 2203
LP objective value: 179750
Node lower bound: 179750
Node upper bound: 187800
gap to the primal bound: 0.715068
Preck submodel is infeasible, continue branching
General disjunction: No feasible solution found, use SCIP default branching rule
_____________________________________
Now starting branching with general disjunction
Current branching Node number: 536
LP objective value: 159667
Node lower bound: 159667
Node upper bound: 187800
gap to the primal bound: 0.715068
Preck submodel is infeasible, continue branching
General disjunction: No feasible solution found, use SCIP default branching rule
_____________________________________
Now starting branching with general disjunction
Current branching Node number: 2207
LP objective value: 159667
Node lower bound: 159667
Node upper bound: 187800
gap to the primal bound: 0.715068
Preck submodel is infeasible, continue branching
General disjunction: No feasible solution found, use SCIP default branching rule
_____________________________________
Now starting branching with general disjunction
Current branching Node number: 2209
LP objective value: 159667
Node lower bound: 159667
Node upper bound: 187800
gap to the primal bound: 0.715068
Preck submodel is infeasible, continue branching
General disjunction: No feasible solution found, use SCIP default branching rule
_____________________________________
Now starting branching with general disjunction
Current branching Node number: 1306
LP objective value: 153000
Node lower bound: 153000
Node upper bound: 187800
gap to the primal bound: 0.715068
Preck submodel is infeasible, continue branching
General disjunction: No feasible solution found, use SCIP default branching rule
_____________________________________
Now starting branching with general disjunction
Current branching Node number: 2213
LP objective value: 153000
Node lower bound: 153000
Node upper bound: 187800
gap to the primal bound: 0.715068
Preck submodel is infeasible, continue branching
General disjunction: No feasible solution found, use SCIP default branching rule
_____________________________________
Now starting branching with general disjunction
Current branching Node number: 2215
Relpscost reduced domain, skip general disjunction branching
_____________________________________
Now starting branching with general disjunction
Current branching Node number: 2215
LP objective value: 180667
Node lower bound: 180667
Node upper bound: 187800
gap to the primal bound: 0.715068
Preck submodel is infeasible, continue branching
General disjunction: No feasible solution found, use SCIP default branching rule
_____________________________________
Now starting branching with general disjunction
Current branching Node number: 553
Relpscost reduced domain, skip general disjunction branching
_____________________________________
Now starting branching with general disjunction
Current branching Node number: 553
LP objective value: 164256
Node lower bound: 164256
Node upper bound: 187800
gap to the primal bound: 0.715068
Preck submodel is infeasible, continue branching
General disjunction: No feasible solution found, use SCIP default branching rule
_____________________________________
Now starting branching with general disjunction
Current branching Node number: 2219
Relpscost reduced domain, skip general disjunction branching
_____________________________________
Now starting branching with general disjunction
Current branching Node number: 1091
LP objective value: 155000
Node lower bound: 155000
Node upper bound: 187800
gap to the primal bound: 0.715068
Preck submodel is infeasible, continue branching
General disjunction: No feasible solution found, use SCIP default branching rule
_____________________________________
Now starting branching with general disjunction
Current branching Node number: 2221
LP objective value: 155000
Node lower bound: 155000
Node upper bound: 187800
gap to the primal bound: 0.715068
Preck submodel is infeasible, continue branching
General disjunction: No feasible solution found, use SCIP default branching rule
_____________________________________
Now starting branching with general disjunction
Current branching Node number: 2223
LP objective value: 186400
Node lower bound: 186400
Node upper bound: 187800
gap to the primal bound: 0.715068
Preck submodel is infeasible, continue branching
General disjunction: No feasible solution found, use SCIP default branching rule
_____________________________________
Now starting branching with general disjunction
Current branching Node number: 433
LP objective value: 164250
Node lower bound: 164250
Node upper bound: 187800
gap to the primal bound: 0.715068
Preck submodel is infeasible, continue branching
General disjunction: No feasible solution found, use SCIP default branching rule
_____________________________________
Now starting branching with general disjunction
Current branching Node number: 2226
LP objective value: 164250
Node lower bound: 164250
Node upper bound: 187800
gap to the primal bound: 0.715068
Preck submodel is infeasible, continue branching
General disjunction: No feasible solution found, use SCIP default branching rule
_____________________________________
Now starting branching with general disjunction
Current branching Node number: 445
LP objective value: 156750
Node lower bound: 156750
Node upper bound: 187800
gap to the primal bound: 0.715068
Preck submodel is infeasible, continue branching
General disjunction: No feasible solution found, use SCIP default branching rule
_____________________________________
Now starting branching with general disjunction
Current branching Node number: 2231
LP objective value: 162000
Node lower bound: 162000
Node upper bound: 187800
gap to the primal bound: 0.715068
Preck submodel is infeasible, continue branching
General disjunction: No feasible solution found, use SCIP default branching rule
_____________________________________
Now starting branching with general disjunction
Current branching Node number: 2233
LP objective value: 162000
Node lower bound: 162000
Node upper bound: 187800
gap to the primal bound: 0.715068
Preck submodel is infeasible, continue branching
General disjunction: No feasible solution found, use SCIP default branching rule
_____________________________________
Now starting branching with general disjunction
Current branching Node number: 930
LP objective value: 109500
Node lower bound: 109500
Node upper bound: 187800
gap to the primal bound: 0.715068
Preck submodel is infeasible, continue branching
General disjunction: No feasible solution found, use SCIP default branching rule
_____________________________________
Now starting branching with general disjunction
Current branching Node number: 2237
LP objective value: 153000
Node lower bound: 153000
Node upper bound: 187800
gap to the primal bound: 0.715068
Preck submodel is infeasible, continue branching
General disjunction: No feasible solution found, use SCIP default branching rule
_____________________________________
Now starting branching with general disjunction
Current branching Node number: 2239
LP objective value: 154000
Node lower bound: 154000
Node upper bound: 187800
gap to the primal bound: 0.715068
Preck submodel is infeasible, continue branching
General disjunction: No feasible solution found, use SCIP default branching rule
_____________________________________
Now starting branching with general disjunction
Current branching Node number: 1235
LP objective value: 153000
Node lower bound: 153000
Node upper bound: 187800
gap to the primal bound: 0.715068
Preck submodel is infeasible, continue branching
General disjunction: No feasible solution found, use SCIP default branching rule
_____________________________________
Now starting branching with general disjunction
Current branching Node number: 2243
LP objective value: 173250
Node lower bound: 173250
Node upper bound: 187800
gap to the primal bound: 0.715068
Preck submodel is infeasible, continue branching
General disjunction: No feasible solution found, use SCIP default branching rule
_____________________________________
Now starting branching with general disjunction
Current branching Node number: 2245
LP objective value: 173250
Node lower bound: 173250
Node upper bound: 187800
gap to the primal bound: 0.715068
Preck submodel is infeasible, continue branching
General disjunction: No feasible solution found, use SCIP default branching rule
_____________________________________
Now starting branching with general disjunction
Current branching Node number: 1326
LP objective value: 153000
Node lower bound: 153000
Node upper bound: 187800
gap to the primal bound: 0.715068
Preck submodel is infeasible, continue branching
General disjunction: No feasible solution found, use SCIP default branching rule
_____________________________________
Now starting branching with general disjunction
Current branching Node number: 2249
LP objective value: 154200
Node lower bound: 154200
Node upper bound: 187800
gap to the primal bound: 0.715068
Preck submodel is infeasible, continue branching
General disjunction: No feasible solution found, use SCIP default branching rule
_____________________________________
Now starting branching with general disjunction
Current branching Node number: 2251
LP objective value: 154200
Node lower bound: 154200
Node upper bound: 187800
gap to the primal bound: 0.715068
Preck submodel is infeasible, continue branching
General disjunction: No feasible solution found, use SCIP default branching rule
_____________________________________
Now starting branching with general disjunction
Current branching Node number: 1428
LP objective value: 153000
Node lower bound: 153000
Node upper bound: 187800
gap to the primal bound: 0.715068
Preck submodel is infeasible, continue branching
General disjunction: No feasible solution found, use SCIP default branching rule
 3112s|  1200 |   978 |129471 | 107.4 |    32M |  23 | 449 |5744 | 591 |5904 |  1 |6071 |2189 | 1.095000e+05 | 1.878000e+05 |  71.51%|  14.28%
_____________________________________
Now starting branching with general disjunction
Current branching Node number: 2255
LP objective value: 153200
Node lower bound: 153200
Node upper bound: 187800
gap to the primal bound: 0.715068
Preck submodel is infeasible, continue branching
General disjunction: No feasible solution found, use SCIP default branching rule
_____________________________________
Now starting branching with general disjunction
Current branching Node number: 749
LP objective value: 161200
Node lower bound: 161200
Node upper bound: 187800
gap to the primal bound: 0.715068
Preck submodel is infeasible, continue branching
General disjunction: No feasible solution found, use SCIP default branching rule
_____________________________________
Now starting branching with general disjunction
Current branching Node number: 2258
LP objective value: 161200
Node lower bound: 161200
Node upper bound: 187800
gap to the primal bound: 0.715068
Preck submodel is infeasible, continue branching
General disjunction: No feasible solution found, use SCIP default branching rule
_____________________________________
Now starting branching with general disjunction
Current branching Node number: 2261
LP objective value: 161200
Node lower bound: 161200
Node upper bound: 187800
gap to the primal bound: 0.715068
Preck submodel is infeasible, continue branching
General disjunction: No feasible solution found, use SCIP default branching rule
(node 1205) solution of LP 4334 not optimal (pfeas=1, dfeas=0) -- solving again with tighter feasibility tolerance
_____________________________________
Now starting branching with general disjunction
Current branching Node number: 106
LP objective value: 153000
Node lower bound: 153000
Node upper bound: 187800
gap to the primal bound: 0.715068
Preck submodel is infeasible, continue branching
General disjunction: No feasible solution found, use SCIP default branching rule
_____________________________________
Now starting branching with general disjunction
Current branching Node number: 2265
LP objective value: 175000
Node lower bound: 175000
Node upper bound: 187800
gap to the primal bound: 0.715068
Preck submodel is infeasible, continue branching
General disjunction: No feasible solution found, use SCIP default branching rule
_____________________________________
Now starting branching with general disjunction
Current branching Node number: 2267
LP objective value: 175000
Node lower bound: 175000
Node upper bound: 187800
gap to the primal bound: 0.715068
Preck submodel is infeasible, continue branching
General disjunction: No feasible solution found, use SCIP default branching rule
_____________________________________
Now starting branching with general disjunction
Current branching Node number: 753
LP objective value: 161200
Node lower bound: 161200
Node upper bound: 187800
gap to the primal bound: 0.715068
Preck submodel is infeasible, continue branching
General disjunction: No feasible solution found, use SCIP default branching rule
_____________________________________
Now starting branching with general disjunction
Current branching Node number: 2271
LP objective value: 181400
Node lower bound: 181400
Node upper bound: 187800
gap to the primal bound: 0.715068
Preck submodel is infeasible, continue branching
General disjunction: No feasible solution found, use SCIP default branching rule
_____________________________________
Now starting branching with general disjunction
Current branching Node number: 2273
LP objective value: 181400
Node lower bound: 181400
Node upper bound: 187800
gap to the primal bound: 0.715068
Preck submodel is infeasible, continue branching
General disjunction: No feasible solution found, use SCIP default branching rule
_____________________________________
Now starting branching with general disjunction
Current branching Node number: 586
LP objective value: 153000
Node lower bound: 153000
Node upper bound: 187800
gap to the primal bound: 0.715068
Preck submodel is infeasible, continue branching
General disjunction: No feasible solution found, use SCIP default branching rule
_____________________________________
Now starting branching with general disjunction
Current branching Node number: 2277
LP objective value: 153000
Node lower bound: 153000
Node upper bound: 187800
gap to the primal bound: 0.715068
Preck submodel is infeasible, continue branching
General disjunction: No feasible solution found, use SCIP default branching rule
Restart triggered after 50 consecutive estimations that the remaining tree will be large
(run 1, node 1213) performing user restart

(restart) converted 46 cuts from the global cut pool into linear constraints

presolving:
(round 1, fast)       0 del vars, 132 del conss, 5 add conss, 399 chg bounds, 0 chg sides, 421 chg coeffs, 0 upgd conss, 392 impls, 0 clqs
(round 2, fast)       0 del vars, 132 del conss, 5 add conss, 399 chg bounds, 0 chg sides, 813 chg coeffs, 0 upgd conss, 392 impls, 0 clqs
(round 3, exhaustive) 0 del vars, 136 del conss, 5 add conss, 399 chg bounds, 0 chg sides, 813 chg coeffs, 29 upgd conss, 392 impls, 0 clqs
(round 4, medium)     0 del vars, 165 del conss, 5 add conss, 399 chg bounds, 0 chg sides, 813 chg coeffs, 29 upgd conss, 392 impls, 0 clqs
clique table cleanup detected 0 bound changes

presolved problem has 172474 active (6.80236%) nonzeros and 2072 (0.0817195%) check nonzeros

presolving (5 rounds: 5 fast, 3 medium, 2 exhaustive):
 0 deleted vars, 167 deleted constraints, 5 added constraints, 399 tightened bounds, 0 added holes, 0 changed sides, 822 changed coefficients
 392 implications, 0 cliques
presolved problem has 449 variables (56 bin, 393 int, 0 impl, 0 cont) and 5647 constraints
    392 constraints of type <varbound>
    148 constraints of type <linear>
    134 constraints of type <logicor>
   4973 constraints of type <bounddisjunction>
transformed objective value is always integral (scale: 1)
Presolving Time: 0.05

 time | node  | left  |LP iter|LP it/n|mem/heur|mdpt |vars |cons |rows |cuts |sepa|confs|strbr|  dualbound   | primalbound  |  gap   | compl. 
 3137s|     1 |     0 |130181 |     - |    42M |   0 | 449 |5647 | 535 |   0 |  0 |6103 |2190 | 1.095000e+05 | 1.878000e+05 |  71.51%| unknown
 3137s|     1 |     0 |130190 |     - |    42M |   0 | 449 |5647 | 538 |   3 |  1 |6103 |2190 | 1.095000e+05 | 1.878000e+05 |  71.51%| unknown
 3137s|     1 |     0 |130211 |     - |    42M |   0 | 449 |5648 | 541 |   6 |  2 |6104 |2190 | 1.095000e+05 | 1.878000e+05 |  71.51%| unknown
 3137s|     1 |     0 |130237 |     - |    42M |   0 | 449 |5648 | 548 |  13 |  3 |6104 |2190 | 1.095000e+05 | 1.878000e+05 |  71.51%| unknown
 3137s|     1 |     0 |130255 |     - |    42M |   0 | 449 |5648 | 552 |  17 |  4 |6104 |2190 | 1.095000e+05 | 1.878000e+05 |  71.51%| unknown
 3137s|     1 |     0 |130274 |     - |    42M |   0 | 449 |5648 | 557 |  22 |  5 |6104 |2190 | 1.095000e+05 | 1.878000e+05 |  71.51%| unknown
 3137s|     1 |     0 |130280 |     - |    42M |   0 | 449 |5648 | 561 |  26 |  6 |6104 |2190 | 1.095000e+05 | 1.878000e+05 |  71.51%| unknown
 3137s|     1 |     0 |130289 |     - |    42M |   0 | 449 |5648 | 564 |  29 |  7 |6104 |2190 | 1.095000e+05 | 1.878000e+05 |  71.51%| unknown
 3137s|     1 |     0 |130302 |     - |    42M |   0 | 449 |5649 | 568 |  33 |  8 |6105 |2190 | 1.095000e+05 | 1.878000e+05 |  71.51%| unknown
 3137s|     1 |     0 |130317 |     - |    42M |   0 | 449 |5649 | 572 |  37 |  9 |6105 |2190 | 1.095000e+05 | 1.878000e+05 |  71.51%| unknown
 3137s|     1 |     0 |130339 |     - |    42M |   0 | 449 |5649 | 577 |  42 | 10 |6105 |2190 | 1.095000e+05 | 1.878000e+05 |  71.51%| unknown
 3137s|     1 |     0 |130340 |     - |    42M |   0 | 449 |5649 | 578 |  43 | 11 |6105 |2190 | 1.095000e+05 | 1.878000e+05 |  71.51%| unknown
Truncate separation round because of stalling (10 stall rounds).
_____________________________________
Now starting branching with general disjunction
Current branching Node number: 1
LP objective value: 109500
Node lower bound: 109500
Node upper bound: 187800
gap to the primal bound: 0.715068
Preck submodel is infeasible, continue branching
General disjunction: No feasible solution found, use SCIP default branching rule
(node 1) solution of LP 4376 not optimal (pfeas=0, dfeas=1) -- solving again with tighter feasibility tolerance
(node 1) solution of LP 4376 not optimal (pfeas=0, dfeas=1) -- solving again from scratch
 3141s|     1 |     2 |130576 |     - |    42M |   0 | 449 |5667 | 578 |  43 | 11 |6123 |2212 | 1.095000e+05 | 1.878000e+05 |  71.51%| unknown
_____________________________________
Now starting branching with general disjunction
Current branching Node number: 2
LP objective value: 109500
Node lower bound: 109500
Node upper bound: 187800
gap to the primal bound: 0.715068
Preck submodel is infeasible, continue branching
Time limit exceeded (1040.15s), stopping submodel solve loop
General disjunction: No feasible solution found, use SCIP default branching rule
_____________________________________
Now starting branching with general disjunction
Current branching Node number: 5
LP objective value: 109500
Node lower bound: 109500
Node upper bound: 187800
gap to the primal bound: 0.715068
Preck submodel is infeasible, continue branching
General disjunction: No feasible solution found, use SCIP default branching rule
_____________________________________
Now starting branching with general disjunction
Current branching Node number: 6
LP objective value: 109500
Node lower bound: 109500
Node upper bound: 187800
gap to the primal bound: 0.715068
Preck submodel is infeasible, continue branching
Time limit exceeded (1017.75s), stopping submodel solve loop
General disjunction: Both Children are added
_____________________________________
Now starting branching with general disjunction
Current branching Node number: 8
LP objective value: 117000
Node lower bound: 117000
Node upper bound: 187800
gap to the primal bound: 0.715068
Preck submodel is infeasible, continue branching
General disjunction: No feasible solution found, use SCIP default branching rule
_____________________________________
Now starting branching with general disjunction
Current branching Node number: 9
LP objective value: 109500
Node lower bound: 109500
Node upper bound: 187800
gap to the primal bound: 0.715068
Preck submodel is infeasible, continue branching
General disjunction: No feasible solution found, use SCIP default branching rule
_____________________________________
Now starting branching with general disjunction
Current branching Node number: 12
LP objective value: 109500
Node lower bound: 109500
Node upper bound: 187800
gap to the primal bound: 0.715068
Preck submodel is infeasible, continue branching
General disjunction: No feasible solution found, use SCIP default branching rule
_____________________________________
Now starting branching with general disjunction
Current branching Node number: 14
LP objective value: 109500
Node lower bound: 109500
Node upper bound: 187800
gap to the primal bound: 0.715068
Preck submodel is infeasible, continue branching
General disjunction: No feasible solution found, use SCIP default branching rule
_____________________________________
Now starting branching with general disjunction
Current branching Node number: 16
LP objective value: 109500
Node lower bound: 109500
Node upper bound: 187800
gap to the primal bound: 0.715068
Preck submodel is infeasible, continue branching
General disjunction: No feasible solution found, use SCIP default branching rule
_____________________________________
Now starting branching with general disjunction
Current branching Node number: 10
LP objective value: 117000
Node lower bound: 117000
Node upper bound: 187800
gap to the primal bound: 0.715068
Preck submodel is infeasible, continue branching
General disjunction: No feasible solution found, use SCIP default branching rule
_____________________________________
Now starting branching with general disjunction
Current branching Node number: 3
LP objective value: 109500
Node lower bound: 109500
Node upper bound: 187800
gap to the primal bound: 0.715068
Preck submodel is infeasible, continue branching
Time limit exceeded (1030.33s), stopping submodel solve loop
General disjunction: No feasible solution found, use SCIP default branching rule
_____________________________________
Now starting branching with general disjunction
Current branching Node number: 20
LP objective value: 117000
Node lower bound: 117000
Node upper bound: 187800
gap to the primal bound: 0.715068
Preck submodel is infeasible, continue branching
General disjunction: No feasible solution found, use SCIP default branching rule
_____________________________________
Now starting branching with general disjunction
Current branching Node number: 24
LP objective value: 117000
Node lower bound: 117000
Node upper bound: 187800
gap to the primal bound: 0.715068
Preck submodel is infeasible, continue branching
General disjunction: No feasible solution found, use SCIP default branching rule
_____________________________________
Now starting branching with general disjunction
Current branching Node number: 26
LP objective value: 117000
Node lower bound: 117000
Node upper bound: 187800
gap to the primal bound: 0.715068
Preck submodel is infeasible, continue branching
General disjunction: No feasible solution found, use SCIP default branching rule
_____________________________________
Now starting branching with general disjunction
Current branching Node number: 27
LP objective value: 117000
Node lower bound: 117000
Node upper bound: 187800
gap to the primal bound: 0.715068
Preck submodel is infeasible, continue branching
General disjunction: No feasible solution found, use SCIP default branching rule
_____________________________________
Now starting branching with general disjunction
Current branching Node number: 29
LP objective value: 117000
Node lower bound: 117000
Node upper bound: 187800
gap to the primal bound: 0.715068
Preck submodel is infeasible, continue branching
General disjunction: No feasible solution found, use SCIP default branching rule
_____________________________________
Now starting branching with general disjunction
Current branching Node number: 28
LP objective value: 117000
Node lower bound: 117000
Node upper bound: 187800
gap to the primal bound: 0.715068
Preck submodel is infeasible, continue branching
General disjunction: No feasible solution found, use SCIP default branching rule
(node 18) solution of LP 4461 not optimal (pfeas=0, dfeas=1) -- solving again with tighter feasibility tolerance
(node 18) solution of LP 4461 not optimal (pfeas=0, dfeas=1) -- solving again from scratch
_____________________________________
Now starting branching with general disjunction
Current branching Node number: 34
LP objective value: 117000
Node lower bound: 117000
Node upper bound: 187800
gap to the primal bound: 0.715068
Preck submodel is infeasible, continue branching
General disjunction: No feasible solution found, use SCIP default branching rule
_____________________________________
Now starting branching with general disjunction
Current branching Node number: 36
LP objective value: 127200
Node lower bound: 159667
Node upper bound: 187800
gap to the primal bound: 0.715068
Preck submodel is infeasible, continue branching
General disjunction: No feasible solution found, use SCIP default branching rule
_____________________________________
Now starting branching with general disjunction
Current branching Node number: 39
Relpscost reduced domain, skip general disjunction branching
_____________________________________
Now starting branching with general disjunction
Current branching Node number: 39
Relpscost reduced domain, skip general disjunction branching
_____________________________________
Now starting branching with general disjunction
Current branching Node number: 39
LP objective value: 169250
Node lower bound: 169250
Node upper bound: 187800
gap to the primal bound: 0.715068
Preck submodel is infeasible, continue branching
General disjunction: No feasible solution found, use SCIP default branching rule
_____________________________________
Now starting branching with general disjunction
Current branching Node number: 41
Relpscost reduced domain, skip general disjunction branching
_____________________________________
Now starting branching with general disjunction
Current branching Node number: 41
Relpscost reduced domain, skip general disjunction branching
_____________________________________
Now starting branching with general disjunction
Current branching Node number: 41
Relpscost reduced domain, skip general disjunction branching
_____________________________________
Now starting branching with general disjunction
Current branching Node number: 41
Relpscost reduced domain, skip general disjunction branching
_____________________________________
Now starting branching with general disjunction
Current branching Node number: 41
Relpscost reduced domain, skip general disjunction branching
_____________________________________
Now starting branching with general disjunction
Current branching Node number: 41
Relpscost reduced domain, skip general disjunction branching
_____________________________________
Now starting branching with general disjunction
Current branching Node number: 41
LP objective value: 183250
Node lower bound: 183250
Node upper bound: 187800
gap to the primal bound: 0.715068
Preck submodel is infeasible, continue branching
General disjunction: No feasible solution found, use SCIP default branching rule
_____________________________________
Now starting branching with general disjunction
Current branching Node number: 42
Relpscost reduced domain, skip general disjunction branching
_____________________________________
Now starting branching with general disjunction
Current branching Node number: 42
Relpscost reduced domain, skip general disjunction branching
_____________________________________
Now starting branching with general disjunction
Current branching Node number: 42
LP objective value: 183250
Node lower bound: 183250
Node upper bound: 187800
gap to the primal bound: 0.715068
Preck submodel is infeasible, continue branching
General disjunction: No feasible solution found, use SCIP default branching rule
_____________________________________
Now starting branching with general disjunction
Current branching Node number: 45
Relpscost reduced domain, skip general disjunction branching
_____________________________________
Now starting branching with general disjunction
Current branching Node number: 45
Relpscost reduced domain, skip general disjunction branching
_____________________________________
Now starting branching with general disjunction
Current branching Node number: 45
Relpscost reduced domain, skip general disjunction branching
_____________________________________
Now starting branching with general disjunction
Current branching Node number: 45
Relpscost reduced domain, skip general disjunction branching
_____________________________________
Now starting branching with general disjunction
Current branching Node number: 45
LP objective value: 183250
Node lower bound: 183250
Node upper bound: 187800
gap to the primal bound: 0.715068
Preck submodel is infeasible, continue branching
General disjunction: No feasible solution found, use SCIP default branching rule
_____________________________________
Now starting branching with general disjunction
Current branching Node number: 40
LP objective value: 169250
Node lower bound: 169250
Node upper bound: 187800
gap to the primal bound: 0.715068
Preck submodel is infeasible, continue branching
General disjunction: No feasible solution found, use SCIP default branching rule
_____________________________________
Now starting branching with general disjunction
Current branching Node number: 49
Relpscost reduced domain, skip general disjunction branching
_____________________________________
Now starting branching with general disjunction
Current branching Node number: 49
LP objective value: 169250
Node lower bound: 169250
Node upper bound: 187800
gap to the primal bound: 0.715068
Preck submodel is infeasible, continue branching
General disjunction: No feasible solution found, use SCIP default branching rule
_____________________________________
Now starting branching with general disjunction
Current branching Node number: 50
LP objective value: 169250
Node lower bound: 169250
Node upper bound: 187800
gap to the primal bound: 0.715068
Preck submodel is infeasible, continue branching
General disjunction: No feasible solution found, use SCIP default branching rule
_____________________________________
Now starting branching with general disjunction
Current branching Node number: 53
Relpscost reduced domain, skip general disjunction branching
_____________________________________
Now starting branching with general disjunction
Current branching Node number: 53
LP objective value: 183200
Node lower bound: 183200
Node upper bound: 187800
gap to the primal bound: 0.715068
Preck submodel is infeasible, continue branching
General disjunction: No feasible solution found, use SCIP default branching rule
_____________________________________
Now starting branching with general disjunction
Current branching Node number: 55
Relpscost reduced domain, skip general disjunction branching
_____________________________________
Now starting branching with general disjunction
Current branching Node number: 55
Relpscost reduced domain, skip general disjunction branching
_____________________________________
Now starting branching with general disjunction
Current branching Node number: 55
Relpscost reduced domain, skip general disjunction branching
_____________________________________
Now starting branching with general disjunction
Current branching Node number: 55
Relpscost reduced domain, skip general disjunction branching
_____________________________________
Now starting branching with general disjunction
Current branching Node number: 55
Relpscost reduced domain, skip general disjunction branching
_____________________________________
Now starting branching with general disjunction
Current branching Node number: 55
Relpscost reduced domain, skip general disjunction branching
_____________________________________
Now starting branching with general disjunction
Current branching Node number: 55
Relpscost reduced domain, skip general disjunction branching
_____________________________________
Now starting branching with general disjunction
Current branching Node number: 52
Relpscost reduced domain, skip general disjunction branching
_____________________________________
Now starting branching with general disjunction
Current branching Node number: 52
LP objective value: 184000
Node lower bound: 184000
Node upper bound: 187800
gap to the primal bound: 0.715068
Preck submodel is infeasible, continue branching
General disjunction: No feasible solution found, use SCIP default branching rule
_____________________________________
Now starting branching with general disjunction
Current branching Node number: 57
Relpscost reduced domain, skip general disjunction branching
_____________________________________
Now starting branching with general disjunction
Current branching Node number: 57
LP objective value: 184000
Node lower bound: 187286
Node upper bound: 187800
gap to the primal bound: 0.715068
Preck submodel is infeasible, continue branching
General disjunction: No feasible solution found, use SCIP default branching rule
_____________________________________
Now starting branching with general disjunction
Current branching Node number: 57
LP objective value: 184000
Node lower bound: 187286
Node upper bound: 187800
gap to the primal bound: 0.715068
Preck submodel is infeasible, continue branching
General disjunction: No feasible solution found, use SCIP default branching rule
_____________________________________
Now starting branching with general disjunction
Current branching Node number: 4
LP objective value: 109500
Node lower bound: 109500
Node upper bound: 187800
gap to the primal bound: 0.715068
Preck submodel is infeasible, continue branching
General disjunction: No feasible solution found, use SCIP default branching rule
_____________________________________
Now starting branching with general disjunction
Current branching Node number: 61
LP objective value: 109500
Node lower bound: 109500
Node upper bound: 187800
gap to the primal bound: 0.715068
Preck submodel is infeasible, continue branching
Time limit exceeded (1007.07s), stopping submodel solve loop
General disjunction: No feasible solution found, use SCIP default branching rule
_____________________________________
Now starting branching with general disjunction
Current branching Node number: 51
LP objective value: 169250
Node lower bound: 169250
Node upper bound: 187800
gap to the primal bound: 0.715068
Preck submodel is infeasible, continue branching
General disjunction: No feasible solution found, use SCIP default branching rule
_____________________________________
Now starting branching with general disjunction
Current branching Node number: 65
Relpscost reduced domain, skip general disjunction branching
_____________________________________
Now starting branching with general disjunction
Current branching Node number: 65
LP objective value: 183200
Node lower bound: 183200
Node upper bound: 187800
gap to the primal bound: 0.715068
Preck submodel is infeasible, continue branching
General disjunction: No feasible solution found, use SCIP default branching rule
_____________________________________
Now starting branching with general disjunction
Current branching Node number: 66
LP objective value: 183200
Node lower bound: 183200
Node upper bound: 187800
gap to the primal bound: 0.715068
Preck submodel is infeasible, continue branching
General disjunction: No feasible solution found, use SCIP default branching rule
_____________________________________
Now starting branching with general disjunction
Current branching Node number: 68
LP objective value: 183200
Node lower bound: 183200
Node upper bound: 187800
gap to the primal bound: 0.715068
Preck submodel is infeasible, continue branching
General disjunction: No feasible solution found, use SCIP default branching rule
_____________________________________
Now starting branching with general disjunction
Current branching Node number: 71
Relpscost reduced domain, skip general disjunction branching
_____________________________________
Now starting branching with general disjunction
Current branching Node number: 71
Relpscost reduced domain, skip general disjunction branching
_____________________________________
Now starting branching with general disjunction
Current branching Node number: 71
Relpscost reduced domain, skip general disjunction branching
_____________________________________
Now starting branching with general disjunction
Current branching Node number: 70
Relpscost reduced domain, skip general disjunction branching
_____________________________________
Now starting branching with general disjunction
Current branching Node number: 70
LP objective value: 183200
Node lower bound: 183200
Node upper bound: 187800
gap to the primal bound: 0.715068
Preck submodel is infeasible, continue branching
General disjunction: No feasible solution found, use SCIP default branching rule
_____________________________________
Now starting branching with general disjunction
Current branching Node number: 73
Relpscost reduced domain, skip general disjunction branching
_____________________________________
Now starting branching with general disjunction
Current branching Node number: 73
Relpscost reduced domain, skip general disjunction branching
_____________________________________
Now starting branching with general disjunction
Current branching Node number: 64
LP objective value: 169250
Node lower bound: 169250
Node upper bound: 187800
gap to the primal bound: 0.715068
Preck submodel is infeasible, continue branching
General disjunction: No feasible solution found, use SCIP default branching rule
_____________________________________
Now starting branching with general disjunction
Current branching Node number: 75
Relpscost reduced domain, skip general disjunction branching
_____________________________________
Now starting branching with general disjunction
Current branching Node number: 75
LP objective value: 169250
Node lower bound: 169250
Node upper bound: 187800
gap to the primal bound: 0.715068
Preck submodel is infeasible, continue branching
General disjunction: No feasible solution found, use SCIP default branching rule
_____________________________________
Now starting branching with general disjunction
Current branching Node number: 77
Relpscost reduced domain, skip general disjunction branching
_____________________________________
Now starting branching with general disjunction
Current branching Node number: 76
LP objective value: 169250
Node lower bound: 169250
Node upper bound: 187800
gap to the primal bound: 0.715068
Preck submodel is infeasible, continue branching
General disjunction: No feasible solution found, use SCIP default branching rule
_____________________________________
Now starting branching with general disjunction
Current branching Node number: 79
Relpscost reduced domain, skip general disjunction branching
_____________________________________
Now starting branching with general disjunction
Current branching Node number: 79
LP objective value: 184000
Node lower bound: 184000
Node upper bound: 187800
gap to the primal bound: 0.715068
Preck submodel is infeasible, continue branching
General disjunction: No feasible solution found, use SCIP default branching rule
_____________________________________
Now starting branching with general disjunction
Current branching Node number: 81
Relpscost reduced domain, skip general disjunction branching
_____________________________________
Now starting branching with general disjunction
Current branching Node number: 78
Relpscost reduced domain, skip general disjunction branching
_____________________________________
Now starting branching with general disjunction
Current branching Node number: 78
Relpscost reduced domain, skip general disjunction branching
_____________________________________
Now starting branching with general disjunction
Current branching Node number: 78
Relpscost reduced domain, skip general disjunction branching
_____________________________________
Now starting branching with general disjunction
Current branching Node number: 78
LP objective value: 169250
Node lower bound: 169250
Node upper bound: 187800
gap to the primal bound: 0.715068
Preck submodel is infeasible, continue branching
General disjunction: No feasible solution found, use SCIP default branching rule
_____________________________________
Now starting branching with general disjunction
Current branching Node number: 83
Relpscost reduced domain, skip general disjunction branching
_____________________________________
Now starting branching with general disjunction
Current branching Node number: 82
Relpscost reduced domain, skip general disjunction branching
_____________________________________
Now starting branching with general disjunction
Current branching Node number: 82
Relpscost reduced domain, skip general disjunction branching
_____________________________________
Now starting branching with general disjunction
Current branching Node number: 17
LP objective value: 153000
Node lower bound: 153000
Node upper bound: 187800
gap to the primal bound: 0.715068
Preck submodel is infeasible, continue branching
Time limit exceeded (1108.21s), stopping submodel solve loop
General disjunction: No feasible solution found, use SCIP default branching rule
_____________________________________
Now starting branching with general disjunction
Current branching Node number: 85
LP objective value: 153000
Node lower bound: 153000
Node upper bound: 187800
gap to the primal bound: 0.715068
Preck submodel is infeasible, continue branching
Error in probing right side: 0
Time limit exceeded (1059.79s), stopping submodel solve loop
General disjunction: No feasible solution found, use SCIP default branching rule
_____________________________________
Now starting branching with general disjunction
Current branching Node number: 87
LP objective value: 153000
Node lower bound: 153000
Node upper bound: 187800
gap to the primal bound: 0.715068
Preck submodel is infeasible, continue branching
Time limit exceeded (1030.57s), stopping submodel solve loop
General disjunction: No feasible solution found, use SCIP default branching rule
(node 54) solution of LP 4543 not optimal (pfeas=0, dfeas=1) -- solving again with tighter feasibility tolerance
(node 54) solution of LP 4543 not optimal (pfeas=0, dfeas=1) -- solving again from scratch
_____________________________________
Now starting branching with general disjunction
Current branching Node number: 89
Relpscost reduced domain, skip general disjunction branching
_____________________________________
Now starting branching with general disjunction
Current branching Node number: 89
Relpscost reduced domain, skip general disjunction branching
_____________________________________
Now starting branching with general disjunction
Current branching Node number: 89
LP objective value: 153000
Node lower bound: 159667
Node upper bound: 187800
gap to the primal bound: 0.715068
Preck submodel is infeasible, continue branching
Time limit exceeded (1005.01s), stopping submodel solve loop
General disjunction: No feasible solution found, use SCIP default branching rule
_____________________________________
Now starting branching with general disjunction
Current branching Node number: 91
LP objective value: 160000
Node lower bound: 160000
Node upper bound: 187800
gap to the primal bound: 0.715068
Preck submodel is infeasible, continue branching
General disjunction: No feasible solution found, use SCIP default branching rule
_____________________________________
Now starting branching with general disjunction
Current branching Node number: 93
Relpscost reduced domain, skip general disjunction branching
_____________________________________
Now starting branching with general disjunction
Current branching Node number: 93
LP objective value: 161167
Node lower bound: 161167
Node upper bound: 187800
gap to the primal bound: 0.715068
Preck submodel is infeasible, continue branching
General disjunction: No feasible solution found, use SCIP default branching rule
_____________________________________
Now starting branching with general disjunction
Current branching Node number: 94
LP objective value: 166750
Node lower bound: 166750
Node upper bound: 187800
gap to the primal bound: 0.715068
Preck submodel is infeasible, continue branching
General disjunction: No feasible solution found, use SCIP default branching rule
_____________________________________
Now starting branching with general disjunction
Current branching Node number: 97
LP objective value: 166750
Node lower bound: 166750
Node upper bound: 187800
gap to the primal bound: 0.715068
Preck submodel is infeasible, continue branching
General disjunction: No feasible solution found, use SCIP default branching rule
_____________________________________
Now starting branching with general disjunction
Current branching Node number: 99
LP objective value: 170778
Node lower bound: 170778
Node upper bound: 187800
gap to the primal bound: 0.715068
Preck submodel is infeasible, continue branching
General disjunction: No feasible solution found, use SCIP default branching rule
_____________________________________
Now starting branching with general disjunction
Current branching Node number: 92
LP objective value: 160000
Node lower bound: 160000
Node upper bound: 187800
gap to the primal bound: 0.715068
Preck submodel is infeasible, continue branching
General disjunction: No feasible solution found, use SCIP default branching rule
_____________________________________
Now starting branching with general disjunction
Current branching Node number: 103
Relpscost reduced domain, skip general disjunction branching
_____________________________________
Now starting branching with general disjunction
Current branching Node number: 103
Relpscost reduced domain, skip general disjunction branching
_____________________________________
Now starting branching with general disjunction
Current branching Node number: 103
LP objective value: 160000
Node lower bound: 160000
Node upper bound: 187800
gap to the primal bound: 0.715068
Preck submodel is infeasible, continue branching
General disjunction: No feasible solution found, use SCIP default branching rule
_____________________________________
Now starting branching with general disjunction
Current branching Node number: 105
Relpscost reduced domain, skip general disjunction branching
_____________________________________
Now starting branching with general disjunction
Current branching Node number: 105
LP objective value: 177841
Node lower bound: 177841
Node upper bound: 187800
gap to the primal bound: 0.715068
Preck submodel is infeasible, continue branching
General disjunction: Only Left constraint added:
_____________________________________
Now starting branching with general disjunction
Current branching Node number: 105
Relpscost reduced domain, skip general disjunction branching
_____________________________________
Now starting branching with general disjunction
Current branching Node number: 105
LP objective value: 183875
Node lower bound: 183875
Node upper bound: 187800
gap to the primal bound: 0.715068
Preck submodel is infeasible, continue branching
General disjunction: No feasible solution found, use SCIP default branching rule
_____________________________________
Now starting branching with general disjunction
Current branching Node number: 95
LP objective value: 161167
Node lower bound: 161167
Node upper bound: 187800
gap to the primal bound: 0.715068
Preck submodel is infeasible, continue branching
General disjunction: No feasible solution found, use SCIP default branching rule
_____________________________________
Now starting branching with general disjunction
Current branching Node number: 109
Relpscost reduced domain, skip general disjunction branching
_____________________________________
Now starting branching with general disjunction
Current branching Node number: 109
LP objective value: 164182
Node lower bound: 164182
Node upper bound: 187800
gap to the primal bound: 0.715068
Preck submodel is infeasible, continue branching
General disjunction: No feasible solution found, use SCIP default branching rule
_____________________________________
Now starting branching with general disjunction
Current branching Node number: 111
Relpscost reduced domain, skip general disjunction branching
_____________________________________
Now starting branching with general disjunction
Current branching Node number: 111
Relpscost reduced domain, skip general disjunction branching
_____________________________________
Now starting branching with general disjunction
Current branching Node number: 111
Relpscost reduced domain, skip general disjunction branching
_____________________________________
Now starting branching with general disjunction
Current branching Node number: 110
Relpscost reduced domain, skip general disjunction branching
_____________________________________
Now starting branching with general disjunction
Current branching Node number: 110
LP objective value: 173500
Node lower bound: 173500
Node upper bound: 187800
gap to the primal bound: 0.715068
Preck submodel is infeasible, continue branching
General disjunction: No feasible solution found, use SCIP default branching rule
_____________________________________
Now starting branching with general disjunction
Current branching Node number: 113
Relpscost reduced domain, skip general disjunction branching
_____________________________________
Now starting branching with general disjunction
Current branching Node number: 112
LP objective value: 181500
Node lower bound: 181500
Node upper bound: 187800
gap to the primal bound: 0.715068
Preck submodel is infeasible, continue branching
General disjunction: No feasible solution found, use SCIP default branching rule
_____________________________________
Now starting branching with general disjunction
Current branching Node number: 108
LP objective value: 161167
Node lower bound: 161167
Node upper bound: 187800
gap to the primal bound: 0.715068
Preck submodel is infeasible, continue branching
General disjunction: No feasible solution found, use SCIP default branching rule
_____________________________________
Now starting branching with general disjunction
Current branching Node number: 117
Relpscost reduced domain, skip general disjunction branching
_____________________________________
Now starting branching with general disjunction
Current branching Node number: 117
Relpscost reduced domain, skip general disjunction branching
_____________________________________
Now starting branching with general disjunction
Current branching Node number: 117
Relpscost reduced domain, skip general disjunction branching
_____________________________________
Now starting branching with general disjunction
Current branching Node number: 116
Relpscost reduced domain, skip general disjunction branching
_____________________________________
Now starting branching with general disjunction
Current branching Node number: 116
LP objective value: 164500
Node lower bound: 164500
Node upper bound: 187800
gap to the primal bound: 0.715068
Preck submodel is infeasible, continue branching
General disjunction: No feasible solution found, use SCIP default branching rule
_____________________________________
Now starting branching with general disjunction
Current branching Node number: 119
Relpscost reduced domain, skip general disjunction branching
_____________________________________
Now starting branching with general disjunction
Current branching Node number: 119
Relpscost reduced domain, skip general disjunction branching
_____________________________________
Now starting branching with general disjunction
Current branching Node number: 119
LP objective value: 171000
Node lower bound: 171000
Node upper bound: 187800
gap to the primal bound: 0.715068
Preck submodel is infeasible, continue branching
General disjunction: No feasible solution found, use SCIP default branching rule
_____________________________________
Now starting branching with general disjunction
Current branching Node number: 121
Relpscost reduced domain, skip general disjunction branching
_____________________________________
Now starting branching with general disjunction
Current branching Node number: 120
* 207m|    75 |    46 |135086 | 104.2 |strongbr|  20 | 449 |5767 | 539 |  64 |  1 |6774 |2682 | 1.095000e+05 | 1.875000e+05 |  71.23%| unknown
Relpscost reduced domain, skip general disjunction branching
_____________________________________
Now starting branching with general disjunction
Current branching Node number: 120
Relpscost reduced domain, skip general disjunction branching
_____________________________________
Now starting branching with general disjunction
Current branching Node number: 120
LP objective value: 171000
Node lower bound: 171000
Node upper bound: 187500
gap to the primal bound: 0.712329
Preck submodel is infeasible, continue branching
General disjunction: No feasible solution found, use SCIP default branching rule
_____________________________________
Now starting branching with general disjunction
Current branching Node number: 123
LP objective value: 179800
Node lower bound: 179800
Node upper bound: 187500
gap to the primal bound: 0.712329
Preck submodel is infeasible, continue branching
General disjunction: No feasible solution found, use SCIP default branching rule
d 207m|    76 |    39 |135121 | 104.2 |adaptive|  20 | 449 |5760 | 539 |   0 |  2 |6775 |2691 | 1.095000e+05 | 1.832500e+05 |  67.35%| unknown
_____________________________________
Now starting branching with general disjunction
Current branching Node number: 118
LP objective value: 164500
Node lower bound: 164500
Node upper bound: 183250
gap to the primal bound: 0.673516
Preck submodel is infeasible, continue branching
General disjunction: No feasible solution found, use SCIP default branching rule
_____________________________________
Now starting branching with general disjunction
Current branching Node number: 126
Relpscost reduced domain, skip general disjunction branching
_____________________________________
Now starting branching with general disjunction
Current branching Node number: 126
Relpscost reduced domain, skip general disjunction branching
_____________________________________
Now starting branching with general disjunction
Current branching Node number: 126
LP objective value: 164500
Node lower bound: 181500
Node upper bound: 183250
gap to the primal bound: 0.673516
Preck submodel is infeasible, continue branching
General disjunction: No feasible solution found, use SCIP default branching rule
_____________________________________
Now starting branching with general disjunction
Current branching Node number: 129
LP objective value: 181500
Node lower bound: 181500
Node upper bound: 183250
gap to the primal bound: 0.673516
Preck submodel is infeasible, continue branching
General disjunction: No feasible solution found, use SCIP default branching rule
_____________________________________
Now starting branching with general disjunction
Current branching Node number: 131
LP objective value: 181500
Node lower bound: 181500
Node upper bound: 183250
gap to the primal bound: 0.673516
Preck submodel is infeasible, continue branching
General disjunction: No feasible solution found, use SCIP default branching rule
_____________________________________
Now starting branching with general disjunction
Current branching Node number: 96
Relpscost reduced domain, skip general disjunction branching
_____________________________________
Now starting branching with general disjunction
Current branching Node number: 88
Relpscost reduced domain, skip general disjunction branching
_____________________________________
Now starting branching with general disjunction
Current branching Node number: 88
LP objective value: 153000
Node lower bound: 153000
Node upper bound: 183250
gap to the primal bound: 0.673516
Preck submodel is infeasible, continue branching
General disjunction: No feasible solution found, use SCIP default branching rule
(node 85) solution of LP 4638 not optimal (pfeas=0, dfeas=1) -- solving again with tighter feasibility tolerance
(node 85) solution of LP 4638 not optimal (pfeas=0, dfeas=1) -- solving again from scratch
(node 85) solution of LP 4638 not optimal (pfeas=0, dfeas=1) -- solving again with tighter feasibility tolerance
(node 85) solution of LP 4638 not optimal (pfeas=0, dfeas=1) -- solving again from scratch
_____________________________________
Now starting branching with general disjunction
Current branching Node number: 135
Relpscost reduced domain, skip general disjunction branching
_____________________________________
Now starting branching with general disjunction
Current branching Node number: 135
LP objective value: 153000
Node lower bound: 159667
Node upper bound: 183250
gap to the primal bound: 0.673516
Preck submodel is infeasible, continue branching
General disjunction: No feasible solution found, use SCIP default branching rule
_____________________________________
Now starting branching with general disjunction
Current branching Node number: 135
LP objective value: 153000
Node lower bound: 159667
Node upper bound: 183250
gap to the primal bound: 0.673516
Preck submodel is infeasible, continue branching
General disjunction: No feasible solution found, use SCIP default branching rule
_____________________________________
Now starting branching with general disjunction
Current branching Node number: 137
Relpscost reduced domain, skip general disjunction branching
_____________________________________
Now starting branching with general disjunction
Current branching Node number: 137
Relpscost reduced domain, skip general disjunction branching
_____________________________________
Now starting branching with general disjunction
Current branching Node number: 137
LP objective value: 159667
Node lower bound: 159667
Node upper bound: 183250
gap to the primal bound: 0.673516
Preck submodel is infeasible, continue branching
General disjunction: No feasible solution found, use SCIP default branching rule
_____________________________________
Now starting branching with general disjunction
Current branching Node number: 98
Relpscost reduced domain, skip general disjunction branching
_____________________________________
Now starting branching with general disjunction
Current branching Node number: 98
LP objective value: 179834
Node lower bound: 179834
Node upper bound: 183250
gap to the primal bound: 0.673516
Preck submodel is infeasible, continue branching
General disjunction: No feasible solution found, use SCIP default branching rule
_____________________________________
Now starting branching with general disjunction
Current branching Node number: 19
LP objective value: 109500
Node lower bound: 109500
Node upper bound: 183250
gap to the primal bound: 0.673516
Preck submodel is infeasible, continue branching
General disjunction: No feasible solution found, use SCIP default branching rule
_____________________________________
Now starting branching with general disjunction
Current branching Node number: 143
LP objective value: 109500
Node lower bound: 109500
Node upper bound: 183250
gap to the primal bound: 0.673516
Preck submodel is infeasible, continue branching
General disjunction: No feasible solution found, use SCIP default branching rule
_____________________________________
Now starting branching with general disjunction
Current branching Node number: 145
LP objective value: 121100
Node lower bound: 121101
Node upper bound: 183250
gap to the primal bound: 0.673516
Preck submodel is infeasible, continue branching
General disjunction: No feasible solution found, use SCIP default branching rule
_____________________________________
Now starting branching with general disjunction
Current branching Node number: 145
LP objective value: 121101
Node lower bound: 121101
Node upper bound: 183250
gap to the primal bound: 0.673516
Preck submodel is infeasible, continue branching
General disjunction: No feasible solution found, use SCIP default branching rule
_____________________________________
Now starting branching with general disjunction
Current branching Node number: 134
LP objective value: 153000
Node lower bound: 153000
Node upper bound: 183250
gap to the primal bound: 0.673516
Preck submodel is infeasible, continue branching
Time limit exceeded (1108.71s), stopping submodel solve loop
General disjunction: No feasible solution found, use SCIP default branching rule
_____________________________________
Now starting branching with general disjunction
Current branching Node number: 149
LP objective value: 153000
Node lower bound: 153000
Node upper bound: 183250
gap to the primal bound: 0.673516
Preck submodel is infeasible, continue branching
General disjunction: No feasible solution found, use SCIP default branching rule
_____________________________________
Now starting branching with general disjunction
Current branching Node number: 151
Relpscost reduced domain, skip general disjunction branching
_____________________________________
Now starting branching with general disjunction
Current branching Node number: 151
Relpscost reduced domain, skip general disjunction branching
_____________________________________
Now starting branching with general disjunction
Current branching Node number: 151
LP objective value: 153000
Node lower bound: 153000
Node upper bound: 183250
gap to the primal bound: 0.673516
Preck submodel is infeasible, continue branching
General disjunction: No feasible solution found, use SCIP default branching rule
_____________________________________
Now starting branching with general disjunction
Current branching Node number: 152
LP objective value: 153000
Node lower bound: 153000
Node upper bound: 183250
gap to the primal bound: 0.673516
Preck submodel is infeasible, continue branching
General disjunction: No feasible solution found, use SCIP default branching rule
_____________________________________
Now starting branching with general disjunction
Current branching Node number: 155
Relpscost reduced domain, skip general disjunction branching
_____________________________________
Now starting branching with general disjunction
Current branching Node number: 155
LP objective value: 153000
Node lower bound: 153000
Node upper bound: 183250
gap to the primal bound: 0.673516
Preck submodel is infeasible, continue branching
General disjunction: No feasible solution found, use SCIP default branching rule
_____________________________________
Now starting branching with general disjunction
Current branching Node number: 157
(node 99) solution of LP 4669 not optimal (pfeas=0, dfeas=1) -- solving again with tighter feasibility tolerance
(node 99) solution of LP 4669 not optimal (pfeas=0, dfeas=1) -- solving again from scratch
LP objective value: 153000
Node lower bound: 153000
Node upper bound: 183250
gap to the primal bound: 0.673516
Preck submodel is infeasible, continue branching
Time limit exceeded (1056.18s), stopping submodel solve loop
General disjunction: No feasible solution found, use SCIP default branching rule
_____________________________________
Now starting branching with general disjunction
Current branching Node number: 159
Relpscost reduced domain, skip general disjunction branching
_____________________________________
Now starting branching with general disjunction
Current branching Node number: 159
Relpscost reduced domain, skip general disjunction branching
_____________________________________
Now starting branching with general disjunction
Current branching Node number: 159
LP objective value: 159667
Node lower bound: 159667
Node upper bound: 183250
gap to the primal bound: 0.673516
Preck submodel is infeasible, continue branching
General disjunction: No feasible solution found, use SCIP default branching rule
 time | node  | left  |LP iter|LP it/n|mem/heur|mdpt |vars |cons |rows |cuts |sepa|confs|strbr|  dualbound   | primalbound  |  gap   | compl. 
  244m|   100 |    50 |136134 | 103.0 |    43M |  20 | 449 |5688 | 543 |  87 |  4 |6875 |2870 | 1.095000e+05 | 1.832500e+05 |  67.35%| unknown
_____________________________________
Now starting branching with general disjunction
Current branching Node number: 161
Relpscost reduced domain, skip general disjunction branching
_____________________________________
Now starting branching with general disjunction
Current branching Node number: 161
Relpscost reduced domain, skip general disjunction branching
_____________________________________
Now starting branching with general disjunction
Current branching Node number: 161
Relpscost reduced domain, skip general disjunction branching
_____________________________________
Now starting branching with general disjunction
Current branching Node number: 161
LP objective value: 180001
Node lower bound: 180001
Node upper bound: 183250
gap to the primal bound: 0.673516
Preck submodel is infeasible, continue branching
General disjunction: No feasible solution found, use SCIP default branching rule
_____________________________________
Now starting branching with general disjunction
Current branching Node number: 158
LP objective value: 159667
Node lower bound: 159667
Node upper bound: 183250
gap to the primal bound: 0.673516
Preck submodel is infeasible, continue branching
General disjunction: No feasible solution found, use SCIP default branching rule
_____________________________________
Now starting branching with general disjunction
Current branching Node number: 165
Relpscost reduced domain, skip general disjunction branching
_____________________________________
Now starting branching with general disjunction
Current branching Node number: 165
Relpscost reduced domain, skip general disjunction branching
_____________________________________
Now starting branching with general disjunction
Current branching Node number: 165
Relpscost reduced domain, skip general disjunction branching
_____________________________________
Now starting branching with general disjunction
Current branching Node number: 164
LP objective value: 159667
Node lower bound: 159667
Node upper bound: 183250
gap to the primal bound: 0.673516
Preck submodel is infeasible, continue branching
General disjunction: No feasible solution found, use SCIP default branching rule
_____________________________________
Now starting branching with general disjunction
Current branching Node number: 167
Relpscost reduced domain, skip general disjunction branching
_____________________________________
Now starting branching with general disjunction
Current branching Node number: 167
Relpscost reduced domain, skip general disjunction branching
_____________________________________
Now starting branching with general disjunction
Current branching Node number: 167
LP objective value: 178000
Node lower bound: 178000
Node upper bound: 183250
gap to the primal bound: 0.673516
Preck submodel is infeasible, continue branching
General disjunction: No feasible solution found, use SCIP default branching rule
_____________________________________
Now starting branching with general disjunction
Current branching Node number: 156
Relpscost reduced domain, skip general disjunction branching
_____________________________________
Now starting branching with general disjunction
Current branching Node number: 156
Relpscost reduced domain, skip general disjunction branching
_____________________________________
Now starting branching with general disjunction
Current branching Node number: 156
LP objective value: 153000
Node lower bound: 153000
Node upper bound: 183250
gap to the primal bound: 0.673516
Preck submodel is infeasible, continue branching
General disjunction: No feasible solution found, use SCIP default branching rule
_____________________________________
Now starting branching with general disjunction
Current branching Node number: 170
LP objective value: 153000
Node lower bound: 153000
Node upper bound: 183250
gap to the primal bound: 0.673516
Preck submodel is infeasible, continue branching
General disjunction: No feasible solution found, use SCIP default branching rule
_____________________________________
Now starting branching with general disjunction
Current branching Node number: 173
Relpscost reduced domain, skip general disjunction branching
_____________________________________
Now starting branching with general disjunction
Current branching Node number: 173
LP objective value: 168714
Node lower bound: 169875
Node upper bound: 183250
gap to the primal bound: 0.673516
Preck submodel is infeasible, continue branching
General disjunction: No feasible solution found, use SCIP default branching rule
_____________________________________
Now starting branching with general disjunction
Current branching Node number: 173
LP objective value: 168715
Node lower bound: 169875
Node upper bound: 183250
gap to the primal bound: 0.673516
Preck submodel is infeasible, continue branching
General disjunction: No feasible solution found, use SCIP default branching rule
_____________________________________
Now starting branching with general disjunction
Current branching Node number: 175
LP objective value: 169875
Node lower bound: 169875
Node upper bound: 183250
gap to the primal bound: 0.673516
Preck submodel is infeasible, continue branching
General disjunction: No feasible solution found, use SCIP default branching rule
_____________________________________
Now starting branching with general disjunction
Current branching Node number: 172
Relpscost reduced domain, skip general disjunction branching
_____________________________________
Now starting branching with general disjunction
Current branching Node number: 172
LP objective value: 182250
Node lower bound: 182250
Node upper bound: 183250
gap to the primal bound: 0.673516
Preck submodel is infeasible, continue branching
General disjunction: No feasible solution found, use SCIP default branching rule
_____________________________________
Now starting branching with general disjunction
Current branching Node number: 178
Relpscost reduced domain, skip general disjunction branching
_____________________________________
Now starting branching with general disjunction
Current branching Node number: 178
Relpscost reduced domain, skip general disjunction branching
_____________________________________
Now starting branching with general disjunction
Current branching Node number: 160
LP objective value: 159667
Node lower bound: 159667
Node upper bound: 183250
gap to the primal bound: 0.673516
Preck submodel is infeasible, continue branching
General disjunction: No feasible solution found, use SCIP default branching rule
_____________________________________
Now starting branching with general disjunction
Current branching Node number: 181
LP objective value: 168750
Node lower bound: 168750
Node upper bound: 183250
gap to the primal bound: 0.673516
Preck submodel is infeasible, continue branching
General disjunction: No feasible solution found, use SCIP default branching rule
_____________________________________
Now starting branching with general disjunction
Current branching Node number: 183
LP objective value: 168750
Node lower bound: 168750
Node upper bound: 183250
gap to the primal bound: 0.673516
Preck submodel is infeasible, continue branching
General disjunction: No feasible solution found, use SCIP default branching rule
_____________________________________
Now starting branching with general disjunction
Current branching Node number: 176
Relpscost reduced domain, skip general disjunction branching
_____________________________________
Now starting branching with general disjunction
Current branching Node number: 176
LP objective value: 169875
Node lower bound: 169875
Node upper bound: 183250
gap to the primal bound: 0.673516
Preck submodel is infeasible, continue branching
General disjunction: No feasible solution found, use SCIP default branching rule
_____________________________________
Now starting branching with general disjunction
Current branching Node number: 187
Relpscost reduced domain, skip general disjunction branching
_____________________________________
Now starting branching with general disjunction
Current branching Node number: 187
(node 119) solution of LP 4721 not optimal (pfeas=0, dfeas=1) -- solving again with tighter feasibility tolerance
(node 119) solution of LP 4721 not optimal (pfeas=0, dfeas=1) -- solving again from scratch
Relpscost reduced domain, skip general disjunction branching
_____________________________________
Now starting branching with general disjunction
Current branching Node number: 187
Relpscost reduced domain, skip general disjunction branching
_____________________________________
Now starting branching with general disjunction
Current branching Node number: 22
LP objective value: 109500
Node lower bound: 109500
Node upper bound: 183250
gap to the primal bound: 0.673516
Preck submodel is infeasible, continue branching
Time limit exceeded (1049.34s), stopping submodel solve loop
General disjunction: No feasible solution found, use SCIP default branching rule
_____________________________________
Now starting branching with general disjunction
Current branching Node number: 189
LP objective value: 131000
Node lower bound: 131000
Node upper bound: 183250
gap to the primal bound: 0.673516
Preck submodel is infeasible, continue branching
General disjunction: No feasible solution found, use SCIP default branching rule
_____________________________________
Now starting branching with general disjunction
Current branching Node number: 191
LP objective value: 131000
Node lower bound: 131000
Node upper bound: 183250
gap to the primal bound: 0.673516
Preck submodel is infeasible, continue branching
General disjunction: No feasible solution found, use SCIP default branching rule
(node 123) solution of LP 4732 not optimal (pfeas=1, dfeas=0) -- solving again with tighter feasibility tolerance
_____________________________________
Now starting branching with general disjunction
Current branching Node number: 184
Relpscost reduced domain, skip general disjunction branching
_____________________________________
Now starting branching with general disjunction
Current branching Node number: 184
Relpscost reduced domain, skip general disjunction branching
_____________________________________
Now starting branching with general disjunction
Current branching Node number: 182
Relpscost reduced domain, skip general disjunction branching
_____________________________________
Now starting branching with general disjunction
Current branching Node number: 182
LP objective value: 181500
Node lower bound: 181500
Node upper bound: 183250
gap to the primal bound: 0.673516
Preck submodel is infeasible, continue branching
General disjunction: No feasible solution found, use SCIP default branching rule
_____________________________________
Now starting branching with general disjunction
Current branching Node number: 154
LP objective value: 153000
Node lower bound: 153000
Node upper bound: 183250
gap to the primal bound: 0.673516
Preck submodel is infeasible, continue branching
General disjunction: No feasible solution found, use SCIP default branching rule
_____________________________________
Now starting branching with general disjunction
Current branching Node number: 197
LP objective value: 153000
Node lower bound: 153000
Node upper bound: 183250
gap to the primal bound: 0.673516
Preck submodel is infeasible, continue branching
General disjunction: No feasible solution found, use SCIP default branching rule
_____________________________________
Now starting branching with general disjunction
Current branching Node number: 199
LP objective value: 159667
Node lower bound: 159667
Node upper bound: 183250
gap to the primal bound: 0.673516
Preck submodel is infeasible, continue branching
General disjunction: No feasible solution found, use SCIP default branching rule
_____________________________________
Now starting branching with general disjunction
Current branching Node number: 198
LP objective value: 159667
Node lower bound: 159667
Node upper bound: 183250
gap to the primal bound: 0.673516
Preck submodel is infeasible, continue branching
General disjunction: No feasible solution found, use SCIP default branching rule
_____________________________________
Now starting branching with general disjunction
Current branching Node number: 203
LP objective value: 159667
Node lower bound: 159667
Node upper bound: 183250
gap to the primal bound: 0.673516
Preck submodel is infeasible, continue branching
Time limit exceeded (1047.54s), stopping submodel solve loop
General disjunction: No feasible solution found, use SCIP default branching rule
_____________________________________
Now starting branching with general disjunction
Current branching Node number: 205
Relpscost reduced domain, skip general disjunction branching
_____________________________________
Now starting branching with general disjunction
Current branching Node number: 205
LP objective value: 168000
Node lower bound: 168000
Node upper bound: 183250
gap to the primal bound: 0.673516
Preck submodel is infeasible, continue branching
General disjunction: No feasible solution found, use SCIP default branching rule
_____________________________________
Now starting branching with general disjunction
Current branching Node number: 206
LP objective value: 183000
Node lower bound: 183000
Node upper bound: 183250
gap to the primal bound: 0.673516
Preck submodel is infeasible, continue branching
General disjunction: No feasible solution found, use SCIP default branching rule
_____________________________________
Now starting branching with general disjunction
Current branching Node number: 209
Relpscost reduced domain, skip general disjunction branching
_____________________________________
Now starting branching with general disjunction
Current branching Node number: 209
LP objective value: 183000
Node lower bound: 183000
Node upper bound: 183250
gap to the primal bound: 0.673516
Preck submodel is infeasible, continue branching
General disjunction: No feasible solution found, use SCIP default branching rule
_____________________________________
Now starting branching with general disjunction
Current branching Node number: 204
LP objective value: 159667
Node lower bound: 159667
Node upper bound: 183250
gap to the primal bound: 0.673516
Preck submodel is infeasible, continue branching
General disjunction: No feasible solution found, use SCIP default branching rule
_____________________________________
Now starting branching with general disjunction
Current branching Node number: 212
LP objective value: 159667
Node lower bound: 159667
Node upper bound: 183250
gap to the primal bound: 0.673516
Preck submodel is infeasible, continue branching
General disjunction: No feasible solution found, use SCIP default branching rule
_____________________________________
Now starting branching with general disjunction
Current branching Node number: 214
LP objective value: 159667
Node lower bound: 159667
Node upper bound: 183250
gap to the primal bound: 0.673516
Preck submodel is infeasible, continue branching
General disjunction: Both Children are added
_____________________________________
Now starting branching with general disjunction
Current branching Node number: 216
Relpscost reduced domain, skip general disjunction branching
_____________________________________
Now starting branching with general disjunction
Current branching Node number: 216
Relpscost reduced domain, skip general disjunction branching
_____________________________________
Now starting branching with general disjunction
Current branching Node number: 216
Relpscost reduced domain, skip general disjunction branching
_____________________________________
Now starting branching with general disjunction
Current branching Node number: 202
LP objective value: 159667
Node lower bound: 159667
Node upper bound: 183250
gap to the primal bound: 0.673516
Preck submodel is infeasible, continue branching
General disjunction: No feasible solution found, use SCIP default branching rule
_____________________________________
Now starting branching with general disjunction
Current branching Node number: 219
LP objective value: 164375
Node lower bound: 164375
Node upper bound: 183250
gap to the primal bound: 0.673516
Preck submodel is infeasible, continue branching
General disjunction: No feasible solution found, use SCIP default branching rule
_____________________________________
Now starting branching with general disjunction
Current branching Node number: 221
Relpscost reduced domain, skip general disjunction branching
_____________________________________
Now starting branching with general disjunction
Current branching Node number: 220
LP objective value: 183000
Node lower bound: 183000
Node upper bound: 183250
gap to the primal bound: 0.673516
Preck submodel is infeasible, continue branching
General disjunction: No feasible solution found, use SCIP default branching rule
_____________________________________
Now starting branching with general disjunction
Current branching Node number: 223
Relpscost reduced domain, skip general disjunction branching
_____________________________________
Now starting branching with general disjunction
Current branching Node number: 174
Relpscost reduced domain, skip general disjunction branching
_____________________________________
Now starting branching with general disjunction
Current branching Node number: 174
Relpscost reduced domain, skip general disjunction branching
_____________________________________
Now starting branching with general disjunction
Current branching Node number: 174
LP objective value: 180429
Node lower bound: 180429
Node upper bound: 183250
gap to the primal bound: 0.673516
Preck submodel is infeasible, continue branching
General disjunction: No feasible solution found, use SCIP default branching rule
_____________________________________
Now starting branching with general disjunction
Current branching Node number: 225
LP objective value: 180429
Node lower bound: 180429
Node upper bound: 183250
gap to the primal bound: 0.673516
Preck submodel is infeasible, continue branching
General disjunction: Infeasible disjunction
_____________________________________
Now starting branching with general disjunction
Current branching Node number: 166
LP objective value: 172000
Node lower bound: 172000
Node upper bound: 183250
gap to the primal bound: 0.673516
Preck submodel is infeasible, continue branching
General disjunction: No feasible solution found, use SCIP default branching rule
_____________________________________
Now starting branching with general disjunction
Current branching Node number: 227
Relpscost reduced domain, skip general disjunction branching
_____________________________________
Now starting branching with general disjunction
Current branching Node number: 226
Relpscost reduced domain, skip general disjunction branching
_____________________________________
Now starting branching with general disjunction
Current branching Node number: 213
Relpscost reduced domain, skip general disjunction branching
_____________________________________
Now starting branching with general disjunction
Current branching Node number: 150
LP objective value: 153000
Node lower bound: 153000
Node upper bound: 183250
gap to the primal bound: 0.673516
Preck submodel is infeasible, continue branching
General disjunction: No feasible solution found, use SCIP default branching rule
_____________________________________
Now starting branching with general disjunction
Current branching Node number: 229
Relpscost reduced domain, skip general disjunction branching
_____________________________________
Now starting branching with general disjunction
Current branching Node number: 229
Relpscost reduced domain, skip general disjunction branching
_____________________________________
Now starting branching with general disjunction
Current branching Node number: 229
LP objective value: 153000
Node lower bound: 153000
Node upper bound: 183250
gap to the primal bound: 0.673516
Preck submodel is infeasible, continue branching
General disjunction: No feasible solution found, use SCIP default branching rule
_____________________________________
Now starting branching with general disjunction
Current branching Node number: 231
LP objective value: 153000
Node lower bound: 153000
Node upper bound: 183250
gap to the primal bound: 0.673516
Preck submodel is infeasible, continue branching
General disjunction: No feasible solution found, use SCIP default branching rule
_____________________________________
Now starting branching with general disjunction
Current branching Node number: 233
LP objective value: 153000
Node lower bound: 153000
Node upper bound: 183250
gap to the primal bound: 0.673516
Preck submodel is infeasible, continue branching
Error in probing right side: 0
Time limit exceeded (1002.24s), stopping submodel solve loop
General disjunction: No feasible solution found, use SCIP default branching rule
_____________________________________
Now starting branching with general disjunction
Current branching Node number: 234
LP objective value: 153000
Node lower bound: 153000
Node upper bound: 183250
gap to the primal bound: 0.673516
Preck submodel is infeasible, continue branching
Time limit exceeded (1014.95s), stopping submodel solve loop
General disjunction: Both Children are added
_____________________________________
Now starting branching with general disjunction
Current branching Node number: 236
LP objective value: 178750
Node lower bound: 178750
Node upper bound: 183250
gap to the primal bound: 0.673516
Preck submodel is infeasible, continue branching
General disjunction: No feasible solution found, use SCIP default branching rule
_____________________________________
Now starting branching with general disjunction
Current branching Node number: 238
LP objective value: 178750
Node lower bound: 178750
Node upper bound: 183250
gap to the primal bound: 0.673516
Preck submodel is infeasible, continue branching
General disjunction: No feasible solution found, use SCIP default branching rule
_____________________________________
Now starting branching with general disjunction
Current branching Node number: 241
Relpscost reduced domain, skip general disjunction branching
_____________________________________
Now starting branching with general disjunction
Current branching Node number: 241
LP objective value: 178750
Node lower bound: 178750
Node upper bound: 183250
gap to the primal bound: 0.673516
Preck submodel is infeasible, continue branching
General disjunction: No feasible solution found, use SCIP default branching rule
(node 166) solution of LP 4860 not optimal (pfeas=1, dfeas=0) -- solving again with tighter feasibility tolerance
_____________________________________
Now starting branching with general disjunction
Current branching Node number: 237
LP objective value: 153000
Node lower bound: 153000
Node upper bound: 183250
gap to the primal bound: 0.673516
Preck submodel is infeasible, continue branching
General disjunction: No feasible solution found, use SCIP default branching rule
_____________________________________
Now starting branching with general disjunction
Current branching Node number: 244
LP objective value: 153000
Node lower bound: 153000
Node upper bound: 183250
gap to the primal bound: 0.673516
Preck submodel is infeasible, continue branching
General disjunction: No feasible solution found, use SCIP default branching rule
_____________________________________
Now starting branching with general disjunction
Current branching Node number: 247
Relpscost reduced domain, skip general disjunction branching
_____________________________________
Now starting branching with general disjunction
Current branching Node number: 247
LP objective value: 177841
Node lower bound: 177841
Node upper bound: 183250
gap to the primal bound: 0.673516
Preck submodel is infeasible, continue branching
General disjunction: No feasible solution found, use SCIP default branching rule
_____________________________________
Now starting branching with general disjunction
Current branching Node number: 249
LP objective value: 177841
Node lower bound: 177841
Node upper bound: 183250
gap to the primal bound: 0.673516
Preck submodel is infeasible, continue branching
General disjunction: No feasible solution found, use SCIP default branching rule
_____________________________________
Now starting branching with general disjunction
Current branching Node number: 246
Relpscost reduced domain, skip general disjunction branching
_____________________________________
Now starting branching with general disjunction
Current branching Node number: 246
LP objective value: 175000
Node lower bound: 175000
Node upper bound: 183250
gap to the primal bound: 0.673516
Preck submodel is infeasible, continue branching
General disjunction: No feasible solution found, use SCIP default branching rule
_____________________________________
Now starting branching with general disjunction
Current branching Node number: 253
LP objective value: 175000
Node lower bound: 175000
Node upper bound: 183250
gap to the primal bound: 0.673516
Preck submodel is infeasible, continue branching
General disjunction: No feasible solution found, use SCIP default branching rule
_____________________________________
Now starting branching with general disjunction
Current branching Node number: 255
LP objective value: 175000
Node lower bound: 175000
Node upper bound: 183250
gap to the primal bound: 0.673516
Preck submodel is infeasible, continue branching
General disjunction: No feasible solution found, use SCIP default branching rule
_____________________________________
Now starting branching with general disjunction
Current branching Node number: 235
Relpscost reduced domain, skip general disjunction branching
_____________________________________
Now starting branching with general disjunction
Current branching Node number: 235
LP objective value: 177667
Node lower bound: 177667
Node upper bound: 183250
gap to the primal bound: 0.673516
Preck submodel is infeasible, continue branching
Time limit exceeded (1007.2s), stopping submodel solve loop
General disjunction: No feasible solution found, use SCIP default branching rule
_____________________________________
Now starting branching with general disjunction
Current branching Node number: 258
LP objective value: 177667
Node lower bound: 177667
Node upper bound: 183250
gap to the primal bound: 0.673516
Preck submodel is infeasible, continue branching
General disjunction: No feasible solution found, use SCIP default branching rule
_____________________________________
Now starting branching with general disjunction
Current branching Node number: 232
LP objective value: 153000
Node lower bound: 153000
Node upper bound: 183250
gap to the primal bound: 0.673516
Preck submodel is infeasible, continue branching
General disjunction: No feasible solution found, use SCIP default branching rule
_____________________________________
Now starting branching with general disjunction
Current branching Node number: 262
LP objective value: 153000
Node lower bound: 153000
Node upper bound: 183250
gap to the primal bound: 0.673516
Preck submodel is infeasible, continue branching
General disjunction: No feasible solution found, use SCIP default branching rule
_____________________________________
Now starting branching with general disjunction
Current branching Node number: 265
LP objective value: 177841
Node lower bound: 177841
Node upper bound: 183250
gap to the primal bound: 0.673516
Preck submodel is infeasible, continue branching
General disjunction: No feasible solution found, use SCIP default branching rule
_____________________________________
Now starting branching with general disjunction
Current branching Node number: 267
LP objective value: 177841
Node lower bound: 177841
Node upper bound: 183250
gap to the primal bound: 0.673516
Preck submodel is infeasible, continue branching
General disjunction: No feasible solution found, use SCIP default branching rule
_____________________________________
Now starting branching with general disjunction
Current branching Node number: 269
Relpscost reduced domain, skip general disjunction branching
_____________________________________
Now starting branching with general disjunction
Current branching Node number: 264
LP objective value: 153000
Node lower bound: 153000
Node upper bound: 183250
gap to the primal bound: 0.673516
Preck submodel is infeasible, continue branching
General disjunction: No feasible solution found, use SCIP default branching rule
_____________________________________
Now starting branching with general disjunction
Current branching Node number: 271
LP objective value: 159600
Node lower bound: 159600
Node upper bound: 183250
gap to the primal bound: 0.673516
Preck submodel is infeasible, continue branching
General disjunction: No feasible solution found, use SCIP default branching rule
_____________________________________
Now starting branching with general disjunction
Current branching Node number: 273
Relpscost reduced domain, skip general disjunction branching
_____________________________________
Now starting branching with general disjunction
Current branching Node number: 273
LP objective value: 169286
Node lower bound: 169286
Node upper bound: 183250
gap to the primal bound: 0.673516
Preck submodel is infeasible, continue branching
General disjunction: No feasible solution found, use SCIP default branching rule
_____________________________________
Now starting branching with general disjunction
Current branching Node number: 272
Relpscost reduced domain, skip general disjunction branching
_____________________________________
Now starting branching with general disjunction
Current branching Node number: 272
LP objective value: 168000
Node lower bound: 168000
Node upper bound: 183250
gap to the primal bound: 0.673516
Preck submodel is infeasible, continue branching
General disjunction: No feasible solution found, use SCIP default branching rule
_____________________________________
Now starting branching with general disjunction
Current branching Node number: 270
LP objective value: 153000
Node lower bound: 153000
Node upper bound: 183250
gap to the primal bound: 0.673516
Preck submodel is infeasible, continue branching
General disjunction: No feasible solution found, use SCIP default branching rule
_____________________________________
Now starting branching with general disjunction
Current branching Node number: 279
LP objective value: 176000
Node lower bound: 176000
Node upper bound: 183250
gap to the primal bound: 0.673516
Preck submodel is infeasible, continue branching
General disjunction: No feasible solution found, use SCIP default branching rule
_____________________________________
Now starting branching with general disjunction
Current branching Node number: 278
Relpscost reduced domain, skip general disjunction branching
_____________________________________
Now starting branching with general disjunction
Current branching Node number: 278
LP objective value: 159667
Node lower bound: 159667
Node upper bound: 183250
gap to the primal bound: 0.673516
Preck submodel is infeasible, continue branching
General disjunction: No feasible solution found, use SCIP default branching rule
_____________________________________
Now starting branching with general disjunction
Current branching Node number: 283
LP objective value: 175000
Node lower bound: 175000
Node upper bound: 183250
gap to the primal bound: 0.673516
Preck submodel is infeasible, continue branching
General disjunction: No feasible solution found, use SCIP default branching rule
_____________________________________
Now starting branching with general disjunction
Current branching Node number: 284
Relpscost reduced domain, skip general disjunction branching
_____________________________________
Now starting branching with general disjunction
Current branching Node number: 284
LP objective value: 175000
Node lower bound: 175000
Node upper bound: 183250
gap to the primal bound: 0.673516
Preck submodel is infeasible, continue branching
General disjunction: No feasible solution found, use SCIP default branching rule
  351m|   200 |    73 |139910 |  98.4 |    43M |  22 | 449 |6112 | 544 | 102 |  2 |7522 |3054 | 1.095000e+05 | 1.832500e+05 |  67.35%| unknown
_____________________________________
Now starting branching with general disjunction
Current branching Node number: 282
LP objective value: 178750
Node lower bound: 178750
Node upper bound: 183250
gap to the primal bound: 0.673516
Preck submodel is infeasible, continue branching
General disjunction: No feasible solution found, use SCIP default branching rule
_____________________________________
Now starting branching with general disjunction
Current branching Node number: 288
LP objective value: 178750
Node lower bound: 178750
Node upper bound: 183250
gap to the primal bound: 0.673516
Preck submodel is infeasible, continue branching
General disjunction: No feasible solution found, use SCIP default branching rule
_____________________________________
Now starting branching with general disjunction
Current branching Node number: 218
LP objective value: 159667
Node lower bound: 159667
Node upper bound: 183250
gap to the primal bound: 0.673516
Preck submodel is infeasible, continue branching
Time limit exceeded (1022.01s), stopping submodel solve loop
General disjunction: Both Children are added
_____________________________________
Now starting branching with general disjunction
Current branching Node number: 292
Relpscost reduced domain, skip general disjunction branching
_____________________________________
Now starting branching with general disjunction
Current branching Node number: 292
Relpscost reduced domain, skip general disjunction branching
_____________________________________
Now starting branching with general disjunction
Current branching Node number: 293
LP objective value: 159667
Node lower bound: 159667
Node upper bound: 183250
gap to the primal bound: 0.673516
Preck submodel is infeasible, continue branching
General disjunction: No feasible solution found, use SCIP default branching rule
_____________________________________
Now starting branching with general disjunction
Current branching Node number: 294
LP objective value: 159667
Node lower bound: 159667
Node upper bound: 183250
gap to the primal bound: 0.673516
Preck submodel is infeasible, continue branching
Error in probing right side: 0
General disjunction: Only Right constraint added:
_____________________________________
Now starting branching with general disjunction
Current branching Node number: 294
Relpscost reduced domain, skip general disjunction branching
_____________________________________
Now starting branching with general disjunction
Current branching Node number: 294
LP objective value: 168750
Node lower bound: 168750
Node upper bound: 183250
gap to the primal bound: 0.673516
Preck submodel is infeasible, continue branching
General disjunction: No feasible solution found, use SCIP default branching rule
_____________________________________
Now starting branching with general disjunction
Current branching Node number: 297
LP objective value: 168750
Node lower bound: 168750
Node upper bound: 183250
gap to the primal bound: 0.673516
Preck submodel is infeasible, continue branching
General disjunction: No feasible solution found, use SCIP default branching rule
_____________________________________
Now starting branching with general disjunction
Current branching Node number: 298
Relpscost reduced domain, skip general disjunction branching
_____________________________________
Now starting branching with general disjunction
Current branching Node number: 298
LP objective value: 168750
Node lower bound: 168750
Node upper bound: 183250
gap to the primal bound: 0.673516
Preck submodel is infeasible, continue branching
General disjunction: No feasible solution found, use SCIP default branching rule
_____________________________________
Now starting branching with general disjunction
Current branching Node number: 300
LP objective value: 177667
Node lower bound: 177667
Node upper bound: 183250
gap to the primal bound: 0.673516
Preck submodel is infeasible, continue branching
General disjunction: No feasible solution found, use SCIP default branching rule
_____________________________________
Now starting branching with general disjunction
Current branching Node number: 200
LP objective value: 159667
Node lower bound: 159667
Node upper bound: 183250
gap to the primal bound: 0.673516
Preck submodel is infeasible, continue branching
General disjunction: No feasible solution found, use SCIP default branching rule
_____________________________________
Now starting branching with general disjunction
Current branching Node number: 304
LP objective value: 159667
Node lower bound: 159667
Node upper bound: 183250
gap to the primal bound: 0.673516
Preck submodel is infeasible, continue branching
General disjunction: No feasible solution found, use SCIP default branching rule
_____________________________________
Now starting branching with general disjunction
Current branching Node number: 307
LP objective value: 168750
Node lower bound: 168750
Node upper bound: 183250
gap to the primal bound: 0.673516
Preck submodel is infeasible, continue branching
General disjunction: No feasible solution found, use SCIP default branching rule
_____________________________________
Now starting branching with general disjunction
Current branching Node number: 309
Relpscost reduced domain, skip general disjunction branching
_____________________________________
Now starting branching with general disjunction
Current branching Node number: 309
Relpscost reduced domain, skip general disjunction branching
_____________________________________
Now starting branching with general disjunction
Current branching Node number: 139
LP objective value: 159667
Node lower bound: 159667
Node upper bound: 183250
gap to the primal bound: 0.673516
Preck submodel is infeasible, continue branching
General disjunction: No feasible solution found, use SCIP default branching rule
_____________________________________
Now starting branching with general disjunction
Current branching Node number: 311
LP objective value: 176000
Node lower bound: 176000
Node upper bound: 183250
gap to the primal bound: 0.673516
Preck submodel is infeasible, continue branching
General disjunction: No feasible solution found, use SCIP default branching rule
_____________________________________
Now starting branching with general disjunction
Current branching Node number: 313
Relpscost reduced domain, skip general disjunction branching
_____________________________________
Now starting branching with general disjunction
Current branching Node number: 313
LP objective value: 176000
Node lower bound: 176000
Node upper bound: 183250
gap to the primal bound: 0.673516
Preck submodel is infeasible, continue branching
General disjunction: No feasible solution found, use SCIP default branching rule
_____________________________________
Now starting branching with general disjunction
Current branching Node number: 228
LP objective value: 153000
Node lower bound: 153000
Node upper bound: 183250
gap to the primal bound: 0.673516
Preck submodel is infeasible, continue branching
General disjunction: No feasible solution found, use SCIP default branching rule
_____________________________________
Now starting branching with general disjunction
Current branching Node number: 317
LP objective value: 153000
Node lower bound: 153000
Node upper bound: 183250
gap to the primal bound: 0.673516
Preck submodel is infeasible, continue branching
General disjunction: No feasible solution found, use SCIP default branching rule
_____________________________________
Now starting branching with general disjunction
Current branching Node number: 319
LP objective value: 153000
Node lower bound: 153000
Node upper bound: 183250
gap to the primal bound: 0.673516
Preck submodel is infeasible, continue branching
General disjunction: No feasible solution found, use SCIP default branching rule
_____________________________________
Now starting branching with general disjunction
Current branching Node number: 320
LP objective value: 153000
Node lower bound: 153000
Node upper bound: 183250
gap to the primal bound: 0.673516
Preck submodel is infeasible, continue branching
General disjunction: No feasible solution found, use SCIP default branching rule
_____________________________________
Now starting branching with general disjunction
Current branching Node number: 323
LP objective value: 157867
Node lower bound: 157867
Node upper bound: 183250
gap to the primal bound: 0.673516
Preck submodel is infeasible, continue branching
General disjunction: No feasible solution found, use SCIP default branching rule
_____________________________________
Now starting branching with general disjunction
Current branching Node number: 325
Relpscost reduced domain, skip general disjunction branching
_____________________________________
Now starting branching with general disjunction
Current branching Node number: 325
LP objective value: 161867
Node lower bound: 161867
Node upper bound: 183250
gap to the primal bound: 0.673516
Preck submodel is infeasible, continue branching
General disjunction: No feasible solution found, use SCIP default branching rule
_____________________________________
Now starting branching with general disjunction
Current branching Node number: 327
LP objective value: 170250
Node lower bound: 170250
Node upper bound: 183250
gap to the primal bound: 0.673516
Preck submodel is infeasible, continue branching
General disjunction: No feasible solution found, use SCIP default branching rule
_____________________________________
Now starting branching with general disjunction
Current branching Node number: 329
Relpscost reduced domain, skip general disjunction branching
_____________________________________
Now starting branching with general disjunction
Current branching Node number: 329
LP objective value: 177143
Node lower bound: 177143
Node upper bound: 183250
gap to the primal bound: 0.673516
Preck submodel is infeasible, continue branching
General disjunction: No feasible solution found, use SCIP default branching rule
_____________________________________
Now starting branching with general disjunction
Current branching Node number: 331
LP objective value: 177143
Node lower bound: 177143
Node upper bound: 183250
gap to the primal bound: 0.673516
Preck submodel is infeasible, continue branching
General disjunction: No feasible solution found, use SCIP default branching rule
_____________________________________
Now starting branching with general disjunction
Current branching Node number: 333
LP objective value: 177143
Node lower bound: 177143
Node upper bound: 183250
gap to the primal bound: 0.673516
Preck submodel is infeasible, continue branching
General disjunction: No feasible solution found, use SCIP default branching rule
_____________________________________
Now starting branching with general disjunction
Current branching Node number: 326
LP objective value: 168000
Node lower bound: 168000
Node upper bound: 183250
gap to the primal bound: 0.673516
Preck submodel is infeasible, continue branching
General disjunction: No feasible solution found, use SCIP default branching rule
_____________________________________
Now starting branching with general disjunction
Current branching Node number: 337
LP objective value: 168000
Node lower bound: 168000
Node upper bound: 183250
gap to the primal bound: 0.673516
Preck submodel is infeasible, continue branching
General disjunction: No feasible solution found, use SCIP default branching rule
_____________________________________
Now starting branching with general disjunction
Current branching Node number: 339
LP objective value: 183000
Node lower bound: 183000
Node upper bound: 183250
gap to the primal bound: 0.673516
Preck submodel is infeasible, continue branching
General disjunction: No feasible solution found, use SCIP default branching rule
* 405m|   240 |    82 |141318 |  96.7 |    LP  |  25 | 449 |6110 | 543 | 104 |  1 |7611 |3134 | 1.095000e+05 | 1.830000e+05 |  67.12%| unknown
_____________________________________
Now starting branching with general disjunction
Current branching Node number: 18
LP objective value: 109500
Node lower bound: 109500
Node upper bound: 183000
gap to the primal bound: 0.671233
Preck submodel is infeasible, continue branching
General disjunction: No feasible solution found, use SCIP default branching rule
_____________________________________
Now starting branching with general disjunction
Current branching Node number: 343
LP objective value: 109500
Node lower bound: 109500
Node upper bound: 183000
gap to the primal bound: 0.671233
Preck submodel is infeasible, continue branching
General disjunction: No feasible solution found, use SCIP default branching rule
_____________________________________
Now starting branching with general disjunction
Current branching Node number: 345
LP objective value: 109500
Node lower bound: 109500
Node upper bound: 183000
gap to the primal bound: 0.671233
Preck submodel is infeasible, continue branching
General disjunction: No feasible solution found, use SCIP default branching rule
_____________________________________
Now starting branching with general disjunction
Current branching Node number: 336
LP objective value: 168000
Node lower bound: 168000
Node upper bound: 183000
gap to the primal bound: 0.671233
Preck submodel is infeasible, continue branching
General disjunction: No feasible solution found, use SCIP default branching rule
_____________________________________
Now starting branching with general disjunction
Current branching Node number: 349
Relpscost reduced domain, skip general disjunction branching
_____________________________________
Now starting branching with general disjunction
Current branching Node number: 348
LP objective value: 168000
Node lower bound: 168000
Node upper bound: 183000
gap to the primal bound: 0.671233
Preck submodel is infeasible, continue branching
General disjunction: No feasible solution found, use SCIP default branching rule
_____________________________________
Now starting branching with general disjunction
Current branching Node number: 350
LP objective value: 172500
Node lower bound: 172500
Node upper bound: 183000
gap to the primal bound: 0.671233
Preck submodel is infeasible, continue branching
General disjunction: No feasible solution found, use SCIP default branching rule
_____________________________________
Now starting branching with general disjunction
Current branching Node number: 23
LP objective value: 109500
Node lower bound: 109500
Node upper bound: 183000
gap to the primal bound: 0.671233
Preck submodel is infeasible, continue branching
Time limit exceeded (1030.38s), stopping submodel solve loop
General disjunction: No feasible solution found, use SCIP default branching rule
_____________________________________
Now starting branching with general disjunction
Current branching Node number: 355
LP objective value: 131000
Node lower bound: 131000
Node upper bound: 183000
gap to the primal bound: 0.671233
Preck submodel is infeasible, continue branching
General disjunction: No feasible solution found, use SCIP default branching rule
_____________________________________
Now starting branching with general disjunction
Current branching Node number: 357
Relpscost reduced domain, skip general disjunction branching
_____________________________________
Now starting branching with general disjunction
Current branching Node number: 357
LP objective value: 143334
Node lower bound: 143334
Node upper bound: 183000
gap to the primal bound: 0.671233
Preck submodel is infeasible, continue branching
General disjunction: No feasible solution found, use SCIP default branching rule
_____________________________________
Now starting branching with general disjunction
Current branching Node number: 322
LP objective value: 172734
Node lower bound: 172734
Node upper bound: 183000
gap to the primal bound: 0.671233
Preck submodel is infeasible, continue branching
General disjunction: No feasible solution found, use SCIP default branching rule
_____________________________________
Now starting branching with general disjunction
Current branching Node number: 360
LP objective value: 172734
Node lower bound: 172734
Node upper bound: 183000
gap to the primal bound: 0.671233
Preck submodel is infeasible, continue branching
General disjunction: No feasible solution found, use SCIP default branching rule
_____________________________________
Now starting branching with general disjunction
Current branching Node number: 363
LP objective value: 179750
Node lower bound: 179750
Node upper bound: 183000
gap to the primal bound: 0.671233
Preck submodel is infeasible, continue branching
General disjunction: No feasible solution found, use SCIP default branching rule
_____________________________________
Now starting branching with general disjunction
Current branching Node number: 321
LP objective value: 153000
Node lower bound: 153000
Node upper bound: 183000
gap to the primal bound: 0.671233
Preck submodel is infeasible, continue branching
General disjunction: No feasible solution found, use SCIP default branching rule
_____________________________________
Now starting branching with general disjunction
Current branching Node number: 367
LP objective value: 153000
Node lower bound: 153000
Node upper bound: 183000
gap to the primal bound: 0.671233
Preck submodel is infeasible, continue branching
General disjunction: No feasible solution found, use SCIP default branching rule
_____________________________________
Now starting branching with general disjunction
Current branching Node number: 369
Relpscost reduced domain, skip general disjunction branching
_____________________________________
Now starting branching with general disjunction
Current branching Node number: 366
LP objective value: 153000
Node lower bound: 153000
Node upper bound: 183000
gap to the primal bound: 0.671233
Preck submodel is infeasible, continue branching
General disjunction: No feasible solution found, use SCIP default branching rule
_____________________________________
Now starting branching with general disjunction
Current branching Node number: 371
LP objective value: 154867
Node lower bound: 154867
Node upper bound: 183000
gap to the primal bound: 0.671233
Preck submodel is infeasible, continue branching
General disjunction: No feasible solution found, use SCIP default branching rule
_____________________________________
Now starting branching with general disjunction
Current branching Node number: 373
Relpscost reduced domain, skip general disjunction branching
_____________________________________
Now starting branching with general disjunction
Current branching Node number: 373
Relpscost reduced domain, skip general disjunction branching
_____________________________________
Now starting branching with general disjunction
Current branching Node number: 373
LP objective value: 166201
Node lower bound: 166201
Node upper bound: 183000
gap to the primal bound: 0.671233
Preck submodel is infeasible, continue branching
General disjunction: No feasible solution found, use SCIP default branching rule
_____________________________________
Now starting branching with general disjunction
Current branching Node number: 375
LP objective value: 166201
Node lower bound: 166201
Node upper bound: 183000
gap to the primal bound: 0.671233
Preck submodel is infeasible, continue branching
General disjunction: No feasible solution found, use SCIP default branching rule
_____________________________________
Now starting branching with general disjunction
Current branching Node number: 377
Relpscost reduced domain, skip general disjunction branching
_____________________________________
Now starting branching with general disjunction
Current branching Node number: 377
Relpscost reduced domain, skip general disjunction branching
_____________________________________
Now starting branching with general disjunction
Current branching Node number: 372
LP objective value: 163375
Node lower bound: 163375
Node upper bound: 183000
gap to the primal bound: 0.671233
Preck submodel is infeasible, continue branching
General disjunction: No feasible solution found, use SCIP default branching rule
_____________________________________
Now starting branching with general disjunction
Current branching Node number: 379
Relpscost reduced domain, skip general disjunction branching
_____________________________________
Now starting branching with general disjunction
Current branching Node number: 379
LP objective value: 163375
Node lower bound: 163375
Node upper bound: 183000
gap to the primal bound: 0.671233
Preck submodel is infeasible, continue branching
General disjunction: No feasible solution found, use SCIP default branching rule
_____________________________________
Now starting branching with general disjunction
Current branching Node number: 381
Relpscost reduced domain, skip general disjunction branching
_____________________________________
Now starting branching with general disjunction
Current branching Node number: 381
LP objective value: 163375
Node lower bound: 163375
Node upper bound: 183000
gap to the primal bound: 0.671233
Preck submodel is infeasible, continue branching
General disjunction: No feasible solution found, use SCIP default branching rule
_____________________________________
Now starting branching with general disjunction
Current branching Node number: 383
LP objective value: 179500
Node lower bound: 179500
Node upper bound: 183000
gap to the primal bound: 0.671233
Preck submodel is infeasible, continue branching
General disjunction: No feasible solution found, use SCIP default branching rule
_____________________________________
Now starting branching with general disjunction
Current branching Node number: 384
LP objective value: 179500
Node lower bound: 179500
Node upper bound: 183000
gap to the primal bound: 0.671233
Preck submodel is infeasible, continue branching
General disjunction: No feasible solution found, use SCIP default branching rule
_____________________________________
Now starting branching with general disjunction
Current branching Node number: 382
Relpscost reduced domain, skip general disjunction branching
_____________________________________
Now starting branching with general disjunction
Current branching Node number: 378
LP objective value: 178000
Node lower bound: 178000
Node upper bound: 183000
gap to the primal bound: 0.671233
Preck submodel is infeasible, continue branching
General disjunction: No feasible solution found, use SCIP default branching rule
_____________________________________
Now starting branching with general disjunction
Current branching Node number: 388
LP objective value: 178000
Node lower bound: 178000
Node upper bound: 183000
gap to the primal bound: 0.671233
Preck submodel is infeasible, continue branching
General disjunction: No feasible solution found, use SCIP default branching rule
_____________________________________
Now starting branching with general disjunction
Current branching Node number: 370
LP objective value: 177000
Node lower bound: 177000
Node upper bound: 183000
gap to the primal bound: 0.671233
Preck submodel is infeasible, continue branching
General disjunction: No feasible solution found, use SCIP default branching rule
_____________________________________
Now starting branching with general disjunction
Current branching Node number: 374
LP objective value: 169125
Node lower bound: 169125
Node upper bound: 183000
gap to the primal bound: 0.671233
Preck submodel is infeasible, continue branching
General disjunction: No feasible solution found, use SCIP default branching rule
_____________________________________
Now starting branching with general disjunction
Current branching Node number: 395
Relpscost reduced domain, skip general disjunction branching
_____________________________________
Now starting branching with general disjunction
Current branching Node number: 324
LP objective value: 158640
Node lower bound: 158640
Node upper bound: 183000
gap to the primal bound: 0.671233
Preck submodel is infeasible, continue branching
General disjunction: No feasible solution found, use SCIP default branching rule
_____________________________________
Now starting branching with general disjunction
Current branching Node number: 396
LP objective value: 168000
Node lower bound: 168000
Node upper bound: 183000
gap to the primal bound: 0.671233
Preck submodel is infeasible, continue branching
General disjunction: No feasible solution found, use SCIP default branching rule
_____________________________________
Now starting branching with general disjunction
Current branching Node number: 399
Relpscost reduced domain, skip general disjunction branching
_____________________________________
Now starting branching with general disjunction
Current branching Node number: 399
Relpscost reduced domain, skip general disjunction branching
_____________________________________
Now starting branching with general disjunction
Current branching Node number: 399
Relpscost reduced domain, skip general disjunction branching
_____________________________________
Now starting branching with general disjunction
Current branching Node number: 346
LP objective value: 109500
Node lower bound: 109500
Node upper bound: 183000
gap to the primal bound: 0.671233
Preck submodel is infeasible, continue branching
General disjunction: No feasible solution found, use SCIP default branching rule
_____________________________________
Now starting branching with general disjunction
Current branching Node number: 401
LP objective value: 109500
Node lower bound: 109500
Node upper bound: 183000
gap to the primal bound: 0.671233
Preck submodel is infeasible, continue branching
General disjunction: No feasible solution found, use SCIP default branching rule
_____________________________________
Now starting branching with general disjunction
Current branching Node number: 403
LP objective value: 117000
Node lower bound: 117000
Node upper bound: 183000
gap to the primal bound: 0.671233
Preck submodel is infeasible, continue branching
General disjunction: No feasible solution found, use SCIP default branching rule
_____________________________________
Now starting branching with general disjunction
Current branching Node number: 405
LP objective value: 169250
Node lower bound: 169250
Node upper bound: 183000
gap to the primal bound: 0.671233
Preck submodel is infeasible, continue branching
General disjunction: No feasible solution found, use SCIP default branching rule
_____________________________________
Now starting branching with general disjunction
Current branching Node number: 407
LP objective value: 169250
Node lower bound: 169250
Node upper bound: 183000
gap to the primal bound: 0.671233
Preck submodel is infeasible, continue branching
General disjunction: No feasible solution found, use SCIP default branching rule
_____________________________________
Now starting branching with general disjunction
Current branching Node number: 402
LP objective value: 109500
Node lower bound: 109500
Node upper bound: 183000
gap to the primal bound: 0.671233
Preck submodel is infeasible, continue branching
General disjunction: No feasible solution found, use SCIP default branching rule
_____________________________________
Now starting branching with general disjunction
Current branching Node number: 411
LP objective value: 168000
Node lower bound: 168000
Node upper bound: 183000
gap to the primal bound: 0.671233
Preck submodel is infeasible, continue branching
General disjunction: No feasible solution found, use SCIP default branching rule
  423m|   300 |    94 |142996 |  93.9 |    44M |  25 | 449 |5928 | 538 | 114 |  2 |7739 |3235 | 1.095000e+05 | 1.830000e+05 |  67.12%| unknown
_____________________________________
Now starting branching with general disjunction
Current branching Node number: 413
LP objective value: 169250
Node lower bound: 169250
Node upper bound: 183000
gap to the primal bound: 0.671233
Preck submodel is infeasible, continue branching
General disjunction: No feasible solution found, use SCIP default branching rule
_____________________________________
Now starting branching with general disjunction
Current branching Node number: 410
LP objective value: 109500
Node lower bound: 109500
Node upper bound: 183000
gap to the primal bound: 0.671233
Preck submodel is infeasible, continue branching
General disjunction: No feasible solution found, use SCIP default branching rule
_____________________________________
Now starting branching with general disjunction
Current branching Node number: 416
LP objective value: 109500
Node lower bound: 109500
Node upper bound: 183000
gap to the primal bound: 0.671233
Preck submodel is infeasible, continue branching
General disjunction: No feasible solution found, use SCIP default branching rule
_____________________________________
Now starting branching with general disjunction
Current branching Node number: 419
LP objective value: 109500
Node lower bound: 109500
Node upper bound: 183000
gap to the primal bound: 0.671233
Preck submodel is infeasible, continue branching
General disjunction: No feasible solution found, use SCIP default branching rule
_____________________________________
Now starting branching with general disjunction
Current branching Node number: 421
LP objective value: 121000
Node lower bound: 153000
Node upper bound: 183000
gap to the primal bound: 0.671233
Preck submodel is infeasible, continue branching
General disjunction: No feasible solution found, use SCIP default branching rule
_____________________________________
Now starting branching with general disjunction
Current branching Node number: 422
Relpscost reduced domain, skip general disjunction branching
_____________________________________
Now starting branching with general disjunction
Current branching Node number: 422
LP objective value: 153000
Node lower bound: 153000
Node upper bound: 183000
gap to the primal bound: 0.671233
Preck submodel is infeasible, continue branching
General disjunction: No feasible solution found, use SCIP default branching rule
_____________________________________
Now starting branching with general disjunction
Current branching Node number: 425
LP objective value: 159667
Node lower bound: 159667
Node upper bound: 183000
gap to the primal bound: 0.671233
Preck submodel is infeasible, continue branching
General disjunction: No feasible solution found, use SCIP default branching rule
_____________________________________
Now starting branching with general disjunction
Current branching Node number: 420
LP objective value: 109500
Node lower bound: 109500
Node upper bound: 183000
gap to the primal bound: 0.671233
Preck submodel is infeasible, continue branching
General disjunction: No feasible solution found, use SCIP default branching rule
_____________________________________
Now starting branching with general disjunction
Current branching Node number: 428
LP objective value: 109500
Node lower bound: 109500
Node upper bound: 183000
gap to the primal bound: 0.671233
Preck submodel is infeasible, continue branching
General disjunction: No feasible solution found, use SCIP default branching rule
_____________________________________
Now starting branching with general disjunction
Current branching Node number: 431
LP objective value: 148750
Node lower bound: 160250
Node upper bound: 183000
gap to the primal bound: 0.671233
Preck submodel is infeasible, continue branching
General disjunction: No feasible solution found, use SCIP default branching rule
_____________________________________
Now starting branching with general disjunction
Current branching Node number: 432
LP objective value: 160250
Node lower bound: 160250
Node upper bound: 183000
gap to the primal bound: 0.671233
Preck submodel is infeasible, continue branching
General disjunction: Both Children are added
_____________________________________
Now starting branching with general disjunction
Current branching Node number: 430
LP objective value: 109500
Node lower bound: 109500
Node upper bound: 183000
gap to the primal bound: 0.671233
Preck submodel is infeasible, continue branching
General disjunction: No feasible solution found, use SCIP default branching rule
_____________________________________
Now starting branching with general disjunction
Current branching Node number: 437
LP objective value: 120200
Node lower bound: 159667
Node upper bound: 183000
gap to the primal bound: 0.671233
Preck submodel is infeasible, continue branching
General disjunction: No feasible solution found, use SCIP default branching rule
_____________________________________
Now starting branching with general disjunction
Current branching Node number: 438
Relpscost reduced domain, skip general disjunction branching
_____________________________________
Now starting branching with general disjunction
Current branching Node number: 438
LP objective value: 159667
Node lower bound: 159667
Node upper bound: 183000
gap to the primal bound: 0.671233
Preck submodel is infeasible, continue branching
General disjunction: No feasible solution found, use SCIP default branching rule
_____________________________________
Now starting branching with general disjunction
Current branching Node number: 436
LP objective value: 119750
Node lower bound: 119750
Node upper bound: 183000
gap to the primal bound: 0.671233
Preck submodel is infeasible, continue branching
General disjunction: No feasible solution found, use SCIP default branching rule
_____________________________________
Now starting branching with general disjunction
Current branching Node number: 442
LP objective value: 159667
Node lower bound: 159667
Node upper bound: 183000
gap to the primal bound: 0.671233
Preck submodel is infeasible, continue branching
General disjunction: No feasible solution found, use SCIP default branching rule
_____________________________________
Now starting branching with general disjunction
Current branching Node number: 445
LP objective value: 159667
Node lower bound: 159667
Node upper bound: 183000
gap to the primal bound: 0.671233
Preck submodel is infeasible, continue branching
General disjunction: No feasible solution found, use SCIP default branching rule
_____________________________________
Now starting branching with general disjunction
Current branching Node number: 418
LP objective value: 109500
Node lower bound: 109500
Node upper bound: 183000
gap to the primal bound: 0.671233
Preck submodel is infeasible, continue branching
General disjunction: No feasible solution found, use SCIP default branching rule
_____________________________________
Now starting branching with general disjunction
Current branching Node number: 448
LP objective value: 109500
Node lower bound: 109500
Node upper bound: 183000
gap to the primal bound: 0.671233
Preck submodel is infeasible, continue branching
General disjunction: No feasible solution found, use SCIP default branching rule
_____________________________________
Now starting branching with general disjunction
Current branching Node number: 451
LP objective value: 109500
Node lower bound: 109500
Node upper bound: 183000
gap to the primal bound: 0.671233
Preck submodel is infeasible, continue branching
General disjunction: No feasible solution found, use SCIP default branching rule
_____________________________________
Now starting branching with general disjunction
Current branching Node number: 450
LP objective value: 109500
Node lower bound: 109500
Node upper bound: 183000
gap to the primal bound: 0.671233
Preck submodel is infeasible, continue branching
General disjunction: No feasible solution found, use SCIP default branching rule
_____________________________________
Now starting branching with general disjunction
Current branching Node number: 455
LP objective value: 119750
Node lower bound: 119750
Node upper bound: 183000
gap to the primal bound: 0.671233
Preck submodel is infeasible, continue branching
General disjunction: No feasible solution found, use SCIP default branching rule
_____________________________________
Now starting branching with general disjunction
Current branching Node number: 456
LP objective value: 159667
Node lower bound: 159667
Node upper bound: 183000
gap to the primal bound: 0.671233
Preck submodel is infeasible, continue branching
General disjunction: No feasible solution found, use SCIP default branching rule
_____________________________________
Now starting branching with general disjunction
Current branching Node number: 417
LP objective value: 109500
Node lower bound: 109500
Node upper bound: 183000
gap to the primal bound: 0.671233
Preck submodel is infeasible, continue branching
General disjunction: No feasible solution found, use SCIP default branching rule
_____________________________________
Now starting branching with general disjunction
Current branching Node number: 460
LP objective value: 109500
Node lower bound: 109500
Node upper bound: 183000
gap to the primal bound: 0.671233
Preck submodel is infeasible, continue branching
General disjunction: No feasible solution found, use SCIP default branching rule
_____________________________________
Now starting branching with general disjunction
Current branching Node number: 463
LP objective value: 109500
Node lower bound: 109500
Node upper bound: 183000
gap to the primal bound: 0.671233
Preck submodel is infeasible, continue branching
General disjunction: No feasible solution found, use SCIP default branching rule
_____________________________________
Now starting branching with general disjunction
Current branching Node number: 464
LP objective value: 109500
Node lower bound: 109500
Node upper bound: 183000
gap to the primal bound: 0.671233
Preck submodel is infeasible, continue branching
General disjunction: No feasible solution found, use SCIP default branching rule
_____________________________________
Now starting branching with general disjunction
Current branching Node number: 467
LP objective value: 119750
Node lower bound: 119750
Node upper bound: 183000
gap to the primal bound: 0.671233
Preck submodel is infeasible, continue branching
General disjunction: No feasible solution found, use SCIP default branching rule
_____________________________________
Now starting branching with general disjunction
Current branching Node number: 468
LP objective value: 159667
Node lower bound: 159667
Node upper bound: 183000
gap to the primal bound: 0.671233
Preck submodel is infeasible, continue branching
Time limit exceeded (1026.91s), stopping submodel solve loop
General disjunction: No feasible solution found, use SCIP default branching rule
_____________________________________
Now starting branching with general disjunction
Current branching Node number: 471
LP objective value: 159667
Node lower bound: 159667
Node upper bound: 183000
gap to the primal bound: 0.671233
Preck submodel is infeasible, continue branching
General disjunction: No feasible solution found, use SCIP default branching rule
_____________________________________
Now starting branching with general disjunction
Current branching Node number: 466
LP objective value: 132000
Node lower bound: 132000
Node upper bound: 183000
gap to the primal bound: 0.671233
Preck submodel is infeasible, continue branching
General disjunction: No feasible solution found, use SCIP default branching rule
_____________________________________
Now starting branching with general disjunction
Current branching Node number: 474
LP objective value: 160250
Node lower bound: 160250
Node upper bound: 183000
gap to the primal bound: 0.671233
Preck submodel is infeasible, continue branching
Time limit exceeded (1018.4s), stopping submodel solve loop
General disjunction: Both Children are added
_____________________________________
Now starting branching with general disjunction
Current branching Node number: 476
LP objective value: 174000
Node lower bound: 174000
Node upper bound: 183000
gap to the primal bound: 0.671233
Preck submodel is infeasible, continue branching
General disjunction: No feasible solution found, use SCIP default branching rule
_____________________________________
Now starting branching with general disjunction
Current branching Node number: 465
LP objective value: 132000
Node lower bound: 132000
Node upper bound: 183000
gap to the primal bound: 0.671233
Preck submodel is infeasible, continue branching
General disjunction: No feasible solution found, use SCIP default branching rule
_____________________________________
Now starting branching with general disjunction
Current branching Node number: 480
LP objective value: 160250
Node lower bound: 160250
Node upper bound: 183000
gap to the primal bound: 0.671233
Preck submodel is infeasible, continue branching
General disjunction: No feasible solution found, use SCIP default branching rule
_____________________________________
Now starting branching with general disjunction
Current branching Node number: 452
LP objective value: 109500
Node lower bound: 109500
Node upper bound: 183000
gap to the primal bound: 0.671233
Preck submodel is infeasible, continue branching
General disjunction: No feasible solution found, use SCIP default branching rule
_____________________________________
Now starting branching with general disjunction
Current branching Node number: 485
LP objective value: 119750
Node lower bound: 119750
Node upper bound: 183000
gap to the primal bound: 0.671233
Preck submodel is infeasible, continue branching
General disjunction: No feasible solution found, use SCIP default branching rule
_____________________________________
Now starting branching with general disjunction
Current branching Node number: 486
LP objective value: 159667
Node lower bound: 159667
Node upper bound: 183000
gap to the primal bound: 0.671233
Preck submodel is infeasible, continue branching
Error in probing right side: 0
Time limit exceeded (1036.7s), stopping submodel solve loop
General disjunction: No feasible solution found, use SCIP default branching rule
_____________________________________
Now starting branching with general disjunction
Current branching Node number: 462
LP objective value: 109500
Node lower bound: 109500
Node upper bound: 183000
gap to the primal bound: 0.671233
Preck submodel is infeasible, continue branching
General disjunction: No feasible solution found, use SCIP default branching rule
_____________________________________
Now starting branching with general disjunction
Current branching Node number: 491
LP objective value: 119750
Node lower bound: 119750
Node upper bound: 183000
gap to the primal bound: 0.671233
Preck submodel is infeasible, continue branching
General disjunction: No feasible solution found, use SCIP default branching rule
_____________________________________
Now starting branching with general disjunction
Current branching Node number: 492
LP objective value: 159667
Node lower bound: 159667
Node upper bound: 183000
gap to the primal bound: 0.671233
Preck submodel is infeasible, continue branching
General disjunction: No feasible solution found, use SCIP default branching rule
_____________________________________
Now starting branching with general disjunction
Current branching Node number: 454
LP objective value: 119750
Node lower bound: 119750
Node upper bound: 183000
gap to the primal bound: 0.671233
Preck submodel is infeasible, continue branching
General disjunction: Both Children are added
_____________________________________
Now starting branching with general disjunction
Current branching Node number: 496
Relpscost reduced domain, skip general disjunction branching
_____________________________________
Now starting branching with general disjunction
Current branching Node number: 496
LP objective value: 175000
Node lower bound: 175000
Node upper bound: 183000
gap to the primal bound: 0.671233
Preck submodel is infeasible, continue branching
General disjunction: No feasible solution found, use SCIP default branching rule
_____________________________________
Now starting branching with general disjunction
Current branching Node number: 499
Relpscost reduced domain, skip general disjunction branching
_____________________________________
Now starting branching with general disjunction
Current branching Node number: 499
LP objective value: 175000
Node lower bound: 175000
Node upper bound: 183000
gap to the primal bound: 0.671233
Preck submodel is infeasible, continue branching
General disjunction: No feasible solution found, use SCIP default branching rule
_____________________________________
Now starting branching with general disjunction
Current branching Node number: 501
LP objective value: 175000
Node lower bound: 175000
Node upper bound: 183000
gap to the primal bound: 0.671233
Preck submodel is infeasible, continue branching
General disjunction: No feasible solution found, use SCIP default branching rule
_____________________________________
Now starting branching with general disjunction
Current branching Node number: 497
LP objective value: 159667
Node lower bound: 159667
Node upper bound: 183000
gap to the primal bound: 0.671233
Preck submodel is infeasible, continue branching
General disjunction: No feasible solution found, use SCIP default branching rule
_____________________________________
Now starting branching with general disjunction
Current branching Node number: 505
Relpscost reduced domain, skip general disjunction branching
_____________________________________
Now starting branching with general disjunction
Current branching Node number: 505
Relpscost reduced domain, skip general disjunction branching
_____________________________________
Now starting branching with general disjunction
Current branching Node number: 505
Relpscost reduced domain, skip general disjunction branching
_____________________________________
Now starting branching with general disjunction
Current branching Node number: 505
LP objective value: 168200
Node lower bound: 168200
Node upper bound: 183000
gap to the primal bound: 0.671233
Preck submodel is infeasible, continue branching
General disjunction: No feasible solution found, use SCIP default branching rule
_____________________________________
Now starting branching with general disjunction
Current branching Node number: 507
LP objective value: 168200
Node lower bound: 168200
Node upper bound: 183000
gap to the primal bound: 0.671233
Preck submodel is infeasible, continue branching
General disjunction: No feasible solution found, use SCIP default branching rule
_____________________________________
Now starting branching with general disjunction
Current branching Node number: 484
LP objective value: 132000
Node lower bound: 132000
Node upper bound: 183000
gap to the primal bound: 0.671233
Preck submodel is infeasible, continue branching
General disjunction: No feasible solution found, use SCIP default branching rule
_____________________________________
Now starting branching with general disjunction
Current branching Node number: 511
LP objective value: 175000
Node lower bound: 175000
Node upper bound: 183000
gap to the primal bound: 0.671233
Preck submodel is infeasible, continue branching
General disjunction: No feasible solution found, use SCIP default branching rule
_____________________________________
Now starting branching with general disjunction
Current branching Node number: 513
Relpscost reduced domain, skip general disjunction branching
_____________________________________
Now starting branching with general disjunction
Current branching Node number: 513
LP objective value: 175000
Node lower bound: 175000
Node upper bound: 183000
gap to the primal bound: 0.671233
Preck submodel is infeasible, continue branching
General disjunction: No feasible solution found, use SCIP default branching rule
_____________________________________
Now starting branching with general disjunction
Current branching Node number: 490
LP objective value: 119750
Node lower bound: 119750
Node upper bound: 183000
gap to the primal bound: 0.671233
Preck submodel is infeasible, continue branching
General disjunction: No feasible solution found, use SCIP default branching rule
_____________________________________
Now starting branching with general disjunction
Current branching Node number: 516
LP objective value: 159667
Node lower bound: 159667
Node upper bound: 183000
gap to the primal bound: 0.671233
Preck submodel is infeasible, continue branching
General disjunction: No feasible solution found, use SCIP default branching rule
_____________________________________
Now starting branching with general disjunction
Current branching Node number: 519
LP objective value: 159667
Node lower bound: 159667
Node upper bound: 183000
gap to the primal bound: 0.671233
Preck submodel is infeasible, continue branching
General disjunction: No feasible solution found, use SCIP default branching rule
_____________________________________
Now starting branching with general disjunction
Current branching Node number: 521
LP objective value: 159667
Node lower bound: 159667
Node upper bound: 183000
gap to the primal bound: 0.671233
Preck submodel is infeasible, continue branching
General disjunction: No feasible solution found, use SCIP default branching rule
_____________________________________
Now starting branching with general disjunction
Current branching Node number: 424
LP objective value: 159667
Node lower bound: 159667
Node upper bound: 183000
gap to the primal bound: 0.671233
Preck submodel is infeasible, continue branching
General disjunction: No feasible solution found, use SCIP default branching rule
_____________________________________
Now starting branching with general disjunction
Current branching Node number: 525
LP objective value: 159667
Node lower bound: 159667
Node upper bound: 183000
gap to the primal bound: 0.671233
Preck submodel is infeasible, continue branching
General disjunction: No feasible solution found, use SCIP default branching rule
_____________________________________
Now starting branching with general disjunction
Current branching Node number: 527
Relpscost reduced domain, skip general disjunction branching
_____________________________________
Now starting branching with general disjunction
Current branching Node number: 527
Relpscost reduced domain, skip general disjunction branching
_____________________________________
Now starting branching with general disjunction
Current branching Node number: 527
Relpscost reduced domain, skip general disjunction branching
_____________________________________
Now starting branching with general disjunction
Current branching Node number: 453
Relpscost reduced domain, skip general disjunction branching
_____________________________________
Now starting branching with general disjunction
Current branching Node number: 453
LP objective value: 153000
Node lower bound: 153000
Node upper bound: 183000
gap to the primal bound: 0.671233
Preck submodel is infeasible, continue branching
General disjunction: No feasible solution found, use SCIP default branching rule
_____________________________________
Now starting branching with general disjunction
Current branching Node number: 529
LP objective value: 153000
Node lower bound: 153000
Node upper bound: 183000
gap to the primal bound: 0.671233
Preck submodel is infeasible, continue branching
General disjunction: No feasible solution found, use SCIP default branching rule
_____________________________________
Now starting branching with general disjunction
Current branching Node number: 531
LP objective value: 159667
Node lower bound: 159667
Node upper bound: 183000
gap to the primal bound: 0.671233
Preck submodel is infeasible, continue branching
General disjunction: No feasible solution found, use SCIP default branching rule
_____________________________________
Now starting branching with general disjunction
Current branching Node number: 528
LP objective value: 153000
Node lower bound: 153000
Node upper bound: 183000
gap to the primal bound: 0.671233
Preck submodel is infeasible, continue branching
General disjunction: No feasible solution found, use SCIP default branching rule
_____________________________________
Now starting branching with general disjunction
Current branching Node number: 535
LP objective value: 159667
Node lower bound: 159667
Node upper bound: 183000
gap to the primal bound: 0.671233
Preck submodel is infeasible, continue branching
General disjunction: No feasible solution found, use SCIP default branching rule
_____________________________________
Now starting branching with general disjunction
Current branching Node number: 537
Relpscost reduced domain, skip general disjunction branching
_____________________________________
Now starting branching with general disjunction
Current branching Node number: 537
Relpscost reduced domain, skip general disjunction branching
_____________________________________
Now starting branching with general disjunction
Current branching Node number: 536
LP objective value: 159667
Node lower bound: 159667
Node upper bound: 183000
gap to the primal bound: 0.671233
Preck submodel is infeasible, continue branching
General disjunction: No feasible solution found, use SCIP default branching rule
_____________________________________
Now starting branching with general disjunction
Current branching Node number: 539
LP objective value: 171000
Node lower bound: 171000
Node upper bound: 183000
gap to the primal bound: 0.671233
Preck submodel is infeasible, continue branching
General disjunction: No feasible solution found, use SCIP default branching rule
_____________________________________
Now starting branching with general disjunction
Current branching Node number: 142
LP objective value: 109500
Node lower bound: 109500
Node upper bound: 183000
gap to the primal bound: 0.671233
Preck submodel is infeasible, continue branching
General disjunction: No feasible solution found, use SCIP default branching rule
_____________________________________
Now starting branching with general disjunction
Current branching Node number: 543
LP objective value: 109500
Node lower bound: 109500
Node upper bound: 183000
gap to the primal bound: 0.671233
Preck submodel is infeasible, continue branching
General disjunction: Both Children are added
_____________________________________
Now starting branching with general disjunction
Current branching Node number: 544
LP objective value: 117000
Node lower bound: 117000
Node upper bound: 183000
gap to the primal bound: 0.671233
Preck submodel is infeasible, continue branching
General disjunction: No feasible solution found, use SCIP default branching rule
_____________________________________
Now starting branching with general disjunction
Current branching Node number: 522
LP objective value: 171200
Node lower bound: 171200
Node upper bound: 183000
gap to the primal bound: 0.671233
Preck submodel is infeasible, continue branching
General disjunction: No feasible solution found, use SCIP default branching rule
_____________________________________
Now starting branching with general disjunction
Current branching Node number: 548
LP objective value: 171200
Node lower bound: 171200
Node upper bound: 183000
gap to the primal bound: 0.671233
Preck submodel is infeasible, continue branching
General disjunction: No feasible solution found, use SCIP default branching rule
_____________________________________
Now starting branching with general disjunction
Current branching Node number: 440
LP objective value: 159667
Node lower bound: 159667
Node upper bound: 183000
gap to the primal bound: 0.671233
Preck submodel is infeasible, continue branching
General disjunction: No feasible solution found, use SCIP default branching rule
_____________________________________
Now starting branching with general disjunction
Current branching Node number: 553
LP objective value: 159667
Node lower bound: 159667
Node upper bound: 183000
gap to the primal bound: 0.671233
Preck submodel is infeasible, continue branching
General disjunction: No feasible solution found, use SCIP default branching rule
_____________________________________
Now starting branching with general disjunction
Current branching Node number: 555
LP objective value: 159667
Node lower bound: 159667
Node upper bound: 183000
gap to the primal bound: 0.671233
Preck submodel is infeasible, continue branching
General disjunction: No feasible solution found, use SCIP default branching rule
_____________________________________
Now starting branching with general disjunction
Current branching Node number: 144
LP objective value: 109500
Node lower bound: 109500
Node upper bound: 183000
gap to the primal bound: 0.671233
Preck submodel is infeasible, continue branching
General disjunction: Both Children are added
_____________________________________
Now starting branching with general disjunction
Current branching Node number: 558
LP objective value: 117000
Node lower bound: 117000
Node upper bound: 183000
gap to the primal bound: 0.671233
Preck submodel is infeasible, continue branching
General disjunction: No feasible solution found, use SCIP default branching rule
_____________________________________
Now starting branching with general disjunction
Current branching Node number: 561
LP objective value: 117000
Node lower bound: 117000
Node upper bound: 183000
gap to the primal bound: 0.671233
Preck submodel is infeasible, continue branching
General disjunction: No feasible solution found, use SCIP default branching rule
_____________________________________
Now starting branching with general disjunction
Current branching Node number: 523
LP objective value: 182500
Node lower bound: 182500
Node upper bound: 183000
gap to the primal bound: 0.671233
Preck submodel is infeasible, continue branching
General disjunction: No feasible solution found, use SCIP default branching rule
_____________________________________
Now starting branching with general disjunction
Current branching Node number: 565
Relpscost reduced domain, skip general disjunction branching
_____________________________________
Now starting branching with general disjunction
Current branching Node number: 472
LP objective value: 159667
Node lower bound: 159667
Node upper bound: 183000
gap to the primal bound: 0.671233
Preck submodel is infeasible, continue branching
General disjunction: No feasible solution found, use SCIP default branching rule
_____________________________________
Now starting branching with general disjunction
Current branching Node number: 567
LP objective value: 159667
Node lower bound: 159667
Node upper bound: 183000
gap to the primal bound: 0.671233
Preck submodel is infeasible, continue branching
General disjunction: No feasible solution found, use SCIP default branching rule
_____________________________________
Now starting branching with general disjunction
Current branching Node number: 569
Relpscost reduced domain, skip general disjunction branching
_____________________________________
Now starting branching with general disjunction
Current branching Node number: 552
LP objective value: 159667
Node lower bound: 159667
Node upper bound: 183000
gap to the primal bound: 0.671233
Preck submodel is infeasible, continue branching
General disjunction: No feasible solution found, use SCIP default branching rule
_____________________________________
Now starting branching with general disjunction
Current branching Node number: 571
LP objective value: 162250
Node lower bound: 162250
Node upper bound: 183000
gap to the primal bound: 0.671233
Preck submodel is infeasible, continue branching
General disjunction: No feasible solution found, use SCIP default branching rule
_____________________________________
Now starting branching with general disjunction
Current branching Node number: 573
LP objective value: 164750
Node lower bound: 164750
Node upper bound: 183000
gap to the primal bound: 0.671233
Preck submodel is infeasible, continue branching
General disjunction: No feasible solution found, use SCIP default branching rule
_____________________________________
Now starting branching with general disjunction
Current branching Node number: 520
LP objective value: 159667
Node lower bound: 159667
Node upper bound: 183000
gap to the primal bound: 0.671233
Preck submodel is infeasible, continue branching
General disjunction: No feasible solution found, use SCIP default branching rule
_____________________________________
Now starting branching with general disjunction
Current branching Node number: 577
LP objective value: 162250
Node lower bound: 162250
Node upper bound: 183000
gap to the primal bound: 0.671233
Preck submodel is infeasible, continue branching
General disjunction: No feasible solution found, use SCIP default branching rule
_____________________________________
Now starting branching with general disjunction
Current branching Node number: 579
LP objective value: 162250
Node lower bound: 162250
Node upper bound: 183000
gap to the primal bound: 0.671233
Preck submodel is infeasible, continue branching
General disjunction: No feasible solution found, use SCIP default branching rule
_____________________________________
Now starting branching with general disjunction
Current branching Node number: 581
Relpscost reduced domain, skip general disjunction branching
_____________________________________
Now starting branching with general disjunction
Current branching Node number: 581
Relpscost reduced domain, skip general disjunction branching
_____________________________________
Now starting branching with general disjunction
Current branching Node number: 581
LP objective value: 179500
Node lower bound: 179500
Node upper bound: 183000
gap to the primal bound: 0.671233
Preck submodel is infeasible, continue branching
General disjunction: No feasible solution found, use SCIP default branching rule
_____________________________________
Now starting branching with general disjunction
Current branching Node number: 580
LP objective value: 162250
Node lower bound: 162250
Node upper bound: 183000
gap to the primal bound: 0.671233
Preck submodel is infeasible, continue branching
General disjunction: No feasible solution found, use SCIP default branching rule
_____________________________________
Now starting branching with general disjunction
Current branching Node number: 585
LP objective value: 167750
Node lower bound: 167750
Node upper bound: 183000
gap to the primal bound: 0.671233
Preck submodel is infeasible, continue branching
General disjunction: No feasible solution found, use SCIP default branching rule
  534m|   400 |   166 |150619 |  92.8 |    44M |  26 | 449 |5983 | 538 | 149 |  0 |8223 |3331 | 1.095000e+05 | 1.830000e+05 |  67.12%| unknown
_____________________________________
Now starting branching with general disjunction
Current branching Node number: 586
LP objective value: 169250
Node lower bound: 169250
Node upper bound: 183000
gap to the primal bound: 0.671233
Preck submodel is infeasible, continue branching
General disjunction: No feasible solution found, use SCIP default branching rule
_____________________________________
Now starting branching with general disjunction
Current branching Node number: 584
Relpscost reduced domain, skip general disjunction branching
_____________________________________
Now starting branching with general disjunction
Current branching Node number: 584
LP objective value: 180800
Node lower bound: 180800
Node upper bound: 183000
gap to the primal bound: 0.671233
Preck submodel is infeasible, continue branching
General disjunction: No feasible solution found, use SCIP default branching rule
_____________________________________
Now starting branching with general disjunction
Current branching Node number: 590
LP objective value: 180800
Node lower bound: 180800
Node upper bound: 183000
gap to the primal bound: 0.671233
Preck submodel is infeasible, continue branching
General disjunction: No feasible solution found, use SCIP default branching rule
_____________________________________
Now starting branching with general disjunction
Current branching Node number: 482
(node 408) solution of LP 5373 not optimal (pfeas=1, dfeas=0) -- solving again with tighter feasibility tolerance
(node 408) solution of LP 5373 not optimal (pfeas=1, dfeas=0) -- solving again from scratch
LP objective value: 162250
Node lower bound: 162250
Node upper bound: 183000
gap to the primal bound: 0.671233
Preck submodel is infeasible, continue branching
General disjunction: No feasible solution found, use SCIP default branching rule
_____________________________________
Now starting branching with general disjunction
Current branching Node number: 595
LP objective value: 162250
Node lower bound: 162250
Node upper bound: 183000
gap to the primal bound: 0.671233
Preck submodel is infeasible, continue branching
General disjunction: No feasible solution found, use SCIP default branching rule
_____________________________________
Now starting branching with general disjunction
Current branching Node number: 597
(node 410) solution of LP 5375 not optimal (pfeas=1, dfeas=0) -- solving again with tighter feasibility tolerance
(node 410) solution of LP 5375 not optimal (pfeas=1, dfeas=0) -- solving again from scratch
(node 410) solution of LP 5375 not optimal (pfeas=0, dfeas=1) -- solving again with tighter feasibility tolerance
(node 410) solution of LP 5375 not optimal (pfeas=0, dfeas=1) -- solving again from scratch
(node 410) solution of LP 5375 not optimal (pfeas=0, dfeas=1) -- solving again with tighter feasibility tolerance
(node 410) solution of LP 5375 not optimal (pfeas=0, dfeas=1) -- solving again from scratch
(node 410) solution of LP 5375 not optimal (pfeas=0, dfeas=1) -- solving again with tighter feasibility tolerance
(node 410) solution of LP 5375 not optimal (pfeas=0, dfeas=1) -- solving again from scratch
(node 410) solution of LP 5375 not optimal (pfeas=0, dfeas=1) -- solving again with tighter feasibility tolerance
(node 410) solution of LP 5375 not optimal (pfeas=0, dfeas=1) -- solving again from scratch
(node 410) solution of LP 5375 not optimal (pfeas=0, dfeas=1) -- solving again with tighter feasibility tolerance
(node 410) solution of LP 5375 not optimal (pfeas=0, dfeas=1) -- solving again from scratch
(node 410) solution of LP 5375 not optimal (pfeas=0, dfeas=1) -- solving again with tighter feasibility tolerance
(node 410) solution of LP 5375 not optimal (pfeas=0, dfeas=1) -- solving again from scratch
Relpscost reduced domain, skip general disjunction branching
_____________________________________
Now starting branching with general disjunction
Current branching Node number: 597
LP objective value: 167890
Node lower bound: 167890
Node upper bound: 183000
gap to the primal bound: 0.671233
Preck submodel is infeasible, continue branching
General disjunction: No feasible solution found, use SCIP default branching rule
_____________________________________
Now starting branching with general disjunction
Current branching Node number: 342
LP objective value: 109500
Node lower bound: 109500
Node upper bound: 183000
gap to the primal bound: 0.671233
Preck submodel is infeasible, continue branching
General disjunction: No feasible solution found, use SCIP default branching rule
_____________________________________
Now starting branching with general disjunction
Current branching Node number: 601
LP objective value: 109500
Node lower bound: 109500
Node upper bound: 183000
gap to the primal bound: 0.671233
Preck submodel is infeasible, continue branching
Time limit exceeded (1381.25s), stopping submodel solve loop
General disjunction: No feasible solution found, use SCIP default branching rule
_____________________________________
Now starting branching with general disjunction
Current branching Node number: 603
LP objective value: 109500
Node lower bound: 109500
Node upper bound: 183000
gap to the primal bound: 0.671233
Preck submodel is infeasible, continue branching
Time limit exceeded (1039.43s), stopping submodel solve loop
General disjunction: No feasible solution found, use SCIP default branching rule
_____________________________________
Now starting branching with general disjunction
Current branching Node number: 566
LP objective value: 159667
Node lower bound: 159667
Node upper bound: 183000
gap to the primal bound: 0.671233
Preck submodel is infeasible, continue branching
General disjunction: No feasible solution found, use SCIP default branching rule
_____________________________________
Now starting branching with general disjunction
Current branching Node number: 576
LP objective value: 159667
Node lower bound: 159667
Node upper bound: 183000
gap to the primal bound: 0.671233
Preck submodel is infeasible, continue branching
General disjunction: No feasible solution found, use SCIP default branching rule
_____________________________________
Now starting branching with general disjunction
Current branching Node number: 609
LP objective value: 182500
Node lower bound: 182500
Node upper bound: 183000
gap to the primal bound: 0.671233
Preck submodel is infeasible, continue branching
General disjunction: No feasible solution found, use SCIP default branching rule
_____________________________________
Now starting branching with general disjunction
Current branching Node number: 611
Relpscost reduced domain, skip general disjunction branching
_____________________________________
Now starting branching with general disjunction
Current branching Node number: 611
LP objective value: 182500
Node lower bound: 182500
Node upper bound: 183000
gap to the primal bound: 0.671233
Preck submodel is infeasible, continue branching
General disjunction: No feasible solution found, use SCIP default branching rule
_____________________________________
Now starting branching with general disjunction
Current branching Node number: 542
LP objective value: 109500
Node lower bound: 109500
Node upper bound: 183000
gap to the primal bound: 0.671233
Preck submodel is infeasible, continue branching
General disjunction: Both Children are added
_____________________________________
Now starting branching with general disjunction
Current branching Node number: 614
LP objective value: 117000
Node lower bound: 117000
Node upper bound: 183000
gap to the primal bound: 0.671233
Preck submodel is infeasible, continue branching
Time limit exceeded (1198.4s), stopping submodel solve loop
General disjunction: Both Children are added
_____________________________________
Now starting branching with general disjunction
Current branching Node number: 616
LP objective value: 136067
Node lower bound: 136067
Node upper bound: 183000
gap to the primal bound: 0.671233
Preck submodel is infeasible, continue branching
Time limit exceeded (1004.75s), stopping submodel solve loop
General disjunction: No feasible solution found, use SCIP default branching rule
_____________________________________
Now starting branching with general disjunction
Current branching Node number: 434
LP objective value: 171200
Node lower bound: 171200
Node upper bound: 183000
gap to the primal bound: 0.671233
Preck submodel is infeasible, continue branching
General disjunction: No feasible solution found, use SCIP default branching rule
_____________________________________
Now starting branching with general disjunction
Current branching Node number: 621
Relpscost reduced domain, skip general disjunction branching
_____________________________________
Now starting branching with general disjunction
Current branching Node number: 621
LP objective value: 171200
Node lower bound: 171200
Node upper bound: 183000
gap to the primal bound: 0.671233
Preck submodel is infeasible, continue branching
General disjunction: No feasible solution found, use SCIP default branching rule
_____________________________________
Now starting branching with general disjunction
Current branching Node number: 570
LP objective value: 159667
Node lower bound: 159667
Node upper bound: 183000
gap to the primal bound: 0.671233
Preck submodel is infeasible, continue branching
Time limit exceeded (1029.07s), stopping submodel solve loop
General disjunction: No feasible solution found, use SCIP default branching rule
_____________________________________
Now starting branching with general disjunction
Current branching Node number: 625
LP objective value: 162250
Node lower bound: 162250
Node upper bound: 183000
gap to the primal bound: 0.671233
Preck submodel is infeasible, continue branching
General disjunction: No feasible solution found, use SCIP default branching rule
_____________________________________
Now starting branching with general disjunction
Current branching Node number: 627
LP objective value: 168600
Node lower bound: 168600
Node upper bound: 183000
gap to the primal bound: 0.671233
Preck submodel is infeasible, continue branching
General disjunction: No feasible solution found, use SCIP default branching rule
(node 430) numerical troubles in LP 5442 -- solve again with dual simplex without scaling
(node 430) numerical troubles in LP 5443 -- solve again with dual simplex without presolving
_____________________________________
Now starting branching with general disjunction
Current branching Node number: 538
LP objective value: 174000
Node lower bound: 174000
Node upper bound: 183000
gap to the primal bound: 0.671233
Preck submodel is infeasible, continue branching
General disjunction: Only Left constraint added:
_____________________________________
Now starting branching with general disjunction
Current branching Node number: 545
LP objective value: 109500
Node lower bound: 109500
Node upper bound: 183000
gap to the primal bound: 0.671233
Preck submodel is infeasible, continue branching
General disjunction: No feasible solution found, use SCIP default branching rule
_____________________________________
Now starting branching with general disjunction
Current branching Node number: 631
LP objective value: 121000
Node lower bound: 121000
Node upper bound: 183000
gap to the primal bound: 0.671233
Preck submodel is infeasible, continue branching
Error in probing right side: 0
Time limit exceeded (1018.42s), stopping submodel solve loop
General disjunction: Both Children are added
_____________________________________
Now starting branching with general disjunction
Current branching Node number: 632
LP objective value: 148667
Node lower bound: 148667
Node upper bound: 183000
gap to the primal bound: 0.671233
Preck submodel is infeasible, continue branching
General disjunction: No feasible solution found, use SCIP default branching rule
_____________________________________
Now starting branching with general disjunction
Current branching Node number: 575
LP objective value: 167200
Node lower bound: 167200
Node upper bound: 183000
gap to the primal bound: 0.671233
Preck submodel is infeasible, continue branching
General disjunction: No feasible solution found, use SCIP default branching rule
_____________________________________
Now starting branching with general disjunction
Current branching Node number: 637
LP objective value: 167200
Node lower bound: 167200
Node upper bound: 183000
gap to the primal bound: 0.671233
Preck submodel is infeasible, continue branching
General disjunction: No feasible solution found, use SCIP default branching rule
_____________________________________
Now starting branching with general disjunction
Current branching Node number: 578
LP objective value: 162250
Node lower bound: 162250
Node upper bound: 183000
gap to the primal bound: 0.671233
Preck submodel is infeasible, continue branching
General disjunction: No feasible solution found, use SCIP default branching rule
_____________________________________
Now starting branching with general disjunction
Current branching Node number: 640
Relpscost reduced domain, skip general disjunction branching
_____________________________________
Now starting branching with general disjunction
Current branching Node number: 640
LP objective value: 162250
Node lower bound: 162250
Node upper bound: 183000
gap to the primal bound: 0.671233
Preck submodel is infeasible, continue branching
General disjunction: No feasible solution found, use SCIP default branching rule
_____________________________________
Now starting branching with general disjunction
Current branching Node number: 643
Relpscost reduced domain, skip general disjunction branching
_____________________________________
Now starting branching with general disjunction
Current branching Node number: 643
LP objective value: 165200
Node lower bound: 165200
Node upper bound: 183000
gap to the primal bound: 0.671233
Preck submodel is infeasible, continue branching
General disjunction: No feasible solution found, use SCIP default branching rule
_____________________________________
Now starting branching with general disjunction
Current branching Node number: 644
LP objective value: 174800
Node lower bound: 174800
Node upper bound: 183000
gap to the primal bound: 0.671233
Preck submodel is infeasible, continue branching
General disjunction: No feasible solution found, use SCIP default branching rule
_____________________________________
Now starting branching with general disjunction
Current branching Node number: 646
LP objective value: 174800
Node lower bound: 174800
Node upper bound: 183000
gap to the primal bound: 0.671233
Preck submodel is infeasible, continue branching
General disjunction: No feasible solution found, use SCIP default branching rule
_____________________________________
Now starting branching with general disjunction
Current branching Node number: 550
LP objective value: 171200
Node lower bound: 171200
Node upper bound: 183000
gap to the primal bound: 0.671233
Preck submodel is infeasible, continue branching
General disjunction: No feasible solution found, use SCIP default branching rule
_____________________________________
Now starting branching with general disjunction
Current branching Node number: 598
LP objective value: 181000
Node lower bound: 181000
Node upper bound: 183000
gap to the primal bound: 0.671233
Preck submodel is infeasible, continue branching
General disjunction: No feasible solution found, use SCIP default branching rule
_____________________________________
Now starting branching with general disjunction
Current branching Node number: 652
Relpscost reduced domain, skip general disjunction branching
_____________________________________
Now starting branching with general disjunction
Current branching Node number: 626
Relpscost reduced domain, skip general disjunction branching
_____________________________________
Now starting branching with general disjunction
Current branching Node number: 572
LP objective value: 162250
Node lower bound: 162250
Node upper bound: 183000
gap to the primal bound: 0.671233
Preck submodel is infeasible, continue branching
General disjunction: No feasible solution found, use SCIP default branching rule
_____________________________________
Now starting branching with general disjunction
Current branching Node number: 654
LP objective value: 162250
Node lower bound: 162250
Node upper bound: 183000
gap to the primal bound: 0.671233
Preck submodel is infeasible, continue branching
General disjunction: No feasible solution found, use SCIP default branching rule
_____________________________________
Now starting branching with general disjunction
Current branching Node number: 656
LP objective value: 162250
Node lower bound: 162250
Node upper bound: 183000
gap to the primal bound: 0.671233
Preck submodel is infeasible, continue branching
General disjunction: No feasible solution found, use SCIP default branching rule
_____________________________________
Now starting branching with general disjunction
Current branching Node number: 659
LP objective value: 167750
Node lower bound: 167750
Node upper bound: 183000
gap to the primal bound: 0.671233
Preck submodel is infeasible, continue branching
General disjunction: No feasible solution found, use SCIP default branching rule
_____________________________________
Now starting branching with general disjunction
Current branching Node number: 658
LP objective value: 168200
Node lower bound: 168200
Node upper bound: 183000
gap to the primal bound: 0.671233
Preck submodel is infeasible, continue branching
General disjunction: No feasible solution found, use SCIP default branching rule
_____________________________________
Now starting branching with general disjunction
Current branching Node number: 530
Relpscost reduced domain, skip general disjunction branching
_____________________________________
Now starting branching with general disjunction
Current branching Node number: 477
LP objective value: 160250
Node lower bound: 160250
Node upper bound: 183000
gap to the primal bound: 0.671233
Preck submodel is infeasible, continue branching
General disjunction: No feasible solution found, use SCIP default branching rule
_____________________________________
Now starting branching with general disjunction
Current branching Node number: 664
LP objective value: 160250
Node lower bound: 160250
Node upper bound: 183000
gap to the primal bound: 0.671233
Preck submodel is infeasible, continue branching
General disjunction: No feasible solution found, use SCIP default branching rule
_____________________________________
Now starting branching with general disjunction
Current branching Node number: 667
LP objective value: 160250
Node lower bound: 160250
Node upper bound: 183000
gap to the primal bound: 0.671233
Preck submodel is infeasible, continue branching
Time limit exceeded (1006.18s), stopping submodel solve loop
General disjunction: Both Children are added
_____________________________________
Now starting branching with general disjunction
Current branching Node number: 669
LP objective value: 160250
Node lower bound: 160250
Node upper bound: 183000
gap to the primal bound: 0.671233
Preck submodel is infeasible, continue branching
Error in probing right side: 0
General disjunction: Only Left constraint added:
_____________________________________
Now starting branching with general disjunction
Current branching Node number: 669
LP objective value: 163500
Node lower bound: 163500
Node upper bound: 183000
gap to the primal bound: 0.671233
Preck submodel is infeasible, continue branching
General disjunction: No feasible solution found, use SCIP default branching rule
_____________________________________
Now starting branching with general disjunction
Current branching Node number: 671
LP objective value: 168000
Node lower bound: 168000
Node upper bound: 183000
gap to the primal bound: 0.671233
Preck submodel is infeasible, continue branching
General disjunction: No feasible solution found, use SCIP default branching rule
_____________________________________
Now starting branching with general disjunction
Current branching Node number: 673
LP objective value: 168000
Node lower bound: 168000
Node upper bound: 183000
gap to the primal bound: 0.671233
Preck submodel is infeasible, continue branching
General disjunction: No feasible solution found, use SCIP default branching rule
_____________________________________
Now starting branching with general disjunction
Current branching Node number: 674
LP objective value: 168000
Node lower bound: 168000
Node upper bound: 183000
gap to the primal bound: 0.671233
Preck submodel is infeasible, continue branching
General disjunction: No feasible solution found, use SCIP default branching rule
_____________________________________
Now starting branching with general disjunction
Current branching Node number: 676
Relpscost reduced domain, skip general disjunction branching
_____________________________________
Now starting branching with general disjunction
Current branching Node number: 676
LP objective value: 174000
Node lower bound: 174000
Node upper bound: 183000
gap to the primal bound: 0.671233
Preck submodel is infeasible, continue branching
General disjunction: No feasible solution found, use SCIP default branching rule
_____________________________________
Now starting branching with general disjunction
Current branching Node number: 678
LP objective value: 176500
Node lower bound: 176500
Node upper bound: 183000
gap to the primal bound: 0.671233
Preck submodel is infeasible, continue branching
General disjunction: No feasible solution found, use SCIP default branching rule
_____________________________________
Now starting branching with general disjunction
Current branching Node number: 559
LP objective value: 109500
Node lower bound: 109500
Node upper bound: 183000
gap to the primal bound: 0.671233
Preck submodel is infeasible, continue branching
General disjunction: No feasible solution found, use SCIP default branching rule
_____________________________________
Now starting branching with general disjunction
Current branching Node number: 683
LP objective value: 109500
Node lower bound: 109500
Node upper bound: 183000
gap to the primal bound: 0.671233
Preck submodel is infeasible, continue branching
Time limit exceeded (1000.14s), stopping submodel solve loop
General disjunction: Both Children are added
_____________________________________
Now starting branching with general disjunction
Current branching Node number: 684
Relpscost reduced domain, skip general disjunction branching
_____________________________________
Now starting branching with general disjunction
Current branching Node number: 684
LP objective value: 175000
Node lower bound: 175000
Node upper bound: 183000
gap to the primal bound: 0.671233
Preck submodel is infeasible, continue branching
Error in probing right side: 0
Time limit exceeded (1039.56s), stopping submodel solve loop
General disjunction: No feasible solution found, use SCIP default branching rule
_____________________________________
Now starting branching with general disjunction
Current branching Node number: 687
LP objective value: 175000
Node lower bound: 175000
Node upper bound: 183000
gap to the primal bound: 0.671233
Preck submodel is infeasible, continue branching
Error in probing right side: 0
Time limit exceeded (1043.88s), stopping submodel solve loop
General disjunction: No feasible solution found, use SCIP default branching rule
_____________________________________
Now starting branching with general disjunction
Current branching Node number: 689
LP objective value: 175000
Node lower bound: 175000
Node upper bound: 183000
gap to the primal bound: 0.671233
Preck submodel is infeasible, continue branching
General disjunction: No feasible solution found, use SCIP default branching rule
_____________________________________
Now starting branching with general disjunction
Current branching Node number: 691
LP objective value: 175000
Node lower bound: 175000
Node upper bound: 183000
gap to the primal bound: 0.671233
Preck submodel is infeasible, continue branching
General disjunction: No feasible solution found, use SCIP default branching rule
_____________________________________
Now starting branching with general disjunction
Current branching Node number: 670
Relpscost reduced domain, skip general disjunction branching
_____________________________________
Now starting branching with general disjunction
Current branching Node number: 670
Relpscost reduced domain, skip general disjunction branching
_____________________________________
Now starting branching with general disjunction
Current branching Node number: 444
LP objective value: 159667
Node lower bound: 159667
Node upper bound: 183000
gap to the primal bound: 0.671233
Preck submodel is infeasible, continue branching
General disjunction: No feasible solution found, use SCIP default branching rule
_____________________________________
Now starting branching with general disjunction
Current branching Node number: 695
LP objective value: 162250
Node lower bound: 162250
Node upper bound: 183000
gap to the primal bound: 0.671233
Preck submodel is infeasible, continue branching
General disjunction: No feasible solution found, use SCIP default branching rule
_____________________________________
Now starting branching with general disjunction
Current branching Node number: 697
LP objective value: 162250
Node lower bound: 162250
Node upper bound: 183000
gap to the primal bound: 0.671233
Preck submodel is infeasible, continue branching
General disjunction: No feasible solution found, use SCIP default branching rule
_____________________________________
Now starting branching with general disjunction
Current branching Node number: 699
LP objective value: 162250
Node lower bound: 162250
Node upper bound: 183000
gap to the primal bound: 0.671233
Preck submodel is infeasible, continue branching
General disjunction: No feasible solution found, use SCIP default branching rule
_____________________________________
Now starting branching with general disjunction
Current branching Node number: 698
Relpscost reduced domain, skip general disjunction branching
_____________________________________
Now starting branching with general disjunction
Current branching Node number: 698
LP objective value: 162250
Node lower bound: 162250
Node upper bound: 183000
gap to the primal bound: 0.671233
Preck submodel is infeasible, continue branching
General disjunction: No feasible solution found, use SCIP default branching rule
_____________________________________
Now starting branching with general disjunction
Current branching Node number: 702
LP objective value: 162250
Node lower bound: 162250
Node upper bound: 183000
gap to the primal bound: 0.671233
Preck submodel is infeasible, continue branching
General disjunction: No feasible solution found, use SCIP default branching rule
_____________________________________
Now starting branching with general disjunction
Current branching Node number: 705
LP objective value: 179250
Node lower bound: 179250
Node upper bound: 183000
gap to the primal bound: 0.671233
Preck submodel is infeasible, continue branching
General disjunction: No feasible solution found, use SCIP default branching rule
_____________________________________
Now starting branching with general disjunction
Current branching Node number: 704
LP objective value: 162250
Node lower bound: 162250
Node upper bound: 183000
gap to the primal bound: 0.671233
Preck submodel is infeasible, continue branching
General disjunction: No feasible solution found, use SCIP default branching rule
  728m|   500 |   188 |155603 |  90.3 |    44M |  30 | 449 |6141 | 539 | 179 |  1 |8520 |3455 | 1.095000e+05 | 1.830000e+05 |  67.12%| unknown
_____________________________________
Now starting branching with general disjunction
Current branching Node number: 708
LP objective value: 164200
Node lower bound: 164200
Node upper bound: 183000
gap to the primal bound: 0.671233
Preck submodel is infeasible, continue branching
General disjunction: No feasible solution found, use SCIP default branching rule
_____________________________________
Now starting branching with general disjunction
Current branching Node number: 711
LP objective value: 164200
Node lower bound: 164200
Node upper bound: 183000
gap to the primal bound: 0.671233
Preck submodel is infeasible, continue branching
General disjunction: No feasible solution found, use SCIP default branching rule
_____________________________________
Now starting branching with general disjunction
Current branching Node number: 710
LP objective value: 167667
Node lower bound: 167667
Node upper bound: 183000
gap to the primal bound: 0.671233
Preck submodel is infeasible, continue branching
General disjunction: Only Left constraint added:
_____________________________________
Now starting branching with general disjunction
Current branching Node number: 710
Relpscost reduced domain, skip general disjunction branching
_____________________________________
Now starting branching with general disjunction
Current branching Node number: 710
LP objective value: 170026
Node lower bound: 170026
Node upper bound: 183000
gap to the primal bound: 0.671233
Preck submodel is infeasible, continue branching
General disjunction: No feasible solution found, use SCIP default branching rule
_____________________________________
Now starting branching with general disjunction
Current branching Node number: 532
LP objective value: 159667
Node lower bound: 159667
Node upper bound: 183000
gap to the primal bound: 0.671233
Preck submodel is infeasible, continue branching
General disjunction: No feasible solution found, use SCIP default branching rule
_____________________________________
Now starting branching with general disjunction
Current branching Node number: 716
Relpscost reduced domain, skip general disjunction branching
_____________________________________
Now starting branching with general disjunction
Current branching Node number: 604
LP objective value: 126000
Node lower bound: 126000
Node upper bound: 183000
gap to the primal bound: 0.671233
Preck submodel is infeasible, continue branching
General disjunction: No feasible solution found, use SCIP default branching rule
_____________________________________
Now starting branching with general disjunction
Current branching Node number: 718
LP objective value: 131250
Node lower bound: 131250
Node upper bound: 183000
gap to the primal bound: 0.671233
Preck submodel is infeasible, continue branching
General disjunction: No feasible solution found, use SCIP default branching rule
_____________________________________
Now starting branching with general disjunction
Current branching Node number: 721
LP objective value: 175000
Node lower bound: 175000
Node upper bound: 183000
gap to the primal bound: 0.671233
Preck submodel is infeasible, continue branching
General disjunction: No feasible solution found, use SCIP default branching rule
_____________________________________
Now starting branching with general disjunction
Current branching Node number: 488
LP objective value: 159667
Node lower bound: 159667
Node upper bound: 183000
gap to the primal bound: 0.671233
Preck submodel is infeasible, continue branching
General disjunction: No feasible solution found, use SCIP default branching rule
_____________________________________
Now starting branching with general disjunction
Current branching Node number: 724
LP objective value: 159667
Node lower bound: 159667
Node upper bound: 183000
gap to the primal bound: 0.671233
Preck submodel is infeasible, continue branching
General disjunction: No feasible solution found, use SCIP default branching rule
_____________________________________
Now starting branching with general disjunction
Current branching Node number: 727
LP objective value: 159667
Node lower bound: 159667
Node upper bound: 183000
gap to the primal bound: 0.671233
Preck submodel is infeasible, continue branching
General disjunction: No feasible solution found, use SCIP default branching rule
_____________________________________
Now starting branching with general disjunction
Current branching Node number: 728
LP objective value: 159667
Node lower bound: 159667
Node upper bound: 183000
gap to the primal bound: 0.671233
Preck submodel is infeasible, continue branching
General disjunction: No feasible solution found, use SCIP default branching rule
_____________________________________
Now starting branching with general disjunction
Current branching Node number: 731
LP objective value: 159667
Node lower bound: 159667
Node upper bound: 183000
gap to the primal bound: 0.671233
Preck submodel is infeasible, continue branching
General disjunction: No feasible solution found, use SCIP default branching rule
_____________________________________
Now starting branching with general disjunction
Current branching Node number: 732
LP objective value: 159667
Node lower bound: 159667
Node upper bound: 183000
gap to the primal bound: 0.671233
Preck submodel is infeasible, continue branching
General disjunction: No feasible solution found, use SCIP default branching rule
_____________________________________
Now starting branching with general disjunction
Current branching Node number: 735
LP objective value: 168800
Node lower bound: 168800
Node upper bound: 183000
gap to the primal bound: 0.671233
Preck submodel is infeasible, continue branching
General disjunction: No feasible solution found, use SCIP default branching rule
_____________________________________
Now starting branching with general disjunction
Current branching Node number: 737
Relpscost reduced domain, skip general disjunction branching
_____________________________________
Now starting branching with general disjunction
Current branching Node number: 736
LP objective value: 176600
Node lower bound: 176600
Node upper bound: 183000
gap to the primal bound: 0.671233
Preck submodel is infeasible, continue branching
General disjunction: No feasible solution found, use SCIP default branching rule
_____________________________________
Now starting branching with general disjunction
Current branching Node number: 344
LP objective value: 109500
Node lower bound: 109500
Node upper bound: 183000
gap to the primal bound: 0.671233
Preck submodel is infeasible, continue branching
Time limit exceeded (1056.44s), stopping submodel solve loop
General disjunction: No feasible solution found, use SCIP default branching rule
_____________________________________
Now starting branching with general disjunction
Current branching Node number: 741
LP objective value: 109500
Node lower bound: 109500
Node upper bound: 183000
gap to the primal bound: 0.671233
Preck submodel is infeasible, continue branching
Time limit exceeded (1045.97s), stopping submodel solve loop
General disjunction: Both Children are added
_____________________________________
Now starting branching with general disjunction
Current branching Node number: 742
LP objective value: 126400
Node lower bound: 126400
Node upper bound: 183000
gap to the primal bound: 0.671233
Preck submodel is infeasible, continue branching
General disjunction: No feasible solution found, use SCIP default branching rule
_____________________________________
Now starting branching with general disjunction
Current branching Node number: 745
LP objective value: 163167
Node lower bound: 163167
Node upper bound: 183000
gap to the primal bound: 0.671233
Preck submodel is infeasible, continue branching
General disjunction: No feasible solution found, use SCIP default branching rule
_____________________________________
Now starting branching with general disjunction
Current branching Node number: 730
LP objective value: 159667
Node lower bound: 159667
Node upper bound: 183000
gap to the primal bound: 0.671233
Preck submodel is infeasible, continue branching
General disjunction: No feasible solution found, use SCIP default branching rule
_____________________________________
Now starting branching with general disjunction
Current branching Node number: 749
LP objective value: 172900
Node lower bound: 172900
Node upper bound: 183000
gap to the primal bound: 0.671233
Preck submodel is infeasible, continue branching
General disjunction: No feasible solution found, use SCIP default branching rule
_____________________________________
Now starting branching with general disjunction
Current branching Node number: 726
LP objective value: 159667
Node lower bound: 159667
Node upper bound: 183000
gap to the primal bound: 0.671233
Preck submodel is infeasible, continue branching
General disjunction: Only Right constraint added:
_____________________________________
Now starting branching with general disjunction
Current branching Node number: 726
Relpscost reduced domain, skip general disjunction branching
_____________________________________
Now starting branching with general disjunction
Current branching Node number: 726
LP objective value: 173000
Node lower bound: 173000
Node upper bound: 183000
gap to the primal bound: 0.671233
Preck submodel is infeasible, continue branching
General disjunction: No feasible solution found, use SCIP default branching rule
_____________________________________
Now starting branching with general disjunction
Current branching Node number: 753
LP objective value: 180500
Node lower bound: 180500
Node upper bound: 183000
gap to the primal bound: 0.671233
Preck submodel is infeasible, continue branching
General disjunction: No feasible solution found, use SCIP default branching rule
_____________________________________
Now starting branching with general disjunction
Current branching Node number: 755
LP objective value: 180500
Node lower bound: 180500
Node upper bound: 183000
gap to the primal bound: 0.671233
Preck submodel is infeasible, continue branching
General disjunction: No feasible solution found, use SCIP default branching rule
_____________________________________
Now starting branching with general disjunction
Current branching Node number: 642
LP objective value: 162250
Node lower bound: 162250
Node upper bound: 183000
gap to the primal bound: 0.671233
Preck submodel is infeasible, continue branching
General disjunction: No feasible solution found, use SCIP default branching rule
_____________________________________
Now starting branching with general disjunction
Current branching Node number: 758
LP objective value: 162250
Node lower bound: 162250
Node upper bound: 183000
gap to the primal bound: 0.671233
Preck submodel is infeasible, continue branching
General disjunction: No feasible solution found, use SCIP default branching rule
_____________________________________
Now starting branching with general disjunction
Current branching Node number: 761
LP objective value: 162250
Node lower bound: 162250
Node upper bound: 183000
gap to the primal bound: 0.671233
Preck submodel is infeasible, continue branching
General disjunction: No feasible solution found, use SCIP default branching rule
_____________________________________
Now starting branching with general disjunction
Current branching Node number: 762
LP objective value: 165800
Node lower bound: 165800
Node upper bound: 183000
gap to the primal bound: 0.671233
Preck submodel is infeasible, continue branching
General disjunction: No feasible solution found, use SCIP default branching rule
_____________________________________
Now starting branching with general disjunction
Current branching Node number: 765
Relpscost reduced domain, skip general disjunction branching
_____________________________________
Now starting branching with general disjunction
Current branching Node number: 765
LP objective value: 167667
Node lower bound: 167667
Node upper bound: 183000
gap to the primal bound: 0.671233
Preck submodel is infeasible, continue branching
General disjunction: No feasible solution found, use SCIP default branching rule
_____________________________________
Now starting branching with general disjunction
Current branching Node number: 760
LP objective value: 162250
Node lower bound: 162250
Node upper bound: 183000
gap to the primal bound: 0.671233
Preck submodel is infeasible, continue branching
General disjunction: No feasible solution found, use SCIP default branching rule
_____________________________________
Now starting branching with general disjunction
Current branching Node number: 769
Relpscost reduced domain, skip general disjunction branching
_____________________________________
Now starting branching with general disjunction
Current branching Node number: 768
Relpscost reduced domain, skip general disjunction branching
_____________________________________
Now starting branching with general disjunction
Current branching Node number: 768
LP objective value: 165800
Node lower bound: 165800
Node upper bound: 183000
gap to the primal bound: 0.671233
Preck submodel is infeasible, continue branching
General disjunction: No feasible solution found, use SCIP default branching rule
_____________________________________
Now starting branching with general disjunction
Current branching Node number: 771
Relpscost reduced domain, skip general disjunction branching
_____________________________________
Now starting branching with general disjunction
Current branching Node number: 696
LP objective value: 162250
Node lower bound: 162250
Node upper bound: 183000
gap to the primal bound: 0.671233
Preck submodel is infeasible, continue branching
General disjunction: No feasible solution found, use SCIP default branching rule
_____________________________________
Now starting branching with general disjunction
Current branching Node number: 773
LP objective value: 162250
Node lower bound: 162250
Node upper bound: 183000
gap to the primal bound: 0.671233
Preck submodel is infeasible, continue branching
General disjunction: No feasible solution found, use SCIP default branching rule
_____________________________________
Now starting branching with general disjunction
Current branching Node number: 774
LP objective value: 162250
Node lower bound: 162250
Node upper bound: 183000
gap to the primal bound: 0.671233
Preck submodel is infeasible, continue branching
General disjunction: No feasible solution found, use SCIP default branching rule
_____________________________________
Now starting branching with general disjunction
Current branching Node number: 776
LP objective value: 162250
Node lower bound: 162250
Node upper bound: 183000
gap to the primal bound: 0.671233
Preck submodel is infeasible, continue branching
General disjunction: No feasible solution found, use SCIP default branching rule
_____________________________________
Now starting branching with general disjunction
Current branching Node number: 779
LP objective value: 174000
Node lower bound: 174000
Node upper bound: 183000
gap to the primal bound: 0.671233
Preck submodel is infeasible, continue branching
General disjunction: No feasible solution found, use SCIP default branching rule
_____________________________________
Now starting branching with general disjunction
Current branching Node number: 778
Relpscost reduced domain, skip general disjunction branching
_____________________________________
Now starting branching with general disjunction
Current branching Node number: 778
LP objective value: 180000
Node lower bound: 180000
Node upper bound: 183000
gap to the primal bound: 0.671233
Preck submodel is infeasible, continue branching
General disjunction: No feasible solution found, use SCIP default branching rule
_____________________________________
Now starting branching with general disjunction
Current branching Node number: 347
LP objective value: 122333
Node lower bound: 122333
Node upper bound: 183000
gap to the primal bound: 0.671233
Preck submodel is infeasible, continue branching
General disjunction: No feasible solution found, use SCIP default branching rule
_____________________________________
Now starting branching with general disjunction
Current branching Node number: 785
LP objective value: 153000
Node lower bound: 153000
Node upper bound: 183000
gap to the primal bound: 0.671233
Preck submodel is infeasible, continue branching
General disjunction: No feasible solution found, use SCIP default branching rule
_____________________________________
Now starting branching with general disjunction
Current branching Node number: 787
LP objective value: 168000
Node lower bound: 168000
Node upper bound: 183000
gap to the primal bound: 0.671233
Preck submodel is infeasible, continue branching
General disjunction: No feasible solution found, use SCIP default branching rule
_____________________________________
Now starting branching with general disjunction
Current branching Node number: 789
LP objective value: 169250
Node lower bound: 169250
Node upper bound: 183000
gap to the primal bound: 0.671233
Preck submodel is infeasible, continue branching
General disjunction: No feasible solution found, use SCIP default branching rule
_____________________________________
Now starting branching with general disjunction
Current branching Node number: 772
LP objective value: 162250
Node lower bound: 162250
Node upper bound: 183000
gap to the primal bound: 0.671233
Preck submodel is infeasible, continue branching
General disjunction: No feasible solution found, use SCIP default branching rule
_____________________________________
Now starting branching with general disjunction
Current branching Node number: 792
LP objective value: 162250
Node lower bound: 162250
Node upper bound: 183000
gap to the primal bound: 0.671233
Preck submodel is infeasible, continue branching
General disjunction: No feasible solution found, use SCIP default branching rule
_____________________________________
Now starting branching with general disjunction
Current branching Node number: 795
LP objective value: 179250
Node lower bound: 179250
Node upper bound: 183000
gap to the primal bound: 0.671233
Preck submodel is infeasible, continue branching
General disjunction: No feasible solution found, use SCIP default branching rule
_____________________________________
Now starting branching with general disjunction
Current branching Node number: 797
Relpscost reduced domain, skip general disjunction branching
_____________________________________
Now starting branching with general disjunction
Current branching Node number: 797
LP objective value: 179250
Node lower bound: 179250
Node upper bound: 183000
gap to the primal bound: 0.671233
Preck submodel is infeasible, continue branching
General disjunction: No feasible solution found, use SCIP default branching rule
_____________________________________
Now starting branching with general disjunction
Current branching Node number: 794
LP objective value: 162250
Node lower bound: 162250
Node upper bound: 183000
gap to the primal bound: 0.671233
Preck submodel is infeasible, continue branching
General disjunction: No feasible solution found, use SCIP default branching rule
_____________________________________
Now starting branching with general disjunction
Current branching Node number: 801
LP objective value: 179250
Node lower bound: 179250
Node upper bound: 183000
gap to the primal bound: 0.671233
Preck submodel is infeasible, continue branching
General disjunction: No feasible solution found, use SCIP default branching rule
_____________________________________
Now starting branching with general disjunction
Current branching Node number: 803
LP objective value: 179250
Node lower bound: 179250
Node upper bound: 183000
gap to the primal bound: 0.671233
Preck submodel is infeasible, continue branching
General disjunction: No feasible solution found, use SCIP default branching rule
_____________________________________
Now starting branching with general disjunction
Current branching Node number: 805
Relpscost reduced domain, skip general disjunction branching
_____________________________________
Now starting branching with general disjunction
Current branching Node number: 800
LP objective value: 162250
Node lower bound: 162250
Node upper bound: 183000
gap to the primal bound: 0.671233
Preck submodel is infeasible, continue branching
General disjunction: No feasible solution found, use SCIP default branching rule
_____________________________________
Now starting branching with general disjunction
Current branching Node number: 806
LP objective value: 162250
Node lower bound: 162250
Node upper bound: 183000
gap to the primal bound: 0.671233
Preck submodel is infeasible, continue branching
General disjunction: No feasible solution found, use SCIP default branching rule
_____________________________________
Now starting branching with general disjunction
Current branching Node number: 354
LP objective value: 109500
Node lower bound: 109500
Node upper bound: 183000
gap to the primal bound: 0.671233
Preck submodel is infeasible, continue branching
Time limit exceeded (1289.71s), stopping submodel solve loop
General disjunction: No feasible solution found, use SCIP default branching rule
_____________________________________
Now starting branching with general disjunction
Current branching Node number: 811
LP objective value: 109500
Node lower bound: 109500
Node upper bound: 183000
gap to the primal bound: 0.671233
Preck submodel is infeasible, continue branching
Time limit exceeded (1387.29s), stopping submodel solve loop
General disjunction: Both Children are added
_____________________________________
Now starting branching with general disjunction
Current branching Node number: 812
LP objective value: 131000
Node lower bound: 131000
Node upper bound: 183000
gap to the primal bound: 0.671233
Preck submodel is infeasible, continue branching
General disjunction: No feasible solution found, use SCIP default branching rule
_____________________________________
Now starting branching with general disjunction
Current branching Node number: 815
LP objective value: 153000
Node lower bound: 153000
Node upper bound: 183000
gap to the primal bound: 0.671233
Preck submodel is infeasible, continue branching
General disjunction: No feasible solution found, use SCIP default branching rule
_____________________________________
Now starting branching with general disjunction
Current branching Node number: 489
LP objective value: 159667
Node lower bound: 159667
Node upper bound: 183000
gap to the primal bound: 0.671233
Preck submodel is infeasible, continue branching
General disjunction: No feasible solution found, use SCIP default branching rule
_____________________________________
Now starting branching with general disjunction
Current branching Node number: 819
Relpscost reduced domain, skip general disjunction branching
_____________________________________
Now starting branching with general disjunction
Current branching Node number: 819
Relpscost reduced domain, skip general disjunction branching
_____________________________________
Now starting branching with general disjunction
Current branching Node number: 818
LP objective value: 165600
Node lower bound: 165600
Node upper bound: 183000
gap to the primal bound: 0.671233
Preck submodel is infeasible, continue branching
General disjunction: No feasible solution found, use SCIP default branching rule
_____________________________________
Now starting branching with general disjunction
Current branching Node number: 624
LP objective value: 159667
Node lower bound: 159667
Node upper bound: 183000
gap to the primal bound: 0.671233
Preck submodel is infeasible, continue branching
Time limit exceeded (1175.83s), stopping submodel solve loop
General disjunction: Both Children are added
  835m|   600 |   201 |159275 |  87.4 |    44M |  30 | 449 |6074 | 539 | 195 |  1 |8890 |3532 | 1.095000e+05 | 1.830000e+05 |  67.12%| unknown
_____________________________________
Now starting branching with general disjunction
Current branching Node number: 823
LP objective value: 159667
Node lower bound: 159667
Node upper bound: 183000
gap to the primal bound: 0.671233
Preck submodel is infeasible, continue branching
Time limit exceeded (1068.23s), stopping submodel solve loop
General disjunction: Only Right constraint added:
_____________________________________
Now starting branching with general disjunction
Current branching Node number: 823
LP objective value: 167167
Node lower bound: 167167
Node upper bound: 183000
gap to the primal bound: 0.671233
Preck submodel is infeasible, continue branching
General disjunction: No feasible solution found, use SCIP default branching rule
_____________________________________
Now starting branching with general disjunction
Current branching Node number: 825
Relpscost reduced domain, skip general disjunction branching
_____________________________________
Now starting branching with general disjunction
Current branching Node number: 825
LP objective value: 177200
Node lower bound: 177200
Node upper bound: 183000
gap to the primal bound: 0.671233
Preck submodel is infeasible, continue branching
General disjunction: No feasible solution found, use SCIP default branching rule
_____________________________________
Now starting branching with general disjunction
Current branching Node number: 826
LP objective value: 178875
Node lower bound: 178875
Node upper bound: 183000
gap to the primal bound: 0.671233
Preck submodel is infeasible, continue branching
General disjunction: No feasible solution found, use SCIP default branching rule
_____________________________________
Now starting branching with general disjunction
Current branching Node number: 554
LP objective value: 159667
Node lower bound: 159667
Node upper bound: 183000
gap to the primal bound: 0.671233
Preck submodel is infeasible, continue branching
General disjunction: No feasible solution found, use SCIP default branching rule
_____________________________________
Now starting branching with general disjunction
Current branching Node number: 831
LP objective value: 165200
Node lower bound: 165200
Node upper bound: 183000
gap to the primal bound: 0.671233
Preck submodel is infeasible, continue branching
General disjunction: No feasible solution found, use SCIP default branching rule
_____________________________________
Now starting branching with general disjunction
Current branching Node number: 832
LP objective value: 165200
Node lower bound: 165200
Node upper bound: 183000
gap to the primal bound: 0.671233
Preck submodel is infeasible, continue branching
General disjunction: No feasible solution found, use SCIP default branching rule
_____________________________________
Now starting branching with general disjunction
Current branching Node number: 834
LP objective value: 165200
Node lower bound: 165200
Node upper bound: 183000
gap to the primal bound: 0.671233
Preck submodel is infeasible, continue branching
General disjunction: No feasible solution found, use SCIP default branching rule
_____________________________________
Now starting branching with general disjunction
Current branching Node number: 526
LP objective value: 159667
Node lower bound: 159667
Node upper bound: 183000
gap to the primal bound: 0.671233
Preck submodel is infeasible, continue branching
General disjunction: No feasible solution found, use SCIP default branching rule
_____________________________________
Now starting branching with general disjunction
Current branching Node number: 839
LP objective value: 168600
Node lower bound: 168600
Node upper bound: 183000
gap to the primal bound: 0.671233
Preck submodel is infeasible, continue branching
General disjunction: No feasible solution found, use SCIP default branching rule
_____________________________________
Now starting branching with general disjunction
Current branching Node number: 841
LP objective value: 176000
Node lower bound: 176000
Node upper bound: 183000
gap to the primal bound: 0.671233
Preck submodel is infeasible, continue branching
General disjunction: No feasible solution found, use SCIP default branching rule
_____________________________________
Now starting branching with general disjunction
Current branching Node number: 843
Relpscost reduced domain, skip general disjunction branching
_____________________________________
Now starting branching with general disjunction
Current branching Node number: 843
LP objective value: 182000
Node lower bound: 182000
Node upper bound: 183000
gap to the primal bound: 0.671233
Preck submodel is infeasible, continue branching
General disjunction: No feasible solution found, use SCIP default branching rule
_____________________________________
Now starting branching with general disjunction
Current branching Node number: 636
LP objective value: 167200
Node lower bound: 167200
Node upper bound: 183000
gap to the primal bound: 0.671233
Preck submodel is infeasible, continue branching
General disjunction: No feasible solution found, use SCIP default branching rule
_____________________________________
Now starting branching with general disjunction
Current branching Node number: 846
LP objective value: 175000
Node lower bound: 175000
Node upper bound: 183000
gap to the primal bound: 0.671233
Preck submodel is infeasible, continue branching
General disjunction: No feasible solution found, use SCIP default branching rule
* 853m|   624 |   194 |160599 |  87.0 |    LP  |  30 | 449 |6440 | 539 | 195 |  2 |9269 |3545 | 1.095000e+05 | 1.815000e+05 |  65.75%| unknown
_____________________________________
Now starting branching with general disjunction
Current branching Node number: 629
Relpscost reduced domain, skip general disjunction branching
_____________________________________
Now starting branching with general disjunction
Current branching Node number: 629
LP objective value: 173334
Node lower bound: 173334
Node upper bound: 181500
gap to the primal bound: 0.657534
Preck submodel is infeasible, continue branching
General disjunction: No feasible solution found, use SCIP default branching rule
_____________________________________
Now starting branching with general disjunction
Current branching Node number: 850
LP objective value: 173334
Node lower bound: 173334
Node upper bound: 181500
gap to the primal bound: 0.657534
Preck submodel is infeasible, continue branching
General disjunction: No feasible solution found, use SCIP default branching rule
_____________________________________
Now starting branching with general disjunction
Current branching Node number: 574
LP objective value: 167200
Node lower bound: 167200
Node upper bound: 181500
gap to the primal bound: 0.657534
Preck submodel is infeasible, continue branching
General disjunction: No feasible solution found, use SCIP default branching rule
_____________________________________
Now starting branching with general disjunction
Current branching Node number: 855
LP objective value: 180000
Node lower bound: 180000
Node upper bound: 181500
gap to the primal bound: 0.657534
Preck submodel is infeasible, continue branching
General disjunction: No feasible solution found, use SCIP default branching rule
_____________________________________
Now starting branching with general disjunction
Current branching Node number: 458
LP objective value: 159667
Node lower bound: 159667
Node upper bound: 181500
gap to the primal bound: 0.657534
Preck submodel is infeasible, continue branching
General disjunction: No feasible solution found, use SCIP default branching rule
_____________________________________
Now starting branching with general disjunction
Current branching Node number: 859
LP objective value: 162250
Node lower bound: 162250
Node upper bound: 181500
gap to the primal bound: 0.657534
Preck submodel is infeasible, continue branching
General disjunction: No feasible solution found, use SCIP default branching rule
_____________________________________
Now starting branching with general disjunction
Current branching Node number: 861
LP objective value: 162250
Node lower bound: 162250
Node upper bound: 181500
gap to the primal bound: 0.657534
Preck submodel is infeasible, continue branching
General disjunction: No feasible solution found, use SCIP default branching rule
_____________________________________
Now starting branching with general disjunction
Current branching Node number: 863
LP objective value: 162250
Node lower bound: 162250
Node upper bound: 181500
gap to the primal bound: 0.657534
Preck submodel is infeasible, continue branching
General disjunction: No feasible solution found, use SCIP default branching rule
_____________________________________
Now starting branching with general disjunction
Current branching Node number: 864
LP objective value: 162250
Node lower bound: 162250
Node upper bound: 181500
gap to the primal bound: 0.657534
Preck submodel is infeasible, continue branching
General disjunction: No feasible solution found, use SCIP default branching rule
_____________________________________
Now starting branching with general disjunction
Current branching Node number: 867
LP objective value: 165200
Node lower bound: 165200
Node upper bound: 181500
gap to the primal bound: 0.657534
Preck submodel is infeasible, continue branching
Time limit exceeded (1108.76s), stopping submodel solve loop
General disjunction: Both Children are added
_____________________________________
Now starting branching with general disjunction
Current branching Node number: 868
Relpscost reduced domain, skip general disjunction branching
_____________________________________
Now starting branching with general disjunction
Current branching Node number: 869
LP objective value: 168800
Node lower bound: 168800
Node upper bound: 181500
gap to the primal bound: 0.657534
Preck submodel is infeasible, continue branching
General disjunction: No feasible solution found, use SCIP default branching rule
_____________________________________
Now starting branching with general disjunction
Current branching Node number: 871
Relpscost reduced domain, skip general disjunction branching
_____________________________________
Now starting branching with general disjunction
Current branching Node number: 870
LP objective value: 174000
Node lower bound: 174000
Node upper bound: 181500
gap to the primal bound: 0.657534
Preck submodel is infeasible, continue branching
General disjunction: No feasible solution found, use SCIP default branching rule
_____________________________________
Now starting branching with general disjunction
Current branching Node number: 873
LP objective value: 175000
Node lower bound: 175000
Node upper bound: 181500
gap to the primal bound: 0.657534
Preck submodel is infeasible, continue branching
General disjunction: No feasible solution found, use SCIP default branching rule
_____________________________________
Now starting branching with general disjunction
Current branching Node number: 866
LP objective value: 162250
Node lower bound: 162250
Node upper bound: 181500
gap to the primal bound: 0.657534
Preck submodel is infeasible, continue branching
General disjunction: No feasible solution found, use SCIP default branching rule
_____________________________________
Now starting branching with general disjunction
Current branching Node number: 446
LP objective value: 159667
Node lower bound: 159667
Node upper bound: 181500
gap to the primal bound: 0.657534
Preck submodel is infeasible, continue branching
General disjunction: No feasible solution found, use SCIP default branching rule
_____________________________________
Now starting branching with general disjunction
Current branching Node number: 879
Relpscost reduced domain, skip general disjunction branching
_____________________________________
Now starting branching with general disjunction
Current branching Node number: 879
LP objective value: 170167
Node lower bound: 170167
Node upper bound: 181500
gap to the primal bound: 0.657534
Preck submodel is infeasible, continue branching
General disjunction: No feasible solution found, use SCIP default branching rule
_____________________________________
Now starting branching with general disjunction
Current branching Node number: 880
LP objective value: 171600
Node lower bound: 171600
Node upper bound: 181500
gap to the primal bound: 0.657534
Preck submodel is infeasible, continue branching
General disjunction: No feasible solution found, use SCIP default branching rule
_____________________________________
Now starting branching with general disjunction
Current branching Node number: 883
LP objective value: 171600
Node lower bound: 171600
Node upper bound: 181500
gap to the primal bound: 0.657534
Preck submodel is infeasible, continue branching
General disjunction: No feasible solution found, use SCIP default branching rule
_____________________________________
Now starting branching with general disjunction
Current branching Node number: 884
LP objective value: 179250
Node lower bound: 179250
Node upper bound: 181500
gap to the primal bound: 0.657534
Preck submodel is infeasible, continue branching
General disjunction: No feasible solution found, use SCIP default branching rule
_____________________________________
Now starting branching with general disjunction
Current branching Node number: 533
Relpscost reduced domain, skip general disjunction branching
_____________________________________
Now starting branching with general disjunction
Current branching Node number: 838
LP objective value: 159667
Node lower bound: 159667
Node upper bound: 181500
gap to the primal bound: 0.657534
Preck submodel is infeasible, continue branching
General disjunction: No feasible solution found, use SCIP default branching rule
_____________________________________
Now starting branching with general disjunction
Current branching Node number: 888
Relpscost reduced domain, skip general disjunction branching
_____________________________________
Now starting branching with general disjunction
Current branching Node number: 694
LP objective value: 159667
Node lower bound: 159667
Node upper bound: 181500
gap to the primal bound: 0.657534
Preck submodel is infeasible, continue branching
General disjunction: No feasible solution found, use SCIP default branching rule
_____________________________________
Now starting branching with general disjunction
Current branching Node number: 890
LP objective value: 159667
Node lower bound: 159667
Node upper bound: 181500
gap to the primal bound: 0.657534
Preck submodel is infeasible, continue branching
General disjunction: No feasible solution found, use SCIP default branching rule
_____________________________________
Now starting branching with general disjunction
Current branching Node number: 893
LP objective value: 159667
Node lower bound: 159667
Node upper bound: 181500
gap to the primal bound: 0.657534
Preck submodel is infeasible, continue branching
General disjunction: No feasible solution found, use SCIP default branching rule
_____________________________________
Now starting branching with general disjunction
Current branching Node number: 895
LP objective value: 165200
Node lower bound: 165200
Node upper bound: 181500
gap to the primal bound: 0.657534
Preck submodel is infeasible, continue branching
General disjunction: No feasible solution found, use SCIP default branching rule
_____________________________________
Now starting branching with general disjunction
Current branching Node number: 897
Relpscost reduced domain, skip general disjunction branching
_____________________________________
Now starting branching with general disjunction
Current branching Node number: 897
LP objective value: 165200
Node lower bound: 165200
Node upper bound: 181500
gap to the primal bound: 0.657534
Preck submodel is infeasible, continue branching
General disjunction: No feasible solution found, use SCIP default branching rule
_____________________________________
Now starting branching with general disjunction
Current branching Node number: 899
LP objective value: 165200
Node lower bound: 165200
Node upper bound: 181500
gap to the primal bound: 0.657534
Preck submodel is infeasible, continue branching
General disjunction: No feasible solution found, use SCIP default branching rule
_____________________________________
Now starting branching with general disjunction
Current branching Node number: 898
Relpscost reduced domain, skip general disjunction branching
_____________________________________
Now starting branching with general disjunction
Current branching Node number: 892
LP objective value: 159667
Node lower bound: 159667
Node upper bound: 181500
gap to the primal bound: 0.657534
Preck submodel is infeasible, continue branching
General disjunction: No feasible solution found, use SCIP default branching rule
_____________________________________
Now starting branching with general disjunction
Current branching Node number: 902
LP objective value: 159667
Node lower bound: 159667
Node upper bound: 181500
gap to the primal bound: 0.657534
Preck submodel is infeasible, continue branching
General disjunction: No feasible solution found, use SCIP default branching rule
_____________________________________
Now starting branching with general disjunction
Current branching Node number: 905
LP objective value: 164200
Node lower bound: 164200
Node upper bound: 181500
gap to the primal bound: 0.657534
Preck submodel is infeasible, continue branching
General disjunction: No feasible solution found, use SCIP default branching rule
_____________________________________
Now starting branching with general disjunction
Current branching Node number: 907
LP objective value: 164200
Node lower bound: 164200
Node upper bound: 181500
gap to the primal bound: 0.657534
Preck submodel is infeasible, continue branching
General disjunction: No feasible solution found, use SCIP default branching rule
_____________________________________
Now starting branching with general disjunction
Current branching Node number: 909
LP objective value: 176400
Node lower bound: 176400
Node upper bound: 181500
gap to the primal bound: 0.657534
Preck submodel is infeasible, continue branching
General disjunction: No feasible solution found, use SCIP default branching rule
_____________________________________
Now starting branching with general disjunction
Current branching Node number: 910
LP objective value: 176500
Node lower bound: 176500
Node upper bound: 181500
gap to the primal bound: 0.657534
Preck submodel is infeasible, continue branching
General disjunction: No feasible solution found, use SCIP default branching rule
_____________________________________
Now starting branching with general disjunction
Current branching Node number: 600
LP objective value: 109500
Node lower bound: 109500
Node upper bound: 181500
gap to the primal bound: 0.657534
Preck submodel is infeasible, continue branching
Time limit exceeded (1116.47s), stopping submodel solve loop
General disjunction: No feasible solution found, use SCIP default branching rule
_____________________________________
Now starting branching with general disjunction
Current branching Node number: 915
LP objective value: 109500
Node lower bound: 109500
Node upper bound: 181500
gap to the primal bound: 0.657534
Preck submodel is infeasible, continue branching
(node 692) solution of LP 5949 not optimal (pfeas=0, dfeas=1) -- solving again with tighter feasibility tolerance
(node 692) solution of LP 5949 not optimal (pfeas=0, dfeas=1) -- solving again from scratch
Time limit exceeded (1115.83s), stopping submodel solve loop
General disjunction: Both Children are added
_____________________________________
Now starting branching with general disjunction
Current branching Node number: 916
LP objective value: 126000
Node lower bound: 126000
Node upper bound: 181500
gap to the primal bound: 0.657534
Preck submodel is infeasible, continue branching
General disjunction: No feasible solution found, use SCIP default branching rule
_____________________________________
Now starting branching with general disjunction
Current branching Node number: 919
Relpscost reduced domain, skip general disjunction branching
_____________________________________
Now starting branching with general disjunction
Current branching Node number: 919
LP objective value: 168000
Node lower bound: 168000
Node upper bound: 181500
gap to the primal bound: 0.657534
Preck submodel is infeasible, continue branching
Time limit exceeded (1165.92s), stopping submodel solve loop
General disjunction: No feasible solution found, use SCIP default branching rule
_____________________________________
Now starting branching with general disjunction
Current branching Node number: 917
Relpscost reduced domain, skip general disjunction branching
_____________________________________
Now starting branching with general disjunction
Current branching Node number: 917
LP objective value: 153000
Node lower bound: 153000
Node upper bound: 181500
gap to the primal bound: 0.657534
Preck submodel is infeasible, continue branching
Time limit exceeded (1697.71s), stopping submodel solve loop
General disjunction: No feasible solution found, use SCIP default branching rule
_____________________________________
Now starting branching with general disjunction
Current branching Node number: 923
LP objective value: 153000
Node lower bound: 153000
Node upper bound: 181500
gap to the primal bound: 0.657534
Preck submodel is infeasible, continue branching
Time limit exceeded (1031.02s), stopping submodel solve loop
General disjunction: No feasible solution found, use SCIP default branching rule
_____________________________________
Now starting branching with general disjunction
Current branching Node number: 925
LP objective value: 175000
Node lower bound: 175000
Node upper bound: 181500
gap to the primal bound: 0.657534
Preck submodel is infeasible, continue branching
General disjunction: No feasible solution found, use SCIP default branching rule
_____________________________________
Now starting branching with general disjunction
Current branching Node number: 927
LP objective value: 175000
Node lower bound: 175000
Node upper bound: 181500
gap to the primal bound: 0.657534
Preck submodel is infeasible, continue branching
General disjunction: No feasible solution found, use SCIP default branching rule
_____________________________________
Now starting branching with general disjunction
Current branching Node number: 666
LP objective value: 160250
Node lower bound: 160250
Node upper bound: 181500
gap to the primal bound: 0.657534
Preck submodel is infeasible, continue branching
General disjunction: No feasible solution found, use SCIP default branching rule
_____________________________________
Now starting branching with general disjunction
Current branching Node number: 931
Relpscost reduced domain, skip general disjunction branching
_____________________________________
Now starting branching with general disjunction
Current branching Node number: 931
Relpscost reduced domain, skip general disjunction branching
  975m|   700 |   200 |164090 |  85.3 |    44M |  31 | 449 |6424 | 540 | 207 |  4 |9449 |3585 | 1.095000e+05 | 1.815000e+05 |  65.75%| unknown
_____________________________________
Now starting branching with general disjunction
Current branching Node number: 930
Relpscost reduced domain, skip general disjunction branching
_____________________________________
Now starting branching with general disjunction
Current branching Node number: 930
LP objective value: 162250
Node lower bound: 162250
Node upper bound: 181500
gap to the primal bound: 0.657534
Preck submodel is infeasible, continue branching
General disjunction: No feasible solution found, use SCIP default branching rule
_____________________________________
Now starting branching with general disjunction
Current branching Node number: 933
Relpscost reduced domain, skip general disjunction branching
_____________________________________
Now starting branching with general disjunction
Current branching Node number: 933
LP objective value: 162250
Node lower bound: 162250
Node upper bound: 181500
gap to the primal bound: 0.657534
Preck submodel is infeasible, continue branching
General disjunction: Only Right constraint added:
_____________________________________
Now starting branching with general disjunction
Current branching Node number: 933
Relpscost reduced domain, skip general disjunction branching
_____________________________________
Now starting branching with general disjunction
Current branching Node number: 932
LP objective value: 181000
Node lower bound: 181000
Node upper bound: 181500
gap to the primal bound: 0.657534
Preck submodel is infeasible, continue branching
General disjunction: No feasible solution found, use SCIP default branching rule
_____________________________________
Now starting branching with general disjunction
Current branching Node number: 935
Relpscost reduced domain, skip general disjunction branching
_____________________________________
Now starting branching with general disjunction
Current branching Node number: 700
LP objective value: 162250
Node lower bound: 162250
Node upper bound: 181500
gap to the primal bound: 0.657534
Preck submodel is infeasible, continue branching
General disjunction: No feasible solution found, use SCIP default branching rule
_____________________________________
Now starting branching with general disjunction
Current branching Node number: 936
LP objective value: 162250
Node lower bound: 162250
Node upper bound: 181500
gap to the primal bound: 0.657534
Preck submodel is infeasible, continue branching
General disjunction: No feasible solution found, use SCIP default branching rule
_____________________________________
Now starting branching with general disjunction
Current branching Node number: 939
LP objective value: 172800
Node lower bound: 172800
Node upper bound: 181500
gap to the primal bound: 0.657534
Preck submodel is infeasible, continue branching
General disjunction: No feasible solution found, use SCIP default branching rule
_____________________________________
Now starting branching with general disjunction
Current branching Node number: 938
LP objective value: 177000
Node lower bound: 177000
Node upper bound: 181500
gap to the primal bound: 0.657534
Preck submodel is infeasible, continue branching
General disjunction: No feasible solution found, use SCIP default branching rule
_____________________________________
Now starting branching with general disjunction
Current branching Node number: 942
Relpscost reduced domain, skip general disjunction branching
_____________________________________
Now starting branching with general disjunction
Current branching Node number: 896
LP objective value: 165200
Node lower bound: 165200
Node upper bound: 181500
gap to the primal bound: 0.657534
Preck submodel is infeasible, continue branching
General disjunction: No feasible solution found, use SCIP default branching rule
_____________________________________
Now starting branching with general disjunction
Current branching Node number: 944
LP objective value: 176200
Node lower bound: 176200
Node upper bound: 181500
gap to the primal bound: 0.657534
Preck submodel is infeasible, continue branching
General disjunction: Only Left constraint added:
_____________________________________
Now starting branching with general disjunction
Current branching Node number: 668
Relpscost reduced domain, skip general disjunction branching
_____________________________________
Now starting branching with general disjunction
Current branching Node number: 602
LP objective value: 109500
Node lower bound: 109500
Node upper bound: 181500
gap to the primal bound: 0.657534
Preck submodel is infeasible, continue branching
Error in probing right side: 0
Error in probing right side: 0
Time limit exceeded (1277.28s), stopping submodel solve loop
General disjunction: Both Children are added
_____________________________________
Now starting branching with general disjunction
Current branching Node number: 946
LP objective value: 153000
Node lower bound: 153000
Node upper bound: 181500
gap to the primal bound: 0.657534
Preck submodel is infeasible, continue branching
General disjunction: No feasible solution found, use SCIP default branching rule
_____________________________________
Now starting branching with general disjunction
Current branching Node number: 948
Relpscost reduced domain, skip general disjunction branching
_____________________________________
Now starting branching with general disjunction
Current branching Node number: 948
LP objective value: 174801
Node lower bound: 174801
Node upper bound: 181500
gap to the primal bound: 0.657534
Preck submodel is infeasible, continue branching
General disjunction: No feasible solution found, use SCIP default branching rule
_____________________________________
Now starting branching with general disjunction
Current branching Node number: 951
LP objective value: 174801
Node lower bound: 174801
Node upper bound: 181500
gap to the primal bound: 0.657534
Preck submodel is infeasible, continue branching
General disjunction: No feasible solution found, use SCIP default branching rule
_____________________________________
Now starting branching with general disjunction
Current branching Node number: 862
LP objective value: 162250
Node lower bound: 162250
Node upper bound: 181500
gap to the primal bound: 0.657534
Preck submodel is infeasible, continue branching
General disjunction: No feasible solution found, use SCIP default branching rule
_____________________________________
Now starting branching with general disjunction
Current branching Node number: 955
LP objective value: 175600
Node lower bound: 175600
Node upper bound: 181500
gap to the primal bound: 0.657534
Preck submodel is infeasible, continue branching
General disjunction: No feasible solution found, use SCIP default branching rule
_____________________________________
Now starting branching with general disjunction
Current branching Node number: 956
Relpscost reduced domain, skip general disjunction branching
_____________________________________
Now starting branching with general disjunction
Current branching Node number: 330
LP objective value: 177143
Node lower bound: 177143
Node upper bound: 181500
gap to the primal bound: 0.657534
Preck submodel is infeasible, continue branching
General disjunction: No feasible solution found, use SCIP default branching rule
_____________________________________
Now starting branching with general disjunction
Current branching Node number: 959
LP objective value: 180400
Node lower bound: 180400
Node upper bound: 181500
gap to the primal bound: 0.657534
Preck submodel is infeasible, continue branching
General disjunction: No feasible solution found, use SCIP default branching rule
*1006m|   733 |   194 |166571 |  85.1 |    LP  |  31 | 449 |6442 | 543 | 207 |  1 |9526 |3619 | 1.095000e+05 | 1.804000e+05 |  64.75%| unknown
_____________________________________
Now starting branching with general disjunction
Current branching Node number: 494
LP objective value: 159667
Node lower bound: 159667
Node upper bound: 180400
gap to the primal bound: 0.647489
Preck submodel is infeasible, continue branching
General disjunction: No feasible solution found, use SCIP default branching rule
_____________________________________
Now starting branching with general disjunction
Current branching Node number: 963
Relpscost reduced domain, skip general disjunction branching
_____________________________________
Now starting branching with general disjunction
Current branching Node number: 963
LP objective value: 162250
Node lower bound: 162250
Node upper bound: 180400
gap to the primal bound: 0.647489
Preck submodel is infeasible, continue branching
Error in probing right side: 0
Error in probing right side: 0
Time limit exceeded (1054.53s), stopping submodel solve loop
General disjunction: Both Children are added
_____________________________________
Now starting branching with general disjunction
Current branching Node number: 964
LP objective value: 165200
Node lower bound: 165200
Node upper bound: 180400
gap to the primal bound: 0.647489
Preck submodel is infeasible, continue branching
General disjunction: No feasible solution found, use SCIP default branching rule
_____________________________________
Now starting branching with general disjunction
Current branching Node number: 967
LP objective value: 172400
Node lower bound: 172400
Node upper bound: 180400
gap to the primal bound: 0.647489
Preck submodel is infeasible, continue branching
General disjunction: No feasible solution found, use SCIP default branching rule
_____________________________________
Now starting branching with general disjunction
Current branching Node number: 426
LP objective value: 159667
Node lower bound: 159667
Node upper bound: 180400
gap to the primal bound: 0.647489
Preck submodel is infeasible, continue branching
General disjunction: No feasible solution found, use SCIP default branching rule
_____________________________________
Now starting branching with general disjunction
Current branching Node number: 971
LP objective value: 160250
Node lower bound: 160250
Node upper bound: 180400
gap to the primal bound: 0.647489
Preck submodel is infeasible, continue branching
General disjunction: No feasible solution found, use SCIP default branching rule
_____________________________________
Now starting branching with general disjunction
Current branching Node number: 973
Relpscost reduced domain, skip general disjunction branching
_____________________________________
Now starting branching with general disjunction
Current branching Node number: 973
LP objective value: 162715
Node lower bound: 162715
Node upper bound: 180400
gap to the primal bound: 0.647489
Preck submodel is infeasible, continue branching
General disjunction: No feasible solution found, use SCIP default branching rule
_____________________________________
Now starting branching with general disjunction
Current branching Node number: 824
Relpscost reduced domain, skip general disjunction branching
_____________________________________
Now starting branching with general disjunction
Current branching Node number: 495
LP objective value: 159667
Node lower bound: 159667
Node upper bound: 180400
gap to the primal bound: 0.647489
Preck submodel is infeasible, continue branching
General disjunction: No feasible solution found, use SCIP default branching rule
_____________________________________
Now starting branching with general disjunction
Current branching Node number: 977
LP objective value: 162250
Node lower bound: 162250
Node upper bound: 180400
gap to the primal bound: 0.647489
Preck submodel is infeasible, continue branching
General disjunction: No feasible solution found, use SCIP default branching rule
_____________________________________
Now starting branching with general disjunction
Current branching Node number: 979
LP objective value: 162250
Node lower bound: 162250
Node upper bound: 180400
gap to the primal bound: 0.647489
Preck submodel is infeasible, continue branching
General disjunction: No feasible solution found, use SCIP default branching rule
_____________________________________
Now starting branching with general disjunction
Current branching Node number: 980
LP objective value: 162250
Node lower bound: 162250
Node upper bound: 180400
gap to the primal bound: 0.647489
Preck submodel is infeasible, continue branching
General disjunction: No feasible solution found, use SCIP default branching rule
_____________________________________
Now starting branching with general disjunction
Current branching Node number: 983
LP objective value: 162250
Node lower bound: 162250
Node upper bound: 180400
gap to the primal bound: 0.647489
Preck submodel is infeasible, continue branching
General disjunction: No feasible solution found, use SCIP default branching rule
_____________________________________
Now starting branching with general disjunction
Current branching Node number: 984
LP objective value: 162250
Node lower bound: 162250
Node upper bound: 180400
gap to the primal bound: 0.647489
Preck submodel is infeasible, continue branching
General disjunction: No feasible solution found, use SCIP default branching rule
_____________________________________
Now starting branching with general disjunction
Current branching Node number: 987
Relpscost reduced domain, skip general disjunction branching
_____________________________________
Now starting branching with general disjunction
Current branching Node number: 986
Relpscost reduced domain, skip general disjunction branching
_____________________________________
Now starting branching with general disjunction
Current branching Node number: 982
LP objective value: 171800
Node lower bound: 171800
Node upper bound: 180400
gap to the primal bound: 0.647489
Preck submodel is infeasible, continue branching
General disjunction: No feasible solution found, use SCIP default branching rule
_____________________________________
Now starting branching with general disjunction
Current branching Node number: 978
Relpscost reduced domain, skip general disjunction branching
_____________________________________
Now starting branching with general disjunction
Current branching Node number: 978
LP objective value: 162250
Node lower bound: 162250
Node upper bound: 180400
gap to the primal bound: 0.647489
Preck submodel is infeasible, continue branching
General disjunction: No feasible solution found, use SCIP default branching rule
_____________________________________
Now starting branching with general disjunction
Current branching Node number: 991
Relpscost reduced domain, skip general disjunction branching
_____________________________________
Now starting branching with general disjunction
Current branching Node number: 991
Relpscost reduced domain, skip general disjunction branching
_____________________________________
Now starting branching with general disjunction
Current branching Node number: 990
LP objective value: 162250
Node lower bound: 162250
Node upper bound: 180400
gap to the primal bound: 0.647489
Preck submodel is infeasible, continue branching
General disjunction: No feasible solution found, use SCIP default branching rule
_____________________________________
Now starting branching with general disjunction
Current branching Node number: 993
LP objective value: 162250
Node lower bound: 162250
Node upper bound: 180400
gap to the primal bound: 0.647489
Preck submodel is infeasible, continue branching
General disjunction: No feasible solution found, use SCIP default branching rule
_____________________________________
Now starting branching with general disjunction
Current branching Node number: 994
LP objective value: 162250
Node lower bound: 162250
Node upper bound: 180400
gap to the primal bound: 0.647489
Preck submodel is infeasible, continue branching
General disjunction: No feasible solution found, use SCIP default branching rule
_____________________________________
Now starting branching with general disjunction
Current branching Node number: 996
Relpscost reduced domain, skip general disjunction branching
_____________________________________
Now starting branching with general disjunction
Current branching Node number: 996
LP objective value: 162250
Node lower bound: 162250
Node upper bound: 180400
gap to the primal bound: 0.647489
Preck submodel is infeasible, continue branching
General disjunction: No feasible solution found, use SCIP default branching rule
_____________________________________
Now starting branching with general disjunction
Current branching Node number: 999
LP objective value: 170000
Node lower bound: 170000
Node upper bound: 180400
gap to the primal bound: 0.647489
Preck submodel is infeasible, continue branching
General disjunction: No feasible solution found, use SCIP default branching rule
_____________________________________
Now starting branching with general disjunction
Current branching Node number: 605
LP objective value: 109500
Node lower bound: 109500
Node upper bound: 180400
gap to the primal bound: 0.647489
Preck submodel is infeasible, continue branching
General disjunction: No feasible solution found, use SCIP default branching rule
_____________________________________
Now starting branching with general disjunction
Current branching Node number: 1003
LP objective value: 130800
Node lower bound: 130800
Node upper bound: 180400
gap to the primal bound: 0.647489
Preck submodel is infeasible, continue branching
General disjunction: No feasible solution found, use SCIP default branching rule
_____________________________________
Now starting branching with general disjunction
Current branching Node number: 1005
LP objective value: 168000
Node lower bound: 168000
Node upper bound: 180400
gap to the primal bound: 0.647489
Preck submodel is infeasible, continue branching
General disjunction: No feasible solution found, use SCIP default branching rule
_____________________________________
Now starting branching with general disjunction
Current branching Node number: 1007
LP objective value: 169250
Node lower bound: 169250
Node upper bound: 180400
gap to the primal bound: 0.647489
Preck submodel is infeasible, continue branching
General disjunction: No feasible solution found, use SCIP default branching rule
_____________________________________
Now starting branching with general disjunction
Current branching Node number: 998
Relpscost reduced domain, skip general disjunction branching
_____________________________________
Now starting branching with general disjunction
Current branching Node number: 148
LP objective value: 153000
Node lower bound: 153000
Node upper bound: 180400
gap to the primal bound: 0.647489
Preck submodel is infeasible, continue branching
Time limit exceeded (1017.45s), stopping submodel solve loop
General disjunction: Both Children are added
_____________________________________
Now starting branching with general disjunction
Current branching Node number: 1010
LP objective value: 159667
Node lower bound: 159667
Node upper bound: 180400
gap to the primal bound: 0.647489
Preck submodel is infeasible, continue branching
Error in probing right side: 0
Time limit exceeded (1011.86s), stopping submodel solve loop
General disjunction: No feasible solution found, use SCIP default branching rule
_____________________________________
Now starting branching with general disjunction
Current branching Node number: 1013
LP objective value: 159667
Node lower bound: 159667
Node upper bound: 180400
gap to the primal bound: 0.647489
Preck submodel is infeasible, continue branching
General disjunction: No feasible solution found, use SCIP default branching rule
_____________________________________
Now starting branching with general disjunction
Current branching Node number: 1014
LP objective value: 159667
Node lower bound: 159667
Node upper bound: 180400
gap to the primal bound: 0.647489
Preck submodel is infeasible, continue branching
General disjunction: No feasible solution found, use SCIP default branching rule
_____________________________________
Now starting branching with general disjunction
Current branching Node number: 400
LP objective value: 109500
Node lower bound: 109500
Node upper bound: 180400
gap to the primal bound: 0.647489
Preck submodel is infeasible, continue branching
General disjunction: No feasible solution found, use SCIP default branching rule
_____________________________________
Now starting branching with general disjunction
Current branching Node number: 1019
LP objective value: 130800
Node lower bound: 130800
Node upper bound: 180400
gap to the primal bound: 0.647489
Preck submodel is infeasible, continue branching
General disjunction: No feasible solution found, use SCIP default branching rule
_____________________________________
Now starting branching with general disjunction
Current branching Node number: 1021
Relpscost reduced domain, skip general disjunction branching
_____________________________________
Now starting branching with general disjunction
Current branching Node number: 1021
Relpscost reduced domain, skip general disjunction branching
_____________________________________
Now starting branching with general disjunction
Current branching Node number: 1021
LP objective value: 168000
Node lower bound: 168000
Node upper bound: 180400
gap to the primal bound: 0.647489
Preck submodel is infeasible, continue branching
General disjunction: No feasible solution found, use SCIP default branching rule
_____________________________________
Now starting branching with general disjunction
Current branching Node number: 1023
LP objective value: 168000
Node lower bound: 168000
Node upper bound: 180400
gap to the primal bound: 0.647489
Preck submodel is infeasible, continue branching
General disjunction: No feasible solution found, use SCIP default branching rule
_____________________________________
Now starting branching with general disjunction
Current branching Node number: 906
Relpscost reduced domain, skip general disjunction branching
_____________________________________
Now starting branching with general disjunction
Current branching Node number: 906
LP objective value: 167834
Node lower bound: 167834
Node upper bound: 180400
gap to the primal bound: 0.647489
Preck submodel is infeasible, continue branching
General disjunction: No feasible solution found, use SCIP default branching rule
_____________________________________
Now starting branching with general disjunction
Current branching Node number: 256
LP objective value: 175000
Node lower bound: 175000
Node upper bound: 180400
gap to the primal bound: 0.647489
Preck submodel is infeasible, continue branching
General disjunction: No feasible solution found, use SCIP default branching rule
_____________________________________
Now starting branching with general disjunction
Current branching Node number: 1029
LP objective value: 175000
Node lower bound: 175000
Node upper bound: 180400
gap to the primal bound: 0.647489
Preck submodel is infeasible, continue branching
General disjunction: No feasible solution found, use SCIP default branching rule
_____________________________________
Now starting branching with general disjunction
Current branching Node number: 1030
Relpscost reduced domain, skip general disjunction branching
_____________________________________
Now starting branching with general disjunction
Current branching Node number: 102
LP objective value: 160000
Node lower bound: 160000
Node upper bound: 180400
gap to the primal bound: 0.647489
Preck submodel is infeasible, continue branching
General disjunction: No feasible solution found, use SCIP default branching rule
_____________________________________
Now starting branching with general disjunction
Current branching Node number: 1033
Relpscost reduced domain, skip general disjunction branching
_____________________________________
Now starting branching with general disjunction
Current branching Node number: 1033
LP objective value: 160000
Node lower bound: 160000
Node upper bound: 180400
gap to the primal bound: 0.647489
Preck submodel is infeasible, continue branching
General disjunction: No feasible solution found, use SCIP default branching rule
_____________________________________
Now starting branching with general disjunction
Current branching Node number: 1035
LP objective value: 160000
Node lower bound: 160000
Node upper bound: 180400
gap to the primal bound: 0.647489
Preck submodel is infeasible, continue branching
General disjunction: Both Children are added
_____________________________________
Now starting branching with general disjunction
Current branching Node number: 1036
LP objective value: 178000
Node lower bound: 178000
Node upper bound: 180400
gap to the primal bound: 0.647489
Preck submodel is infeasible, continue branching
General disjunction: No feasible solution found, use SCIP default branching rule
_____________________________________
Now starting branching with general disjunction
Current branching Node number: 1038
Relpscost reduced domain, skip general disjunction branching
_____________________________________
Now starting branching with general disjunction
Current branching Node number: 1038
LP objective value: 179500
Node lower bound: 179500
Node upper bound: 180400
gap to the primal bound: 0.647489
Preck submodel is infeasible, continue branching
General disjunction: No feasible solution found, use SCIP default branching rule
 1063m|   800 |   206 |168960 |  83.5 |    44M |  31 | 449 |6436 | 540 | 214 |  0 |9750 |3686 | 1.095000e+05 | 1.804000e+05 |  64.75%| unknown
_____________________________________
Now starting branching with general disjunction
Current branching Node number: 1037
LP objective value: 164800
Node lower bound: 164800
Node upper bound: 180400
gap to the primal bound: 0.647489
Preck submodel is infeasible, continue branching
General disjunction: No feasible solution found, use SCIP default branching rule
_____________________________________
Now starting branching with general disjunction
Current branching Node number: 1042
Relpscost reduced domain, skip general disjunction branching
_____________________________________
Now starting branching with general disjunction
Current branching Node number: 1042
LP objective value: 170334
Node lower bound: 170334
Node upper bound: 180400
gap to the primal bound: 0.647489
Preck submodel is infeasible, continue branching
General disjunction: No feasible solution found, use SCIP default branching rule
_____________________________________
Now starting branching with general disjunction
Current branching Node number: 1045
LP objective value: 170334
Node lower bound: 170334
Node upper bound: 180400
gap to the primal bound: 0.647489
Preck submodel is infeasible, continue branching
General disjunction: No feasible solution found, use SCIP default branching rule
_____________________________________
Now starting branching with general disjunction
Current branching Node number: 1034
LP objective value: 160000
Node lower bound: 160000
Node upper bound: 180400
gap to the primal bound: 0.647489
Preck submodel is infeasible, continue branching
General disjunction: No feasible solution found, use SCIP default branching rule
_____________________________________
Now starting branching with general disjunction
Current branching Node number: 1049
LP objective value: 160000
Node lower bound: 160000
Node upper bound: 180400
gap to the primal bound: 0.647489
Preck submodel is infeasible, continue branching
General disjunction: No feasible solution found, use SCIP default branching rule
_____________________________________
Now starting branching with general disjunction
Current branching Node number: 1051
LP objective value: 160000
Node lower bound: 160000
Node upper bound: 180400
gap to the primal bound: 0.647489
Preck submodel is infeasible, continue branching
General disjunction: No feasible solution found, use SCIP default branching rule
_____________________________________
Now starting branching with general disjunction
Current branching Node number: 1053
LP objective value: 160000
Node lower bound: 160000
Node upper bound: 180400
gap to the primal bound: 0.647489
Preck submodel is infeasible, continue branching
General disjunction: No feasible solution found, use SCIP default branching rule
_____________________________________
Now starting branching with general disjunction
Current branching Node number: 1055
LP objective value: 177000
Node lower bound: 177000
Node upper bound: 180400
gap to the primal bound: 0.647489
Preck submodel is infeasible, continue branching
General disjunction: No feasible solution found, use SCIP default branching rule
_____________________________________
Now starting branching with general disjunction
Current branching Node number: 1052
LP objective value: 160700
Node lower bound: 160700
Node upper bound: 180400
gap to the primal bound: 0.647489
Preck submodel is infeasible, continue branching
General disjunction: No feasible solution found, use SCIP default branching rule
_____________________________________
Now starting branching with general disjunction
Current branching Node number: 1059
LP objective value: 163400
Node lower bound: 163400
Node upper bound: 180400
gap to the primal bound: 0.647489
Preck submodel is infeasible, continue branching
General disjunction: No feasible solution found, use SCIP default branching rule
_____________________________________
Now starting branching with general disjunction
Current branching Node number: 1060
Relpscost reduced domain, skip general disjunction branching
_____________________________________
Now starting branching with general disjunction
Current branching Node number: 1060
LP objective value: 163889
Node lower bound: 163889
Node upper bound: 180400
gap to the primal bound: 0.647489
Preck submodel is infeasible, continue branching
General disjunction: No feasible solution found, use SCIP default branching rule
_____________________________________
Now starting branching with general disjunction
Current branching Node number: 1062
Relpscost reduced domain, skip general disjunction branching
_____________________________________
Now starting branching with general disjunction
Current branching Node number: 615
LP objective value: 109500
Node lower bound: 109500
Node upper bound: 180400
gap to the primal bound: 0.647489
Preck submodel is infeasible, continue branching
General disjunction: No feasible solution found, use SCIP default branching rule
_____________________________________
Now starting branching with general disjunction
Current branching Node number: 1065
LP objective value: 109500
Node lower bound: 109500
Node upper bound: 180400
gap to the primal bound: 0.647489
Preck submodel is infeasible, continue branching
Time limit exceeded (1007.4s), stopping submodel solve loop
General disjunction: No feasible solution found, use SCIP default branching rule
_____________________________________
Now starting branching with general disjunction
Current branching Node number: 1067
LP objective value: 117000
Node lower bound: 117000
Node upper bound: 180400
gap to the primal bound: 0.647489
Preck submodel is infeasible, continue branching
General disjunction: No feasible solution found, use SCIP default branching rule
_____________________________________
Now starting branching with general disjunction
Current branching Node number: 1069
LP objective value: 117000
Node lower bound: 117000
Node upper bound: 180400
gap to the primal bound: 0.647489
Preck submodel is infeasible, continue branching
General disjunction: No feasible solution found, use SCIP default branching rule
(node 824) solution of LP 6199 not optimal (pfeas=1, dfeas=0) -- solving again with tighter feasibility tolerance
(node 824) solution of LP 6199 not optimal (pfeas=1, dfeas=0) -- solving again from scratch
_____________________________________
Now starting branching with general disjunction
Current branching Node number: 1054
Relpscost reduced domain, skip general disjunction branching
_____________________________________
Now starting branching with general disjunction
Current branching Node number: 1046
Relpscost reduced domain, skip general disjunction branching
_____________________________________
Now starting branching with general disjunction
Current branching Node number: 1032
LP objective value: 160000
Node lower bound: 160000
Node upper bound: 180400
gap to the primal bound: 0.647489
Preck submodel is infeasible, continue branching
General disjunction: No feasible solution found, use SCIP default branching rule
_____________________________________
Now starting branching with general disjunction
Current branching Node number: 1073
LP objective value: 160000
Node lower bound: 160000
Node upper bound: 180400
gap to the primal bound: 0.647489
Preck submodel is infeasible, continue branching
General disjunction: No feasible solution found, use SCIP default branching rule
_____________________________________
Now starting branching with general disjunction
Current branching Node number: 1075
LP objective value: 160000
Node lower bound: 160000
Node upper bound: 180400
gap to the primal bound: 0.647489
Preck submodel is infeasible, continue branching
General disjunction: No feasible solution found, use SCIP default branching rule
_____________________________________
Now starting branching with general disjunction
Current branching Node number: 1077
LP objective value: 176000
Node lower bound: 176000
Node upper bound: 180400
gap to the primal bound: 0.647489
Preck submodel is infeasible, continue branching
General disjunction: No feasible solution found, use SCIP default branching rule
_____________________________________
Now starting branching with general disjunction
Current branching Node number: 1079
LP objective value: 176000
Node lower bound: 176000
Node upper bound: 180400
gap to the primal bound: 0.647489
Preck submodel is infeasible, continue branching
General disjunction: No feasible solution found, use SCIP default branching rule
_____________________________________
Now starting branching with general disjunction
Current branching Node number: 1080
LP objective value: 176000
Node lower bound: 176000
Node upper bound: 180400
gap to the primal bound: 0.647489
Preck submodel is infeasible, continue branching
General disjunction: No feasible solution found, use SCIP default branching rule
_____________________________________
Now starting branching with general disjunction
Current branching Node number: 1076
Relpscost reduced domain, skip general disjunction branching
_____________________________________
Now starting branching with general disjunction
Current branching Node number: 1076
LP objective value: 160000
Node lower bound: 160000
Node upper bound: 180400
gap to the primal bound: 0.647489
Preck submodel is infeasible, continue branching
General disjunction: No feasible solution found, use SCIP default branching rule
_____________________________________
Now starting branching with general disjunction
Current branching Node number: 1085
LP objective value: 169750
Node lower bound: 169750
Node upper bound: 180400
gap to the primal bound: 0.647489
Preck submodel is infeasible, continue branching
General disjunction: No feasible solution found, use SCIP default branching rule
_____________________________________
Now starting branching with general disjunction
Current branching Node number: 1086
LP objective value: 175000
Node lower bound: 175000
Node upper bound: 180400
gap to the primal bound: 0.647489
Preck submodel is infeasible, continue branching
General disjunction: No feasible solution found, use SCIP default branching rule
_____________________________________
Now starting branching with general disjunction
Current branching Node number: 1089
LP objective value: 177857
Node lower bound: 177857
Node upper bound: 180400
gap to the primal bound: 0.647489
Preck submodel is infeasible, continue branching
General disjunction: No feasible solution found, use SCIP default branching rule
_____________________________________
Now starting branching with general disjunction
Current branching Node number: 1084
LP objective value: 160000
Node lower bound: 160000
Node upper bound: 180400
gap to the primal bound: 0.647489
Preck submodel is infeasible, continue branching
General disjunction: No feasible solution found, use SCIP default branching rule
_____________________________________
Now starting branching with general disjunction
Current branching Node number: 1092
Relpscost reduced domain, skip general disjunction branching
_____________________________________
Now starting branching with general disjunction
Current branching Node number: 1092
LP objective value: 163400
Node lower bound: 163400
Node upper bound: 180400
gap to the primal bound: 0.647489
Preck submodel is infeasible, continue branching
General disjunction: No feasible solution found, use SCIP default branching rule
_____________________________________
Now starting branching with general disjunction
Current branching Node number: 1094
LP objective value: 171200
Node lower bound: 171200
Node upper bound: 180400
gap to the primal bound: 0.647489
Preck submodel is infeasible, continue branching
General disjunction: No feasible solution found, use SCIP default branching rule
_____________________________________
Now starting branching with general disjunction
Current branching Node number: 630
LP objective value: 109500
Node lower bound: 109500
Node upper bound: 180400
gap to the primal bound: 0.647489
Preck submodel is infeasible, continue branching
General disjunction: No feasible solution found, use SCIP default branching rule
_____________________________________
Now starting branching with general disjunction
Current branching Node number: 1099
LP objective value: 112500
Node lower bound: 112500
Node upper bound: 180400
gap to the primal bound: 0.647489
Preck submodel is infeasible, continue branching
General disjunction: No feasible solution found, use SCIP default branching rule
_____________________________________
Now starting branching with general disjunction
Current branching Node number: 1101
LP objective value: 153000
Node lower bound: 153000
Node upper bound: 180400
gap to the primal bound: 0.647489
Preck submodel is infeasible, continue branching
General disjunction: No feasible solution found, use SCIP default branching rule
_____________________________________
Now starting branching with general disjunction
Current branching Node number: 1103
LP objective value: 168000
Node lower bound: 168000
Node upper bound: 180400
gap to the primal bound: 0.647489
Preck submodel is infeasible, continue branching
General disjunction: No feasible solution found, use SCIP default branching rule
_____________________________________
Now starting branching with general disjunction
Current branching Node number: 1072
LP objective value: 160000
Node lower bound: 160000
Node upper bound: 180400
gap to the primal bound: 0.647489
Preck submodel is infeasible, continue branching
General disjunction: No feasible solution found, use SCIP default branching rule
_____________________________________
Now starting branching with general disjunction
Current branching Node number: 1107
Relpscost reduced domain, skip general disjunction branching
_____________________________________
Now starting branching with general disjunction
Current branching Node number: 1107
Relpscost reduced domain, skip general disjunction branching
_____________________________________
Now starting branching with general disjunction
Current branching Node number: 1107
LP objective value: 179000
Node lower bound: 179000
Node upper bound: 180400
gap to the primal bound: 0.647489
Preck submodel is infeasible, continue branching
General disjunction: No feasible solution found, use SCIP default branching rule
_____________________________________
Now starting branching with general disjunction
Current branching Node number: 1109
LP objective value: 179000
Node lower bound: 179000
Node upper bound: 180400
gap to the primal bound: 0.647489
Preck submodel is infeasible, continue branching
General disjunction: No feasible solution found, use SCIP default branching rule
_____________________________________
Now starting branching with general disjunction
Current branching Node number: 1111
LP objective value: 179000
Node lower bound: 179000
Node upper bound: 180400
gap to the primal bound: 0.647489
Preck submodel is infeasible, continue branching
General disjunction: No feasible solution found, use SCIP default branching rule
_____________________________________
Now starting branching with general disjunction
Current branching Node number: 1106
LP objective value: 160000
Node lower bound: 160000
Node upper bound: 180400
gap to the primal bound: 0.647489
Preck submodel is infeasible, continue branching
General disjunction: No feasible solution found, use SCIP default branching rule
_____________________________________
Now starting branching with general disjunction
Current branching Node number: 1114
LP objective value: 162000
Node lower bound: 162000
Node upper bound: 180400
gap to the primal bound: 0.647489
Preck submodel is infeasible, continue branching
General disjunction: No feasible solution found, use SCIP default branching rule
_____________________________________
Now starting branching with general disjunction
Current branching Node number: 1117
LP objective value: 162000
Node lower bound: 162000
Node upper bound: 180400
gap to the primal bound: 0.647489
Preck submodel is infeasible, continue branching
General disjunction: No feasible solution found, use SCIP default branching rule
_____________________________________
Now starting branching with general disjunction
Current branching Node number: 1119
LP objective value: 162000
Node lower bound: 162000
Node upper bound: 180400
gap to the primal bound: 0.647489
Preck submodel is infeasible, continue branching
General disjunction: No feasible solution found, use SCIP default branching rule
_____________________________________
Now starting branching with general disjunction
Current branching Node number: 1121
LP objective value: 169875
Node lower bound: 169875
Node upper bound: 180400
gap to the primal bound: 0.647489
Preck submodel is infeasible, continue branching
General disjunction: No feasible solution found, use SCIP default branching rule
_____________________________________
Now starting branching with general disjunction
Current branching Node number: 1123
Relpscost reduced domain, skip general disjunction branching
_____________________________________
Now starting branching with general disjunction
Current branching Node number: 1123
LP objective value: 175286
Node lower bound: 175286
Node upper bound: 180400
gap to the primal bound: 0.647489
Preck submodel is infeasible, continue branching
General disjunction: No feasible solution found, use SCIP default branching rule
_____________________________________
Now starting branching with general disjunction
Current branching Node number: 1125
Relpscost reduced domain, skip general disjunction branching
_____________________________________
Now starting branching with general disjunction
Current branching Node number: 1125
LP objective value: 175286
Node lower bound: 175286
Node upper bound: 180400
gap to the primal bound: 0.647489
Preck submodel is infeasible, continue branching
General disjunction: Infeasible disjunction
_____________________________________
Now starting branching with general disjunction
Current branching Node number: 1124
LP objective value: 175286
Node lower bound: 175286
Node upper bound: 180400
gap to the primal bound: 0.647489
Preck submodel is infeasible, continue branching
General disjunction: Infeasible disjunction
_____________________________________
Now starting branching with general disjunction
Current branching Node number: 1120
LP objective value: 162000
Node lower bound: 162000
Node upper bound: 180400
gap to the primal bound: 0.647489
Preck submodel is infeasible, continue branching
General disjunction: No feasible solution found, use SCIP default branching rule
_____________________________________
Now starting branching with general disjunction
Current branching Node number: 1116
LP objective value: 162000
Node lower bound: 162000
Node upper bound: 180400
gap to the primal bound: 0.647489
Preck submodel is infeasible, continue branching
General disjunction: No feasible solution found, use SCIP default branching rule
_____________________________________
Now starting branching with general disjunction
Current branching Node number: 1129
LP objective value: 179400
Node lower bound: 179400
Node upper bound: 180400
gap to the primal bound: 0.647489
Preck submodel is infeasible, continue branching
General disjunction: No feasible solution found, use SCIP default branching rule
_____________________________________
Now starting branching with general disjunction
Current branching Node number: 1130
LP objective value: 179400
Node lower bound: 179400
Node upper bound: 180400
gap to the primal bound: 0.647489
Preck submodel is infeasible, continue branching
General disjunction: No feasible solution found, use SCIP default branching rule
_____________________________________
Now starting branching with general disjunction
Current branching Node number: 1128
LP objective value: 169750
Node lower bound: 169750
Node upper bound: 180400
gap to the primal bound: 0.647489
Preck submodel is infeasible, continue branching
General disjunction: No feasible solution found, use SCIP default branching rule
_____________________________________
Now starting branching with general disjunction
Current branching Node number: 682
LP objective value: 109500
Node lower bound: 109500
Node upper bound: 180400
gap to the primal bound: 0.647489
Preck submodel is infeasible, continue branching
General disjunction: No feasible solution found, use SCIP default branching rule
_____________________________________
Now starting branching with general disjunction
Current branching Node number: 1137
LP objective value: 121100
Node lower bound: 121100
Node upper bound: 180400
gap to the primal bound: 0.647489
Preck submodel is infeasible, continue branching
Time limit exceeded (1088.18s), stopping submodel solve loop
General disjunction: Both Children are added
_____________________________________
Now starting branching with general disjunction
Current branching Node number: 1138
LP objective value: 156333
Node lower bound: 156333
Node upper bound: 180400
gap to the primal bound: 0.647489
Preck submodel is infeasible, continue branching
General disjunction: No feasible solution found, use SCIP default branching rule
_____________________________________
Now starting branching with general disjunction
Current branching Node number: 1141
LP objective value: 168750
Node lower bound: 168750
Node upper bound: 180400
gap to the primal bound: 0.647489
Preck submodel is infeasible, continue branching
General disjunction: No feasible solution found, use SCIP default branching rule
_____________________________________
Now starting branching with general disjunction
Current branching Node number: 1118
LP objective value: 162000
Node lower bound: 162000
Node upper bound: 180400
gap to the primal bound: 0.647489
Preck submodel is infeasible, continue branching
General disjunction: Infeasible disjunction
_____________________________________
Now starting branching with general disjunction
Current branching Node number: 1122
LP objective value: 175286
Node lower bound: 175286
Node upper bound: 180400
gap to the primal bound: 0.647489
Preck submodel is infeasible, continue branching
General disjunction: Infeasible disjunction
_____________________________________
Now starting branching with general disjunction
Current branching Node number: 1088
Relpscost reduced domain, skip general disjunction branching
_____________________________________
Now starting branching with general disjunction
Current branching Node number: 1074
LP objective value: 160000
Node lower bound: 160000
Node upper bound: 180400
gap to the primal bound: 0.647489
Preck submodel is infeasible, continue branching
General disjunction: No feasible solution found, use SCIP default branching rule
_____________________________________
Now starting branching with general disjunction
Current branching Node number: 1145
Relpscost reduced domain, skip general disjunction branching
_____________________________________
Now starting branching with general disjunction
Current branching Node number: 1145
Relpscost reduced domain, skip general disjunction branching
_____________________________________
Now starting branching with general disjunction
Current branching Node number: 1145
LP objective value: 160667
Node lower bound: 160667
Node upper bound: 180400
gap to the primal bound: 0.647489
Preck submodel is infeasible, continue branching
General disjunction: No feasible solution found, use SCIP default branching rule
_____________________________________
Now starting branching with general disjunction
Current branching Node number: 1147
Relpscost reduced domain, skip general disjunction branching
_____________________________________
Now starting branching with general disjunction
Current branching Node number: 1146
LP objective value: 173000
Node lower bound: 173000
Node upper bound: 180400
gap to the primal bound: 0.647489
Preck submodel is infeasible, continue branching
General disjunction: No feasible solution found, use SCIP default branching rule
_____________________________________
Now starting branching with general disjunction
Current branching Node number: 1144
Relpscost reduced domain, skip general disjunction branching
_____________________________________
Now starting branching with general disjunction
Current branching Node number: 860
LP objective value: 162250
Node lower bound: 162250
Node upper bound: 180400
gap to the primal bound: 0.647489
Preck submodel is infeasible, continue branching
General disjunction: No feasible solution found, use SCIP default branching rule
_____________________________________
Now starting branching with general disjunction
Current branching Node number: 1150
Relpscost reduced domain, skip general disjunction branching
_____________________________________
Now starting branching with general disjunction
Current branching Node number: 104
LP objective value: 160000
Node lower bound: 160000
Node upper bound: 180400
gap to the primal bound: 0.647489
Preck submodel is infeasible, continue branching
General disjunction: No feasible solution found, use SCIP default branching rule
_____________________________________
Now starting branching with general disjunction
Current branching Node number: 1153
LP objective value: 160000
Node lower bound: 160000
Node upper bound: 180400
gap to the primal bound: 0.647489
Preck submodel is infeasible, continue branching
General disjunction: No feasible solution found, use SCIP default branching rule
 1102m|   900 |   219 |173134 |  81.5 |    45M |  31 | 449 |6615 | 539 | 214 |  1 |  10k|3746 | 1.095000e+05 | 1.804000e+05 |  64.75%| unknown
_____________________________________
Now starting branching with general disjunction
Current branching Node number: 1155
LP objective value: 160000
Node lower bound: 160000
Node upper bound: 180400
gap to the primal bound: 0.647489
Preck submodel is infeasible, continue branching
General disjunction: No feasible solution found, use SCIP default branching rule
_____________________________________
Now starting branching with general disjunction
Current branching Node number: 1157
Relpscost reduced domain, skip general disjunction branching
_____________________________________
Now starting branching with general disjunction
Current branching Node number: 1157
LP objective value: 164667
Node lower bound: 164667
Node upper bound: 180400
gap to the primal bound: 0.647489
Preck submodel is infeasible, continue branching
General disjunction: No feasible solution found, use SCIP default branching rule
_____________________________________
Now starting branching with general disjunction
Current branching Node number: 1159
Relpscost reduced domain, skip general disjunction branching
_____________________________________
Now starting branching with general disjunction
Current branching Node number: 1156
LP objective value: 160000
Node lower bound: 160000
Node upper bound: 180400
gap to the primal bound: 0.647489
Preck submodel is infeasible, continue branching
General disjunction: No feasible solution found, use SCIP default branching rule
_____________________________________
Now starting branching with general disjunction
Current branching Node number: 1154
LP objective value: 160000
Node lower bound: 160000
Node upper bound: 180400
gap to the primal bound: 0.647489
Preck submodel is infeasible, continue branching
General disjunction: No feasible solution found, use SCIP default branching rule
_____________________________________
Now starting branching with general disjunction
Current branching Node number: 1162
LP objective value: 178750
Node lower bound: 178750
Node upper bound: 180400
gap to the primal bound: 0.647489
Preck submodel is infeasible, continue branching
General disjunction: No feasible solution found, use SCIP default branching rule
_____________________________________
Now starting branching with general disjunction
Current branching Node number: 1165
LP objective value: 178750
Node lower bound: 178750
Node upper bound: 180400
gap to the primal bound: 0.647489
Preck submodel is infeasible, continue branching
General disjunction: No feasible solution found, use SCIP default branching rule
_____________________________________
Now starting branching with general disjunction
Current branching Node number: 138
LP objective value: 159667
Node lower bound: 159667
Node upper bound: 180400
gap to the primal bound: 0.647489
Preck submodel is infeasible, continue branching
Time limit exceeded (1019.93s), stopping submodel solve loop
General disjunction: No feasible solution found, use SCIP default branching rule
_____________________________________
Now starting branching with general disjunction
Current branching Node number: 1169
LP objective value: 159667
Node lower bound: 159667
Node upper bound: 180400
gap to the primal bound: 0.647489
Preck submodel is infeasible, continue branching
General disjunction: No feasible solution found, use SCIP default branching rule
_____________________________________
Now starting branching with general disjunction
Current branching Node number: 1171
Relpscost reduced domain, skip general disjunction branching
_____________________________________
Now starting branching with general disjunction
Current branching Node number: 1171
LP objective value: 164455
Node lower bound: 164455
Node upper bound: 180400
gap to the primal bound: 0.647489
Preck submodel is infeasible, continue branching
General disjunction: No feasible solution found, use SCIP default branching rule
_____________________________________
Now starting branching with general disjunction
Current branching Node number: 1173
LP objective value: 166273
Node lower bound: 166273
Node upper bound: 180400
gap to the primal bound: 0.647489
Preck submodel is infeasible, continue branching
General disjunction: No feasible solution found, use SCIP default branching rule
_____________________________________
Now starting branching with general disjunction
Current branching Node number: 1175
Relpscost reduced domain, skip general disjunction branching
_____________________________________
Now starting branching with general disjunction
Current branching Node number: 1175
LP objective value: 166273
Node lower bound: 166273
Node upper bound: 180400
gap to the primal bound: 0.647489
Preck submodel is infeasible, continue branching
General disjunction: No feasible solution found, use SCIP default branching rule
_____________________________________
Now starting branching with general disjunction
Current branching Node number: 1176
LP objective value: 166273
Node lower bound: 166273
Node upper bound: 180400
gap to the primal bound: 0.647489
Preck submodel is infeasible, continue branching
General disjunction: No feasible solution found, use SCIP default branching rule
_____________________________________
Now starting branching with general disjunction
Current branching Node number: 1179
LP objective value: 174250
Node lower bound: 174250
Node upper bound: 180400
gap to the primal bound: 0.647489
Preck submodel is infeasible, continue branching
General disjunction: No feasible solution found, use SCIP default branching rule
_____________________________________
Now starting branching with general disjunction
Current branching Node number: 1181
LP objective value: 174250
Node lower bound: 174250
Node upper bound: 180400
gap to the primal bound: 0.647489
Preck submodel is infeasible, continue branching
General disjunction: No feasible solution found, use SCIP default branching rule
_____________________________________
Now starting branching with general disjunction
Current branching Node number: 524
LP objective value: 159667
Node lower bound: 159667
Node upper bound: 180400
gap to the primal bound: 0.647489
Preck submodel is infeasible, continue branching
General disjunction: No feasible solution found, use SCIP default branching rule
_____________________________________
Now starting branching with general disjunction
Current branching Node number: 1184
LP objective value: 159667
Node lower bound: 159667
Node upper bound: 180400
gap to the primal bound: 0.647489
Preck submodel is infeasible, continue branching
General disjunction: No feasible solution found, use SCIP default branching rule
_____________________________________
Now starting branching with general disjunction
Current branching Node number: 685
LP objective value: 109500
Node lower bound: 109500
Node upper bound: 180400
gap to the primal bound: 0.647489
Preck submodel is infeasible, continue branching
Time limit exceeded (1062.62s), stopping submodel solve loop
General disjunction: Both Children are added
_____________________________________
Now starting branching with general disjunction
Current branching Node number: 1188
LP objective value: 131000
Node lower bound: 131000
Node upper bound: 180400
gap to the primal bound: 0.647489
Preck submodel is infeasible, continue branching
Time limit exceeded (1057.27s), stopping submodel solve loop
General disjunction: Both Children are added
_____________________________________
Now starting branching with general disjunction
Current branching Node number: 1190
LP objective value: 168000
Node lower bound: 168000
Node upper bound: 180400
gap to the primal bound: 0.647489
Preck submodel is infeasible, continue branching
General disjunction: No feasible solution found, use SCIP default branching rule
_____________________________________
Now starting branching with general disjunction
Current branching Node number: 296
LP objective value: 168750
Node lower bound: 168750
Node upper bound: 180400
gap to the primal bound: 0.647489
Preck submodel is infeasible, continue branching
General disjunction: Only Right constraint added:
_____________________________________
Now starting branching with general disjunction
Current branching Node number: 830
LP objective value: 159667
Node lower bound: 159667
Node upper bound: 180400
gap to the primal bound: 0.647489
Preck submodel is infeasible, continue branching
General disjunction: No feasible solution found, use SCIP default branching rule
_____________________________________
Now starting branching with general disjunction
Current branching Node number: 1195
Relpscost reduced domain, skip general disjunction branching
_____________________________________
Now starting branching with general disjunction
Current branching Node number: 1195
LP objective value: 167167
Node lower bound: 167167
Node upper bound: 180400
gap to the primal bound: 0.647489
Preck submodel is infeasible, continue branching
General disjunction: No feasible solution found, use SCIP default branching rule
_____________________________________
Now starting branching with general disjunction
Current branching Node number: 1196
LP objective value: 178000
Node lower bound: 178000
Node upper bound: 180400
gap to the primal bound: 0.647489
Preck submodel is infeasible, continue branching
General disjunction: No feasible solution found, use SCIP default branching rule
_____________________________________
Now starting branching with general disjunction
Current branching Node number: 1197
LP objective value: 167167
Node lower bound: 167167
Node upper bound: 180400
gap to the primal bound: 0.647489
Preck submodel is infeasible, continue branching
General disjunction: No feasible solution found, use SCIP default branching rule
_____________________________________
Now starting branching with general disjunction
Current branching Node number: 1201
LP objective value: 180000
Node lower bound: 180000
Node upper bound: 180400
gap to the primal bound: 0.647489
Preck submodel is infeasible, continue branching
General disjunction: No feasible solution found, use SCIP default branching rule
_____________________________________
Now starting branching with general disjunction
Current branching Node number: 1202
LP objective value: 180000
Node lower bound: 180000
Node upper bound: 180400
gap to the primal bound: 0.647489
Preck submodel is infeasible, continue branching
General disjunction: No feasible solution found, use SCIP default branching rule
_____________________________________
Now starting branching with general disjunction
Current branching Node number: 1200
LP objective value: 167167
Node lower bound: 167167
Node upper bound: 180400
gap to the primal bound: 0.647489
Preck submodel is infeasible, continue branching
General disjunction: No feasible solution found, use SCIP default branching rule
_____________________________________
Now starting branching with general disjunction
Current branching Node number: 1207
Relpscost reduced domain, skip general disjunction branching
_____________________________________
Now starting branching with general disjunction
Current branching Node number: 1207
LP objective value: 170858
Node lower bound: 170858
Node upper bound: 180400
gap to the primal bound: 0.647489
Preck submodel is infeasible, continue branching
General disjunction: No feasible solution found, use SCIP default branching rule
_____________________________________
Now starting branching with general disjunction
Current branching Node number: 1194
LP objective value: 159667
Node lower bound: 159667
Node upper bound: 180400
gap to the primal bound: 0.647489
Preck submodel is infeasible, continue branching
General disjunction: No feasible solution found, use SCIP default branching rule
_____________________________________
Now starting branching with general disjunction
Current branching Node number: 1210
Relpscost reduced domain, skip general disjunction branching
_____________________________________
Now starting branching with general disjunction
Current branching Node number: 441
LP objective value: 159667
Node lower bound: 159667
Node upper bound: 180400
gap to the primal bound: 0.647489
Preck submodel is infeasible, continue branching
General disjunction: No feasible solution found, use SCIP default branching rule
_____________________________________
Now starting branching with general disjunction
Current branching Node number: 1213
LP objective value: 162250
Node lower bound: 162250
Node upper bound: 180400
gap to the primal bound: 0.647489
Preck submodel is infeasible, continue branching
General disjunction: No feasible solution found, use SCIP default branching rule
_____________________________________
Now starting branching with general disjunction
Current branching Node number: 1215
LP objective value: 162250
Node lower bound: 162250
Node upper bound: 180400
gap to the primal bound: 0.647489
Preck submodel is infeasible, continue branching
General disjunction: No feasible solution found, use SCIP default branching rule
_____________________________________
Now starting branching with general disjunction
Current branching Node number: 1217
Relpscost reduced domain, skip general disjunction branching
_____________________________________
Now starting branching with general disjunction
Current branching Node number: 1216
LP objective value: 175200
Node lower bound: 175200
Node upper bound: 180400
gap to the primal bound: 0.647489
Preck submodel is infeasible, continue branching
General disjunction: No feasible solution found, use SCIP default branching rule
_____________________________________
Now starting branching with general disjunction
Current branching Node number: 1214
Relpscost reduced domain, skip general disjunction branching
_____________________________________
Now starting branching with general disjunction
Current branching Node number: 1212
LP objective value: 159667
Node lower bound: 159667
Node upper bound: 180400
gap to the primal bound: 0.647489
Preck submodel is infeasible, continue branching
General disjunction: No feasible solution found, use SCIP default branching rule
_____________________________________
Now starting branching with general disjunction
Current branching Node number: 1221
Relpscost reduced domain, skip general disjunction branching
_____________________________________
Now starting branching with general disjunction
Current branching Node number: 1221
LP objective value: 170223
Node lower bound: 170223
Node upper bound: 180400
gap to the primal bound: 0.647489
Preck submodel is infeasible, continue branching
General disjunction: No feasible solution found, use SCIP default branching rule
_____________________________________
Now starting branching with general disjunction
Current branching Node number: 1223
LP objective value: 173500
Node lower bound: 173500
Node upper bound: 180400
gap to the primal bound: 0.647489
Preck submodel is infeasible, continue branching
General disjunction: No feasible solution found, use SCIP default branching rule
_____________________________________
Now starting branching with general disjunction
Current branching Node number: 1225
LP objective value: 180000
Node lower bound: 180000
Node upper bound: 180400
gap to the primal bound: 0.647489
Preck submodel is infeasible, continue branching
General disjunction: Infeasible disjunction
_____________________________________
Now starting branching with general disjunction
Current branching Node number: 740
LP objective value: 109500
Node lower bound: 109500
Node upper bound: 180400
gap to the primal bound: 0.647489
Preck submodel is infeasible, continue branching
General disjunction: Both Children are added
_____________________________________
Now starting branching with general disjunction
Current branching Node number: 1226
LP objective value: 117000
Node lower bound: 117000
Node upper bound: 180400
gap to the primal bound: 0.647489
Preck submodel is infeasible, continue branching
Time limit exceeded (1010.88s), stopping submodel solve loop
General disjunction: Both Children are added
_____________________________________
Now starting branching with general disjunction
Current branching Node number: 1228
LP objective value: 117000
Node lower bound: 117000
Node upper bound: 180400
gap to the primal bound: 0.647489
Preck submodel is infeasible, continue branching
Time limit exceeded (1054.82s), stopping submodel solve loop
General disjunction: No feasible solution found, use SCIP default branching rule
_____________________________________
Now starting branching with general disjunction
Current branching Node number: 1231
LP objective value: 117000
Node lower bound: 117000
Node upper bound: 180400
gap to the primal bound: 0.647489
Preck submodel is infeasible, continue branching
Time limit exceeded (1033.26s), stopping submodel solve loop
General disjunction: Both Children are added
_____________________________________
Now starting branching with general disjunction
Current branching Node number: 1220
LP objective value: 159667
Node lower bound: 159667
Node upper bound: 180400
gap to the primal bound: 0.647489
Preck submodel is infeasible, continue branching
General disjunction: No feasible solution found, use SCIP default branching rule
_____________________________________
Now starting branching with general disjunction
Current branching Node number: 1222
LP objective value: 175600
Node lower bound: 175600
Node upper bound: 180400
gap to the primal bound: 0.647489
Preck submodel is infeasible, continue branching
General disjunction: No feasible solution found, use SCIP default branching rule
_____________________________________
Now starting branching with general disjunction
Current branching Node number: 743
LP objective value: 109500
Node lower bound: 109500
Node upper bound: 180400
gap to the primal bound: 0.647489
Preck submodel is infeasible, continue branching
General disjunction: No feasible solution found, use SCIP default branching rule
_____________________________________
Now starting branching with general disjunction
Current branching Node number: 1239
LP objective value: 122333
Node lower bound: 122333
Node upper bound: 180400
gap to the primal bound: 0.647489
Preck submodel is infeasible, continue branching
General disjunction: No feasible solution found, use SCIP default branching rule
_____________________________________
Now starting branching with general disjunction
Current branching Node number: 1241
LP objective value: 153000
Node lower bound: 153000
Node upper bound: 180400
gap to the primal bound: 0.647489
Preck submodel is infeasible, continue branching
General disjunction: No feasible solution found, use SCIP default branching rule
_____________________________________
Now starting branching with general disjunction
Current branching Node number: 1243
Relpscost reduced domain, skip general disjunction branching
_____________________________________
Now starting branching with general disjunction
Current branching Node number: 1243
LP objective value: 168000
Node lower bound: 168000
Node upper bound: 180400
gap to the primal bound: 0.647489
Preck submodel is infeasible, continue branching
General disjunction: No feasible solution found, use SCIP default branching rule
_____________________________________
Now starting branching with general disjunction
Current branching Node number: 976
LP objective value: 159667
Node lower bound: 159667
Node upper bound: 180400
gap to the primal bound: 0.647489
Preck submodel is infeasible, continue branching
General disjunction: No feasible solution found, use SCIP default branching rule
_____________________________________
Now starting branching with general disjunction
Current branching Node number: 1247
LP objective value: 162250
Node lower bound: 162250
Node upper bound: 180400
gap to the primal bound: 0.647489
Preck submodel is infeasible, continue branching
General disjunction: No feasible solution found, use SCIP default branching rule
_____________________________________
Now starting branching with general disjunction
Current branching Node number: 1249
LP objective value: 171000
Node lower bound: 171000
Node upper bound: 180400
gap to the primal bound: 0.647489
Preck submodel is infeasible, continue branching
General disjunction: No feasible solution found, use SCIP default branching rule
_____________________________________
Now starting branching with general disjunction
Current branching Node number: 1251
LP objective value: 171000
Node lower bound: 171000
Node upper bound: 180400
gap to the primal bound: 0.647489
Preck submodel is infeasible, continue branching
General disjunction: No feasible solution found, use SCIP default branching rule
_____________________________________
Now starting branching with general disjunction
Current branching Node number: 7
LP objective value: 117000
Node lower bound: 117000
Node upper bound: 180400
gap to the primal bound: 0.647489
Preck submodel is infeasible, continue branching
General disjunction: No feasible solution found, use SCIP default branching rule
_____________________________________
Now starting branching with general disjunction
Current branching Node number: 1255
LP objective value: 117000
Node lower bound: 117000
Node upper bound: 180400
gap to the primal bound: 0.647489
Preck submodel is infeasible, continue branching
General disjunction: No feasible solution found, use SCIP default branching rule
_____________________________________
Now starting branching with general disjunction
Current branching Node number: 1257
LP objective value: 117000
Node lower bound: 117000
Node upper bound: 180400
gap to the primal bound: 0.647489
Preck submodel is infeasible, continue branching
General disjunction: No feasible solution found, use SCIP default branching rule
_____________________________________
Now starting branching with general disjunction
Current branching Node number: 1259
LP objective value: 117000
Node lower bound: 117000
Node upper bound: 180400
gap to the primal bound: 0.647489
Preck submodel is infeasible, continue branching
General disjunction: No feasible solution found, use SCIP default branching rule
_____________________________________
Now starting branching with general disjunction
Current branching Node number: 1248
LP objective value: 162250
Node lower bound: 162250
Node upper bound: 180400
gap to the primal bound: 0.647489
Preck submodel is infeasible, continue branching
General disjunction: No feasible solution found, use SCIP default branching rule
_____________________________________
Now starting branching with general disjunction
Current branching Node number: 1263
Relpscost reduced domain, skip general disjunction branching
_____________________________________
Now starting branching with general disjunction
Current branching Node number: 1263
LP objective value: 172334
Node lower bound: 172334
Node upper bound: 180400
gap to the primal bound: 0.647489
Preck submodel is infeasible, continue branching
General disjunction: No feasible solution found, use SCIP default branching rule
_____________________________________
Now starting branching with general disjunction
Current branching Node number: 1262
Relpscost reduced domain, skip general disjunction branching
_____________________________________
Now starting branching with general disjunction
Current branching Node number: 1262
Relpscost reduced domain, skip general disjunction branching
 1211m|  1000 |   227 |177691 |  79.9 |    45M |  31 | 449 |6484 | 540 | 217 |  3 |  10k|3787 | 1.095000e+05 | 1.804000e+05 |  64.75%| unknown
_____________________________________
Now starting branching with general disjunction
Current branching Node number: 13
LP objective value: 153000
Node lower bound: 153000
Node upper bound: 180400
gap to the primal bound: 0.647489
Preck submodel is infeasible, continue branching
General disjunction: No feasible solution found, use SCIP default branching rule
_____________________________________
Now starting branching with general disjunction
Current branching Node number: 1267
LP objective value: 153000
Node lower bound: 153000
Node upper bound: 180400
gap to the primal bound: 0.647489
Preck submodel is infeasible, continue branching
General disjunction: No feasible solution found, use SCIP default branching rule
_____________________________________
Now starting branching with general disjunction
Current branching Node number: 1269
LP objective value: 153000
Node lower bound: 153000
Node upper bound: 180400
gap to the primal bound: 0.647489
Preck submodel is infeasible, continue branching
General disjunction: No feasible solution found, use SCIP default branching rule
_____________________________________
Now starting branching with general disjunction
Current branching Node number: 1271
LP objective value: 153000
Node lower bound: 153000
Node upper bound: 180400
gap to the primal bound: 0.647489
Preck submodel is infeasible, continue branching
General disjunction: No feasible solution found, use SCIP default branching rule
_____________________________________
Now starting branching with general disjunction
Current branching Node number: 972
LP objective value: 160250
Node lower bound: 160250
Node upper bound: 180400
gap to the primal bound: 0.647489
Preck submodel is infeasible, continue branching
General disjunction: No feasible solution found, use SCIP default branching rule
_____________________________________
Now starting branching with general disjunction
Current branching Node number: 1274
LP objective value: 160250
Node lower bound: 160250
Node upper bound: 180400
gap to the primal bound: 0.647489
Preck submodel is infeasible, continue branching
General disjunction: No feasible solution found, use SCIP default branching rule
_____________________________________
Now starting branching with general disjunction
Current branching Node number: 62
LP objective value: 109500
Node lower bound: 109500
Node upper bound: 180400
gap to the primal bound: 0.647489
Preck submodel is infeasible, continue branching
General disjunction: No feasible solution found, use SCIP default branching rule
_____________________________________
Now starting branching with general disjunction
Current branching Node number: 1279
LP objective value: 109500
Node lower bound: 109500
Node upper bound: 180400
gap to the primal bound: 0.647489
Preck submodel is infeasible, continue branching
General disjunction: No feasible solution found, use SCIP default branching rule
_____________________________________
Now starting branching with general disjunction
Current branching Node number: 1281
LP objective value: 109500
Node lower bound: 109500
Node upper bound: 180400
gap to the primal bound: 0.647489
Preck submodel is infeasible, continue branching
General disjunction: No feasible solution found, use SCIP default branching rule
_____________________________________
Now starting branching with general disjunction
Current branching Node number: 1283
LP objective value: 109500
Node lower bound: 109500
Node upper bound: 180400
gap to the primal bound: 0.647489
Preck submodel is infeasible, continue branching
General disjunction: No feasible solution found, use SCIP default branching rule
_____________________________________
Now starting branching with general disjunction
Current branching Node number: 196
LP objective value: 153000
Node lower bound: 153000
Node upper bound: 180400
gap to the primal bound: 0.647489
Preck submodel is infeasible, continue branching
General disjunction: No feasible solution found, use SCIP default branching rule
_____________________________________
Now starting branching with general disjunction
Current branching Node number: 1287
LP objective value: 159667
Node lower bound: 159667
Node upper bound: 180400
gap to the primal bound: 0.647489
Preck submodel is infeasible, continue branching
General disjunction: No feasible solution found, use SCIP default branching rule
_____________________________________
Now starting branching with general disjunction
Current branching Node number: 1289
Relpscost reduced domain, skip general disjunction branching
_____________________________________
Now starting branching with general disjunction
Current branching Node number: 1289
LP objective value: 169800
Node lower bound: 169800
Node upper bound: 180400
gap to the primal bound: 0.647489
Preck submodel is infeasible, continue branching
General disjunction: No feasible solution found, use SCIP default branching rule
_____________________________________
Now starting branching with general disjunction
Current branching Node number: 1291
LP objective value: 169800
Node lower bound: 169800
Node upper bound: 180400
gap to the primal bound: 0.647489
Preck submodel is infeasible, continue branching
General disjunction: No feasible solution found, use SCIP default branching rule
_____________________________________
Now starting branching with general disjunction
Current branching Node number: 1178
LP objective value: 166273
Node lower bound: 166273
Node upper bound: 180400
gap to the primal bound: 0.647489
Preck submodel is infeasible, continue branching
General disjunction: No feasible solution found, use SCIP default branching rule
_____________________________________
Now starting branching with general disjunction
Current branching Node number: 1295
LP objective value: 166273
Node lower bound: 166273
Node upper bound: 180400
gap to the primal bound: 0.647489
Preck submodel is infeasible, continue branching
General disjunction: No feasible solution found, use SCIP default branching rule
_____________________________________
Now starting branching with general disjunction
Current branching Node number: 1297
LP objective value: 166600
Node lower bound: 166600
Node upper bound: 180400
gap to the primal bound: 0.647489
Preck submodel is infeasible, continue branching
General disjunction: No feasible solution found, use SCIP default branching rule
_____________________________________
Now starting branching with general disjunction
Current branching Node number: 878
LP objective value: 159667
Node lower bound: 159667
Node upper bound: 180400
gap to the primal bound: 0.647489
Preck submodel is infeasible, continue branching
General disjunction: No feasible solution found, use SCIP default branching rule
_____________________________________
Now starting branching with general disjunction
Current branching Node number: 1300
LP objective value: 159667
Node lower bound: 159667
Node upper bound: 180400
gap to the primal bound: 0.647489
Preck submodel is infeasible, continue branching
General disjunction: No feasible solution found, use SCIP default branching rule
_____________________________________
Now starting branching with general disjunction
Current branching Node number: 1303
LP objective value: 168000
Node lower bound: 168000
Node upper bound: 180400
gap to the primal bound: 0.647489
Preck submodel is infeasible, continue branching
General disjunction: No feasible solution found, use SCIP default branching rule
_____________________________________
Now starting branching with general disjunction
Current branching Node number: 1304
Relpscost reduced domain, skip general disjunction branching
_____________________________________
Now starting branching with general disjunction
Current branching Node number: 1302
LP objective value: 159667
Node lower bound: 159667
Node upper bound: 180400
gap to the primal bound: 0.647489
Preck submodel is infeasible, continue branching
Time limit exceeded (1042.95s), stopping submodel solve loop
General disjunction: Only Right constraint added:
_____________________________________
Now starting branching with general disjunction
Current branching Node number: 1302
Relpscost reduced domain, skip general disjunction branching
_____________________________________
Now starting branching with general disjunction
Current branching Node number: 1302
Relpscost reduced domain, skip general disjunction branching
_____________________________________
Now starting branching with general disjunction
Current branching Node number: 858
LP objective value: 159667
Node lower bound: 159667
Node upper bound: 180400
gap to the primal bound: 0.647489
Preck submodel is infeasible, continue branching
General disjunction: No feasible solution found, use SCIP default branching rule
_____________________________________
Now starting branching with general disjunction
Current branching Node number: 1307
LP objective value: 162250
Node lower bound: 162250
Node upper bound: 180400
gap to the primal bound: 0.647489
Preck submodel is infeasible, continue branching
General disjunction: No feasible solution found, use SCIP default branching rule
_____________________________________
Now starting branching with general disjunction
Current branching Node number: 1309
LP objective value: 162250
Node lower bound: 162250
Node upper bound: 180400
gap to the primal bound: 0.647489
Preck submodel is infeasible, continue branching
General disjunction: No feasible solution found, use SCIP default branching rule
_____________________________________
Now starting branching with general disjunction
Current branching Node number: 1311
LP objective value: 162250
Node lower bound: 162250
Node upper bound: 180400
gap to the primal bound: 0.647489
Preck submodel is infeasible, continue branching
General disjunction: No feasible solution found, use SCIP default branching rule
_____________________________________
Now starting branching with general disjunction
Current branching Node number: 1313
LP objective value: 162250
Node lower bound: 162250
Node upper bound: 180400
gap to the primal bound: 0.647489
Preck submodel is infeasible, continue branching
General disjunction: No feasible solution found, use SCIP default branching rule
_____________________________________
Now starting branching with general disjunction
Current branching Node number: 1314
Relpscost reduced domain, skip general disjunction branching
_____________________________________
Now starting branching with general disjunction
Current branching Node number: 810
LP objective value: 109500
Node lower bound: 109500
Node upper bound: 180400
gap to the primal bound: 0.647489
Preck submodel is infeasible, continue branching
Time limit exceeded (1004.7s), stopping submodel solve loop
General disjunction: Both Children are added
_____________________________________
Now starting branching with general disjunction
Current branching Node number: 1316
LP objective value: 117000
Node lower bound: 117000
Node upper bound: 180400
gap to the primal bound: 0.647489
Preck submodel is infeasible, continue branching
General disjunction: No feasible solution found, use SCIP default branching rule
_____________________________________
Now starting branching with general disjunction
Current branching Node number: 1319
LP objective value: 117000
Node lower bound: 117000
Node upper bound: 180400
gap to the primal bound: 0.647489
Preck submodel is infeasible, continue branching
General disjunction: No feasible solution found, use SCIP default branching rule
_____________________________________
Now starting branching with general disjunction
Current branching Node number: 1321
LP objective value: 117000
Node lower bound: 117000
Node upper bound: 180400
gap to the primal bound: 0.647489
Preck submodel is infeasible, continue branching
General disjunction: No feasible solution found, use SCIP default branching rule
_____________________________________
Now starting branching with general disjunction
Current branching Node number: 1323
LP objective value: 118100
Node lower bound: 118100
Node upper bound: 180400
gap to the primal bound: 0.647489
Preck submodel is infeasible, continue branching
General disjunction: No feasible solution found, use SCIP default branching rule
_____________________________________
Now starting branching with general disjunction
Current branching Node number: 1310
LP objective value: 162250
Node lower bound: 162250
Node upper bound: 180400
gap to the primal bound: 0.647489
Preck submodel is infeasible, continue branching
General disjunction: No feasible solution found, use SCIP default branching rule
_____________________________________
Now starting branching with general disjunction
Current branching Node number: 1326
LP objective value: 162250
Node lower bound: 162250
Node upper bound: 180400
gap to the primal bound: 0.647489
Preck submodel is infeasible, continue branching
General disjunction: No feasible solution found, use SCIP default branching rule
_____________________________________
Now starting branching with general disjunction
Current branching Node number: 1329
Relpscost reduced domain, skip general disjunction branching
_____________________________________
Now starting branching with general disjunction
Current branching Node number: 1328
LP objective value: 162250
Node lower bound: 162250
Node upper bound: 180400
gap to the primal bound: 0.647489
Preck submodel is infeasible, continue branching
General disjunction: Only Right constraint added:
_____________________________________
Now starting branching with general disjunction
Current branching Node number: 914
LP objective value: 109500
Node lower bound: 109500
Node upper bound: 180400
gap to the primal bound: 0.647489
Preck submodel is infeasible, continue branching
General disjunction: No feasible solution found, use SCIP default branching rule
_____________________________________
Now starting branching with general disjunction
Current branching Node number: 1331
LP objective value: 117000
Node lower bound: 117000
Node upper bound: 180400
gap to the primal bound: 0.647489
Preck submodel is infeasible, continue branching
General disjunction: No feasible solution found, use SCIP default branching rule
_____________________________________
Now starting branching with general disjunction
Current branching Node number: 1333
LP objective value: 117000
Node lower bound: 117000
Node upper bound: 180400
gap to the primal bound: 0.647489
Preck submodel is infeasible, continue branching
General disjunction: No feasible solution found, use SCIP default branching rule
_____________________________________
Now starting branching with general disjunction
Current branching Node number: 1335
LP objective value: 118400
Node lower bound: 118400
Node upper bound: 180400
gap to the primal bound: 0.647489
Preck submodel is infeasible, continue branching
General disjunction: No feasible solution found, use SCIP default branching rule
_____________________________________
Now starting branching with general disjunction
Current branching Node number: 1102
LP objective value: 168750
Node lower bound: 168750
Node upper bound: 180400
gap to the primal bound: 0.647489
Preck submodel is infeasible, continue branching
General disjunction: No feasible solution found, use SCIP default branching rule
_____________________________________
Now starting branching with general disjunction
Current branching Node number: 1339
Relpscost reduced domain, skip general disjunction branching
_____________________________________
Now starting branching with general disjunction
Current branching Node number: 1339
Relpscost reduced domain, skip general disjunction branching
_____________________________________
Now starting branching with general disjunction
Current branching Node number: 1339
Relpscost reduced domain, skip general disjunction branching
_____________________________________
Now starting branching with general disjunction
Current branching Node number: 1339
LP objective value: 169600
Node lower bound: 169600
Node upper bound: 180400
gap to the primal bound: 0.647489
Preck submodel is infeasible, continue branching
General disjunction: No feasible solution found, use SCIP default branching rule
_____________________________________
Now starting branching with general disjunction
Current branching Node number: 1341
Relpscost reduced domain, skip general disjunction branching
_____________________________________
Now starting branching with general disjunction
Current branching Node number: 1341
LP objective value: 169600
Node lower bound: 169600
Node upper bound: 180400
gap to the primal bound: 0.647489
Preck submodel is infeasible, continue branching
General disjunction: No feasible solution found, use SCIP default branching rule
_____________________________________
Now starting branching with general disjunction
Current branching Node number: 1343
LP objective value: 169600
Node lower bound: 169600
Node upper bound: 180400
gap to the primal bound: 0.647489
Preck submodel is infeasible, continue branching
General disjunction: No feasible solution found, use SCIP default branching rule
_____________________________________
Now starting branching with general disjunction
Current branching Node number: 1344
LP objective value: 169600
Node lower bound: 169600
Node upper bound: 180400
gap to the primal bound: 0.647489
Preck submodel is infeasible, continue branching
General disjunction: No feasible solution found, use SCIP default branching rule
_____________________________________
Now starting branching with general disjunction
Current branching Node number: 1347
Relpscost reduced domain, skip general disjunction branching
_____________________________________
Now starting branching with general disjunction
Current branching Node number: 1347
LP objective value: 178245
Node lower bound: 178245
Node upper bound: 180400
gap to the primal bound: 0.647489
Preck submodel is infeasible, continue branching
General disjunction: Infeasible disjunction
_____________________________________
Now starting branching with general disjunction
Current branching Node number: 1346
LP objective value: 169600
Node lower bound: 169600
Node upper bound: 180400
gap to the primal bound: 0.647489
Preck submodel is infeasible, continue branching
General disjunction: No feasible solution found, use SCIP default branching rule
_____________________________________
Now starting branching with general disjunction
Current branching Node number: 1348
LP objective value: 169600
Node lower bound: 169600
Node upper bound: 180400
gap to the primal bound: 0.647489
Preck submodel is infeasible, continue branching
General disjunction: No feasible solution found, use SCIP default branching rule
_____________________________________
Now starting branching with general disjunction
Current branching Node number: 1350
LP objective value: 169600
Node lower bound: 169600
Node upper bound: 180400
gap to the primal bound: 0.647489
Preck submodel is infeasible, continue branching
General disjunction: No feasible solution found, use SCIP default branching rule
_____________________________________
Now starting branching with general disjunction
Current branching Node number: 1353
LP objective value: 173200
Node lower bound: 173200
Node upper bound: 180400
gap to the primal bound: 0.647489
Preck submodel is infeasible, continue branching
General disjunction: No feasible solution found, use SCIP default branching rule
_____________________________________
Now starting branching with general disjunction
Current branching Node number: 1354
LP objective value: 173200
Node lower bound: 173200
Node upper bound: 180400
gap to the primal bound: 0.647489
Preck submodel is infeasible, continue branching
General disjunction: No feasible solution found, use SCIP default branching rule
_____________________________________
Now starting branching with general disjunction
Current branching Node number: 1352
LP objective value: 176617
Node lower bound: 176617
Node upper bound: 180400
gap to the primal bound: 0.647489
Preck submodel is infeasible, continue branching
General disjunction: No feasible solution found, use SCIP default branching rule
_____________________________________
Now starting branching with general disjunction
Current branching Node number: 1359
Relpscost reduced domain, skip general disjunction branching
_____________________________________
Now starting branching with general disjunction
Current branching Node number: 1359
LP objective value: 176617
Node lower bound: 176617
Node upper bound: 180400
gap to the primal bound: 0.647489
Preck submodel is infeasible, continue branching
General disjunction: No feasible solution found, use SCIP default branching rule
_____________________________________
Now starting branching with general disjunction
Current branching Node number: 1361
Relpscost reduced domain, skip general disjunction branching
_____________________________________
Now starting branching with general disjunction
Current branching Node number: 1360
Relpscost reduced domain, skip general disjunction branching
_____________________________________
Now starting branching with general disjunction
Current branching Node number: 230
LP objective value: 153000
Node lower bound: 153000
Node upper bound: 180400
gap to the primal bound: 0.647489
Preck submodel is infeasible, continue branching
Time limit exceeded (1020.5s), stopping submodel solve loop
General disjunction: Both Children are added
_____________________________________
Now starting branching with general disjunction
Current branching Node number: 1362
LP objective value: 178750
Node lower bound: 178750
Node upper bound: 180400
gap to the primal bound: 0.647489
Preck submodel is infeasible, continue branching
General disjunction: No feasible solution found, use SCIP default branching rule
_____________________________________
Now starting branching with general disjunction
Current branching Node number: 1365
LP objective value: 178750
Node lower bound: 178750
Node upper bound: 180400
gap to the primal bound: 0.647489
Preck submodel is infeasible, continue branching
General disjunction: No feasible solution found, use SCIP default branching rule
_____________________________________
Now starting branching with general disjunction
Current branching Node number: 1363
LP objective value: 153000
Node lower bound: 153000
Node upper bound: 180400
gap to the primal bound: 0.647489
Preck submodel is infeasible, continue branching
Time limit exceeded (1052.61s), stopping submodel solve loop
General disjunction: No feasible solution found, use SCIP default branching rule
_____________________________________
Now starting branching with general disjunction
Current branching Node number: 1368
LP objective value: 153000
Node lower bound: 153000
Node upper bound: 180400
gap to the primal bound: 0.647489
Preck submodel is infeasible, continue branching
General disjunction: No feasible solution found, use SCIP default branching rule
_____________________________________
Now starting branching with general disjunction
Current branching Node number: 1371
LP objective value: 159667
Node lower bound: 159667
Node upper bound: 180400
gap to the primal bound: 0.647489
Preck submodel is infeasible, continue branching
General disjunction: No feasible solution found, use SCIP default branching rule
_____________________________________
Now starting branching with general disjunction
Current branching Node number: 1373
LP objective value: 177841
Node lower bound: 177841
Node upper bound: 180400
gap to the primal bound: 0.647489
Preck submodel is infeasible, continue branching
General disjunction: No feasible solution found, use SCIP default branching rule
_____________________________________
Now starting branching with general disjunction
Current branching Node number: 1375
LP objective value: 177841
Node lower bound: 177841
Node upper bound: 180400
gap to the primal bound: 0.647489
Preck submodel is infeasible, continue branching
General disjunction: No feasible solution found, use SCIP default branching rule
_____________________________________
Now starting branching with general disjunction
Current branching Node number: 1370
LP objective value: 153000
Node lower bound: 153000
Node upper bound: 180400
gap to the primal bound: 0.647489
Preck submodel is infeasible, continue branching
Time limit exceeded (1032.38s), stopping submodel solve loop
General disjunction: No feasible solution found, use SCIP default branching rule
_____________________________________
Now starting branching with general disjunction
Current branching Node number: 1379
LP objective value: 175000
Node lower bound: 175000
Node upper bound: 180400
gap to the primal bound: 0.647489
Preck submodel is infeasible, continue branching
General disjunction: No feasible solution found, use SCIP default branching rule
_____________________________________
Now starting branching with general disjunction
Current branching Node number: 1381
LP objective value: 175000
Node lower bound: 175000
Node upper bound: 180400
gap to the primal bound: 0.647489
Preck submodel is infeasible, continue branching
General disjunction: No feasible solution found, use SCIP default branching rule
_____________________________________
Now starting branching with general disjunction
Current branching Node number: 1378
LP objective value: 177841
Node lower bound: 177841
Node upper bound: 180400
gap to the primal bound: 0.647489
Preck submodel is infeasible, continue branching
General disjunction: No feasible solution found, use SCIP default branching rule
_____________________________________
Now starting branching with general disjunction
Current branching Node number: 1191
LP objective value: 131000
Node lower bound: 131000
Node upper bound: 180400
gap to the primal bound: 0.647489
Preck submodel is infeasible, continue branching
Time limit exceeded (1048.02s), stopping submodel solve loop
General disjunction: Both Children are added
_____________________________________
Now starting branching with general disjunction
Current branching Node number: 1386
LP objective value: 177600
Node lower bound: 177600
Node upper bound: 180400
gap to the primal bound: 0.647489
Preck submodel is infeasible, continue branching
General disjunction: No feasible solution found, use SCIP default branching rule
_____________________________________
Now starting branching with general disjunction
Current branching Node number: 1388
LP objective value: 177600
Node lower bound: 177600
Node upper bound: 180400
gap to the primal bound: 0.647489
Preck submodel is infeasible, continue branching
General disjunction: No feasible solution found, use SCIP default branching rule
 1319m|  1100 |   252 |182276 |  78.4 |    45M |  31 | 449 |6249 | 547 | 223 |  0 |  10k|3868 | 1.095000e+05 | 1.804000e+05 |  64.75%| unknown
_____________________________________
Now starting branching with general disjunction
Current branching Node number: 947
LP objective value: 109500
Node lower bound: 109500
Node upper bound: 180400
gap to the primal bound: 0.647489
Preck submodel is infeasible, continue branching
Time limit exceeded (1053.57s), stopping submodel solve loop
General disjunction: No feasible solution found, use SCIP default branching rule
_____________________________________
Now starting branching with general disjunction
Current branching Node number: 1393
LP objective value: 130800
Node lower bound: 130800
Node upper bound: 180400
gap to the primal bound: 0.647489
Preck submodel is infeasible, continue branching
Time limit exceeded (1168.32s), stopping submodel solve loop
General disjunction: Both Children are added
_____________________________________
Now starting branching with general disjunction
Current branching Node number: 1394
LP objective value: 163500
Node lower bound: 163500
Node upper bound: 180400
gap to the primal bound: 0.647489
Preck submodel is infeasible, continue branching
Time limit exceeded (1104.46s), stopping submodel solve loop
General disjunction: No feasible solution found, use SCIP default branching rule
_____________________________________
Now starting branching with general disjunction
Current branching Node number: 1397
LP objective value: 168000
Node lower bound: 168000
Node upper bound: 180400
gap to the primal bound: 0.647489
Preck submodel is infeasible, continue branching
General disjunction: No feasible solution found, use SCIP default branching rule
_____________________________________
Now starting branching with general disjunction
Current branching Node number: 1395
LP objective value: 168600
Node lower bound: 168600
Node upper bound: 180400
gap to the primal bound: 0.647489
Preck submodel is infeasible, continue branching
Time limit exceeded (1002.12s), stopping submodel solve loop
General disjunction: Both Children are added
_____________________________________
Now starting branching with general disjunction
Current branching Node number: 1400
LP objective value: 175000
Node lower bound: 175000
Node upper bound: 180400
gap to the primal bound: 0.647489
Preck submodel is infeasible, continue branching
General disjunction: No feasible solution found, use SCIP default branching rule
_____________________________________
Now starting branching with general disjunction
Current branching Node number: 1403
Relpscost reduced domain, skip general disjunction branching
_____________________________________
Now starting branching with general disjunction
Current branching Node number: 1403
LP objective value: 179000
Node lower bound: 179000
Node upper bound: 180400
gap to the primal bound: 0.647489
Preck submodel is infeasible, continue branching
General disjunction: No feasible solution found, use SCIP default branching rule
_____________________________________
Now starting branching with general disjunction
Current branching Node number: 1405
Relpscost reduced domain, skip general disjunction branching
_____________________________________
Now starting branching with general disjunction
Current branching Node number: 1405
LP objective value: 179000
Node lower bound: 179000
Node upper bound: 180400
gap to the primal bound: 0.647489
Preck submodel is infeasible, continue branching
General disjunction: No feasible solution found, use SCIP default branching rule
_____________________________________
Now starting branching with general disjunction
Current branching Node number: 100
LP objective value: 177000
Node lower bound: 177000
Node upper bound: 180400
gap to the primal bound: 0.647489
Preck submodel is infeasible, continue branching
General disjunction: No feasible solution found, use SCIP default branching rule
_____________________________________
Now starting branching with general disjunction
Current branching Node number: 1409
LP objective value: 177000
Node lower bound: 177000
Node upper bound: 180400
gap to the primal bound: 0.647489
Preck submodel is infeasible, continue branching
General disjunction: No feasible solution found, use SCIP default branching rule
_____________________________________
Now starting branching with general disjunction
Current branching Node number: 1410
Relpscost reduced domain, skip general disjunction branching
_____________________________________
Now starting branching with general disjunction
Current branching Node number: 335
Relpscost reduced domain, skip general disjunction branching
_____________________________________
Now starting branching with general disjunction
Current branching Node number: 335
LP objective value: 180286
Node lower bound: 180286
Node upper bound: 180400
gap to the primal bound: 0.647489
Preck submodel is infeasible, continue branching
General disjunction: No feasible solution found, use SCIP default branching rule
*1391m|  1117 |   257 |183185 |  78.2 |    LP  |  31 | 449 |6226 | 543 | 223 |  1 |  11k|3886 | 1.095000e+05 | 1.802860e+05 |  64.64%| unknown
_____________________________________
Now starting branching with general disjunction
Current branching Node number: 816
LP objective value: 153000
Node lower bound: 153000
Node upper bound: 180286
gap to the primal bound: 0.646447
Preck submodel is infeasible, continue branching
General disjunction: No feasible solution found, use SCIP default branching rule
_____________________________________
Now starting branching with general disjunction
Current branching Node number: 1415
LP objective value: 153000
Node lower bound: 153000
Node upper bound: 180286
gap to the primal bound: 0.646447
Preck submodel is infeasible, continue branching
General disjunction: No feasible solution found, use SCIP default branching rule
_____________________________________
Now starting branching with general disjunction
Current branching Node number: 1417
LP objective value: 159667
Node lower bound: 159667
Node upper bound: 180286
gap to the primal bound: 0.646447
Preck submodel is infeasible, continue branching
General disjunction: No feasible solution found, use SCIP default branching rule
_____________________________________
Now starting branching with general disjunction
Current branching Node number: 1419
LP objective value: 159667
Node lower bound: 159667
Node upper bound: 180286
gap to the primal bound: 0.646447
Preck submodel is infeasible, continue branching
Time limit exceeded (1086.56s), stopping submodel solve loop
General disjunction: No feasible solution found, use SCIP default branching rule
_____________________________________
Now starting branching with general disjunction
Current branching Node number: 1421
Relpscost reduced domain, skip general disjunction branching
_____________________________________
Now starting branching with general disjunction
Current branching Node number: 1421
LP objective value: 161429
Node lower bound: 161429
Node upper bound: 180286
gap to the primal bound: 0.646447
Preck submodel is infeasible, continue branching
General disjunction: No feasible solution found, use SCIP default branching rule
_____________________________________
Now starting branching with general disjunction
Current branching Node number: 1416
LP objective value: 153000
Node lower bound: 153000
Node upper bound: 180286
gap to the primal bound: 0.646447
Preck submodel is infeasible, continue branching
General disjunction: No feasible solution found, use SCIP default branching rule
_____________________________________
Now starting branching with general disjunction
Current branching Node number: 1425
Relpscost reduced domain, skip general disjunction branching
_____________________________________
Now starting branching with general disjunction
Current branching Node number: 1425
LP objective value: 153000
Node lower bound: 153000
Node upper bound: 180286
gap to the primal bound: 0.646447
Preck submodel is infeasible, continue branching
General disjunction: No feasible solution found, use SCIP default branching rule
_____________________________________
Now starting branching with general disjunction
Current branching Node number: 1427
LP objective value: 179500
Node lower bound: 179500
Node upper bound: 180286
gap to the primal bound: 0.646447
Preck submodel is infeasible, continue branching
Time limit exceeded (1073.46s), stopping submodel solve loop
General disjunction: No feasible solution found, use SCIP default branching rule
_____________________________________
Now starting branching with general disjunction
Current branching Node number: 1429
Relpscost reduced domain, skip general disjunction branching
_____________________________________
Now starting branching with general disjunction
Current branching Node number: 1429
LP objective value: 179500
Node lower bound: 179500
Node upper bound: 180286
gap to the primal bound: 0.646447
Preck submodel is infeasible, continue branching
General disjunction: No feasible solution found, use SCIP default branching rule
_____________________________________
Now starting branching with general disjunction
Current branching Node number: 1431
LP objective value: 179500
Node lower bound: 179500
Node upper bound: 180286
gap to the primal bound: 0.646447
Preck submodel is infeasible, continue branching
Time limit exceeded (1123.68s), stopping submodel solve loop
General disjunction: No feasible solution found, use SCIP default branching rule

SCIP Status        : solving was interrupted [time limit reached]
Solving Time (sec) : 86765.09
Solving Nodes      : 1127 (total of 2340 nodes in 2 runs)
Primal Bound       : +1.80286000000000e+05 (13 solutions)
Dual Bound         : +1.09500000000000e+05
Gap                : 64.64 %

primal solution:
================

objective value:                               180286
z                                              180286 	(obj:1)
x#1#3                                               1 	(obj:0)
x#1#7                                               1 	(obj:0)
x#2#3                                               1 	(obj:0)
x#2#5                                               1 	(obj:0)
x#3#6                                               1 	(obj:0)
x#3#8                                               1 	(obj:0)
x#4#2                                               1 	(obj:0)
x#4#8                                               1 	(obj:0)
x#5#6                                               1 	(obj:0)
x#5#7                                               1 	(obj:0)
x#6#4                                               1 	(obj:0)
x#6#1                                               1 	(obj:0)
x#7#2                                               1 	(obj:0)
x#7#4                                               1 	(obj:0)
x#8#5                                               1 	(obj:0)
x#8#1                                               1 	(obj:0)
f#1#1#3                                        149000 	(obj:0)
f#1#1#7                                         85000 	(obj:0)
f#1#3#6                                         64000 	(obj:0)
f#1#3#8                                         42000 	(obj:0)
f#1#6#4                                         23000 	(obj:0)
f#1#7#2                                         24000 	(obj:0)
f#1#8#5                                         21000 	(obj:0)
f#2#2#3                                         41000 	(obj:0)
f#2#2#5                                         60000 	(obj:0)
f#2#3#6                                         18000 	(obj:0)
f#2#3#8                                         23000 	(obj:0)
f#2#5#7                                         39000 	(obj:0)
f#3#1#7                                         42000 	(obj:0)
f#3#3#6                                         41286 	(obj:0)
f#3#3#8                                        102714 	(obj:0)
f#3#6#4                                         20000 	(obj:0)
f#3#6#1                                         21286 	(obj:0)
f#3#8#5                                         44000 	(obj:0)
f#3#8#1                                         36714 	(obj:0)
f#4#2#3                                         75000 	(obj:0)
f#4#2#5                                         79856 	(obj:0)
f#4#3#6                                         57000 	(obj:0)
f#4#4#2                                        174856 	(obj:0)
f#4#4#8                                         87144 	(obj:0)
f#4#5#7                                         43000 	(obj:0)
f#4#8#5                                          3144 	(obj:0)
f#4#8#1                                         42000 	(obj:0)
f#5#5#6                                        123000 	(obj:0)
f#5#5#7                                         60000 	(obj:0)
f#5#6#4                                         40000 	(obj:0)
f#6#1#3                                         11286 	(obj:0)
f#6#1#7                                         51572 	(obj:0)
f#6#2#3                                             2 	(obj:0)
f#6#2#5                                         18000 	(obj:0)
f#6#3#8                                         11288 	(obj:0)
f#6#4#2                                          5430 	(obj:0)
f#6#4#8                                         29712 	(obj:0)
f#6#6#4                                         72142 	(obj:0)
f#6#6#1                                        122858 	(obj:0)
f#6#7#2                                         30572 	(obj:0)
f#7#2#3                                          1284 	(obj:0)
f#7#2#5                                         18286 	(obj:0)
f#7#3#8                                          1284 	(obj:0)
f#7#4#8                                         63430 	(obj:0)
f#7#5#6                                         18286 	(obj:0)
f#7#6#1                                         18286 	(obj:0)
f#7#7#2                                         19570 	(obj:0)
f#7#7#4                                         63430 	(obj:0)
f#7#8#1                                          3714 	(obj:0)
f#8#1#3                                         20000 	(obj:0)
f#8#1#7                                          1714 	(obj:0)
f#8#5#6                                         39000 	(obj:0)
f#8#5#7                                         38286 	(obj:0)
f#8#6#4                                         19000 	(obj:0)
f#8#8#5                                         94286 	(obj:0)
f#8#8#1                                         21714 	(obj:0)

Statistics
==========

SCIP Status        : solving was interrupted [time limit reached]
Total Time         :   86765.13
  solving          :   86765.09
  presolving       :       0.05 (included in solving)
  reading          :       0.04
  copying          :       0.51 (77 #copies) (minimal 0.00, maximal 0.01, average 0.01)
Original Problem   :
  Problem name     : /scratch/htc/yzhou/qoblib/qoblib-quantum-optimization-benchmarking-library/08-network/models/integer_lp/test/network08.lp
  Variables        : 449 (0 binary, 449 integer, 0 implicit integer, 0 continuous)
  Constraints      : 520 initial, 520 maximal
  Objective        : minimize, 1 non-zeros (abs.min = 1, abs.max = 1)
Presolved Problem  :
  Problem name     : t_/scratch/htc/yzhou/qoblib/qoblib-quantum-optimization-benchmarking-library/08-network/models/integer_lp/test/network08.lp
  Variables        : 449 (56 binary, 393 integer, 0 implicit integer, 0 continuous)
  Constraints      : 5647 initial, 6680 maximal
  Objective        : minimize, 1 non-zeros (abs.min = 1, abs.max = 1)
  Nonzeros         : 172474 constraint, 0 clique table
Presolvers         :   ExecTime  SetupTime  Calls  FixedVars   AggrVars   ChgTypes  ChgBounds   AddHoles    DelCons    AddCons   ChgSides   ChgCoefs
  boundshift       :       0.00       0.00      0          0          0          0          0          0          0          0          0          0
  convertinttobin  :       0.00       0.00      0          0          0          0          0          0          0          0          0          0
  domcol           :       0.00       0.00      2          0          0          0          0          0          0          0          0          0
  dualagg          :       0.00       0.00      0          0          0          0          0          0          0          0          0          0
  dualcomp         :       0.00       0.00      0          0          0          0          0          0          0          0          0          0
  dualinfer        :       0.00       0.00      0          0          0          0          0          0          0          0          0          0
  dualsparsify     :       0.00       0.00      1          0          0          0          0          0          0          0          0          0
  gateextraction   :       0.00       0.00      0          0          0          0          0          0          0          0          0          0
  implics          :       0.00       0.00      5          0          0          0          0          0          0          0          0          0
  inttobinary      :       0.00       0.00      7          0          0          0          0          0          0          0          0          0
  qpkktref         :       0.00       0.00      0          0          0          0          0          0          0          0          0          0
  redvub           :       0.00       0.00      0          0          0          0          0          0          0          0          0          0
  sparsify         :       0.00       0.00      1          0          0          0          0          0          0          0          0          0
  stuffing         :       0.00       0.00      0          0          0          0          0          0          0          0          0          0
  trivial          :       0.00       0.00      7          0          0          0          0          0          0          0          0          0
  tworowbnd        :       0.00       0.00      0          0          0          0          0          0          0          0          0          0
  dualfix          :       0.00       0.00      7          0          0          0          0          0          0          0          0          0
  genvbounds       :       0.00       0.00      0          0          0          0          0          0          0          0          0          0
  probing          :       0.00       0.00      1          0          0          0          0          0          0          0          0          0
  pseudoobj        :       0.00       0.00      1          0          0          0          0          0          0          0          0          0
  symmetry         :       0.00       0.00      1          0          0          0          0          0          0          0          0          0
  vbounds          :       0.00       0.00      0          0          0          0          0          0          0          0          0          0
  varbound         :       0.00       0.00     10          0          0          0          0          0         29          0          0        784
  linear           :       0.01       0.00     11          0          0          0        399          0          6          0          0         29
  logicor          :       0.00       0.00      9          0          0          0          0          0        127          0          0          9
  bounddisjunction :       0.01       0.00      5          0          0          0          0          0          5          5          0          0
  benders          :       0.00       0.00      0          0          0          0          0          0          0          0          0          0
  components       :       0.01       0.00      2          0          0          0          0          0          0          0          0          0
  root node        :          -          -      -          0          -          -       1193          -          -          -          -          -
Constraints        :     Number  MaxNumber  #Separate #Propagate    #EnfoLP    #EnfoRelax  #EnfoPS    #Check   #ResProp    Cutoffs    DomReds       Cuts    Applied      Conss   Children
  benderslp        :          0          0          0          0       2383          0          2        198          0          0          0          0          0          0          0
  integral         :          0          0          0          0       2383          0          0        198          0         13       2861          0          0       7009       3706
  varbound         :        392        392         23      33594          0          0          2        192     103242         40      41160          0          0          0          0
  linear           :        148+       155         23      34383          5          0          1         20      21635        118      44971          0          0          0          0
  logicor          :        134+       256         22       5108          0          0          0          0        378         46        122          0          0          0          0
  bounddisjunction :       4973+      5906          0      17947          0          0          0          0       1083        225        861          0          0          0          0
  benders          :          0          0          0          0          5          0          2          9          0          0          0          0          0          0          0
  fixedvar         :          0          0          0          0          5          0          2          9          0          0          0          0          0          0          0
  countsols        :          0          0          0          0          5          0          2          9          0          0          0          0          0          0          0
  components       :          0          0          0          0          0          0          0          0          0          0          0          0          0          0          0
Constraint Timings :  TotalTime  SetupTime   Separate  Propagate     EnfoLP     EnfoPS     EnfoRelax   Check    ResProp    SB-Prop
  benderslp        :       0.00       0.00       0.00       0.00       0.00       0.00       0.00       0.00       0.00       0.00
  integral         :   86752.84       0.00       0.00       0.00   86752.84       0.00       0.00       0.00       0.00       0.00
  varbound         :       0.25       0.00       0.00       0.15       0.00       0.00       0.00       0.00       0.02       0.08
  linear           :       0.35       0.00       0.02       0.21       0.00       0.00       0.00       0.00       0.01       0.10
  logicor          :       0.02       0.00       0.00       0.01       0.00       0.00       0.00       0.00       0.00       0.00
  bounddisjunction :       0.47       0.00       0.00       0.37       0.00       0.00       0.00       0.00       0.00       0.09
  benders          :       0.00       0.00       0.00       0.00       0.00       0.00       0.00       0.00       0.00       0.00
  fixedvar         :       0.00       0.00       0.00       0.00       0.00       0.00       0.00       0.00       0.00       0.00
  countsols        :       0.00       0.00       0.00       0.00       0.00       0.00       0.00       0.00       0.00       0.00
  components       :       0.00       0.00       0.00       0.00       0.00       0.00       0.00       0.00       0.00       0.00
Propagators        : #Propagate   #ResProp    Cutoffs    DomReds
  dualfix          :          7          0          0          0
  genvbounds       :          0          0          0          0
  nlobbt           :          0          0          0          0
  obbt             :          0          0          0          0
  probing          :          0          0          0          0
  pseudoobj        :      12878          2          0         74
  redcost          :       6800          0          0      30724
  rootredcost      :         13          0          0          3
  symmetry         :          0          0          0          0
  vbounds          :       9361          0          0          0
Propagator Timings :  TotalTime  SetupTime   Presolve  Propagate    ResProp    SB-Prop
  dualfix          :       0.00       0.00       0.00       0.00       0.00       0.00
  genvbounds       :       0.00       0.00       0.00       0.00       0.00       0.00
  nlobbt           :       0.00       0.00       0.00       0.00       0.00       0.00
  obbt             :       0.00       0.00       0.00       0.00       0.00       0.00
  probing          :       0.00       0.00       0.00       0.00       0.00       0.00
  pseudoobj        :       0.01       0.00       0.00       0.01       0.00       0.00
  redcost          :       0.08       0.00       0.00       0.08       0.00       0.00
  rootredcost      :       0.01       0.00       0.00       0.00       0.00       0.00
  symmetry         :       0.01       0.00       0.00       0.00       0.00       0.00
  vbounds          :       0.01       0.00       0.00       0.01       0.00       0.00
Symmetry           :
  orbitopal red.   :          0 reductions applied,          0 cutoffs
  orbital reduction:          0 reductions applied,          0 cutoffs
  lexicographic red:          0 reductions applied,          0 cutoffs
  shadow tree time :       0.00 s
Conflict Analysis  :       Time      Calls    Success    DomReds  Conflicts   Literals    Reconvs ReconvLits   Dualrays   Nonzeros   LP Iters   (pool size: [10000,10000])
  propagation      :       0.01        380        307          -       1541       38.0          1       15.0          -          -          -
  infeasible LP    :       0.02        170        112          -       1120       46.1          0        0.0         14       29.6          0
  bound exceed. LP :       0.50       1706       1382          -      17388       46.3         20       26.4         16       52.7       3742
  strong branching :       0.00          0          0          -          0        0.0          0        0.0          -          -          0
  pseudo solution  :       0.00          2          2          -          2        1.0          0        0.0          -          -          -
  applied globally :       0.01          -          -          0      11033       35.0          -          -         30          -          -
  applied locally  :          -          -          -          0          7       77.1          -          -          0          -          -
Separators         :   ExecTime  SetupTime      Calls  RootCalls    Cutoffs    DomReds  FoundCuts ViaPoolAdd  DirectAdd    Applied ViaPoolApp  DirectApp      Conss
  cut pool         :       0.09          -        910         43          -          -       3899      54999          -          -          -          -          -    (maximal pool size:       1550)
  aggregation      :       0.06       0.00        316         23          0          0         16        353          0         64         64          0          0
  > cmir           :          -          -          -          -          -          -          -         62          0          9          9          0          -
  > flowcover      :          -          -          -          -          -          -          -        291          0         55         55          0          -
  > knapsackcover  :          -          -          -          -          -          -          -          0          0          0          0          0          -
  cgmip            :       0.00       0.00          0          0          0          0          0          0          0          0          0          0          0
  clique           :       0.00       0.00          2          2          0          0          0          0          0          0          0          0          0
  closecuts        :       0.00       0.00          0          0          0          0          0          0          0          0          0          0          0
  convexproj       :       0.00       0.00          0          0          0          0          0          0          0          0          0          0          0
  disjunctive      :       0.00       0.00          0          0          0          0          0          0          0          0          0          0          0
  eccuts           :       0.00       0.00          0          0          0          0          0          0          0          0          0          0          0
  gauge            :       0.00       0.00          0          0          0          0          0          0          0          0          0          0          0
  gomory           :       4.36       0.00        308         20          0          0       3168      41565          0       3883       3883          0          0
  > gomorymi       :          -          -          -          -          -          -          -       9457          0       1290       1290          0          -
  > strongcg       :          -          -          -          -          -          -          -      32108          0       2593       2593          0          -
  impliedbounds    :       0.01       0.00        316         23          0          0        530       9611          0       2075       2075          0          0
  interminor       :       0.00       0.00          0          0          0          0          0          0          0          0          0          0          0
  intobj           :       0.00       0.00          0          0          0          0          0          0          0          0          0          0          0
  lagromory        :       0.00       0.00          0          0          0          0          0          0          0          0          0          0          0
  mcf              :       0.00       0.00          5          5          0          0          0          0          0          0          0          0          0
  minor            :       0.00       0.00          0          0          0          0          0          0          0          0          0          0          0
  mixing           :       0.00       0.00        316         23          0          0          0          0          0          0          0          0          0
  oddcycle         :       0.00       0.00          0          0          0          0          0          0          0          0          0          0          0
  rapidlearning    :       1.30       0.00         63          2          0       4329          0          0          0          0          0          0          2
  rlt              :       0.00       0.00         20         20          0          0          0          0          0          0          0          0          0
  zerohalf         :       0.10       0.00        311         23          0          0        179       3470          0        153        153          0          0
Cutselectors       :   ExecTime  SetupTime      Calls  RootCalls   Selected     Forced   Filtered  RootSelec   RootForc   RootFilt 
  hybrid           :       0.03       0.00        478         22       6175          0      48824        251          0        484
  ensemble         :       0.00       0.00          0          0          0          0          0          0          0          0
  dynamic          :       0.00       0.00          0          0          0          0          0          0          0          0
Pricers            :   ExecTime  SetupTime      Calls       Vars
  problem variables:       0.00          -          0          0
Branching Rules    :   ExecTime  SetupTime   BranchLP  BranchExt   BranchPS    Cutoffs    DomReds       Cuts      Conss   Children
  allfullstrong    :       0.00       0.00          0          0          0          0          0          0          0          0
  cloud            :       0.00       0.00          0          0          0          0          0          0          0          0
  distribution     :       0.00       0.00          0          0          0          0          0          0          0          0
  fullstrong       :       0.00       0.00          0          0          0          0          0          0          0          0
  general_disjuncti:   86752.39       0.00       2378          0          0         13       2843          0       7262        174
  GeneralDisjunction(extra): subMILPs=61141 fairNodes of all MILPs=5428422 probingLPs=2870
  gomory           :       0.00       0.00          0          0          0          0          0          0          0          0
  inference        :       0.00       0.00          0          0          2          0          0          0          0          4
  leastinf         :       0.00       0.00          0          0          0          0          0          0          0          0
  lookahead        :       0.00       0.00          0          0          0          0          0          0          0          0
  mostinf          :       0.00       0.00          0          0          0          0          0          0          0          0
  multaggr         :       0.00       0.00          0          0          0          0          0          0          0          0
  nodereopt        :       0.00       0.00          0          0          0          0          0          0          0          0
  pscost           :       0.00       0.00          0          0          0          0          0          0          0          0
  random           :       0.00       0.00          0          0          0          0          0          0          0          0
  relpscost        :       0.44       0.00       1774          0          0          0         18          0         40       3532
  vanillafullstrong:       0.00       0.00          0          0          0          0          0          0          0          0
Primal Heuristics  :   ExecTime  SetupTime      Calls      Found       Best
  LP solutions     :       0.00          -          -          5          5
  relax solutions  :       0.00          -          -          0          0
  pseudo solutions :       0.00          -          -          0          0
  strong branching :       0.01          -          -          1          1
  actconsdiving    :       0.00       0.00          0          0          0
  adaptivediving   :       0.25       0.00         50          3          3
  alns             :       0.02       0.00          5          0          0
  bound            :       0.00       0.00          0          0          0
  clique           :       0.00       0.00          0          0          0
  coefdiving       :       0.00       0.00          0          0          0
  completesol      :       0.00       0.00          0          0          0
  conflictdiving   :       0.15       0.00         25          2          2
  crossover        :       0.07       0.00          2          0          0
  dins             :       0.00       0.00          0          0          0
  distributiondivin:       0.17       0.00         25          0          0
  dps              :       0.00       0.00          0          0          0
  dualval          :       0.00       0.00          0          0          0
  farkasdiving     :       0.00       0.00          0          0          0
  feaspump         :       0.15       0.00         11          0          0
  fixandinfer      :       0.00       0.00          0          0          0
  fracdiving       :       0.13       0.00         26          1          1
  gins             :       0.00       0.00          0          0          0
  guideddiving     :       0.13       0.00         25          0          0
  indicator        :       0.00       0.00          0          0          0
  indicatordiving  :       0.00       0.00          0          0          0
  intdiving        :       0.00       0.00          0          0          0
  intshifting      :       0.00       0.00          0          0          0
  linesearchdiving :       0.15       0.00         25          0          0
  localbranching   :       0.00       0.00          0          0          0
  locks            :       0.00       0.00          1          1          1
  lpface           :       0.00       0.00          0          0          0
  mpec             :       0.00       0.00          0          0          0
  multistart       :       0.00       0.00          0          0          0
  mutation         :       0.00       0.00          0          0          0
  nlpdiving        :       0.00       0.00          0          0          0
  objpscostdiving  :       0.11       0.00          4          0          0
  octane           :       0.00       0.00          0          0          0
  ofins            :       0.00       0.00          0          0          0
  oneopt           :       0.00       0.00         13          0          0
  padm             :       0.00       0.00          0          0          0
  proximity        :       0.00       0.00          0          0          0
  pscostdiving     :       0.12       0.00         26          0          0
  randrounding     :       0.03       0.00        198          0          0
  rens             :       0.02       0.00          2          0          0
  reoptsols        :       0.00       0.00          0          0          0
  repair           :       0.00       0.00          0          0          0
  rins             :       0.11       0.00          5          0          0
  rootsoldiving    :       0.12       0.00          8          0          0
  rounding         :       0.02       0.00        687          0          0
  scheduler        :       0.00       0.00          0          0          0
  shiftandpropagate:       0.00       0.00          0          0          0
  shifting         :       0.04       0.00        326          0          0
  simplerounding   :       0.01       0.00       4348          0          0
  subnlp           :       0.00       0.00          0          0          0
  trivial          :       0.00       0.00          4          0          0
  trivialnegation  :       0.00       0.00          0          0          0
  trustregion      :       0.00       0.00          0          0          0
  trysol           :       0.00       0.00          0          0          0
  twoopt           :       0.00       0.00          0          0          0
  undercover       :       0.00       0.00          0          0          0
  vbounds          :       0.00       0.00          0          0          0
  veclendiving     :       0.10       0.00         25          0          0
  zeroobj          :       0.00       0.00          0          0          0
  zirounding       :       0.02       0.00       1000          0          0
  other solutions  :          -          -          -          0          -
LNS (Scheduler)    :      Calls  SetupTime  SolveTime SolveNodes       Sols       Best       Exp3    Exp3-IX  EpsGreedy        UCB TgtFixRate  Opt  Inf Node Stal  Sol  Usr Othr Actv
  rens             :          0       0.00       0.00          0          0          0    0.00000    0.12500   -1.00000    1.00000      0.900    0    0    0    0    0    0    0    1
  rins             :          0       0.00       0.00          0          0          0    0.00000    0.12500   -1.00000    1.00000      0.900    0    0    0    0    0    0    0    1
  mutation         :          0       0.00       0.00          0          0          0    0.00000    0.12500   -1.00000    1.00000      0.900    0    0    0    0    0    0    0    1
  localbranching   :          0       0.00       0.00          0          0          0    0.00000    0.12500   -1.00000    1.00000      0.900    0    0    0    0    0    0    0    1
  crossover        :          0       0.00       0.00          0          0          0    0.00000    0.12500   -1.00000    1.00000      0.900    0    0    0    0    0    0    0    1
  proximity        :          0       0.00       0.00          0          0          0    0.00000    0.12500   -1.00000    1.00000      0.900    0    0    0    0    0    0    0    1
  zeroobjective    :          0       0.00       0.00          0          0          0    0.00000    0.12500   -1.00000    1.00000      0.900    0    0    0    0    0    0    0    1
  dins             :          0       0.00       0.00          0          0          0    0.00000    0.12500   -1.00000    1.00000      0.900    0    0    0    0    0    0    0    1
  trustregion      :          0       0.00       0.00          0          0          0    0.00000    0.00000   -1.00000    1.00000      0.900    0    0    0    0    0    0    0    0
LP                 :       Time      Calls Iterations  Iter/call   Iter/sec  Time-0-It Calls-0-It    ItLimit
  primal LP        :       0.24        186          0       0.00       0.00       0.24        186
  dual LP          :       2.43       4721      68401      21.91   28118.03       0.20       1599
  lex dual LP      :       0.00          0          0       0.00          -
  barrier LP       :       0.00          0          0       0.00          -       0.00          0
  resolve instable :       0.00          1          6       6.00          -
  diving/probing LP:       3.62       3877     115108      29.69   31825.33
  strong branching :       2.66       3913      63982      16.35   24089.35          -          -        604
    (at root node) :          -         69       6699      97.09          -
  conflict analysis:       0.15        439       3742       8.52   24795.25
B&B Tree           :
  number of runs   :          2
  nodes            :       1127 (716 internal, 411 leaves)
  feasible leaves  :          4
  infeas. leaves   :        122
  objective leaves :        285
  nodes (total)    :       2340 (1855 internal, 485 leaves)
  nodes left       :        267
  max depth        :         31
  max depth (total):         31
  backtracks       :        290 (25.7%)
  early backtracks :          0 (0.0%)
  nodes exc. ref.  :          0 (0.0%)
  delayed cutoffs  :         12
  repropagations   :        285 (2443 domain reductions, 7 cutoffs)
  avg switch length:       4.58
  switching time   :       0.52
Root Node          :
  First LP value   : +4.37142857142857e+04
  First LP Iters   :         86 (29665.40 Iter/sec)
  First LP Time    :       0.00
  Final Dual Bound : +1.09500000000000e+05
  Final Root Iters :        955
  Root LP Estimate : +2.78308285704249e+05
Solution           :
  Solutions found  :         13 (13 improvements)
  First Solution   : +3.34000000000000e+05   (in run 1, after 1 nodes, 0.03 seconds, depth 12, found by <locks>)
  Gap First Sol.   :   infinite
  Gap Last Sol.    :      64.64 %
  Primal Bound     : +1.80286000000000e+05   (in run 2, after 1117 nodes, 83465.35 seconds, depth 25, found by <relaxation>)
  Dual Bound       : +1.09500000000000e+05
  Gap              :      64.64 %
Integrals          :      Total       Avg%
  primal-dual      : 3536335.75      40.76
  primal-ref       :          -          - (not evaluated)
  dual-ref         :          -          - (not evaluated)
