SCIP version 9.2.2 [precision: 8 byte] [memory: block] [mode: optimized] [LP solver: CPLEX 12.10.0.0] [GitHash: 416226a4f8]
Copyright (c) 2002-2025 Zuse Institute Berlin (ZIB)

reading parameter file </scratch/htc/yzhou/exp_scipmip/settings/allon_gendj.set>

read problem </scratch/htc/yzhou/exp_scipmip/instances/additionals/roll3000.mps>
============

original problem has 1166 variables (246 bin, 492 int, 0 impl, 428 cont) and 2295 constraints
   2295 constraints of type <linear>
Reading Time: 0.03
solve problem
=============
LP Solver <CPLEX 12.10.0.0>: fastmip setting not available -- SCIP parameter has no effect
LP Solver <CPLEX 12.10.0.0>: clock type cannot be set
LP Solver <CPLEX 12.10.0.0>: row representation of the basis not available -- SCIP parameter lp/rowrepswitch has no effect
LP Solver <CPLEX 12.10.0.0>: solution polishing not available -- SCIP parameter lp/solutionpolishing has no effect
LP Solver <CPLEX 12.10.0.0>: refactorization interval not available -- SCIP parameter lp/refactorinterval has no effect
transformed problem has 1166 variables (246 bin, 492 int, 0 impl, 428 cont) and 2295 constraints
   2295 constraints of type <linear>

original problem has 29386 active (1.09814%) nonzeros and 29386 (1.09814%) check nonzeros

presolving:
(round 1, fast)       290 del vars, 591 del conss, 1 add conss, 629 chg bounds, 63 chg sides, 1754 chg coeffs, 0 upgd conss, 0 impls, 396 clqs
(round 2, fast)       290 del vars, 594 del conss, 1 add conss, 629 chg bounds, 164 chg sides, 2272 chg coeffs, 0 upgd conss, 0 impls, 396 clqs
(round 3, fast)       304 del vars, 594 del conss, 1 add conss, 629 chg bounds, 164 chg sides, 2272 chg coeffs, 0 upgd conss, 0 impls, 396 clqs
(round 4, exhaustive) 304 del vars, 914 del conss, 1 add conss, 629 chg bounds, 307 chg sides, 2272 chg coeffs, 0 upgd conss, 0 impls, 396 clqs
(round 5, exhaustive) 304 del vars, 914 del conss, 1 add conss, 629 chg bounds, 307 chg sides, 2272 chg coeffs, 565 upgd conss, 0 impls, 396 clqs
(round 6, medium)     304 del vars, 1073 del conss, 160 add conss, 629 chg bounds, 307 chg sides, 2272 chg coeffs, 565 upgd conss, 0 impls, 872 clqs
(round 7, exhaustive) 304 del vars, 1391 del conss, 319 add conss, 629 chg bounds, 307 chg sides, 2272 chg coeffs, 565 upgd conss, 0 impls, 872 clqs
(round 8, medium)     314 del vars, 1401 del conss, 319 add conss, 629 chg bounds, 307 chg sides, 2302 chg coeffs, 565 upgd conss, 0 impls, 842 clqs
(round 9, exhaustive) 314 del vars, 1415 del conss, 319 add conss, 629 chg bounds, 307 chg sides, 2302 chg coeffs, 565 upgd conss, 0 impls, 852 clqs
(round 10, exhaustive) 314 del vars, 1415 del conss, 319 add conss, 629 chg bounds, 307 chg sides, 2302 chg coeffs, 595 upgd conss, 0 impls, 852 clqs
(round 11, medium)     314 del vars, 1445 del conss, 349 add conss, 629 chg bounds, 307 chg sides, 2302 chg coeffs, 595 upgd conss, 0 impls, 942 clqs
(round 12, exhaustive) 314 del vars, 1505 del conss, 379 add conss, 629 chg bounds, 307 chg sides, 2302 chg coeffs, 595 upgd conss, 0 impls, 942 clqs
(round 13, medium)     344 del vars, 1505 del conss, 379 add conss, 629 chg bounds, 337 chg sides, 2332 chg coeffs, 595 upgd conss, 0 impls, 877 clqs
(round 14, fast)       344 del vars, 1510 del conss, 379 add conss, 629 chg bounds, 337 chg sides, 2332 chg coeffs, 595 upgd conss, 0 impls, 877 clqs
(round 15, exhaustive) 344 del vars, 1535 del conss, 379 add conss, 629 chg bounds, 337 chg sides, 2332 chg coeffs, 595 upgd conss, 0 impls, 877 clqs
   (0.1s) probing: 100/584 (17.1%) - 0 fixings, 0 aggregations, 846 implications, 0 bound changes
   (0.1s) probing: 200/584 (34.2%) - 0 fixings, 0 aggregations, 1522 implications, 0 bound changes
   (0.1s) probing: 300/584 (51.4%) - 0 fixings, 0 aggregations, 2235 implications, 0 bound changes
   (0.1s) probing: 400/584 (68.5%) - 0 fixings, 0 aggregations, 3615 implications, 0 bound changes
   (0.1s) probing: 500/584 (85.6%) - 0 fixings, 0 aggregations, 4708 implications, 0 bound changes
   (0.1s) probing cycle finished: starting next cycle
   (0.2s) symmetry computation started: requiring (bin +, int +, cont +), (fixed: bin -, int -, cont -)
   (0.2s) no symmetry present (symcode time: 0.00)
clique table cleanup detected 0 bound changes

presolved problem has 21330 active (2.27822%) nonzeros and 21330 (2.27822%) check nonzeros

presolving (16 rounds: 16 fast, 12 medium, 8 exhaustive):
 344 deleted vars, 1535 deleted constraints, 379 added constraints, 629 tightened bounds, 0 added holes, 337 changed sides, 2332 changed coefficients
 2862 implications, 3585 cliques
presolved problem has 822 variables (584 bin, 114 int, 104 impl, 20 cont) and 1139 constraints
    307 constraints of type <setppc>
    787 constraints of type <linear>
     45 constraints of type <logicor>
transformed objective value is always integral (scale: 1)
Presolving Time: 0.15

 time | node  | left  |LP iter|LP it/n|mem/heur|mdpt |vars |cons |rows |cuts |sepa|confs|strbr|  dualbound   | primalbound  |  gap   | compl. 
  0.2s|     1 |     0 |   587 |     - |    22M |   0 | 822 |1210 |1139 |   0 |  0 |  70 |   0 | 1.109805e+04 |      --      |    Inf | unknown
  0.4s|     1 |     0 |  1525 |     - |    26M |   0 | 822 |1212 |1161 |  22 |  1 |  72 |   0 | 1.116549e+04 |      --      |    Inf | unknown
  0.5s|     1 |     0 |  1718 |     - |    31M |   0 | 822 |1213 |1185 |  46 |  2 |  73 |   0 | 1.125201e+04 |      --      |    Inf | unknown
  0.5s|     1 |     0 |  2003 |     - |    35M |   0 | 822 |1213 |1200 |  61 |  3 |  73 |   0 | 1.155198e+04 |      --      |    Inf | unknown
  0.6s|     1 |     0 |  2236 |     - |    42M |   0 | 822 |1218 |1223 |  84 |  4 |  78 |   0 | 1.185210e+04 |      --      |    Inf | unknown
  0.7s|     1 |     0 |  2422 |     - |    45M |   0 | 822 |1219 |1239 | 100 |  5 |  79 |   0 | 1.200550e+04 |      --      |    Inf | unknown
  0.8s|     1 |     0 |  2546 |     - |    49M |   0 | 822 |1220 |1253 | 114 |  6 |  80 |   0 | 1.211777e+04 |      --      |    Inf | unknown
  0.8s|     1 |     0 |  2694 |     - |    55M |   0 | 822 |1221 |1270 | 131 |  7 |  81 |   0 | 1.219447e+04 |      --      |    Inf | unknown
  0.9s|     1 |     0 |  2772 |     - |    59M |   0 | 822 |1223 |1289 | 150 |  8 |  83 |   0 | 1.221939e+04 |      --      |    Inf | unknown
  1.0s|     1 |     0 |  2823 |     - |    64M |   0 | 822 |1224 |1299 | 160 |  9 |  84 |   0 | 1.222993e+04 |      --      |    Inf | unknown
  1.1s|     1 |     0 |  3000 |     - |    69M |   0 | 822 |1227 |1312 | 173 | 10 |  87 |   0 | 1.224930e+04 |      --      |    Inf | unknown
  1.2s|     1 |     0 |  3108 |     - |    69M |   0 | 822 |1228 |1326 | 187 | 11 |  88 |   0 | 1.226004e+04 |      --      |    Inf | unknown
  1.2s|     1 |     0 |  3191 |     - |    70M |   0 | 822 |1229 |1331 | 192 | 12 |  89 |   0 | 1.232111e+04 |      --      |    Inf | unknown
  1.3s|     1 |     0 |  3284 |     - |    70M |   0 | 822 |1230 |1315 | 199 | 13 |  90 |   0 | 1.234160e+04 |      --      |    Inf | unknown
  1.3s|     1 |     0 |  3375 |     - |    71M |   0 | 822 |1232 |1329 | 213 | 14 |  92 |   0 | 1.240434e+04 |      --      |    Inf | unknown
 time | node  | left  |LP iter|LP it/n|mem/heur|mdpt |vars |cons |rows |cuts |sepa|confs|strbr|  dualbound   | primalbound  |  gap   | compl. 
  1.4s|     1 |     0 |  3473 |     - |    71M |   0 | 822 |1234 |1343 | 227 | 15 |  94 |   0 | 1.243072e+04 |      --      |    Inf | unknown
  1.4s|     1 |     0 |  3564 |     - |    71M |   0 | 822 |1235 |1355 | 239 | 16 |  95 |   0 | 1.244039e+04 |      --      |    Inf | unknown
  1.4s|     1 |     0 |  3624 |     - |    71M |   0 | 822 |1235 |1366 | 250 | 17 |  95 |   0 | 1.244718e+04 |      --      |    Inf | unknown
  1.5s|     1 |     0 |  3655 |     - |    71M |   0 | 822 |1237 |1375 | 259 | 18 |  97 |   0 | 1.245289e+04 |      --      |    Inf | unknown
  1.5s|     1 |     0 |  3733 |     - |    71M |   0 | 822 |1240 |1338 | 265 | 19 | 100 |   0 | 1.247194e+04 |      --      |    Inf | unknown
  1.5s|     1 |     0 |  3767 |     - |    73M |   0 | 822 |1242 |1345 | 272 | 20 | 102 |   0 | 1.247529e+04 |      --      |    Inf | unknown
  1.6s|     1 |     0 |  3816 |     - |    73M |   0 | 822 |1245 |1352 | 279 | 21 | 105 |   0 | 1.248042e+04 |      --      |    Inf | unknown
  1.6s|     1 |     0 |  3860 |     - |    73M |   0 | 822 |1247 |1362 | 289 | 22 | 107 |   0 | 1.248475e+04 |      --      |    Inf | unknown
  1.6s|     1 |     0 |  3940 |     - |    73M |   0 | 822 |1247 |1368 | 295 | 23 | 107 |   0 | 1.249781e+04 |      --      |    Inf | unknown
  1.6s|     1 |     0 |  3980 |     - |    73M |   0 | 822 |1248 |1372 | 299 | 24 | 108 |   0 | 1.250207e+04 |      --      |    Inf | unknown
  1.7s|     1 |     0 |  4005 |     - |    73M |   0 | 822 |1249 |1334 | 303 | 25 | 109 |   0 | 1.250435e+04 |      --      |    Inf | unknown
  1.7s|     1 |     0 |  4036 |     - |    73M |   0 | 822 |1250 |1338 | 307 | 26 | 110 |   0 | 1.251594e+04 |      --      |    Inf | unknown
  1.7s|     1 |     0 |  4069 |     - |    73M |   0 | 822 |1255 |1341 | 310 | 27 | 115 |   0 | 1.252193e+04 |      --      |    Inf | unknown
  1.7s|     1 |     0 |  4076 |     - |    73M |   0 | 822 |1262 |1343 | 312 | 28 | 122 |   0 | 1.252255e+04 |      --      |    Inf | unknown
  1.7s|     1 |     0 |  4078 |     - |    73M |   0 | 822 |1264 |1345 | 314 | 29 | 124 |   0 | 1.252255e+04 |      --      |    Inf | unknown
 time | node  | left  |LP iter|LP it/n|mem/heur|mdpt |vars |cons |rows |cuts |sepa|confs|strbr|  dualbound   | primalbound  |  gap   | compl. 
  1.8s|     1 |     0 |  4080 |     - |    73M |   0 | 822 |1266 |1346 | 315 | 30 | 126 |   0 | 1.252259e+04 |      --      |    Inf | unknown
  1.8s|     1 |     0 |  4087 |     - |    73M |   0 | 822 |1270 |1315 | 316 | 31 | 130 |   0 | 1.252290e+04 |      --      |    Inf | unknown
L 2.4s|     1 |     0 |  7071 |     - |    rens|   0 | 822 |1286 |1315 | 316 | 32 | 146 |   0 | 1.252290e+04 | 1.378300e+04 |  10.06%| unknown
  2.4s|     1 |     0 |  7071 |     - |    73M |   0 | 822 |1286 |1315 | 316 | 32 | 146 |   0 | 1.252290e+04 | 1.378300e+04 |  10.06%| unknown
  2.4s|     1 |     0 |  7071 |     - |    73M |   0 | 822 |1288 |1313 | 316 | 32 | 148 |   0 | 1.252290e+04 | 1.378300e+04 |  10.06%| unknown
_____________________________________
Now starting branching with general disjunction
Current branching Node number: 1
LP objective value: 12522.9
Node lower bound: 12527.7
Node upper bound: 13783
gap to the primal bound: 0.100199
Preck submodel is infeasible, continue branching
Time limit exceeded (1000.13s), stopping submodel solve loop
General disjunction: No feasible solution found, use SCIP default branching rule
 1003s|     1 |     2 |  7071 |     - |    73M |   0 | 822 |1286 |1313 | 316 | 33 | 148 |  61 | 1.253507e+04 | 1.378300e+04 |   9.96%| unknown
_____________________________________
Now starting branching with general disjunction
Current branching Node number: 2
LP objective value: 12524.7
Node lower bound: 12535.1
Node upper bound: 13783
gap to the primal bound: 0.0995551
Preck submodel is infeasible, continue branching
Time limit exceeded (1000.13s), stopping submodel solve loop
General disjunction: No feasible solution found, use SCIP default branching rule
_____________________________________
Now starting branching with general disjunction
Current branching Node number: 2
LP objective value: 12524.7
Node lower bound: 12538.4
Node upper bound: 13783
gap to the primal bound: 0.0992609
Preck submodel is infeasible, continue branching
Time limit exceeded (1000.12s), stopping submodel solve loop
General disjunction: No feasible solution found, use SCIP default branching rule
_____________________________________
Now starting branching with general disjunction
Current branching Node number: 5
Relpscost reduced domain, skip general disjunction branching
_____________________________________
Now starting branching with general disjunction
Current branching Node number: 5
LP objective value: 13069.6
Node lower bound: 13073.4
Node upper bound: 13783
gap to the primal bound: 0.0992609
Preck submodel is infeasible, continue branching
Time limit exceeded (1000.11s), stopping submodel solve loop
General disjunction: No feasible solution found, use SCIP default branching rule
_____________________________________
Now starting branching with general disjunction
Current branching Node number: 5
Relpscost reduced domain, skip general disjunction branching
_____________________________________
Now starting branching with general disjunction
Current branching Node number: 5
Relpscost reduced domain, skip general disjunction branching
_____________________________________
Now starting branching with general disjunction
Current branching Node number: 5
Relpscost reduced domain, skip general disjunction branching
_____________________________________
Now starting branching with general disjunction
Current branching Node number: 5
LP objective value: 13071
Node lower bound: 13075.5
Node upper bound: 13783
gap to the primal bound: 0.0992609
Preck submodel is infeasible, continue branching
Time limit exceeded (1000.11s), stopping submodel solve loop
General disjunction: No feasible solution found, use SCIP default branching rule
_____________________________________
Now starting branching with general disjunction
Current branching Node number: 7
Relpscost reduced domain, skip general disjunction branching
_____________________________________
Now starting branching with general disjunction
Current branching Node number: 7
Relpscost reduced domain, skip general disjunction branching
_____________________________________
Now starting branching with general disjunction
Current branching Node number: 7
LP objective value: 13123.5
Node lower bound: 13126.2
Node upper bound: 13783
gap to the primal bound: 0.0992609
Preck submodel is infeasible, continue branching
Time limit exceeded (1000.13s), stopping submodel solve loop
General disjunction: No feasible solution found, use SCIP default branching rule
_____________________________________
Now starting branching with general disjunction
Current branching Node number: 9
Relpscost reduced domain, skip general disjunction branching
_____________________________________
Now starting branching with general disjunction
Current branching Node number: 9
Relpscost reduced domain, skip general disjunction branching
_____________________________________
Now starting branching with general disjunction
Current branching Node number: 9
Relpscost reduced domain, skip general disjunction branching
_____________________________________
Now starting branching with general disjunction
Current branching Node number: 9
Relpscost reduced domain, skip general disjunction branching
_____________________________________
Now starting branching with general disjunction
Current branching Node number: 9
Relpscost reduced domain, skip general disjunction branching
_____________________________________
Now starting branching with general disjunction
Current branching Node number: 8
LP objective value: 13124
Node lower bound: 13128
Node upper bound: 13783
gap to the primal bound: 0.0992609
Preck submodel is infeasible, continue branching
Time limit exceeded (1000.12s), stopping submodel solve loop
General disjunction: No feasible solution found, use SCIP default branching rule
_____________________________________
Now starting branching with general disjunction
Current branching Node number: 11
Relpscost reduced domain, skip general disjunction branching
_____________________________________
Now starting branching with general disjunction
Current branching Node number: 11
Relpscost reduced domain, skip general disjunction branching
_____________________________________
Now starting branching with general disjunction
Current branching Node number: 11
Relpscost reduced domain, skip general disjunction branching
_____________________________________
Now starting branching with general disjunction
Current branching Node number: 11
Relpscost reduced domain, skip general disjunction branching
_____________________________________
Now starting branching with general disjunction
Current branching Node number: 10
LP objective value: 13126.8
Node lower bound: 13129
Node upper bound: 13783
gap to the primal bound: 0.0992609
Preck submodel is infeasible, continue branching
Time limit exceeded (1000.12s), stopping submodel solve loop
General disjunction: No feasible solution found, use SCIP default branching rule
_____________________________________
Now starting branching with general disjunction
Current branching Node number: 10
LP objective value: 13126.8
Node lower bound: 13734.8
Node upper bound: 13783
gap to the primal bound: 0.0992609
Preck submodel is infeasible, continue branching
Time limit exceeded (1000.13s), stopping submodel solve loop
General disjunction: No feasible solution found, use SCIP default branching rule
_____________________________________
Now starting branching with general disjunction
Current branching Node number: 13
Relpscost reduced domain, skip general disjunction branching
_____________________________________
Now starting branching with general disjunction
Current branching Node number: 13
Relpscost reduced domain, skip general disjunction branching
_____________________________________
Now starting branching with general disjunction
Current branching Node number: 13
Relpscost reduced domain, skip general disjunction branching
_____________________________________
Now starting branching with general disjunction
Current branching Node number: 13
Relpscost reduced domain, skip general disjunction branching
_____________________________________
Now starting branching with general disjunction
Current branching Node number: 13
Relpscost reduced domain, skip general disjunction branching
_____________________________________
Now starting branching with general disjunction
Current branching Node number: 13
LP objective value: 13739.3
Node lower bound: 13740.5
Node upper bound: 13783
gap to the primal bound: 0.0992609
Preck submodel is infeasible, continue branching
Time limit exceeded (1000.12s), stopping submodel solve loop
General disjunction: No feasible solution found, use SCIP default branching rule
_____________________________________
Now starting branching with general disjunction
Current branching Node number: 14
Relpscost reduced domain, skip general disjunction branching
_____________________________________
Now starting branching with general disjunction
Current branching Node number: 14
Relpscost reduced domain, skip general disjunction branching
_____________________________________
Now starting branching with general disjunction
Current branching Node number: 14
Relpscost reduced domain, skip general disjunction branching
_____________________________________
Now starting branching with general disjunction
Current branching Node number: 14
LP objective value: 13741.4
Node lower bound: 13742.2
Node upper bound: 13783
gap to the primal bound: 0.0992609
Preck submodel is infeasible, continue branching
Time limit exceeded (1000.13s), stopping submodel solve loop
General disjunction: No feasible solution found, use SCIP default branching rule
_____________________________________
Now starting branching with general disjunction
Current branching Node number: 16
Relpscost reduced domain, skip general disjunction branching
_____________________________________
Now starting branching with general disjunction
Current branching Node number: 16
Relpscost reduced domain, skip general disjunction branching
_____________________________________
Now starting branching with general disjunction
Current branching Node number: 16
Relpscost reduced domain, skip general disjunction branching
_____________________________________
Now starting branching with general disjunction
Current branching Node number: 16
Relpscost reduced domain, skip general disjunction branching
_____________________________________
Now starting branching with general disjunction
Current branching Node number: 16
Relpscost reduced domain, skip general disjunction branching
_____________________________________
Now starting branching with general disjunction
Current branching Node number: 16
Relpscost reduced domain, skip general disjunction branching
_____________________________________
Now starting branching with general disjunction
Current branching Node number: 16
Relpscost reduced domain, skip general disjunction branching
_____________________________________
Now starting branching with general disjunction
Current branching Node number: 16
Relpscost reduced domain, skip general disjunction branching
_____________________________________
Now starting branching with general disjunction
Current branching Node number: 16
Relpscost reduced domain, skip general disjunction branching
_____________________________________
Now starting branching with general disjunction
Current branching Node number: 16
Relpscost reduced domain, skip general disjunction branching
_____________________________________
Now starting branching with general disjunction
Current branching Node number: 16
Relpscost reduced domain, skip general disjunction branching
_____________________________________
Now starting branching with general disjunction
Current branching Node number: 16
Relpscost reduced domain, skip general disjunction branching
_____________________________________
Now starting branching with general disjunction
Current branching Node number: 16
Relpscost reduced domain, skip general disjunction branching
_____________________________________
Now starting branching with general disjunction
Current branching Node number: 16
Relpscost reduced domain, skip general disjunction branching
_____________________________________
Now starting branching with general disjunction
Current branching Node number: 16
Relpscost reduced domain, skip general disjunction branching
_____________________________________
Now starting branching with general disjunction
Current branching Node number: 4
LP objective value: 12538.6
Node lower bound: 12549.6
Node upper bound: 13783
gap to the primal bound: 0.0983744
Preck submodel is infeasible, continue branching
Time limit exceeded (1000.12s), stopping submodel solve loop
General disjunction: No feasible solution found, use SCIP default branching rule
_____________________________________
Now starting branching with general disjunction
Current branching Node number: 4
LP objective value: 12538.7
Node lower bound: 12549.6
Node upper bound: 13783
gap to the primal bound: 0.0983744
Preck submodel is infeasible, continue branching
Time limit exceeded (1000.13s), stopping submodel solve loop
General disjunction: No feasible solution found, use SCIP default branching rule
_____________________________________
Now starting branching with general disjunction
Current branching Node number: 19
Relpscost reduced domain, skip general disjunction branching
_____________________________________
Now starting branching with general disjunction
Current branching Node number: 19
Relpscost reduced domain, skip general disjunction branching
_____________________________________
Now starting branching with general disjunction
Current branching Node number: 19
Relpscost reduced domain, skip general disjunction branching
_____________________________________
Now starting branching with general disjunction
Current branching Node number: 19
Relpscost reduced domain, skip general disjunction branching
_____________________________________
Now starting branching with general disjunction
Current branching Node number: 19
Relpscost reduced domain, skip general disjunction branching
_____________________________________
Now starting branching with general disjunction
Current branching Node number: 19
LP objective value: 13479.3
Node lower bound: 13487.7
Node upper bound: 13783
gap to the primal bound: 0.0983744
Preck submodel is infeasible, continue branching
Time limit exceeded (1000.13s), stopping submodel solve loop
General disjunction: No feasible solution found, use SCIP default branching rule
_____________________________________
Now starting branching with general disjunction
Current branching Node number: 21
Relpscost reduced domain, skip general disjunction branching
_____________________________________
Now starting branching with general disjunction
Current branching Node number: 21
LP objective value: 13575.4
Node lower bound: 13576
Node upper bound: 13783
gap to the primal bound: 0.0983744
Preck submodel is infeasible, continue branching
Time limit exceeded (1000.12s), stopping submodel solve loop
General disjunction: No feasible solution found, use SCIP default branching rule
_____________________________________
Now starting branching with general disjunction
Current branching Node number: 23
Relpscost reduced domain, skip general disjunction branching
_____________________________________
Now starting branching with general disjunction
Current branching Node number: 23
Relpscost reduced domain, skip general disjunction branching
_____________________________________
Now starting branching with general disjunction
Current branching Node number: 23
Relpscost reduced domain, skip general disjunction branching
_____________________________________
Now starting branching with general disjunction
Current branching Node number: 23
Relpscost reduced domain, skip general disjunction branching
_____________________________________
Now starting branching with general disjunction
Current branching Node number: 23
Relpscost reduced domain, skip general disjunction branching
_____________________________________
Now starting branching with general disjunction
Current branching Node number: 23
LP objective value: 13658.8
Node lower bound: 13663.5
Node upper bound: 13783
gap to the primal bound: 0.0983744
Preck submodel is infeasible, continue branching
General disjunction: Both Children are added
_____________________________________
Now starting branching with general disjunction
Current branching Node number: 18
LP objective value: 12549.6
Node lower bound: 12553.7
Node upper bound: 13783
gap to the primal bound: 0.0983744
Preck submodel is infeasible, continue branching
Time limit exceeded (1000.13s), stopping submodel solve loop
General disjunction: No feasible solution found, use SCIP default branching rule
_____________________________________
Now starting branching with general disjunction
Current branching Node number: 27
Relpscost reduced domain, skip general disjunction branching
_____________________________________
Now starting branching with general disjunction
Current branching Node number: 27
LP objective value: 12833.6
Node lower bound: 12834.8
Node upper bound: 13783
gap to the primal bound: 0.0983744
Preck submodel is infeasible, continue branching
Time limit exceeded (1000.12s), stopping submodel solve loop
General disjunction: No feasible solution found, use SCIP default branching rule
_____________________________________
Now starting branching with general disjunction
Current branching Node number: 29
Relpscost reduced domain, skip general disjunction branching
_____________________________________
Now starting branching with general disjunction
Current branching Node number: 29
Relpscost reduced domain, skip general disjunction branching
_____________________________________
Now starting branching with general disjunction
Current branching Node number: 29
LP objective value: 13280
Node lower bound: 13288.5
Node upper bound: 13783
gap to the primal bound: 0.0983744
Preck submodel is infeasible, continue branching
Time limit exceeded (1000.13s), stopping submodel solve loop
General disjunction: No feasible solution found, use SCIP default branching rule
_____________________________________
Now starting branching with general disjunction
Current branching Node number: 31
LP objective value: 13290.9
Node lower bound: 13300
Node upper bound: 13783
gap to the primal bound: 0.0983744
Preck submodel is infeasible, continue branching
Time limit exceeded (1000.12s), stopping submodel solve loop
General disjunction: No feasible solution found, use SCIP default branching rule
_____________________________________
Now starting branching with general disjunction
Current branching Node number: 33
LP objective value: 13379
Node lower bound: 13393.7
Node upper bound: 13783
gap to the primal bound: 0.0983744
Preck submodel is infeasible, continue branching
Time limit exceeded (1000.13s), stopping submodel solve loop
General disjunction: No feasible solution found, use SCIP default branching rule
_____________________________________
Now starting branching with general disjunction
Current branching Node number: 35
Relpscost reduced domain, skip general disjunction branching
_____________________________________
Now starting branching with general disjunction
Current branching Node number: 35
Relpscost reduced domain, skip general disjunction branching
_____________________________________
Now starting branching with general disjunction
Current branching Node number: 35
Relpscost reduced domain, skip general disjunction branching
_____________________________________
Now starting branching with general disjunction
Current branching Node number: 35
Relpscost reduced domain, skip general disjunction branching
_____________________________________
Now starting branching with general disjunction
Current branching Node number: 35
Relpscost reduced domain, skip general disjunction branching
_____________________________________
Now starting branching with general disjunction
Current branching Node number: 35
LP objective value: 13455.5
Node lower bound: 13505.6
Node upper bound: 13783
gap to the primal bound: 0.0983744
Preck submodel is infeasible, continue branching
Time limit exceeded (1000.12s), stopping submodel solve loop
General disjunction: No feasible solution found, use SCIP default branching rule
_____________________________________
Now starting branching with general disjunction
Current branching Node number: 35
Relpscost reduced domain, skip general disjunction branching
_____________________________________
Now starting branching with general disjunction
Current branching Node number: 35
LP objective value: 13455.5
Node lower bound: 13505.6
Node upper bound: 13783
gap to the primal bound: 0.0983744
Preck submodel is infeasible, continue branching
Time limit exceeded (1000.12s), stopping submodel solve loop
General disjunction: No feasible solution found, use SCIP default branching rule
_____________________________________
Now starting branching with general disjunction
Current branching Node number: 37
Relpscost reduced domain, skip general disjunction branching
_____________________________________
Now starting branching with general disjunction
Current branching Node number: 37
LP objective value: 13514.3
Node lower bound: 13517.3
Node upper bound: 13783
gap to the primal bound: 0.0983744
Preck submodel is infeasible, continue branching
Time limit exceeded (1000.12s), stopping submodel solve loop
General disjunction: No feasible solution found, use SCIP default branching rule
_____________________________________
Now starting branching with general disjunction
Current branching Node number: 26
LP objective value: 12584.5
Node lower bound: 12589.2
Node upper bound: 13783
gap to the primal bound: 0.0983744
Preck submodel is infeasible, continue branching
Time limit exceeded (1000.12s), stopping submodel solve loop
General disjunction: No feasible solution found, use SCIP default branching rule
_____________________________________
Now starting branching with general disjunction
Current branching Node number: 41
Relpscost reduced domain, skip general disjunction branching
_____________________________________
Now starting branching with general disjunction
Current branching Node number: 41
Relpscost reduced domain, skip general disjunction branching
_____________________________________
Now starting branching with general disjunction
Current branching Node number: 41
LP objective value: 12693.1
Node lower bound: 12695.9
Node upper bound: 13783
gap to the primal bound: 0.0983744
Preck submodel is infeasible, continue branching
Time limit exceeded (1000.12s), stopping submodel solve loop
General disjunction: No feasible solution found, use SCIP default branching rule
_____________________________________
Now starting branching with general disjunction
Current branching Node number: 43
Relpscost reduced domain, skip general disjunction branching
_____________________________________
Now starting branching with general disjunction
Current branching Node number: 43
LP objective value: 12754.3
Node lower bound: 12755.2
Node upper bound: 13783
gap to the primal bound: 0.0983744
Preck submodel is infeasible, continue branching
Time limit exceeded (1000.12s), stopping submodel solve loop
General disjunction: No feasible solution found, use SCIP default branching rule
_____________________________________
Now starting branching with general disjunction
Current branching Node number: 45
LP objective value: 12901.9
Node lower bound: 12902.9
Node upper bound: 13783
gap to the primal bound: 0.0983744
Preck submodel is infeasible, continue branching
Time limit exceeded (1000.12s), stopping submodel solve loop
General disjunction: No feasible solution found, use SCIP default branching rule
_____________________________________
Now starting branching with general disjunction
Current branching Node number: 47
LP objective value: 13057.7
Node lower bound: 13058.6
Node upper bound: 13783
gap to the primal bound: 0.0983744
Preck submodel is infeasible, continue branching
Time limit exceeded (1000.11s), stopping submodel solve loop
General disjunction: No feasible solution found, use SCIP default branching rule
_____________________________________
Now starting branching with general disjunction
Current branching Node number: 49
Relpscost reduced domain, skip general disjunction branching
_____________________________________
Now starting branching with general disjunction
Current branching Node number: 49
LP objective value: 13205.2
Node lower bound: 13205.4
Node upper bound: 13783
gap to the primal bound: 0.0983744
Preck submodel is infeasible, continue branching
Time limit exceeded (1000.12s), stopping submodel solve loop
General disjunction: No feasible solution found, use SCIP default branching rule
_____________________________________
Now starting branching with general disjunction
Current branching Node number: 50
Relpscost reduced domain, skip general disjunction branching
_____________________________________
Now starting branching with general disjunction
Current branching Node number: 50
Relpscost reduced domain, skip general disjunction branching
_____________________________________
Now starting branching with general disjunction
Current branching Node number: 50
Relpscost reduced domain, skip general disjunction branching
_____________________________________
Now starting branching with general disjunction
Current branching Node number: 50
LP objective value: 13477.3
Node lower bound: 13479
Node upper bound: 13783
gap to the primal bound: 0.0983744
Preck submodel is infeasible, continue branching
Time limit exceeded (1000.13s), stopping submodel solve loop
General disjunction: No feasible solution found, use SCIP default branching rule
_____________________________________
Now starting branching with general disjunction
Current branching Node number: 53
LP objective value: 13540.9
Node lower bound: 13540.9
Node upper bound: 13783
gap to the primal bound: 0.0983744
Preck submodel is infeasible, continue branching
Time limit exceeded (1000.12s), stopping submodel solve loop
General disjunction: No feasible solution found, use SCIP default branching rule
_____________________________________
Now starting branching with general disjunction
Current branching Node number: 55
Relpscost reduced domain, skip general disjunction branching
_____________________________________
Now starting branching with general disjunction
Current branching Node number: 55
LP objective value: 13556.7
Node lower bound: 13557.2
Node upper bound: 13783
gap to the primal bound: 0.0983744
Preck submodel is infeasible, continue branching
Time limit exceeded (1000.11s), stopping submodel solve loop
General disjunction: No feasible solution found, use SCIP default branching rule
_____________________________________
Now starting branching with general disjunction
Current branching Node number: 56
Relpscost reduced domain, skip general disjunction branching
_____________________________________
Now starting branching with general disjunction
Current branching Node number: 56
LP objective value: 13557.3
Node lower bound: 13557.5
Node upper bound: 13783
gap to the primal bound: 0.0983744
Preck submodel is infeasible, continue branching
Time limit exceeded (1000.11s), stopping submodel solve loop
General disjunction: No feasible solution found, use SCIP default branching rule
_____________________________________
Now starting branching with general disjunction
Current branching Node number: 58
LP objective value: 13561
Node lower bound: 13605.6
Node upper bound: 13783
gap to the primal bound: 0.0983744
Preck submodel is infeasible, continue branching
Time limit exceeded (1000.11s), stopping submodel solve loop
General disjunction: No feasible solution found, use SCIP default branching rule
_____________________________________
Now starting branching with general disjunction
Current branching Node number: 61
Relpscost reduced domain, skip general disjunction branching
_____________________________________
Now starting branching with general disjunction
Current branching Node number: 61
Relpscost reduced domain, skip general disjunction branching
_____________________________________
Now starting branching with general disjunction
Current branching Node number: 61
LP objective value: 13616.3
Node lower bound: 13616.3
Node upper bound: 13783
gap to the primal bound: 0.0983744
Preck submodel is infeasible, continue branching
Time limit exceeded (1000.12s), stopping submodel solve loop
General disjunction: No feasible solution found, use SCIP default branching rule
_____________________________________
Now starting branching with general disjunction
Current branching Node number: 62
LP objective value: 13631.4
Node lower bound: 13631.4
Node upper bound: 13783
gap to the primal bound: 0.0983744
Preck submodel is infeasible, continue branching
Time limit exceeded (1000.11s), stopping submodel solve loop
General disjunction: No feasible solution found, use SCIP default branching rule
_____________________________________
Now starting branching with general disjunction
Current branching Node number: 40
LP objective value: 12585
Node lower bound: 12589.2
Node upper bound: 13783
gap to the primal bound: 0.0983744
Preck submodel is infeasible, continue branching
Time limit exceeded (1000.1s), stopping submodel solve loop
General disjunction: No feasible solution found, use SCIP default branching rule
_____________________________________
Now starting branching with general disjunction
Current branching Node number: 66
LP objective value: 12586.4
Node lower bound: 12589.2
Node upper bound: 13783
gap to the primal bound: 0.0983744
Preck submodel is infeasible, continue branching
Time limit exceeded (1000.1s), stopping submodel solve loop
General disjunction: No feasible solution found, use SCIP default branching rule
_____________________________________
Now starting branching with general disjunction
Current branching Node number: 69
LP objective value: 12755.7
Node lower bound: 12757.6
Node upper bound: 13783
gap to the primal bound: 0.0983744
Preck submodel is infeasible, continue branching
Time limit exceeded (1000.11s), stopping submodel solve loop
General disjunction: No feasible solution found, use SCIP default branching rule
_____________________________________
Now starting branching with general disjunction
Current branching Node number: 71
LP objective value: 12928.6
Node lower bound: 12930.5
Node upper bound: 13783
gap to the primal bound: 0.0983744
Preck submodel is infeasible, continue branching
Time limit exceeded (1000.11s), stopping submodel solve loop
General disjunction: No feasible solution found, use SCIP default branching rule
_____________________________________
Now starting branching with general disjunction
Current branching Node number: 73
Relpscost reduced domain, skip general disjunction branching
_____________________________________
Now starting branching with general disjunction
Current branching Node number: 73
LP objective value: 13216.9
Node lower bound: 13217.1
Node upper bound: 13783
gap to the primal bound: 0.0983744
Preck submodel is infeasible, continue branching
Time limit exceeded (1000.11s), stopping submodel solve loop
General disjunction: No feasible solution found, use SCIP default branching rule
_____________________________________
Now starting branching with general disjunction
Current branching Node number: 75
Relpscost reduced domain, skip general disjunction branching
_____________________________________
Now starting branching with general disjunction
Current branching Node number: 75
LP objective value: 13368.1
Node lower bound: 13370.1
Node upper bound: 13783
gap to the primal bound: 0.0983744
Preck submodel is infeasible, continue branching
Time limit exceeded (1000.11s), stopping submodel solve loop
General disjunction: No feasible solution found, use SCIP default branching rule
_____________________________________
Now starting branching with general disjunction
Current branching Node number: 77
Relpscost reduced domain, skip general disjunction branching
_____________________________________
Now starting branching with general disjunction
Current branching Node number: 77
Relpscost reduced domain, skip general disjunction branching
_____________________________________
Now starting branching with general disjunction
Current branching Node number: 76
LP objective value: 13368.7
Node lower bound: 13370.2
Node upper bound: 13783
gap to the primal bound: 0.0983744
Preck submodel is infeasible, continue branching
Time limit exceeded (1000.1s), stopping submodel solve loop
General disjunction: No feasible solution found, use SCIP default branching rule
_____________________________________
Now starting branching with general disjunction
Current branching Node number: 79
Relpscost reduced domain, skip general disjunction branching
_____________________________________
Now starting branching with general disjunction
Current branching Node number: 79
Relpscost reduced domain, skip general disjunction branching
_____________________________________
Now starting branching with general disjunction
Current branching Node number: 79
LP objective value: 13534.9
Node lower bound: 13538.1
Node upper bound: 13783
gap to the primal bound: 0.0983744
Preck submodel is infeasible, continue branching
Time limit exceeded (1000.1s), stopping submodel solve loop
General disjunction: No feasible solution found, use SCIP default branching rule
_____________________________________
Now starting branching with general disjunction
Current branching Node number: 81
Relpscost reduced domain, skip general disjunction branching
_____________________________________
Now starting branching with general disjunction
Current branching Node number: 81
Relpscost reduced domain, skip general disjunction branching
_____________________________________
Now starting branching with general disjunction
Current branching Node number: 81
Relpscost reduced domain, skip general disjunction branching
_____________________________________
Now starting branching with general disjunction
Current branching Node number: 81
Relpscost reduced domain, skip general disjunction branching
_____________________________________
Now starting branching with general disjunction
Current branching Node number: 81
LP objective value: 13673.7
Node lower bound: 13676.6
Node upper bound: 13783
gap to the primal bound: 0.0983744
Preck submodel is infeasible, continue branching
Time limit exceeded (1000.11s), stopping submodel solve loop
General disjunction: No feasible solution found, use SCIP default branching rule
_____________________________________
Now starting branching with general disjunction
Current branching Node number: 82
LP objective value: 13673.7
Node lower bound: 13681.9
Node upper bound: 13783
gap to the primal bound: 0.0983744
Preck submodel is infeasible, continue branching
Time limit exceeded (1000.11s), stopping submodel solve loop
General disjunction: No feasible solution found, use SCIP default branching rule
_____________________________________
Now starting branching with general disjunction
Current branching Node number: 82
Relpscost reduced domain, skip general disjunction branching
_____________________________________
Now starting branching with general disjunction
Current branching Node number: 82
Relpscost reduced domain, skip general disjunction branching
_____________________________________
Now starting branching with general disjunction
Current branching Node number: 70
LP objective value: 12780.3
Node lower bound: 12845.3
Node upper bound: 13783
gap to the primal bound: 0.0983744
Preck submodel is infeasible, continue branching
Time limit exceeded (1000.11s), stopping submodel solve loop
General disjunction: No feasible solution found, use SCIP default branching rule
_____________________________________
Now starting branching with general disjunction
Current branching Node number: 85
LP objective value: 12957.2
Node lower bound: 12957.4
Node upper bound: 13783
gap to the primal bound: 0.0983744
Preck submodel is infeasible, continue branching
Time limit exceeded (1000.11s), stopping submodel solve loop
General disjunction: No feasible solution found, use SCIP default branching rule
_____________________________________
Now starting branching with general disjunction
Current branching Node number: 87
Relpscost reduced domain, skip general disjunction branching
_____________________________________
Now starting branching with general disjunction
Current branching Node number: 87
Relpscost reduced domain, skip general disjunction branching
_____________________________________
Now starting branching with general disjunction
Current branching Node number: 87
LP objective value: 13302
Node lower bound: 13302.5
Node upper bound: 13783
gap to the primal bound: 0.0983744
Preck submodel is infeasible, continue branching
Time limit exceeded (1000.11s), stopping submodel solve loop
General disjunction: No feasible solution found, use SCIP default branching rule
_____________________________________
Now starting branching with general disjunction
Current branching Node number: 89
LP objective value: 13302.7
Node lower bound: 13305.7
Node upper bound: 13783
gap to the primal bound: 0.0983744
Preck submodel is infeasible, continue branching
Time limit exceeded (1000.11s), stopping submodel solve loop
General disjunction: No feasible solution found, use SCIP default branching rule
_____________________________________
Now starting branching with general disjunction
Current branching Node number: 91
LP objective value: 13509.9
Node lower bound: 13512.5
Node upper bound: 13783
gap to the primal bound: 0.0983744
Preck submodel is infeasible, continue branching
Time limit exceeded (1000.11s), stopping submodel solve loop
General disjunction: No feasible solution found, use SCIP default branching rule
_____________________________________
Now starting branching with general disjunction
Current branching Node number: 93
Relpscost reduced domain, skip general disjunction branching
_____________________________________
Now starting branching with general disjunction
Current branching Node number: 93
Relpscost reduced domain, skip general disjunction branching
_____________________________________
Now starting branching with general disjunction
Current branching Node number: 93
LP objective value: 13569.9
Node lower bound: 13570
Node upper bound: 13783
gap to the primal bound: 0.0983744
Preck submodel is infeasible, continue branching
Time limit exceeded (1000.1s), stopping submodel solve loop
General disjunction: No feasible solution found, use SCIP default branching rule
_____________________________________
Now starting branching with general disjunction
Current branching Node number: 94
LP objective value: 13570.3
Node lower bound: 13571.9
Node upper bound: 13783
gap to the primal bound: 0.0983744
Preck submodel is infeasible, continue branching
Time limit exceeded (1000.1s), stopping submodel solve loop
General disjunction: No feasible solution found, use SCIP default branching rule
_____________________________________
Now starting branching with general disjunction
Current branching Node number: 96
Relpscost reduced domain, skip general disjunction branching
_____________________________________
Now starting branching with general disjunction
Current branching Node number: 96
LP objective value: 13576.4
Node lower bound: 13576.5
Node upper bound: 13783
gap to the primal bound: 0.0983744
Preck submodel is infeasible, continue branching
Time limit exceeded (1000.11s), stopping submodel solve loop
General disjunction: No feasible solution found, use SCIP default branching rule
_____________________________________
Now starting branching with general disjunction
Current branching Node number: 99
LP objective value: 13609.6
Node lower bound: 13611.2
Node upper bound: 13783
gap to the primal bound: 0.0983744
Preck submodel is infeasible, continue branching
Time limit exceeded (1000.11s), stopping submodel solve loop
General disjunction: No feasible solution found, use SCIP default branching rule
_____________________________________
Now starting branching with general disjunction
Current branching Node number: 101
Relpscost reduced domain, skip general disjunction branching
_____________________________________
Now starting branching with general disjunction
Current branching Node number: 101
LP objective value: 13721.1
Node lower bound: 13721.1
Node upper bound: 13783
gap to the primal bound: 0.0983744
Preck submodel is infeasible, continue branching
Time limit exceeded (1000.11s), stopping submodel solve loop
General disjunction: No feasible solution found, use SCIP default branching rule
_____________________________________
Now starting branching with general disjunction
Current branching Node number: 102
LP objective value: 13724.9
Node lower bound: 13725.4
Node upper bound: 13783
gap to the primal bound: 0.0983744
Preck submodel is infeasible, continue branching
Time limit exceeded (1000.11s), stopping submodel solve loop
General disjunction: No feasible solution found, use SCIP default branching rule
_____________________________________
Now starting branching with general disjunction
Current branching Node number: 68
LP objective value: 12594.8
Node lower bound: 12597.7
Node upper bound: 13783
gap to the primal bound: 0.0983744
Preck submodel is infeasible, continue branching
Time limit exceeded (1000.12s), stopping submodel solve loop
General disjunction: No feasible solution found, use SCIP default branching rule
_____________________________________
Now starting branching with general disjunction
Current branching Node number: 107
LP objective value: 13130.8
Node lower bound: 13131.2
Node upper bound: 13783
gap to the primal bound: 0.0983744
Preck submodel is infeasible, continue branching
Time limit exceeded (1000.12s), stopping submodel solve loop
General disjunction: No feasible solution found, use SCIP default branching rule
_____________________________________
Now starting branching with general disjunction
Current branching Node number: 109
LP objective value: 13304
Node lower bound: 13304.3
Node upper bound: 13783
gap to the primal bound: 0.0983744
Preck submodel is infeasible, continue branching
Time limit exceeded (1000.11s), stopping submodel solve loop
General disjunction: No feasible solution found, use SCIP default branching rule
_____________________________________
Now starting branching with general disjunction
Current branching Node number: 111
LP objective value: 13691.5
Node lower bound: 13691.5
Node upper bound: 13783
gap to the primal bound: 0.0983744
Preck submodel is infeasible, continue branching
Time limit exceeded (1000.11s), stopping submodel solve loop
General disjunction: No feasible solution found, use SCIP default branching rule
_____________________________________
Now starting branching with general disjunction
Current branching Node number: 112
LP objective value: 13693.3
Node lower bound: 13697.9
Node upper bound: 13783
gap to the primal bound: 0.0983744
Preck submodel is infeasible, continue branching
Time limit exceeded (1000.1s), stopping submodel solve loop
General disjunction: No feasible solution found, use SCIP default branching rule
_____________________________________
Now starting branching with general disjunction
Current branching Node number: 115
LP objective value: 13695.8
Node lower bound: 13697.9
Node upper bound: 13783
gap to the primal bound: 0.0983744
Preck submodel is infeasible, continue branching
Time limit exceeded (1000.11s), stopping submodel solve loop
General disjunction: No feasible solution found, use SCIP default branching rule
_____________________________________
Now starting branching with general disjunction
Current branching Node number: 117
LP objective value: 13748.9
Node lower bound: 13750.5
Node upper bound: 13783
gap to the primal bound: 0.0983744
Preck submodel is infeasible, continue branching
Time limit exceeded (1000.12s), stopping submodel solve loop
General disjunction: No feasible solution found, use SCIP default branching rule
_____________________________________
Now starting branching with general disjunction
Current branching Node number: 118
Relpscost reduced domain, skip general disjunction branching
_____________________________________
Now starting branching with general disjunction
Current branching Node number: 118
LP objective value: 13767.7
Node lower bound: 13767.7
Node upper bound: 13783
gap to the primal bound: 0.0983744
Preck submodel is infeasible, continue branching
Time limit exceeded (1000.12s), stopping submodel solve loop
General disjunction: No feasible solution found, use SCIP default branching rule
_____________________________________
Now starting branching with general disjunction
Current branching Node number: 120
Relpscost reduced domain, skip general disjunction branching
_____________________________________
Now starting branching with general disjunction
Current branching Node number: 120
Relpscost reduced domain, skip general disjunction branching
_____________________________________
Now starting branching with general disjunction
Current branching Node number: 120
LP objective value: 13772.6
Node lower bound: 13772.6
Node upper bound: 13783
gap to the primal bound: 0.0983744
Preck submodel is infeasible, continue branching
Time limit exceeded (1000.1s), stopping submodel solve loop
General disjunction: No feasible solution found, use SCIP default branching rule
_____________________________________
Now starting branching with general disjunction
Current branching Node number: 122
LP objective value: 13776.3
Node lower bound: 13776.3
Node upper bound: 13783
gap to the primal bound: 0.0983744
Preck submodel is infeasible, continue branching
Time limit exceeded (1000.11s), stopping submodel solve loop
General disjunction: No feasible solution found, use SCIP default branching rule
_____________________________________
Now starting branching with general disjunction
Current branching Node number: 124
Relpscost reduced domain, skip general disjunction branching
_____________________________________
Now starting branching with general disjunction
Current branching Node number: 124
LP objective value: 13780.6
Node lower bound: 13780.6
Node upper bound: 13783
gap to the primal bound: 0.0983744
Preck submodel is infeasible, continue branching
Time limit exceeded (1000.12s), stopping submodel solve loop
General disjunction: No feasible solution found, use SCIP default branching rule
_____________________________________
Now starting branching with general disjunction
Current branching Node number: 3
LP objective value: 12589
Node lower bound: 12589
Node upper bound: 13783
gap to the primal bound: 0.0948404
Preck submodel is infeasible, continue branching
Time limit exceeded (1000.11s), stopping submodel solve loop
General disjunction: No feasible solution found, use SCIP default branching rule
_____________________________________
Now starting branching with general disjunction
Current branching Node number: 128
LP objective value: 12589.1
Node lower bound: 12589.1
Node upper bound: 13783
gap to the primal bound: 0.0948404
Preck submodel is infeasible, continue branching
Time limit exceeded (1000.1s), stopping submodel solve loop
General disjunction: No feasible solution found, use SCIP default branching rule
_____________________________________
Now starting branching with general disjunction
Current branching Node number: 131
Relpscost reduced domain, skip general disjunction branching
_____________________________________
Now starting branching with general disjunction
Current branching Node number: 131
LP objective value: 12753.4
Node lower bound: 12797.1
Node upper bound: 13783
gap to the primal bound: 0.0948404
Preck submodel is infeasible, continue branching
Time limit exceeded (1000.1s), stopping submodel solve loop
General disjunction: No feasible solution found, use SCIP default branching rule
_____________________________________
Now starting branching with general disjunction
Current branching Node number: 133
Relpscost reduced domain, skip general disjunction branching
_____________________________________
Now starting branching with general disjunction
Current branching Node number: 133
LP objective value: 13061.9
Node lower bound: 13063.7
Node upper bound: 13783
gap to the primal bound: 0.0948404
Preck submodel is infeasible, continue branching
Time limit exceeded (1000.1s), stopping submodel solve loop
General disjunction: No feasible solution found, use SCIP default branching rule
_____________________________________
Now starting branching with general disjunction
Current branching Node number: 135
LP objective value: 13131.7
Node lower bound: 13132.3
Node upper bound: 13783
gap to the primal bound: 0.0948404
Preck submodel is infeasible, continue branching
Time limit exceeded (1000.1s), stopping submodel solve loop
General disjunction: No feasible solution found, use SCIP default branching rule
_____________________________________
Now starting branching with general disjunction
Current branching Node number: 136
LP objective value: 13132.7
Node lower bound: 13132.7
Node upper bound: 13783
gap to the primal bound: 0.0948404
Preck submodel is infeasible, continue branching
Time limit exceeded (1000.11s), stopping submodel solve loop
General disjunction: No feasible solution found, use SCIP default branching rule
_____________________________________
Now starting branching with general disjunction
Current branching Node number: 139
LP objective value: 13408.7
Node lower bound: 13408.7
Node upper bound: 13783
gap to the primal bound: 0.0948404
Preck submodel is infeasible, continue branching
Time limit exceeded (1000.11s), stopping submodel solve loop
General disjunction: No feasible solution found, use SCIP default branching rule
_____________________________________
Now starting branching with general disjunction
Current branching Node number: 141
LP objective value: 13419.9
Node lower bound: 13420.8
Node upper bound: 13783
gap to the primal bound: 0.0948404
Preck submodel is infeasible, continue branching
Time limit exceeded (1000.11s), stopping submodel solve loop
General disjunction: No feasible solution found, use SCIP default branching rule
_____________________________________
Now starting branching with general disjunction
Current branching Node number: 143
LP objective value: 13445
Node lower bound: 13445.4
Node upper bound: 13783
gap to the primal bound: 0.0948404
Preck submodel is infeasible, continue branching
Time limit exceeded (1000.11s), stopping submodel solve loop
General disjunction: No feasible solution found, use SCIP default branching rule
_____________________________________
Now starting branching with general disjunction
Current branching Node number: 145
LP objective value: 13700.9
Node lower bound: 13701.7
Node upper bound: 13783
gap to the primal bound: 0.0948404
Preck submodel is infeasible, continue branching
Time limit exceeded (1000.11s), stopping submodel solve loop
General disjunction: No feasible solution found, use SCIP default branching rule
 1313m|   100 |    47 | 18085 | 141.4 |   117M |  19 | 822 |1503 |1335 | 696 | 12 | 396 |1483 | 1.258905e+04 | 1.378300e+04 |   9.48%|   7.73%
_____________________________________
Now starting branching with general disjunction
Current branching Node number: 146
LP objective value: 13701.9
Node lower bound: 13702.7
Node upper bound: 13783
gap to the primal bound: 0.0948404
Preck submodel is infeasible, continue branching
Time limit exceeded (1000.11s), stopping submodel solve loop
General disjunction: No feasible solution found, use SCIP default branching rule
_____________________________________
Now starting branching with general disjunction
Current branching Node number: 149
Relpscost reduced domain, skip general disjunction branching
_____________________________________
Now starting branching with general disjunction
Current branching Node number: 149
LP objective value: 13704.5
Node lower bound: 13704.5
Node upper bound: 13783
gap to the primal bound: 0.0948404
Preck submodel is infeasible, continue branching
Time limit exceeded (1000.11s), stopping submodel solve loop
General disjunction: No feasible solution found, use SCIP default branching rule
_____________________________________
Now starting branching with general disjunction
Current branching Node number: 106
LP objective value: 12606.4
Node lower bound: 12606.4
Node upper bound: 13783
gap to the primal bound: 0.0948404
Preck submodel is infeasible, continue branching
Time limit exceeded (1000.11s), stopping submodel solve loop
General disjunction: No feasible solution found, use SCIP default branching rule
_____________________________________
Now starting branching with general disjunction
Current branching Node number: 153
LP objective value: 12806.1
Node lower bound: 12807.6
Node upper bound: 13783
gap to the primal bound: 0.0948404
Preck submodel is infeasible, continue branching
Time limit exceeded (1000.11s), stopping submodel solve loop
General disjunction: No feasible solution found, use SCIP default branching rule
_____________________________________
Now starting branching with general disjunction
Current branching Node number: 155
LP objective value: 12963.9
Node lower bound: 12974.2
Node upper bound: 13783
gap to the primal bound: 0.0948404
Preck submodel is infeasible, continue branching
Time limit exceeded (1000.14s), stopping submodel solve loop
General disjunction: No feasible solution found, use SCIP default branching rule
_____________________________________
Now starting branching with general disjunction
Current branching Node number: 157
LP objective value: 13265.7
Node lower bound: 13266.6
Node upper bound: 13783
gap to the primal bound: 0.0948404
Preck submodel is infeasible, continue branching
Time limit exceeded (1000.13s), stopping submodel solve loop
General disjunction: No feasible solution found, use SCIP default branching rule
_____________________________________
Now starting branching with general disjunction
Current branching Node number: 159
LP objective value: 13618.7
Node lower bound: 13618.9
Node upper bound: 13783
gap to the primal bound: 0.0948404
Preck submodel is infeasible, continue branching
Time limit exceeded (1000.13s), stopping submodel solve loop
General disjunction: No feasible solution found, use SCIP default branching rule
_____________________________________
Now starting branching with general disjunction
Current branching Node number: 161
Relpscost reduced domain, skip general disjunction branching
_____________________________________
Now starting branching with general disjunction
Current branching Node number: 161
LP objective value: 13666.6
Node lower bound: 13666.6
Node upper bound: 13783
gap to the primal bound: 0.0948404
Preck submodel is infeasible, continue branching
Time limit exceeded (1000.13s), stopping submodel solve loop
General disjunction: No feasible solution found, use SCIP default branching rule

SCIP Status        : solving was interrupted [time limit reached]
Solving Time (sec) : 86786.67
Solving Nodes      : 109
Primal Bound       : +1.37830000000000e+04 (1 solutions)
Dual Bound         : +1.25890493886601e+04
Gap                : 9.48 %

primal solution:
================

objective value:                                13783
x973                                                1 	(obj:0)
x966                                                1 	(obj:0)
x963                                                1 	(obj:0)
x961                                                1 	(obj:0)
x955                                                1 	(obj:0)
x953                                                1 	(obj:0)
x949                                                1 	(obj:0)
x946                                                1 	(obj:0)
x944                                                1 	(obj:0)
x940                                                1 	(obj:0)
x934                                                1 	(obj:0)
x932                                                1 	(obj:0)
x929                                                1 	(obj:0)
x925                                                1 	(obj:0)
x922                                                1 	(obj:0)
x917                                                1 	(obj:0)
x914                                                1 	(obj:0)
x910                                                1 	(obj:0)
x907                                                1 	(obj:0)
x904                                                1 	(obj:0)
x900                                                1 	(obj:0)
x897                                                1 	(obj:0)
x889                                                1 	(obj:0)
x883                                                1 	(obj:0)
x881                                                1 	(obj:0)
x871                                                1 	(obj:0)
x862                                                1 	(obj:0)
x859                                                1 	(obj:0)
x857                                                1 	(obj:0)
x850                                                1 	(obj:0)
x846                                                1 	(obj:0)
x842                                                1 	(obj:0)
x838                                                1 	(obj:0)
x833                                                1 	(obj:0)
x830                                                1 	(obj:0)
x823                                                1 	(obj:0)
x822                                                1 	(obj:0)
x816                                                1 	(obj:0)
x795                                                1 	(obj:0)
x794                                                1 	(obj:0)
x791                                                1 	(obj:0)
x771                                                1 	(obj:0)
x769                                                1 	(obj:0)
x759                                                1 	(obj:0)
x755                                                1 	(obj:0)
x742                                                1 	(obj:0)
x741                                                1 	(obj:0)
x717                                                1 	(obj:0)
x703                                                1 	(obj:0)
x697                                                1 	(obj:0)
x692                                                1 	(obj:0)
x686                                                1 	(obj:0)
x682                                                1 	(obj:0)
x675                                                1 	(obj:0)
x668                                                1 	(obj:0)
x665                                                1 	(obj:0)
x657                                                1 	(obj:0)
x645                                                1 	(obj:0)
x640                                                1 	(obj:0)
x634                                                1 	(obj:0)
x626                                                1 	(obj:0)
x621                                                1 	(obj:0)
x611                                                1 	(obj:0)
x604                                                1 	(obj:0)
x596                                                1 	(obj:0)
x590                                                1 	(obj:0)
x584                                                1 	(obj:0)
x576                                                1 	(obj:0)
x570                                                1 	(obj:0)
x554                                                1 	(obj:0)
x542                                                1 	(obj:0)
x538                                                1 	(obj:0)
x519                                                1 	(obj:0)
x500                                                1 	(obj:0)
x495                                                1 	(obj:0)
x490                                                1 	(obj:0)
x477                                                1 	(obj:0)
x469                                                1 	(obj:0)
x461                                                1 	(obj:0)
x453                                                1 	(obj:0)
x443                                                1 	(obj:0)
x437                                                1 	(obj:0)
x423                                                1 	(obj:0)
x421                                                1 	(obj:0)
x409                                                1 	(obj:0)
x367                                                1 	(obj:0)
x365                                                1 	(obj:0)
x358                                                1 	(obj:0)
x319                                                1 	(obj:0)
x314                                                1 	(obj:0)
x294                                                1 	(obj:0)
x286                                                1 	(obj:0)
x261                                                1 	(obj:0)
x259                                                1 	(obj:0)
x23                                                 5 	(obj:0)
x33                                                 3 	(obj:0)
x63                                                10 	(obj:0)
x87                                                 7 	(obj:0)
x119                                               11 	(obj:0)
x138                                                3 	(obj:0)
x139                                               30 	(obj:0)
x142                                               67 	(obj:0)
x148                                               66 	(obj:0)
x152                                              158 	(obj:0)
x159                                              138 	(obj:0)
x163                                              185 	(obj:0)
x164                                               61 	(obj:0)
x169                                              280 	(obj:0)
x173                                              187 	(obj:0)
x174                                               32 	(obj:0)
x182                                              212 	(obj:0)
x192                                               63 	(obj:0)
x202                                              246 	(obj:0)
x211                                              197 	(obj:0)
x215                                               99 	(obj:0)
x220                                              337 	(obj:0)
x224                                              114 	(obj:0)
x229                                              238 	(obj:0)
x233                                               10 	(obj:0)
x238                                               95 	(obj:0)
x1                                              13783 	(obj:1)
x2                                              13783 	(obj:0)
x3                                                 36 	(obj:0)
x4                                               2818 	(obj:0)
x5                                               2223 	(obj:0)
x982                                                2 	(obj:0)
x983                                                2 	(obj:0)
x988                                                2 	(obj:0)
x989                                                2 	(obj:0)
x990                                                1 	(obj:0)
x991                                                8 	(obj:0)
x993                                                2 	(obj:0)
x994                                                2 	(obj:0)
x997                                                1 	(obj:0)
x998                                                1 	(obj:0)
x1000                                               3 	(obj:0)
x1001                                               1 	(obj:0)
x1005                                               1 	(obj:0)
x1007                                               4 	(obj:0)
x1008                                               1 	(obj:0)
x1009                                               1 	(obj:0)
x1012                                               1 	(obj:0)
x1014                                               5 	(obj:0)
x1015                                               2 	(obj:0)
x1016                                               1 	(obj:0)
x1017                                               1 	(obj:0)
x1018                                               2 	(obj:0)
x1019                                               1 	(obj:0)
x1021                                               5 	(obj:0)
x1022                                               1 	(obj:0)
x1024                                               1 	(obj:0)
x1025                                               3 	(obj:0)
x1026                                               1 	(obj:0)
x1028                                               5 	(obj:0)
x1031                                               1 	(obj:0)
x1032                                               4 	(obj:0)
x1033                                               1 	(obj:0)
x1035                                               5 	(obj:0)
x1037                                               2 	(obj:0)
x1040                                               4 	(obj:0)
x1041                                               6 	(obj:0)
x1042                                               1 	(obj:0)
x1046                                               5 	(obj:0)
x1047                                               5 	(obj:0)
x1048                                               2 	(obj:0)
x1050                                               1 	(obj:0)
x1052                                               5 	(obj:0)
x1053                                               3 	(obj:0)
x1054                                               2 	(obj:0)
x1056                                               1 	(obj:0)
x1058                                               5 	(obj:0)
x1059                                               2 	(obj:0)
x1060                                               1 	(obj:0)
x1061                                               1 	(obj:0)
x1062                                               1 	(obj:0)
x1064                                               1 	(obj:0)
x1065                                               1 	(obj:0)
x1066                                               2 	(obj:0)
x1067                                               6 	(obj:0)
x1068                                               7 	(obj:0)
x1069                                               2 	(obj:0)
x1073                                               4 	(obj:0)
x1074                                               5 	(obj:0)
x1076                                               6 	(obj:0)
x1077                                               1 	(obj:0)
x1078                                               2 	(obj:0)
x1079                                               4 	(obj:0)
x1080                                               3 	(obj:0)
x1081                                               1 	(obj:0)
x1082                                               3 	(obj:0)
x1084                                               1 	(obj:0)
x1085                                               2 	(obj:0)
x1086                                               2 	(obj:0)
x1087                                               3 	(obj:0)
x1088                                               2 	(obj:0)
x1089                                               2 	(obj:0)
x1091                                               1 	(obj:0)
x1092                                               2 	(obj:0)
x1093                                               1 	(obj:0)
x1094                                               2 	(obj:0)
x1095                                               2 	(obj:0)
x1099                                               2 	(obj:0)
x1100                                               4 	(obj:0)
x1102                                               1 	(obj:0)
x1103                                               2 	(obj:0)
x1104                                               1 	(obj:0)
x1106                                               3 	(obj:0)
x1107                                               3 	(obj:0)
x1110                                               2 	(obj:0)
x1111                                               2 	(obj:0)
x1113                                               4 	(obj:0)
x1117                                               2 	(obj:0)
x1118                                               2 	(obj:0)
x1120                                               5 	(obj:0)
x1125                                               3 	(obj:0)
x1126                                               6 	(obj:0)
x1127                                               2 	(obj:0)
x1131                                               3 	(obj:0)
x1132                                               5 	(obj:0)
x1133                                               2 	(obj:0)
x1137                                               3 	(obj:0)
x1138                                               4 	(obj:0)
x1139                                               2 	(obj:0)
x1140                                               1 	(obj:0)
x1141                                               1 	(obj:0)
x1143                                               3 	(obj:0)
x1144                                               2 	(obj:0)
x1145                                               2 	(obj:0)
x1146                                               1 	(obj:0)
x1147                                               1 	(obj:0)
x1150                                               1 	(obj:0)
x1151                                               1 	(obj:0)
x1152                                               5 	(obj:0)
x1153                                               2 	(obj:0)
x1155                                               7 	(obj:0)
x1157                                               5 	(obj:0)
x1158                                               1 	(obj:0)
x1159                                               3 	(obj:0)
x1160                                               8 	(obj:0)
x1161                                               1 	(obj:0)
x1162                                               2 	(obj:0)
x1163                                               2 	(obj:0)
x1164                                               2 	(obj:0)
x1165                                               2 	(obj:0)
x1166                                               2 	(obj:0)

Statistics
==========

SCIP Status        : solving was interrupted [time limit reached]
Total Time         :   86786.70
  solving          :   86786.67
  presolving       :       0.15 (included in solving)
  reading          :       0.03
  copying          :       0.01 (2 #copies) (minimal 0.00, maximal 0.01, average 0.00)
Original Problem   :
  Problem name     : roll3000
  Variables        : 1166 (246 binary, 492 integer, 0 implicit integer, 428 continuous)
  Constraints      : 2295 initial, 2295 maximal
  Objective        : minimize, 1 non-zeros (abs.min = 1, abs.max = 1)
Presolved Problem  :
  Problem name     : t_roll3000
  Variables        : 822 (584 binary, 114 integer, 104 implicit integer, 20 continuous)
  Constraints      : 1139 initial, 1510 maximal
  Objective        : minimize, 594 non-zeros (abs.min = 4, abs.max = 112)
  Nonzeros         : 21330 constraint, 6944 clique table
Presolvers         :   ExecTime  SetupTime  Calls  FixedVars   AggrVars   ChgTypes  ChgBounds   AddHoles    DelCons    AddCons   ChgSides   ChgCoefs
  boundshift       :       0.00       0.00      0          0          0          0          0          0          0          0          0          0
  convertinttobin  :       0.00       0.00      0          0          0          0          0          0          0          0          0          0
  domcol           :       0.00       0.00      1          0          0          0          0          0          0          0          0          0
  dualagg          :       0.00       0.00      0          0          0          0          0          0          0          0          0          0
  dualcomp         :       0.00       0.00      1          0          0          0          0          0          0          0          0          0
  dualinfer        :       0.00       0.00      0          0          0          0          0          0          0          0          0          0
  dualsparsify     :       0.01       0.00      1          0          0          0          0          0          0          0          0          0
  gateextraction   :       0.00       0.00      6          0          0          0          0          0        378        189          0          0
  implics          :       0.00       0.00     12          0          0          0          0          0          0          0          0          0
  inttobinary      :       0.00       0.00     16          0          0          0          0          0          0          0          0          0
  qpkktref         :       0.00       0.00      0          0          0          0          0          0          0          0          0          0
  redvub           :       0.00       0.00      0          0          0          0          0          0          0          0          0          0
  sparsify         :       0.01       0.00      1          0          0          0          0          0          0          0          0          0
  stuffing         :       0.00       0.00      0          0          0          0          0          0          0          0          0          0
  trivial          :       0.00       0.00     16          0          0          0          0          0          0          0          0          0
  tworowbnd        :       0.00       0.00      0          0          0          0          0          0          0          0          0          0
  dualfix          :       0.00       0.00     16         19          0          0          0          0          0          0          0          0
  genvbounds       :       0.00       0.00      0          0          0          0          0          0          0          0          0          0
  probing          :       0.08       0.00      1          0          0          0          0          0          0          0          0          0
  pseudoobj        :       0.00       0.00      0          0          0          0          0          0          0          0          0          0
  symmetry         :       0.01       0.00      1          0          0          0          0          0          0          0          0          0
  vbounds          :       0.00       0.00      3          0          0          0          0          0          0          0          0          0
  knapsack         :       0.00       0.00      4          0          0          0          0          0        189        189          0          0
  setppc           :       0.00       0.00     25          0         40          0          0          0         54          0         30         30
  linear           :       0.04       0.00     20        120        165        104        629          0        914          1        307       2272
  logicor          :       0.00       0.00     22          0          0          0          0          0          0          0          0         30
  bounddisjunction :       0.00       0.00      0          0          0          0          0          0          0          0          0          0
  benders          :       0.00       0.00      0          0          0          0          0          0          0          0          0          0
  components       :       0.00       0.00      1          0          0          0          0          0          0          0          0          0
  root node        :          -          -      -         41          -          -         41          -          -          -          -          -
Constraints        :     Number  MaxNumber  #Separate #Propagate    #EnfoLP    #EnfoRelax  #EnfoPS    #Check   #ResProp    Cutoffs    DomReds       Cuts    Applied      Conss   Children
  benderslp        :          0          0          0          0        183          0          0         10          0          0          0          0          0          0          0
  integral         :          0          0          0          0        183          0          0         10          0          0        316          0          0        234        162
  knapsack         :          0+         4          0       6521          0          0          0          0          6          0          0          0          0          0          0
  setppc           :        307+       345         33      12963          0          0          0          4       1950         38       1020          0          0          0          0
  linear           :        787+       796         33      12925          0          0          0          6       1172         82        886        185         12          0          0
  logicor          :         45+       166         33       3798          0          0          0          1         53         29         18          0          0          0          0
  bounddisjunction :          0+       202          0       2903          0          0          0          0          9          7          7          0          0          0          0
  benders          :          0          0          0          0          0          0          0          2          0          0          0          0          0          0          0
  fixedvar         :          0          0          0          0          0          0          0          2          0          0          0          0          0          0          0
  countsols        :          0          0          0          0          0          0          0          2          0          0          0          0          0          0          0
  components       :          0          0          0          0          0          0          0          0          0          0          0          0          0          0          0
Constraint Timings :  TotalTime  SetupTime   Separate  Propagate     EnfoLP     EnfoPS     EnfoRelax   Check    ResProp    SB-Prop
  benderslp        :       0.00       0.00       0.00       0.00       0.00       0.00       0.00       0.00       0.00       0.00
  integral         :   86781.88       0.00       0.00       0.00   86781.88       0.00       0.00       0.00       0.00       0.00
  knapsack         :       0.00       0.00       0.00       0.00       0.00       0.00       0.00       0.00       0.00       0.00
  setppc           :       0.10       0.00       0.00       0.04       0.00       0.00       0.00       0.00       0.00       0.07
  linear           :       0.27       0.00       0.07       0.09       0.00       0.00       0.00       0.00       0.00       0.10
  logicor          :       0.01       0.00       0.00       0.00       0.00       0.00       0.00       0.00       0.00       0.00
  bounddisjunction :       0.01       0.00       0.00       0.00       0.00       0.00       0.00       0.00       0.00       0.01
  benders          :       0.00       0.00       0.00       0.00       0.00       0.00       0.00       0.00       0.00       0.00
  fixedvar         :       0.00       0.00       0.00       0.00       0.00       0.00       0.00       0.00       0.00       0.00
  countsols        :       0.00       0.00       0.00       0.00       0.00       0.00       0.00       0.00       0.00       0.00
  components       :       0.00       0.00       0.00       0.00       0.00       0.00       0.00       0.00       0.00       0.00
Propagators        : #Propagate   #ResProp    Cutoffs    DomReds
  dualfix          :          3          0          0          0
  genvbounds       :          0          0          0          0
  nlobbt           :          0          0          0          0
  obbt             :          0          0          0          0
  probing          :          0          0          0          0
  pseudoobj        :        891          0          0          0
  redcost          :        712          0          0       4120
  rootredcost      :          1          0          0          0
  symmetry         :          0          0          0          0
  vbounds          :       6260          0          0          0
Propagator Timings :  TotalTime  SetupTime   Presolve  Propagate    ResProp    SB-Prop
  dualfix          :       0.00       0.00       0.00       0.00       0.00       0.00
  genvbounds       :       0.00       0.00       0.00       0.00       0.00       0.00
  nlobbt           :       0.00       0.00       0.00       0.00       0.00       0.00
  obbt             :       0.00       0.00       0.00       0.00       0.00       0.00
  probing          :       0.08       0.00       0.08       0.00       0.00       0.00
  pseudoobj        :       0.01       0.00       0.00       0.01       0.00       0.00
  redcost          :       0.02       0.00       0.00       0.02       0.00       0.00
  rootredcost      :       0.00       0.00       0.00       0.00       0.00       0.00
  symmetry         :       0.01       0.00       0.01       0.00       0.00       0.00
  vbounds          :       0.01       0.00       0.00       0.00       0.00       0.00
Symmetry           :
  orbitopal red.   :          0 reductions applied,          0 cutoffs
  orbital reduction:          0 reductions applied,          0 cutoffs
  lexicographic red:          0 reductions applied,          0 cutoffs
  shadow tree time :       0.00 s
Conflict Analysis  :       Time      Calls    Success    DomReds  Conflicts   Literals    Reconvs ReconvLits   Dualrays   Nonzeros   LP Iters   (pool size: [10000,10000])
  propagation      :       0.00        109         97          -        229       14.1          6       15.7          -          -          -
  infeasible LP    :       0.00         14         14          -         31       18.8          1       26.0         19       13.4          0
  bound exceed. LP :       0.28        113        112          -        480       21.7          1       24.0          0        0.0       1692
  strong branching :       0.00          0          0          -          0        0.0          0        0.0          -          -          0
  pseudo solution  :       0.00          0          0          -          0        0.0          0        0.0          -          -          -
  applied globally :       0.00          -          -          0        384       12.8          -          -         19          -          -
  applied locally  :          -          -          -          0          0        0.0          -          -          0          -          -
Separators         :   ExecTime  SetupTime      Calls  RootCalls    Cutoffs    DomReds  FoundCuts ViaPoolAdd  DirectAdd    Applied ViaPoolApp  DirectApp      Conss
  cut pool         :       0.22          -        178         59          -          -       4713      14496          -          -          -          -          -    (maximal pool size:       4139)
  aggregation      :       0.87       0.00        106         33          0          0        682       3671          0        242        242          0          0
  > cmir           :          -          -          -          -          -          -          -       3599          0        234        234          0          -
  > flowcover      :          -          -          -          -          -          -          -         71          0          7          7          0          -
  > knapsackcover  :          -          -          -          -          -          -          -          1          0          1          1          0          -
  cgmip            :       0.00       0.00          0          0          0          0          0          0          0          0          0          0          0
  clique           :       0.02       0.00         33         33          0          0         78        149          0         43         43          0          0
  closecuts        :       0.00       0.00          0          0          0          0          0          0          0          0          0          0          0
  convexproj       :       0.00       0.00          0          0          0          0          0          0          0          0          0          0          0
  disjunctive      :       0.00       0.00          0          0          0          0          0          0          0          0          0          0          0
  eccuts           :       0.00       0.00          0          0          0          0          0          0          0          0          0          0          0
  gauge            :       0.00       0.00          0          0          0          0          0          0          0          0          0          0          0
  gomory           :       0.81       0.00         43         10          0          0       3648       9990          0        187        187          0          0
  > gomorymi       :          -          -          -          -          -          -          -       8293          0        161        161          0          -
  > strongcg       :          -          -          -          -          -          -          -       1697          0         26         26          0          -
  impliedbounds    :       0.01       0.00        106         33          0         20        192        332          0        185        185          0          0
  interminor       :       0.00       0.00          0          0          0          0          0          0          0          0          0          0          0
  intobj           :       0.00       0.00          0          0          0          0          0          0          0          0          0          0          0
  lagromory        :       0.00       0.00          0          0          0          0          0          0          0          0          0          0          0
  mcf              :       0.00       0.00          1          1          0          0          0          0          0          0          0          0          0
  minor            :       0.00       0.00          0          0          0          0          0          0          0          0          0          0          0
  mixing           :       0.00       0.00        106         33          0          0          0          0          0          0          0          0          0
  oddcycle         :       0.00       0.00          0          0          0          0          0          0          0          0          0          0          0
  rapidlearning    :       0.00       0.00          0          0          0          0          0          0          0          0          0          0          0
  rlt              :       0.00       0.00         10         10          0          0          0          0          0          0          0          0          0
  zerohalf         :       0.06       0.00         53         20          0          0        112        354          0        114        114          0          0
Cutselectors       :   ExecTime  SetupTime      Calls  RootCalls   Selected     Forced   Filtered  RootSelec   RootForc   RootFilt 
  hybrid           :       0.03       0.00        105         31        783          0      13898        316          0       7595
  ensemble         :       0.00       0.00          0          0          0          0          0          0          0          0
  dynamic          :       0.00       0.00          0          0          0          0          0          0          0          0
Pricers            :   ExecTime  SetupTime      Calls       Vars
  problem variables:       0.00          -          0          0
Branching Rules    :   ExecTime  SetupTime   BranchLP  BranchExt   BranchPS    Cutoffs    DomReds       Cuts      Conss   Children
  allfullstrong    :       0.00       0.00          0          0          0          0          0          0          0          0
  cloud            :       0.00       0.00          0          0          0          0          0          0          0          0
  distribution     :       0.00       0.00          0          0          0          0          0          0          0          0
  fullstrong       :       0.00       0.00          0          0          0          0          0          0          0          0
  general_disjuncti:   86779.60       0.00        183          0          0          0        281          0        229          2
  GeneralDisjunction(extra): subMILPs=201 fairNodes of all MILPs=1418578 probingLPs=12
  gomory           :       0.00       0.00          0          0          0          0          0          0          0          0
  inference        :       0.00       0.00          0          0          0          0          0          0          0          0
  leastinf         :       0.00       0.00          0          0          0          0          0          0          0          0
  lookahead        :       0.00       0.00          0          0          0          0          0          0          0          0
  mostinf          :       0.00       0.00          0          0          0          0          0          0          0          0
  multaggr         :       0.00       0.00          0          0          0          0          0          0          0          0
  nodereopt        :       0.00       0.00          0          0          0          0          0          0          0          0
  pscost           :       0.00       0.00          0          0          0          0          0          0          0          0
  random           :       0.00       0.00          0          0          0          0          0          0          0          0
  relpscost        :       2.28       0.00         86          0          0          0         35          0          7        160
  vanillafullstrong:       0.00       0.00          0          0          0          0          0          0          0          0
Primal Heuristics  :   ExecTime  SetupTime      Calls      Found       Best
  LP solutions     :       0.00          -          -          0          0
  relax solutions  :       0.00          -          -          0          0
  pseudo solutions :       0.00          -          -          0          0
  strong branching :       0.01          -          -          0          0
  actconsdiving    :       0.00       0.00          0          0          0
  adaptivediving   :       0.00       0.00          0          0          0
  alns             :       0.01       0.00          1          0          0
  bound            :       0.00       0.00          0          0          0
  clique           :       0.01       0.00          1          0          0
  coefdiving       :       0.00       0.00          0          0          0
  completesol      :       0.00       0.00          0          0          0
  conflictdiving   :       0.03       0.00          1          0          0
  crossover        :       0.00       0.00          0          0          0
  dins             :       0.00       0.00          0          0          0
  distributiondivin:       0.00       0.00          0          0          0
  dps              :       0.00       0.00          0          0          0
  dualval          :       0.00       0.00          0          0          0
  farkasdiving     :       0.40       0.00          1          0          0
  feaspump         :       0.10       0.00          1          0          0
  fixandinfer      :       0.00       0.00          0          0          0
  fracdiving       :       0.00       0.00          0          0          0
  gins             :       0.00       0.00          0          0          0
  guideddiving     :       0.00       0.00          0          0          0
  indicator        :       0.00       0.00          0          0          0
  indicatordiving  :       0.00       0.00          0          0          0
  intdiving        :       0.00       0.00          0          0          0
  intshifting      :       0.00       0.00          1          0          0
  linesearchdiving :       0.00       0.00          0          0          0
  localbranching   :       0.00       0.00          0          0          0
  locks            :       0.01       0.00          1          0          0
  lpface           :       0.00       0.00          0          0          0
  mpec             :       0.00       0.00          0          0          0
  multistart       :       0.00       0.00          0          0          0
  mutation         :       0.00       0.00          0          0          0
  nlpdiving        :       0.00       0.00          0          0          0
  objpscostdiving  :       0.00       0.00          0          0          0
  octane           :       0.00       0.00          0          0          0
  ofins            :       0.00       0.00          0          0          0
  oneopt           :       0.00       0.00          1          0          0
  padm             :       0.00       0.00          0          0          0
  proximity        :       0.00       0.00          0          0          0
  pscostdiving     :       0.01       0.00          1          0          0
  randrounding     :       0.08       0.00         33          0          0
  rens             :       0.11       0.00          1          1          1
  reoptsols        :       0.00       0.00          0          0          0
  repair           :       0.00       0.00          0          0          0
  rins             :       0.00       0.00          0          0          0
  rootsoldiving    :       0.00       0.00          0          0          0
  rounding         :       0.03       0.00        201          0          0
  scheduler        :       0.00       0.00          0          0          0
  shiftandpropagate:       0.01       0.00          1          0          0
  shifting         :       0.09       0.00        119          0          0
  simplerounding   :       0.00       0.00          0          0          0
  subnlp           :       0.00       0.00          0          0          0
  trivial          :       0.00       0.00          2          0          0
  trivialnegation  :       0.00       0.00          0          0          0
  trustregion      :       0.00       0.00          0          0          0
  trysol           :       0.00       0.00          0          0          0
  twoopt           :       0.00       0.00          0          0          0
  undercover       :       0.00       0.00          0          0          0
  vbounds          :       0.01       0.00          1          0          0
  veclendiving     :       0.00       0.00          0          0          0
  zeroobj          :       0.00       0.00          0          0          0
  zirounding       :       0.01       0.00         80          0          0
  other solutions  :          -          -          -          0          -
LNS (Scheduler)    :      Calls  SetupTime  SolveTime SolveNodes       Sols       Best       Exp3    Exp3-IX  EpsGreedy        UCB TgtFixRate  Opt  Inf Node Stal  Sol  Usr Othr Actv
  rens             :          0       0.00       0.00          0          0          0    0.00000    0.12500   -1.00000    1.00000      0.900    0    0    0    0    0    0    0    1
  rins             :          0       0.00       0.00          0          0          0    0.00000    0.12500   -1.00000    1.00000      0.900    0    0    0    0    0    0    0    1
  mutation         :          0       0.00       0.00          0          0          0    0.00000    0.12500   -1.00000    1.00000      0.900    0    0    0    0    0    0    0    1
  localbranching   :          0       0.00       0.00          0          0          0    0.00000    0.12500   -1.00000    1.00000      0.900    0    0    0    0    0    0    0    1
  crossover        :          0       0.00       0.00          0          0          0    0.00000    0.12500   -1.00000    1.00000      0.900    0    0    0    0    0    0    0    1
  proximity        :          0       0.00       0.00          0          0          0    0.00000    0.12500   -1.00000    1.00000      0.900    0    0    0    0    0    0    0    1
  zeroobjective    :          0       0.00       0.00          0          0          0    0.00000    0.12500   -1.00000    1.00000      0.900    0    0    0    0    0    0    0    1
  dins             :          0       0.00       0.00          0          0          0    0.00000    0.12500   -1.00000    1.00000      0.900    0    0    0    0    0    0    0    1
  trustregion      :          0       0.00       0.00          0          0          0    0.00000    0.00000   -1.00000    1.00000      0.900    0    0    0    0    0    0    0    0
LP                 :       Time      Calls Iterations  Iter/call   Iter/sec  Time-0-It Calls-0-It    ItLimit
  primal LP        :       0.13         20          0       0.00       0.00       0.13         20
  dual LP          :       1.23        538      14669      49.22   11942.86       0.08        240
  lex dual LP      :       0.00          0          0       0.00          -
  barrier LP       :       0.00          0          0       0.00          -       0.00          0
  resolve instable :       0.00          0          0       0.00          -
  diving/probing LP:       0.66        367       4561      12.43    6890.95
  strong branching :       7.99       1537      90608      58.95   11343.04          -          -        198
    (at root node) :          -         61       5407      88.64          -
  conflict analysis:       0.21        174       1692       9.72    8109.31
B&B Tree           :
  number of runs   :          1
  nodes            :        109 (81 internal, 28 leaves)
  feasible leaves  :          0
  infeas. leaves   :          7
  objective leaves :         21
  nodes (total)    :        109 (81 internal, 28 leaves)
  nodes left       :         54
  max depth        :         19
  max depth (total):         19
  backtracks       :          8 (7.3%)
  early backtracks :          0 (0.0%)
  nodes exc. ref.  :          0 (0.0%)
  delayed cutoffs  :          0
  repropagations   :         35 (23 domain reductions, 0 cutoffs)
  avg switch length:       3.47
  switching time   :       0.11
Root Node          :
  First LP value   : +1.10980496899149e+04
  First LP Iters   :        587 (22021.31 Iter/sec)
  First LP Time    :       0.03
  Final Dual Bound : +1.25350695193622e+04
  Final Root Iters :       4087
  Root LP Estimate : +1.29193862384940e+04
Solution           :
  Solutions found  :          1 (1 improvements)
  First Solution   : +1.37830000000000e+04   (in run 1, after 1 nodes, 2.36 seconds, depth 0, found by <rens>)
  Gap First Sol.   :      10.06 %
  Gap Last Sol.    :      10.06 %
  Primal Bound     : +1.37830000000000e+04   (in run 1, after 1 nodes, 2.36 seconds, depth 0, found by <rens>)
  Dual Bound       : +1.25890493886601e+04
  Gap              :       9.48 %
Integrals          :      Total       Avg%
  primal-dual      :  773126.63       8.91
  primal-ref       :          -          - (not evaluated)
  dual-ref         :          -          - (not evaluated)
