SCIP version 9.2.2 [precision: 8 byte] [memory: block] [mode: optimized] [LP solver: CPLEX 12.10.0.0] [GitHash: 416226a4f8]
Copyright (c) 2002-2025 Zuse Institute Berlin (ZIB)

reading parameter file </scratch/htc/yzhou/exp_scipmip/settings/allon_gendj.set>

read problem </scratch/htc/yzhou/exp_scipmip/instances/additional/tr12-30.mps>
============

original problem has 1080 variables (360 bin, 0 int, 0 impl, 720 cont) and 750 constraints
    750 constraints of type <linear>
Reading Time: 0.01
solve problem
=============
LP Solver <CPLEX 12.10.0.0>: fastmip setting not available -- SCIP parameter has no effect
LP Solver <CPLEX 12.10.0.0>: clock type cannot be set
LP Solver <CPLEX 12.10.0.0>: row representation of the basis not available -- SCIP parameter lp/rowrepswitch has no effect
LP Solver <CPLEX 12.10.0.0>: solution polishing not available -- SCIP parameter lp/solutionpolishing has no effect
LP Solver <CPLEX 12.10.0.0>: refactorization interval not available -- SCIP parameter lp/refactorinterval has no effect
transformed problem has 1080 variables (360 bin, 0 int, 0 impl, 720 cont) and 750 constraints
    750 constraints of type <linear>

original problem has 2508 active (0.30963%) nonzeros and 2508 (0.30963%) check nonzeros

presolving:
(round 1, fast)       40 del vars, 28 del conss, 0 add conss, 388 chg bounds, 0 chg sides, 0 chg coeffs, 0 upgd conss, 0 impls, 0 clqs
(round 2, fast)       40 del vars, 28 del conss, 0 add conss, 716 chg bounds, 0 chg sides, 4 chg coeffs, 0 upgd conss, 0 impls, 0 clqs
(round 3, fast)       40 del vars, 28 del conss, 0 add conss, 728 chg bounds, 0 chg sides, 4 chg coeffs, 0 upgd conss, 0 impls, 0 clqs
(round 4, fast)       40 del vars, 28 del conss, 0 add conss, 728 chg bounds, 0 chg sides, 16 chg coeffs, 0 upgd conss, 0 impls, 0 clqs
(round 5, exhaustive) 40 del vars, 28 del conss, 0 add conss, 728 chg bounds, 0 chg sides, 16 chg coeffs, 352 upgd conss, 0 impls, 0 clqs
   (0.0s) probing: 100/352 (28.4%) - 0 fixings, 0 aggregations, 1042 implications, 0 bound changes
   (0.0s) probing: 200/352 (56.8%) - 0 fixings, 0 aggregations, 2091 implications, 0 bound changes
   (0.0s) probing: 300/352 (85.2%) - 0 fixings, 0 aggregations, 2888 implications, 0 bound changes
   (0.0s) probing cycle finished: starting next cycle
   (0.0s) symmetry computation started: requiring (bin +, int +, cont +), (fixed: bin -, int -, cont -)
   (0.0s) no symmetry present (symcode time: 0.00)
clique table cleanup detected 0 bound changes

presolved problem has 2432 active (0.323887%) nonzeros and 2432 (0.323887%) check nonzeros

presolving (6 rounds: 6 fast, 2 medium, 2 exhaustive):
 40 deleted vars, 28 deleted constraints, 0 added constraints, 728 tightened bounds, 0 added holes, 0 changed sides, 16 changed coefficients
 3713 implications, 4 cliques
presolved problem has 1040 variables (352 bin, 0 int, 0 impl, 688 cont) and 722 constraints
    352 constraints of type <varbound>
    370 constraints of type <linear>
Presolving Time: 0.04

Heuristic locks solving LP from scratch with 55.7 % unfixed columns (579 of 1040) ...
 time | node  | left  |LP iter|LP it/n|mem/heur|mdpt |vars |cons |rows |cuts |sepa|confs|strbr|  dualbound   | primalbound  |  gap   | compl. 
  0.1s|     1 |     0 |   346 |     - |    12M |   0 |1040 | 724 | 722 |   0 |  0 |   2 |   0 | 2.126024e+04 |      --      |    Inf | unknown
o 0.1s|     1 |     0 |   868 |     - |feaspump|   0 |1040 | 724 | 722 |   0 |  0 |   2 |   0 | 2.126024e+04 | 2.418350e+05 |1037.50%| unknown
  0.1s|     1 |     0 |  1209 |     - |    13M |   0 |1040 | 724 |1029 | 307 |  1 |   2 |   0 | 8.210478e+04 | 2.418350e+05 | 194.54%| unknown
r 0.1s|     1 |     0 |  1209 |     - |shifting|   0 |1040 | 724 |1029 | 307 |  1 |   2 |   0 | 8.210478e+04 | 1.963356e+05 | 139.13%| unknown
  0.1s|     1 |     0 |  1209 |     - |    13M |   0 |1040 | 724 |1029 | 307 |  1 |   2 |   0 | 8.210478e+04 | 1.963356e+05 | 139.13%| unknown
i 0.1s|     1 |     0 |  1534 |     - |  oneopt|   0 |1040 | 724 |1029 | 307 |  1 |   2 |   0 | 8.210478e+04 | 1.695330e+05 | 106.48%| unknown
  0.1s|     1 |     0 |  1534 |     - |    13M |   0 |1040 | 724 |1029 | 307 |  1 |   2 |   0 | 8.210478e+04 | 1.695330e+05 | 106.48%| unknown
  0.1s|     1 |     0 |  1534 |     - |    13M |   0 |1040 | 724 |1029 | 307 |  1 |   2 |   0 | 8.210478e+04 | 1.695330e+05 | 106.48%| unknown
  0.1s|     1 |     0 |  1686 |     - |    14M |   0 |1040 | 724 |1155 | 433 |  2 |   2 |   0 | 1.003926e+05 | 1.695330e+05 |  68.87%| unknown
  0.2s|     1 |     0 |  1811 |     - |    14M |   0 |1040 | 724 |1236 | 514 |  3 |   2 |   0 | 1.128760e+05 | 1.695330e+05 |  50.19%| unknown
  0.2s|     1 |     0 |  1956 |     - |    15M |   0 |1040 | 724 |1312 | 590 |  4 |   2 |   0 | 1.187931e+05 | 1.695330e+05 |  42.71%| unknown
  0.2s|     1 |     0 |  2081 |     - |    16M |   0 |1040 | 724 |1374 | 652 |  5 |   2 |   0 | 1.232902e+05 | 1.695330e+05 |  37.51%| unknown
  0.2s|     1 |     0 |  2225 |     - |    17M |   0 |1040 | 724 |1424 | 702 |  6 |   2 |   0 | 1.261386e+05 | 1.695330e+05 |  34.40%| unknown
  0.3s|     1 |     0 |  2330 |     - |    17M |   0 |1040 | 724 |1466 | 744 |  7 |   2 |   0 | 1.274340e+05 | 1.695330e+05 |  33.04%| unknown
  0.3s|     1 |     0 |  2441 |     - |    17M |   0 |1040 | 724 |1500 | 778 |  8 |   2 |   0 | 1.284189e+05 | 1.695330e+05 |  32.02%| unknown
 time | node  | left  |LP iter|LP it/n|mem/heur|mdpt |vars |cons |rows |cuts |sepa|confs|strbr|  dualbound   | primalbound  |  gap   | compl. 
  0.4s|     1 |     0 |  2546 |     - |    18M |   0 |1040 | 724 |1533 | 811 |  9 |   2 |   0 | 1.289282e+05 | 1.695330e+05 |  31.49%| unknown
  0.4s|     1 |     0 |  2650 |     - |    18M |   0 |1040 | 724 |1569 | 847 | 10 |   2 |   0 | 1.293826e+05 | 1.695330e+05 |  31.03%| unknown
  0.5s|     1 |     0 |  2760 |     - |    19M |   0 |1040 | 724 |1598 | 876 | 11 |   2 |   0 | 1.298999e+05 | 1.695330e+05 |  30.51%| unknown
  0.5s|     1 |     0 |  2832 |     - |    19M |   0 |1040 | 724 |1623 | 901 | 12 |   2 |   0 | 1.301003e+05 | 1.695330e+05 |  30.31%| unknown
  0.5s|     1 |     0 |  2871 |     - |    19M |   0 |1040 | 724 |1635 | 913 | 13 |   2 |   0 | 1.301502e+05 | 1.695330e+05 |  30.26%| unknown
  0.6s|     1 |     0 |  2918 |     - |    19M |   0 |1040 | 724 |1645 | 923 | 14 |   2 |   0 | 1.302361e+05 | 1.695330e+05 |  30.17%| unknown
  0.6s|     1 |     0 |  2954 |     - |    20M |   0 |1040 | 724 |1653 | 931 | 15 |   2 |   0 | 1.302713e+05 | 1.695330e+05 |  30.14%| unknown
  0.6s|     1 |     0 |  2971 |     - |    20M |   0 |1040 | 724 |1657 | 935 | 16 |   2 |   0 | 1.302800e+05 | 1.695330e+05 |  30.13%| unknown
r 0.6s|     1 |     0 |  2971 |     - |shifting|   0 |1040 | 724 |1657 | 935 | 16 |   2 |   0 | 1.302800e+05 | 1.631690e+05 |  25.24%| unknown
  0.6s|     1 |     0 |  2975 |     - |    20M |   0 |1040 | 724 |1451 | 940 | 17 |   2 |   0 | 1.302818e+05 | 1.631690e+05 |  25.24%| unknown
i 0.7s|     1 |     0 |  3256 |     - |  oneopt|   0 |1040 | 724 |1451 | 940 | 17 |   2 |   0 | 1.302818e+05 | 1.462090e+05 |  12.23%| unknown
  0.7s|     1 |     0 |  3265 |     - |    20M |   0 |1040 | 724 |1455 | 944 | 18 |   2 |   0 | 1.302853e+05 | 1.462090e+05 |  12.22%| unknown
  0.7s|     1 |     0 |  3265 |     - |    20M |   0 |1040 | 724 |1455 | 944 | 18 |   2 |   0 | 1.302853e+05 | 1.462090e+05 |  12.22%| unknown
  0.7s|     1 |     0 |  3275 |     - |    20M |   0 |1040 | 724 |1458 | 947 | 19 |   2 |   0 | 1.302893e+05 | 1.462090e+05 |  12.22%| unknown
  0.7s|     1 |     0 |  3284 |     - |    20M |   0 |1040 | 724 |1462 | 951 | 20 |   2 |   0 | 1.302902e+05 | 1.462090e+05 |  12.22%| unknown
 time | node  | left  |LP iter|LP it/n|mem/heur|mdpt |vars |cons |rows |cuts |sepa|confs|strbr|  dualbound   | primalbound  |  gap   | compl. 
  0.7s|     1 |     0 |  3288 |     - |    21M |   0 |1040 | 724 |1464 | 953 | 21 |   2 |   0 | 1.302906e+05 | 1.462090e+05 |  12.22%| unknown
  0.8s|     1 |     0 |  3299 |     - |    21M |   0 |1040 | 724 |1329 | 957 | 22 |   2 |   0 | 1.302913e+05 | 1.462090e+05 |  12.22%| unknown
  0.8s|     1 |     0 |  3302 |     - |    21M |   0 |1040 | 724 |1330 | 958 | 23 |   2 |   0 | 1.302918e+05 | 1.462090e+05 |  12.22%| unknown
  0.8s|     1 |     0 |  3304 |     - |    21M |   0 |1040 | 724 |1332 | 960 | 24 |   2 |   0 | 1.302918e+05 | 1.462090e+05 |  12.22%| unknown
  0.8s|     1 |     0 |  3308 |     - |    21M |   0 |1040 | 724 |1334 | 962 | 25 |   2 |   0 | 1.302927e+05 | 1.462090e+05 |  12.22%| unknown
Truncate separation round because of stalling (10 stall rounds).
  0.8s|     1 |     0 |  3308 |     - |    21M |   0 |1040 | 724 |1334 | 962 | 25 |   2 |   0 | 1.302927e+05 | 1.462090e+05 |  12.22%| unknown
  0.8s|     1 |     0 |  3312 |     - |    21M |   0 |1040 | 724 |1336 | 964 | 26 |   2 |   0 | 1.302928e+05 | 1.462090e+05 |  12.22%| unknown
  0.8s|     1 |     0 |  3319 |     - |    21M |   0 |1040 | 724 |1337 | 965 | 27 |   2 |   0 | 1.302930e+05 | 1.462090e+05 |  12.22%| unknown
  0.9s|     1 |     0 |  3320 |     - |    21M |   0 |1040 | 724 |1283 | 966 | 28 |   2 |   0 | 1.302931e+05 | 1.462090e+05 |  12.22%| unknown
  0.9s|     1 |     0 |  3325 |     - |    21M |   0 |1040 | 724 |1285 | 968 | 29 |   2 |   0 | 1.302942e+05 | 1.462090e+05 |  12.21%| unknown
  0.9s|     1 |     0 |  3331 |     - |    21M |   0 |1040 | 724 |1287 | 970 | 30 |   2 |   0 | 1.302955e+05 | 1.462090e+05 |  12.21%| unknown
  0.9s|     1 |     0 |  3346 |     - |    21M |   0 |1040 | 724 |1289 | 972 | 31 |   2 |   0 | 1.302976e+05 | 1.462090e+05 |  12.21%| unknown
  0.9s|     1 |     0 |  3349 |     - |    21M |   0 |1040 | 724 |1290 | 973 | 32 |   2 |   0 | 1.302980e+05 | 1.462090e+05 |  12.21%| unknown
  0.9s|     1 |     0 |  3350 |     - |    21M |   0 |1040 | 724 |1291 | 974 | 33 |   2 |   0 | 1.302980e+05 | 1.462090e+05 |  12.21%| unknown
L 1.6s|     1 |     0 |  4401 |     - |    rens|   0 |1040 | 750 |1291 | 974 | 34 |  28 |   0 | 1.302980e+05 | 1.314720e+05 |   0.90%| unknown
 time | node  | left  |LP iter|LP it/n|mem/heur|mdpt |vars |cons |rows |cuts |sepa|confs|strbr|  dualbound   | primalbound  |  gap   | compl. 
  1.6s|     1 |     0 |  4401 |     - |    21M |   0 |1040 | 750 |1291 | 974 | 34 |  28 |   0 | 1.302980e+05 | 1.314720e+05 |   0.90%| unknown
_____________________________________
Now starting branching with general disjunction
Current branching Node number: 1
Relpscost reduced domain, skip general disjunction branching
  1.7s|     1 |     0 |  4401 |     - |    21M |   0 |1040 | 750 |1291 | 974 | 35 |  28 |  29 | 1.303120e+05 | 1.314720e+05 |   0.89%| unknown
_____________________________________
Now starting branching with general disjunction
Current branching Node number: 1
LP objective value: 131145
Node lower bound: 131160
Node upper bound: 131472
gap to the primal bound: 0.00889438
Preck submodel is infeasible, continue branching
Time limit exceeded (1689s), stopping submodel solve loop
General disjunction: No feasible solution found, use SCIP default branching rule
 1691s|     1 |     2 |  4401 |     - |    21M |   0 |1040 | 750 |1291 | 974 | 36 |  28 |  74 | 1.303130e+05 | 1.314720e+05 |   0.89%| unknown
_____________________________________
Now starting branching with general disjunction
Current branching Node number: 3
LP objective value: 131155
Node lower bound: 131161
Node upper bound: 131472
gap to the primal bound: 0.00889433
Preck submodel is infeasible, continue branching
Time limit exceeded (1387.28s), stopping submodel solve loop
General disjunction: No feasible solution found, use SCIP default branching rule
_____________________________________
Now starting branching with general disjunction
Current branching Node number: 4
LP objective value: 131159
Node lower bound: 131168
Node upper bound: 131472
gap to the primal bound: 0.00889433
Preck submodel is infeasible, continue branching
Time limit exceeded (1645.57s), stopping submodel solve loop
General disjunction: No feasible solution found, use SCIP default branching rule
_____________________________________
Now starting branching with general disjunction
Current branching Node number: 7
LP objective value: 131163
Node lower bound: 131169
Node upper bound: 131472
gap to the primal bound: 0.00889433
Preck submodel is infeasible, continue branching
Time limit exceeded (1697.47s), stopping submodel solve loop
General disjunction: No feasible solution found, use SCIP default branching rule
_____________________________________
Now starting branching with general disjunction
Current branching Node number: 8
LP objective value: 131165
Node lower bound: 131171
Node upper bound: 131472
gap to the primal bound: 0.00889433
Preck submodel is infeasible, continue branching
Time limit exceeded (1778.75s), stopping submodel solve loop
General disjunction: No feasible solution found, use SCIP default branching rule
_____________________________________
Now starting branching with general disjunction
Current branching Node number: 11
LP objective value: 131168
Node lower bound: 131174
Node upper bound: 131472
gap to the primal bound: 0.00889433
Preck submodel is infeasible, continue branching
Time limit exceeded (1671.61s), stopping submodel solve loop
General disjunction: No feasible solution found, use SCIP default branching rule
_____________________________________
Now starting branching with general disjunction
Current branching Node number: 12
LP objective value: 131169
Node lower bound: 131176
Node upper bound: 131472
gap to the primal bound: 0.00889433
Preck submodel is infeasible, continue branching
Time limit exceeded (1650.38s), stopping submodel solve loop
General disjunction: No feasible solution found, use SCIP default branching rule
_____________________________________
Now starting branching with general disjunction
Current branching Node number: 14
LP objective value: 131187
Node lower bound: 131204
Node upper bound: 131472
gap to the primal bound: 0.00889433
Preck submodel is infeasible, continue branching
Time limit exceeded (1000.07s), stopping submodel solve loop
General disjunction: No feasible solution found, use SCIP default branching rule
_____________________________________
Now starting branching with general disjunction
Current branching Node number: 14
LP objective value: 131187
Node lower bound: 131204
Node upper bound: 131472
gap to the primal bound: 0.00889433
Preck submodel is infeasible, continue branching
Time limit exceeded (1000.07s), stopping submodel solve loop
General disjunction: No feasible solution found, use SCIP default branching rule
_____________________________________
Now starting branching with general disjunction
Current branching Node number: 17
LP objective value: 131535
Node lower bound: 131598
Node upper bound: 131472
gap to the primal bound: 0.00889433
Preck submodel is infeasible, continue branching
Time limit exceeded (1821s), stopping submodel solve loop
General disjunction: No feasible solution found, use SCIP default branching rule
_____________________________________
Now starting branching with general disjunction
Current branching Node number: 18
Relpscost reduced domain, skip general disjunction branching
_____________________________________
Now starting branching with general disjunction
Current branching Node number: 18
LP objective value: 131598
Node lower bound: 131650
Node upper bound: 131472
gap to the primal bound: 0.00889433
Preck submodel is infeasible, continue branching
Time limit exceeded (1602.35s), stopping submodel solve loop
General disjunction: No feasible solution found, use SCIP default branching rule
_____________________________________
Now starting branching with general disjunction
Current branching Node number: 20
Relpscost reduced domain, skip general disjunction branching
_____________________________________
Now starting branching with general disjunction
Current branching Node number: 20
Relpscost reduced domain, skip general disjunction branching
_____________________________________
Now starting branching with general disjunction
Current branching Node number: 20
LP objective value: 131776
Node lower bound: 131779
Node upper bound: 131472
gap to the primal bound: 0.00889433
Preck submodel is infeasible, continue branching
Time limit exceeded (1757.84s), stopping submodel solve loop
General disjunction: No feasible solution found, use SCIP default branching rule
_____________________________________
Now starting branching with general disjunction
Current branching Node number: 22
LP objective value: 131778
Node lower bound: 131787
Node upper bound: 131472
gap to the primal bound: 0.00889433
Preck submodel is infeasible, continue branching
Time limit exceeded (1000.07s), stopping submodel solve loop
General disjunction: No feasible solution found, use SCIP default branching rule
_____________________________________
Now starting branching with general disjunction
Current branching Node number: 24
LP objective value: 131779
Node lower bound: 131787
Node upper bound: 131472
gap to the primal bound: 0.00889433
Preck submodel is infeasible, continue branching
Time limit exceeded (1831.16s), stopping submodel solve loop
General disjunction: No feasible solution found, use SCIP default branching rule
_____________________________________
Now starting branching with general disjunction
Current branching Node number: 26
LP objective value: 131781
Node lower bound: 131787
Node upper bound: 131472
gap to the primal bound: 0.00889433
Preck submodel is infeasible, continue branching
Time limit exceeded (1763.24s), stopping submodel solve loop
General disjunction: No feasible solution found, use SCIP default branching rule
_____________________________________
Now starting branching with general disjunction
Current branching Node number: 28
LP objective value: 131809
Node lower bound: 131811
Node upper bound: 131472
gap to the primal bound: 0.00889433
Preck submodel is infeasible, continue branching
Time limit exceeded (1716.94s), stopping submodel solve loop
General disjunction: No feasible solution found, use SCIP default branching rule
_____________________________________
Now starting branching with general disjunction
Current branching Node number: 31
LP objective value: 131827
Node lower bound: 131833
Node upper bound: 131472
gap to the primal bound: 0.00889433
Preck submodel is infeasible, continue branching
Time limit exceeded (1751.86s), stopping submodel solve loop
General disjunction: No feasible solution found, use SCIP default branching rule
_____________________________________
Now starting branching with general disjunction
Current branching Node number: 32
LP objective value: 131833
Node lower bound: 131836
Node upper bound: 131472
gap to the primal bound: 0.00889433
Preck submodel is infeasible, continue branching
Time limit exceeded (1825.61s), stopping submodel solve loop
General disjunction: No feasible solution found, use SCIP default branching rule
_____________________________________
Now starting branching with general disjunction
Current branching Node number: 34
LP objective value: 131836
Node lower bound: 131838
Node upper bound: 131472
gap to the primal bound: 0.00889433
Preck submodel is infeasible, continue branching
Time limit exceeded (1845.14s), stopping submodel solve loop
General disjunction: No feasible solution found, use SCIP default branching rule
_____________________________________
Now starting branching with general disjunction
Current branching Node number: 36
LP objective value: 131840
Node lower bound: 131842
Node upper bound: 131472
gap to the primal bound: 0.00889433
Preck submodel is infeasible, continue branching
Time limit exceeded (1000.07s), stopping submodel solve loop
General disjunction: No feasible solution found, use SCIP default branching rule
_____________________________________
Now starting branching with general disjunction
Current branching Node number: 15
LP objective value: 131211
Node lower bound: 131234
Node upper bound: 131472
gap to the primal bound: 0.00889433
Preck submodel is infeasible, continue branching
Time limit exceeded (1000.07s), stopping submodel solve loop
General disjunction: No feasible solution found, use SCIP default branching rule
_____________________________________
Now starting branching with general disjunction
Current branching Node number: 40
LP objective value: 131234
Node lower bound: 131236
Node upper bound: 131472
gap to the primal bound: 0.00889433
Preck submodel is infeasible, continue branching
Time limit exceeded (1000.07s), stopping submodel solve loop
General disjunction: No feasible solution found, use SCIP default branching rule
_____________________________________
Now starting branching with general disjunction
Current branching Node number: 40
LP objective value: 131234
Node lower bound: 131260
Node upper bound: 131472
gap to the primal bound: 0.00889433
Preck submodel is infeasible, continue branching
Time limit exceeded (1840.68s), stopping submodel solve loop
General disjunction: No feasible solution found, use SCIP default branching rule
_____________________________________
Now starting branching with general disjunction
Current branching Node number: 42
LP objective value: 131260
Node lower bound: 131262
Node upper bound: 131472
gap to the primal bound: 0.00889433
Preck submodel is infeasible, continue branching
Time limit exceeded (1859.43s), stopping submodel solve loop
General disjunction: No feasible solution found, use SCIP default branching rule
_____________________________________
Now starting branching with general disjunction
Current branching Node number: 44
LP objective value: 131289
Node lower bound: 131294
Node upper bound: 131472
gap to the primal bound: 0.00889433
Preck submodel is infeasible, continue branching
Time limit exceeded (1000.08s), stopping submodel solve loop
General disjunction: No feasible solution found, use SCIP default branching rule
_____________________________________
Now starting branching with general disjunction
Current branching Node number: 46
LP objective value: 131293
Node lower bound: 131302
Node upper bound: 131472
gap to the primal bound: 0.00889433
Preck submodel is infeasible, continue branching
Time limit exceeded (1000.1s), stopping submodel solve loop
General disjunction: No feasible solution found, use SCIP default branching rule
_____________________________________
Now starting branching with general disjunction
Current branching Node number: 48
LP objective value: 131298
Node lower bound: 131302
Node upper bound: 131472
gap to the primal bound: 0.00889433
Preck submodel is infeasible, continue branching
Time limit exceeded (1000.07s), stopping submodel solve loop
General disjunction: No feasible solution found, use SCIP default branching rule
_____________________________________
Now starting branching with general disjunction
Current branching Node number: 50
LP objective value: 131300
Node lower bound: 131302
Node upper bound: 131472
gap to the primal bound: 0.00889433
Preck submodel is infeasible, continue branching
Time limit exceeded (1972.22s), stopping submodel solve loop
General disjunction: No feasible solution found, use SCIP default branching rule
_____________________________________
Now starting branching with general disjunction
Current branching Node number: 52
LP objective value: 131318
Node lower bound: 131322
Node upper bound: 131472
gap to the primal bound: 0.00889433
Preck submodel is infeasible, continue branching
Time limit exceeded (1984.43s), stopping submodel solve loop
General disjunction: No feasible solution found, use SCIP default branching rule
_____________________________________
Now starting branching with general disjunction
Current branching Node number: 54
LP objective value: 131322
Node lower bound: 131323
Node upper bound: 131472
gap to the primal bound: 0.00889433
Preck submodel is infeasible, continue branching
Time limit exceeded (1000.08s), stopping submodel solve loop
General disjunction: No feasible solution found, use SCIP default branching rule
_____________________________________
Now starting branching with general disjunction
Current branching Node number: 56
LP objective value: 131323
Node lower bound: 131326
Node upper bound: 131472
gap to the primal bound: 0.00889433
Preck submodel is infeasible, continue branching
Time limit exceeded (1000.08s), stopping submodel solve loop
General disjunction: No feasible solution found, use SCIP default branching rule
_____________________________________
Now starting branching with general disjunction
Current branching Node number: 58
LP objective value: 131324
Node lower bound: 131331
Node upper bound: 131472
gap to the primal bound: 0.00889433
Preck submodel is infeasible, continue branching
Time limit exceeded (1859.29s), stopping submodel solve loop
General disjunction: No feasible solution found, use SCIP default branching rule
_____________________________________
Now starting branching with general disjunction
Current branching Node number: 58
LP objective value: 131324
Node lower bound: 131331
Node upper bound: 131472
gap to the primal bound: 0.00889433
Preck submodel is infeasible, continue branching
Time limit exceeded (1000.12s), stopping submodel solve loop
General disjunction: No feasible solution found, use SCIP default branching rule
_____________________________________
Now starting branching with general disjunction
Current branching Node number: 60
LP objective value: 131331
Node lower bound: 131339
Node upper bound: 131472
gap to the primal bound: 0.00889433
Preck submodel is infeasible, continue branching
Time limit exceeded (1000.11s), stopping submodel solve loop
General disjunction: No feasible solution found, use SCIP default branching rule
_____________________________________
Now starting branching with general disjunction
Current branching Node number: 62
LP objective value: 131408
Node lower bound: 131410
Node upper bound: 131472
gap to the primal bound: 0.00889433
Preck submodel is infeasible, continue branching
Time limit exceeded (1000.08s), stopping submodel solve loop
General disjunction: No feasible solution found, use SCIP default branching rule
_____________________________________
Now starting branching with general disjunction
Current branching Node number: 64
LP objective value: 131505
Node lower bound: 131524
Node upper bound: 131472
gap to the primal bound: 0.00889433
Preck submodel is infeasible, continue branching
Time limit exceeded (1872.06s), stopping submodel solve loop
General disjunction: No feasible solution found, use SCIP default branching rule
_____________________________________
Now starting branching with general disjunction
Current branching Node number: 66
LP objective value: 131524
Node lower bound: 131563
Node upper bound: 131472
gap to the primal bound: 0.00889433
Preck submodel is infeasible, continue branching
Time limit exceeded (1919.63s), stopping submodel solve loop
General disjunction: No feasible solution found, use SCIP default branching rule
_____________________________________
Now starting branching with general disjunction
Current branching Node number: 41
LP objective value: 131303
Node lower bound: 131307
Node upper bound: 131472
gap to the primal bound: 0.00889433
Preck submodel is infeasible, continue branching
Time limit exceeded (1317.06s), stopping submodel solve loop
General disjunction: No feasible solution found, use SCIP default branching rule
_____________________________________
Now starting branching with general disjunction
Current branching Node number: 70
LP objective value: 131307
Node lower bound: 131314
Node upper bound: 131472
gap to the primal bound: 0.00889433
Preck submodel is infeasible, continue branching
Time limit exceeded (1915.42s), stopping submodel solve loop
General disjunction: No feasible solution found, use SCIP default branching rule
_____________________________________
Now starting branching with general disjunction
Current branching Node number: 72
LP objective value: 131355
Node lower bound: 131370
Node upper bound: 131472
gap to the primal bound: 0.00889433
Preck submodel is infeasible, continue branching
Time limit exceeded (1000.11s), stopping submodel solve loop
General disjunction: No feasible solution found, use SCIP default branching rule
_____________________________________
Now starting branching with general disjunction
Current branching Node number: 74
LP objective value: 131370
Node lower bound: 131379
Node upper bound: 131472
gap to the primal bound: 0.00889433
Preck submodel is infeasible, continue branching
Time limit exceeded (1000.09s), stopping submodel solve loop
General disjunction: No feasible solution found, use SCIP default branching rule
_____________________________________
Now starting branching with general disjunction
Current branching Node number: 76
LP objective value: 131517
Node lower bound: 131580
Node upper bound: 131472
gap to the primal bound: 0.00889433
Preck submodel is infeasible, continue branching
Time limit exceeded (1000.09s), stopping submodel solve loop
General disjunction: No feasible solution found, use SCIP default branching rule
_____________________________________
Now starting branching with general disjunction
Current branching Node number: 78
LP objective value: 131562
Node lower bound: 131621
Node upper bound: 131472
gap to the primal bound: 0.00889433
Preck submodel is infeasible, continue branching
Time limit exceeded (1910.99s), stopping submodel solve loop
General disjunction: No feasible solution found, use SCIP default branching rule
_____________________________________
Now starting branching with general disjunction
Current branching Node number: 80
LP objective value: 131635
Node lower bound: 131646
Node upper bound: 131472
gap to the primal bound: 0.00889433
Preck submodel is infeasible, continue branching
Time limit exceeded (1000.12s), stopping submodel solve loop
General disjunction: No feasible solution found, use SCIP default branching rule
_____________________________________
Now starting branching with general disjunction
Current branching Node number: 83
Relpscost reduced domain, skip general disjunction branching
_____________________________________
Now starting branching with general disjunction
Current branching Node number: 83
LP objective value: 131646
Node lower bound: 131665
Node upper bound: 131472
gap to the primal bound: 0.00889433
Preck submodel is infeasible, continue branching
Time limit exceeded (1000.12s), stopping submodel solve loop
General disjunction: No feasible solution found, use SCIP default branching rule
_____________________________________
Now starting branching with general disjunction
Current branching Node number: 84
LP objective value: 131665
Node lower bound: 131665
Node upper bound: 131472
gap to the primal bound: 0.00889433
Preck submodel is infeasible, continue branching
Time limit exceeded (1000.09s), stopping submodel solve loop
General disjunction: No feasible solution found, use SCIP default branching rule
_____________________________________
Now starting branching with general disjunction
Current branching Node number: 86
LP objective value: 131696
Node lower bound: 131707
Node upper bound: 131472
gap to the primal bound: 0.00889433
Preck submodel is infeasible, continue branching
Time limit exceeded (1000.08s), stopping submodel solve loop
General disjunction: No feasible solution found, use SCIP default branching rule
_____________________________________
Now starting branching with general disjunction
Current branching Node number: 88
LP objective value: 131707
Node lower bound: 131717
Node upper bound: 131472
gap to the primal bound: 0.00889433
Preck submodel is infeasible, continue branching
Time limit exceeded (1000.08s), stopping submodel solve loop
General disjunction: No feasible solution found, use SCIP default branching rule
_____________________________________
Now starting branching with general disjunction
Current branching Node number: 90
LP objective value: 131733
Node lower bound: 131739
Node upper bound: 131472
gap to the primal bound: 0.00889433
Preck submodel is infeasible, continue branching
Time limit exceeded (1000.07s), stopping submodel solve loop
General disjunction: No feasible solution found, use SCIP default branching rule
_____________________________________
Now starting branching with general disjunction
Current branching Node number: 93
LP objective value: 131769
Node lower bound: 131796
Node upper bound: 131472
gap to the primal bound: 0.00889433
Preck submodel is infeasible, continue branching
Time limit exceeded (1000.08s), stopping submodel solve loop
General disjunction: No feasible solution found, use SCIP default branching rule
_____________________________________
Now starting branching with general disjunction
Current branching Node number: 16
Relpscost reduced domain, skip general disjunction branching
_____________________________________
Now starting branching with general disjunction
Current branching Node number: 16
LP objective value: 131200
Node lower bound: 131204
Node upper bound: 131472
gap to the primal bound: 0.00889433
Preck submodel is infeasible, continue branching
Time limit exceeded (1000.08s), stopping submodel solve loop
General disjunction: No feasible solution found, use SCIP default branching rule
_____________________________________
Now starting branching with general disjunction
Current branching Node number: 96
LP objective value: 131204
Node lower bound: 131208
Node upper bound: 131472
gap to the primal bound: 0.00889433
Preck submodel is infeasible, continue branching
Time limit exceeded (1628.58s), stopping submodel solve loop
General disjunction: No feasible solution found, use SCIP default branching rule
_____________________________________
Now starting branching with general disjunction
Current branching Node number: 98
LP objective value: 131210
Node lower bound: 131212
Node upper bound: 131472
gap to the primal bound: 0.00889433
Preck submodel is infeasible, continue branching
Time limit exceeded (1703.38s), stopping submodel solve loop
General disjunction: No feasible solution found, use SCIP default branching rule
_____________________________________
Now starting branching with general disjunction
Current branching Node number: 100
LP objective value: 131217
Node lower bound: 131223
Node upper bound: 131472
gap to the primal bound: 0.00889433
Preck submodel is infeasible, continue branching
Time limit exceeded (1731.75s), stopping submodel solve loop
General disjunction: No feasible solution found, use SCIP default branching rule
_____________________________________
Now starting branching with general disjunction
Current branching Node number: 102
LP objective value: 131217
Node lower bound: 131224
Node upper bound: 131472
gap to the primal bound: 0.00889433
Preck submodel is infeasible, continue branching
Time limit exceeded (1381.18s), stopping submodel solve loop
General disjunction: No feasible solution found, use SCIP default branching rule
_____________________________________
Now starting branching with general disjunction
Current branching Node number: 104
LP objective value: 131217
Node lower bound: 131224
Node upper bound: 131472
gap to the primal bound: 0.00889433
Preck submodel is infeasible, continue branching
Time limit exceeded (1347.74s), stopping submodel solve loop
General disjunction: No feasible solution found, use SCIP default branching rule
_____________________________________
Now starting branching with general disjunction
Current branching Node number: 106
LP objective value: 131229
Node lower bound: 131231
Node upper bound: 131472
gap to the primal bound: 0.00889433
Preck submodel is infeasible, continue branching
Time limit exceeded (1457.21s), stopping submodel solve loop
General disjunction: No feasible solution found, use SCIP default branching rule
_____________________________________
Now starting branching with general disjunction
Current branching Node number: 108
LP objective value: 131232
Node lower bound: 131232
Node upper bound: 131472
gap to the primal bound: 0.00889433
Preck submodel is infeasible, continue branching
Time limit exceeded (1801.83s), stopping submodel solve loop
General disjunction: No feasible solution found, use SCIP default branching rule
_____________________________________
Now starting branching with general disjunction
Current branching Node number: 110
LP objective value: 131238
Node lower bound: 131240
Node upper bound: 131472
gap to the primal bound: 0.00889433
Preck submodel is infeasible, continue branching
Time limit exceeded (1928.64s), stopping submodel solve loop
General disjunction: No feasible solution found, use SCIP default branching rule
_____________________________________
Now starting branching with general disjunction
Current branching Node number: 112
LP objective value: 131240
Node lower bound: 131240
Node upper bound: 131472
gap to the primal bound: 0.00889433
Preck submodel is infeasible, continue branching
Time limit exceeded (1671.09s), stopping submodel solve loop
General disjunction: No feasible solution found, use SCIP default branching rule
_____________________________________
Now starting branching with general disjunction
Current branching Node number: 114
LP objective value: 131241
Node lower bound: 131244
Node upper bound: 131472
gap to the primal bound: 0.00889433
Preck submodel is infeasible, continue branching
Time limit exceeded (1826.9s), stopping submodel solve loop
General disjunction: No feasible solution found, use SCIP default branching rule

SCIP Status        : solving was interrupted [time limit reached]
Solving Time (sec) : 87372.39
Solving Nodes      : 58
Primal Bound       : +1.31472000000000e+05 (12 solutions)
Dual Bound         : +1.30312954016332e+05
Gap                : 0.89 %

primal solution:
================

objective value:                               131472
y..01101                                            1 	(obj:600)
y..02101                                            1 	(obj:800)
y..04101                                            1 	(obj:200)
y..06101                                            1 	(obj:1000)
y..07101                                            1 	(obj:800)
y..08101                                            1 	(obj:400)
y..09101                                            1 	(obj:200)
y..11101                                            1 	(obj:200)
y..03102                                            1 	(obj:600)
y..04102                                            1 	(obj:200)
y..05102                                            1 	(obj:1000)
y..08102                                            1 	(obj:400)
y..10102                                            1 	(obj:1000)
y..11102                                            1 	(obj:200)
y..12102                                            1 	(obj:400)
y..01103                                            1 	(obj:600)
y..02103                                            1 	(obj:800)
y..07103                                            1 	(obj:800)
y..08103                                            1 	(obj:400)
y..09103                                            1 	(obj:200)
y..04104                                            1 	(obj:200)
y..09104                                            1 	(obj:200)
y..10104                                            1 	(obj:1000)
y..11104                                            1 	(obj:200)
y..04105                                            1 	(obj:200)
y..05105                                            1 	(obj:1000)
y..06105                                            1 	(obj:1000)
y..08105                                            1 	(obj:400)
y..12105                                            1 	(obj:400)
y..01106                                            1 	(obj:600)
y..02106                                            1 	(obj:800)
y..03106                                            1 	(obj:600)
y..04106                                            1 	(obj:200)
y..09106                                            1 	(obj:200)
y..11106                                            1 	(obj:200)
y..04107                                            1 	(obj:200)
y..05107                                            1 	(obj:1000)
y..06107                                            1 	(obj:1000)
y..07107                                            1 	(obj:800)
y..08107                                            1 	(obj:400)
y..12107                                            1 	(obj:400)
y..01108                                            1 	(obj:600)
y..02108                                            1 	(obj:800)
y..04108                                            1 	(obj:200)
y..09108                                            1 	(obj:200)
y..10108                                            1 	(obj:1000)
y..11108                                            1 	(obj:200)
y..12108                                            1 	(obj:400)
y..04109                                            1 	(obj:200)
y..06109                                            1 	(obj:1000)
y..08109                                            1 	(obj:400)
y..09109                                            1 	(obj:200)
y..01110                                            1 	(obj:600)
y..03110                                            1 	(obj:600)
y..04110                                            1 	(obj:200)
y..05110                                            1 	(obj:1000)
y..08110                                            1 	(obj:400)
y..11110                                            1 	(obj:200)
y..12110                                            1 	(obj:400)
y..02111                                            1 	(obj:800)
y..04111                                            1 	(obj:200)
y..07111                                            1 	(obj:800)
y..08111                                            1 	(obj:400)
y..09111                                            1 	(obj:200)
y..10111                                            1 	(obj:1000)
y..01112                                            1 	(obj:600)
y..04112                                            1 	(obj:200)
y..06112                                            1 	(obj:1000)
y..09112                                            1 	(obj:200)
y..11112                                            1 	(obj:200)
y..12112                                            1 	(obj:400)
y..03113                                            1 	(obj:600)
y..04113                                            1 	(obj:200)
y..05113                                            1 	(obj:1000)
y..07113                                            1 	(obj:800)
y..08113                                            1 	(obj:400)
y..02114                                            1 	(obj:800)
y..04114                                            1 	(obj:200)
y..06114                                            1 	(obj:1000)
y..09114                                            1 	(obj:200)
y..11114                                            1 	(obj:200)
y..12114                                            1 	(obj:400)
y..01115                                            1 	(obj:600)
y..04115                                            1 	(obj:200)
y..08115                                            1 	(obj:400)
y..10115                                            1 	(obj:1000)
y..12115                                            1 	(obj:400)
y..02116                                            1 	(obj:800)
y..04116                                            1 	(obj:200)
y..07116                                            1 	(obj:800)
y..09116                                            1 	(obj:200)
y..11116                                            1 	(obj:200)
y..03117                                            1 	(obj:600)
y..04117                                            1 	(obj:200)
y..05117                                            1 	(obj:1000)
y..06117                                            1 	(obj:1000)
y..08117                                            1 	(obj:400)
y..09117                                            1 	(obj:200)
y..12117                                            1 	(obj:400)
y..01118                                            1 	(obj:600)
y..04118                                            1 	(obj:200)
y..08118                                            1 	(obj:400)
y..11118                                            1 	(obj:200)
y..02119                                            1 	(obj:800)
y..04119                                            1 	(obj:200)
y..08119                                            1 	(obj:400)
y..09119                                            1 	(obj:200)
y..10119                                            1 	(obj:1000)
y..12119                                            1 	(obj:400)
y..03120                                            1 	(obj:600)
y..04120                                            1 	(obj:200)
y..05120                                            1 	(obj:1000)
y..06120                                            1 	(obj:1000)
y..09120                                            1 	(obj:200)
y..11120                                            1 	(obj:200)
y..01121                                            1 	(obj:600)
y..04121                                            1 	(obj:200)
y..07121                                            1 	(obj:800)
y..08121                                            1 	(obj:400)
y..09121                                            1 	(obj:200)
y..12121                                            1 	(obj:400)
y..02122                                            1 	(obj:800)
y..04122                                            1 	(obj:200)
y..05122                                            1 	(obj:1000)
y..06122                                            1 	(obj:1000)
y..08122                                            1 	(obj:400)
y..12122                                            1 	(obj:400)
y..01123                                            1 	(obj:600)
y..04123                                            1 	(obj:200)
y..08123                                            1 	(obj:400)
y..09123                                            1 	(obj:200)
y..10123                                            1 	(obj:1000)
y..11123                                            1 	(obj:200)
y..02124                                            1 	(obj:800)
y..03124                                            1 	(obj:600)
y..04124                                            1 	(obj:200)
y..08124                                            1 	(obj:400)
y..09124                                            1 	(obj:200)
y..12124                                            1 	(obj:400)
y..04125                                            1 	(obj:200)
y..05125                                            1 	(obj:1000)
y..06125                                            1 	(obj:1000)
y..08125                                            1 	(obj:400)
y..09125                                            1 	(obj:200)
y..11125                                            1 	(obj:200)
y..01126                                            1 	(obj:600)
y..04126                                            1 	(obj:200)
y..07126                                            1 	(obj:800)
y..09126                                            1 	(obj:200)
y..10126                                            1 	(obj:1000)
y..12126                                            1 	(obj:400)
y..03127                                            1 	(obj:600)
y..04127                                            1 	(obj:200)
y..06127                                            1 	(obj:1000)
y..08127                                            1 	(obj:400)
y..11127                                            1 	(obj:200)
y..12127                                            1 	(obj:400)
y..01128                                            1 	(obj:600)
y..02128                                            1 	(obj:800)
y..04128                                            1 	(obj:200)
y..05128                                            1 	(obj:1000)
y..09128                                            1 	(obj:200)
y..10128                                            1 	(obj:1000)
y..02129                                            1 	(obj:800)
y..04129                                            1 	(obj:200)
y..06129                                            1 	(obj:1000)
y..08129                                            1 	(obj:400)
y..11129                                            1 	(obj:200)
y..12129                                            1 	(obj:400)
y..04130                                            1 	(obj:200)
y..09130                                            1 	(obj:200)
s...0201                                          110 	(obj:2)
s...0601                                          199 	(obj:3)
s...0701                                          104 	(obj:1)
s...0302                                          290 	(obj:1)
s...0502                                          181 	(obj:2)
s...0602                                           85 	(obj:3)
s...1102                                           82 	(obj:1)
s...1202                                           78 	(obj:3)
s...0103                                          222 	(obj:2)
s...0203                                          179 	(obj:2)
s...0303                                          171 	(obj:1)
s...0503                                           76 	(obj:2)
s...0703                                          215 	(obj:1)
s...0104                                           99 	(obj:2)
s...0204                             89.9999999999999 	(obj:2)
s...0304                                           92 	(obj:1)
s...0704                                          215 	(obj:1)
s...0904                                           79 	(obj:2)
s...1004                                          246 	(obj:2)
s...1104                                           87 	(obj:1)
s...0505                                          111 	(obj:2)
s...0605                                          102 	(obj:3)
s...0705                                          107 	(obj:1)
s...0805                                           75 	(obj:4)
s...1005                                          155 	(obj:2)
s...1205                                           78 	(obj:3)
s...0106                                          109 	(obj:2)
s...0206                                          106 	(obj:2)
s...0306                                          295 	(obj:1)
s...0906                                           80 	(obj:2)
s...1006                                           76 	(obj:2)
s...1106                                          137 	(obj:1)
s...0307                                          194 	(obj:1)
s...0507                                          170 	(obj:2)
s...0607                                          103 	(obj:3)
s...0707                                          286 	(obj:1)
s...0807                                           82 	(obj:4)
s...1107                                           47 	(obj:1)
s...0108                                           80 	(obj:2)
s...0208                                          188 	(obj:2)
s...0308                                          108 	(obj:1)
s...0508                                           84 	(obj:2)
s...0708                                          193 	(obj:1)
s...1008                                          170 	(obj:2)
s...1108                                           87 	(obj:1)
s...1208                                          107 	(obj:3)
s...0209                                           96 	(obj:2)
s...0309                                           31 	(obj:1)
s...0609                                          167 	(obj:3)
s...0709                                           96 	(obj:1)
s...0909                                           93 	(obj:2)
s...1009                                           79 	(obj:2)
s...0110                                           98 	(obj:2)
s...0310                                          186 	(obj:1)
s...0510                                          196 	(obj:2)
s...0610                                           76 	(obj:3)
s...1110                                           90 	(obj:1)
s...1210                                          103 	(obj:3)
s...0211                                          177 	(obj:2)
s...0311                                          102 	(obj:1)
s...0511                                           89 	(obj:2)
s...0711                                          118 	(obj:1)
s...0811                                           89 	(obj:4)
s...1011                                          292 	(obj:2)
s...0112                                          192 	(obj:2)
s...0212                                           80 	(obj:2)
s...0612                                          118 	(obj:3)
s...0712                                           27 	(obj:1)
s...0912                                           89 	(obj:2)
s...1012                                          208 	(obj:2)
s...1112                                           99 	(obj:1)
s...1212                                           87 	(obj:3)
s...0113                                           83 	(obj:2)
s...0313                                          294 	(obj:1)
s...0513                                          300 	(obj:2)
s...0713                                          202 	(obj:1)
s...0813                                           84 	(obj:4)
s...1013                                           91 	(obj:2)
s...0214                                           99 	(obj:2)
s...0314                                          189 	(obj:1)
s...0514                                          197 	(obj:2)
s...0614                                          195 	(obj:3)
s...0714                                          118 	(obj:1)
s...0914                                           82 	(obj:2)
s...1114                                           91 	(obj:1)
s...0115                                          185 	(obj:2)
s...0315                                           88 	(obj:1)
s...0515                                           82 	(obj:2)
s...0615                                          111 	(obj:3)
s...0815                                           90 	(obj:4)
s...1015                                          295 	(obj:2)
s...1215                                           86 	(obj:3)
s...0116                                           76 	(obj:2)
s...0216                                          163 	(obj:2)
s...0716                                          411 	(obj:1)
s...0916                                          129 	(obj:2)
s...1016                                          172 	(obj:2)
s...1116                                           96 	(obj:1)
s...0217                                           84 	(obj:2)
s...0317                                          174 	(obj:1)
s...0517                                          163 	(obj:2)
s...0617                                          175 	(obj:3)
s...0717                                          287 	(obj:1)
s...0917                                           83 	(obj:2)
s...1017                                           77 	(obj:2)
s...1217                                           96 	(obj:3)
s...0118                                          178 	(obj:2)
s...0318                                           83 	(obj:1)
s...0518                                           77 	(obj:2)
s...0618                                           97 	(obj:3)
s...0718                                          191 	(obj:1)
s...1118                                           87 	(obj:1)
s...0119                                           88 	(obj:2)
s...0219                                          181 	(obj:2)
s...0719                                          102 	(obj:1)
s...0819                                           81 	(obj:4)
s...1019                                          290 	(obj:2)
s...1219                                           95 	(obj:3)
s...0220                                           88 	(obj:2)
s...0320                                          254 	(obj:1)
s...0520                                           99 	(obj:2)
s...0620                                          119 	(obj:3)
s...1020                                          187 	(obj:2)
s...1120                                          186 	(obj:1)
s...0121                                           90 	(obj:2)
s...0321                                          165 	(obj:1)
s...0721                                          381 	(obj:1)
s...0921                                           99 	(obj:2)
s...1021                                          104 	(obj:2)
s...1121                                           84 	(obj:1)
s...0222                                          114 	(obj:2)
s...0322                                           88 	(obj:1)
s...0522                                          179 	(obj:2)
s...0622                                          181 	(obj:3)
s...0722                                          287 	(obj:1)
s...1222                                           99 	(obj:3)
s...0123                                          234 	(obj:2)
s...0523                                           78 	(obj:2)
s...0623                                           91 	(obj:3)
s...0723                                          209 	(obj:1)
s...1023                                          212 	(obj:2)
s...1123                                           91 	(obj:1)
s...0124                                          124 	(obj:2)
s...0224                                          259 	(obj:2)
s...0324                                          208 	(obj:1)
s...0724                                          114 	(obj:1)
s...1024                                           95 	(obj:2)
s...1224                                           84 	(obj:3)
s...0225                                          161 	(obj:2)
s...0325                                           84 	(obj:1)
s...0525                                          202 	(obj:2)
s...0625                                           92 	(obj:3)
s...0825                                           78 	(obj:4)
s...0925                             15.9999999999999 	(obj:2)
s...1125                                          104 	(obj:1)
s...0126                                          104 	(obj:2)
s...0226                                           85 	(obj:2)
s...0526                                           91 	(obj:2)
s...0726                                          408 	(obj:1)
s...0926                                           75 	(obj:2)
s...1026                                          110 	(obj:2)
s...1126                                           24 	(obj:1)
s...0327                                          299 	(obj:1)
s...0627                                          118 	(obj:3)
s...0727                                          286 	(obj:1)
s...0827                                           78 	(obj:4)
s...1127                                           99 	(obj:1)
s...1227                                           79 	(obj:3)
s...0128                                          177 	(obj:2)
s...0328                                          187 	(obj:1)
s...0528                                          216 	(obj:2)
s...0728                                          195 	(obj:1)
s...0928                                           90 	(obj:2)
s...1028                                          179 	(obj:2)
s...0129                                           87 	(obj:2)
s...0229                                          122 	(obj:2)
s...0329                                          103 	(obj:1)
s...0529                                          125 	(obj:2)
s...0629                                           91 	(obj:3)
s...0729                             77.9999999999999 	(obj:1)
s...0829                                           94 	(obj:4)
s...1029                                           97 	(obj:2)
s...1129                                           87 	(obj:1)
s...1229                                           97 	(obj:3)
x..01101                                           89 	(obj:0)
x..01103                                          314 	(obj:0)
x..01106                                          218 	(obj:0)
x..01108                                          196 	(obj:0)
x..01110                                          208 	(obj:0)
x..01112                                          296 	(obj:0)
x..01115                                          273 	(obj:0)
x..01118                                          268 	(obj:0)
x..01121                                          205 	(obj:0)
x..01123                                          350 	(obj:0)
x..01126                                          218 	(obj:0)
x..01128                                          300 	(obj:0)
x..02101                                          202 	(obj:0)
x..02103                                          295 	(obj:0)
x..02106                                          191 	(obj:0)
x..02108                                          293 	(obj:0)
x..02111                                          279 	(obj:0)
x..02114                                          216 	(obj:0)
x..02116                                          249 	(obj:0)
x..02119                                          305 	(obj:0)
x..02122                                          237 	(obj:0)
x..02124                                          376 	(obj:0)
x..02128                                          111 	(obj:0)
x..02129                                          246 	(obj:0)
x..03102                                          403 	(obj:0)
x..03106                                          375 	(obj:0)
x..03110                                          243 	(obj:0)
x..03113                                          395 	(obj:0)
x..03117                                          265 	(obj:0)
x..03120                                          364 	(obj:0)
x..03124                                          325 	(obj:0)
x..03127                                          420 	(obj:0)
x..04101                                           91 	(obj:0)
x..04102                                           86 	(obj:0)
x..04104                                          122 	(obj:0)
x..04105                                           98 	(obj:0)
x..04106                                          113 	(obj:0)
x..04107                                          104 	(obj:0)
x..04108                                          118 	(obj:0)
x..04109                                           89 	(obj:0)
x..04110                                          108 	(obj:0)
x..04111                                           85 	(obj:0)
x..04112                                           84 	(obj:0)
x..04113                                           87 	(obj:0)
x..04114                                          124 	(obj:0)
x..04115                                          112 	(obj:0)
x..04116                                          104 	(obj:0)
x..04117                                           81 	(obj:0)
x..04118                                           93 	(obj:0)
x..04119                                           80 	(obj:0)
x..04120                                           77 	(obj:0)
x..04121                                           92 	(obj:0)
x..04122                                          102 	(obj:0)
x..04123                                          107 	(obj:0)
x..04124                                           97 	(obj:0)
x..04125                                          105 	(obj:0)
x..04126                                          119 	(obj:0)
x..04127                                          114 	(obj:0)
x..04128                                           75 	(obj:0)
x..04129                                           92 	(obj:0)
x..04130                                          117 	(obj:0)
x..05102                                          279 	(obj:0)
x..05105                                          219 	(obj:0)
x..05107                                          286 	(obj:0)
x..05110                                          307 	(obj:0)
x..05113                                          417 	(obj:0)
x..05117                                          279 	(obj:0)
x..05120                                          218 	(obj:0)
x..05122                                          300 	(obj:0)
x..05125                                          323 	(obj:0)
x..05128                                          307 	(obj:0)
x..06101                                          303 	(obj:0)
x..06105                                          216 	(obj:0)
x..06107                                          219 	(obj:0)
x..06109                                          277 	(obj:0)
x..06112                                          241 	(obj:0)
x..06114                                          297 	(obj:0)
x..06117                                          294 	(obj:0)
x..06120                                          239 	(obj:0)
x..06122                                          286 	(obj:0)
x..06125                                          217 	(obj:0)
x..06127                                          242 	(obj:0)
x..06129                                          214 	(obj:0)
x..07101                                          212 	(obj:0)
x..07103                                          336 	(obj:0)
x..07107                                          387 	(obj:0)
x..07111                                          215 	(obj:0)
x..07113                                          281 	(obj:0)
x..07116                                          534 	(obj:0)
x..07121                                          499 	(obj:0)
x..07126                                          509 	(obj:0)
x..08101                                          112 	(obj:0)
x..08102                                           96 	(obj:0)
x..08103                                          109 	(obj:0)
x..08105                                          151 	(obj:0)
x..08107                                          188 	(obj:0)
x..08109                                           98 	(obj:0)
x..08110                                          109 	(obj:0)
x..08111                                          187 	(obj:0)
x..08113                                          208 	(obj:0)
x..08115                                          198 	(obj:0)
x..08117                                          119 	(obj:0)
x..08118                                          125 	(obj:0)
x..08119                                          191 	(obj:0)
x..08121                                           89 	(obj:0)
x..08122                                          115 	(obj:0)
x..08123                                          111 	(obj:0)
x..08124                                          104 	(obj:0)
x..08125                                          185 	(obj:0)
x..08127                                          199 	(obj:0)
x..08129                                          184 	(obj:0)
x..09101                                          101 	(obj:0)
x..09103                                          114 	(obj:0)
x..09104                                          171 	(obj:0)
x..09106                                          173 	(obj:0)
x..09108                                          103 	(obj:0)
x..09109                                          205 	(obj:0)
x..09111                                          115 	(obj:0)
x..09112                                          203 	(obj:0)
x..09114                                          182 	(obj:0)
x..09116                                          219 	(obj:0)
x..09117                                           57 	(obj:0)
x..09119                                          109 	(obj:0)
x..09120                                          113 	(obj:0)
x..09121                                          221 	(obj:0)
x..09123                                          112 	(obj:0)
x..09124                                          118 	(obj:0)
x..09125                                          133 	(obj:0)
x..09126                                          169 	(obj:0)
x..09128                                          195 	(obj:0)
x..09130                                          116 	(obj:0)
x..10102                                          104 	(obj:0)
x..10104                                          365 	(obj:0)
x..10108                                          249 	(obj:0)
x..10111                                          396 	(obj:0)
x..10115                                          417 	(obj:0)
x..10119                                          402 	(obj:0)
x..10123                                          337 	(obj:0)
x..10126                                          222 	(obj:0)
x..10128                                          303 	(obj:0)
x..11101                                          101 	(obj:0)
x..11102                                          182 	(obj:0)
x..11104                                          173 	(obj:0)
x..11106                                          227 	(obj:0)
x..11108                                          136 	(obj:0)
x..11110                                          176 	(obj:0)
x..11112                                          220 	(obj:0)
x..11114                                          189 	(obj:0)
x..11116                                          178 	(obj:0)
x..11118                                          202 	(obj:0)
x..11120                                          281 	(obj:0)
x..11123                                          178 	(obj:0)
x..11125                                          220 	(obj:0)
x..11127                                          160 	(obj:0)
x..11129                                          170 	(obj:0)
x..12102                                          193 	(obj:0)
x..12105                                          186 	(obj:0)
x..12107                                          105 	(obj:0)
x..12108                                          223 	(obj:0)
x..12110                                          207 	(obj:0)
x..12112                                          212 	(obj:0)
x..12114                                          120 	(obj:0)
x..12115                                          182 	(obj:0)
x..12117                                          213 	(obj:0)
x..12119                                          216 	(obj:0)
x..12121                                          119 	(obj:0)
x..12122                                          219 	(obj:0)
x..12124                                          184 	(obj:0)
x..12126                                          121 	(obj:0)
x..12127                                          193 	(obj:0)
x..12129                                          202 	(obj:0)

Statistics
==========

SCIP Status        : solving was interrupted [time limit reached]
Total Time         :   87372.40
  solving          :   87372.39
  presolving       :       0.04 (included in solving)
  reading          :       0.01
  copying          :       0.01 (4 #copies) (minimal 0.00, maximal 0.00, average 0.00)
Original Problem   :
  Problem name     : tr12-30
  Variables        : 1080 (360 binary, 0 integer, 0 implicit integer, 720 continuous)
  Constraints      : 750 initial, 750 maximal
  Objective        : minimize, 720 non-zeros (abs.min = 1, abs.max = 1000)
Presolved Problem  :
  Problem name     : t_tr12-30
  Variables        : 1040 (352 binary, 0 integer, 0 implicit integer, 688 continuous)
  Constraints      : 722 initial, 772 maximal
  Objective        : minimize, 712 non-zeros (abs.min = 1, abs.max = 1000)
  Nonzeros         : 2432 constraint, 8 clique table
Presolvers         :   ExecTime  SetupTime  Calls  FixedVars   AggrVars   ChgTypes  ChgBounds   AddHoles    DelCons    AddCons   ChgSides   ChgCoefs
  boundshift       :       0.00       0.00      0          0          0          0          0          0          0          0          0          0
  convertinttobin  :       0.00       0.00      0          0          0          0          0          0          0          0          0          0
  domcol           :       0.00       0.00      1          0          0          0          0          0          0          0          0          0
  dualagg          :       0.00       0.00      0          0          0          0          0          0          0          0          0          0
  dualcomp         :       0.00       0.00      1          0          0          0          0          0          0          0          0          0
  dualinfer        :       0.00       0.00      0          0          0          0          0          0          0          0          0          0
  dualsparsify     :       0.00       0.00      1          0          0          0          0          0          0          0          0          0
  gateextraction   :       0.00       0.00      0          0          0          0          0          0          0          0          0          0
  implics          :       0.00       0.00      2          0          0          0          0          0          0          0          0          0
  inttobinary      :       0.00       0.00      0          0          0          0          0          0          0          0          0          0
  qpkktref         :       0.00       0.00      0          0          0          0          0          0          0          0          0          0
  redvub           :       0.00       0.00      0          0          0          0          0          0          0          0          0          0
  sparsify         :       0.00       0.00      1          0          0          0          0          0          0          0          0          0
  stuffing         :       0.00       0.00      0          0          0          0          0          0          0          0          0          0
  trivial          :       0.00       0.00      6          0          0          0          0          0          0          0          0          0
  tworowbnd        :       0.00       0.00      0          0          0          0          0          0          0          0          0          0
  dualfix          :       0.00       0.00      6          0          0          0          0          0          0          0          0          0
  genvbounds       :       0.00       0.00      0          0          0          0          0          0          0          0          0          0
  probing          :       0.02       0.00      1          0          0          0          0          0          0          0          0          0
  pseudoobj        :       0.00       0.00      0          0          0          0          0          0          0          0          0          0
  symmetry         :       0.00       0.00      1          0          0          0          0          0          0          0          0          0
  vbounds          :       0.00       0.00      0          0          0          0          0          0          0          0          0          0
  varbound         :       0.00       0.00      2          0          0          0          0          0          0          0          0          0
  linear           :       0.01       0.00      8          8         32          0        728          0         28          0          0         16
  logicor          :       0.00       0.00      0          0          0          0          0          0          0          0          0          0
  bounddisjunction :       0.00       0.00      0          0          0          0          0          0          0          0          0          0
  benders          :       0.00       0.00      0          0          0          0          0          0          0          0          0          0
  components       :       0.00       0.00      1          0          0          0          0          0          0          0          0          0
  root node        :          -          -      -          0          -          -        268          -          -          -          -          -
Constraints        :     Number  MaxNumber  #Separate #Propagate    #EnfoLP    #EnfoRelax  #EnfoPS    #Check   #ResProp    Cutoffs    DomReds       Cuts    Applied      Conss   Children
  benderslp        :          0          0          0          0         67          0          0         56          0          0          0          0          0          0          0
  integral         :          0          0          0          0         67          0          0         56          0          0         55          0          0          0        116
  varbound         :        352        352         36      20103          0          0          0         51        186          0         54          0          0          0          0
  linear           :        370+       375         36      20103          0          0          0         18        115         22       1304         18          0          0          0
  logicor          :          0+         2         36         12          0          0          0          0          0          0          0          1          0          0          0
  bounddisjunction :          0+        45          0        256          0          0          0          0          0          0          0          0          0          0          0
  benders          :          0          0          0          0          0          0          0         13          0          0          0          0          0          0          0
  fixedvar         :          0          0          0          0          0          0          0         13          0          0          0          0          0          0          0
  countsols        :          0          0          0          0          0          0          0         13          0          0          0          0          0          0          0
  components       :          0          0          0          0          0          0          0          0          0          0          0          0          0          0          0
Constraint Timings :  TotalTime  SetupTime   Separate  Propagate     EnfoLP     EnfoPS     EnfoRelax   Check    ResProp    SB-Prop
  benderslp        :       0.00       0.00       0.00       0.00       0.00       0.00       0.00       0.00       0.00       0.00
  integral         :   87370.29       0.00       0.00       0.00   87370.29       0.00       0.00       0.00       0.00       0.00
  varbound         :       0.01       0.00       0.00       0.01       0.00       0.00       0.00       0.00       0.00       0.00
  linear           :       0.09       0.00       0.02       0.05       0.00       0.00       0.00       0.00       0.00       0.01
  logicor          :       0.00       0.00       0.00       0.00       0.00       0.00       0.00       0.00       0.00       0.00
  bounddisjunction :       0.00       0.00       0.00       0.00       0.00       0.00       0.00       0.00       0.00       0.00
  benders          :       0.00       0.00       0.00       0.00       0.00       0.00       0.00       0.00       0.00       0.00
  fixedvar         :       0.00       0.00       0.00       0.00       0.00       0.00       0.00       0.00       0.00       0.00
  countsols        :       0.00       0.00       0.00       0.00       0.00       0.00       0.00       0.00       0.00       0.00
  components       :       0.00       0.00       0.00       0.00       0.00       0.00       0.00       0.00       0.00       0.00
Propagators        : #Propagate   #ResProp    Cutoffs    DomReds
  dualfix          :         42          0          0          0
  genvbounds       :          0          0          0          0
  nlobbt           :          0          0          0          0
  obbt             :          0          0          0          0
  probing          :          0          0          0          0
  pseudoobj        :        881          0          0         35
  redcost          :        184          0          0          0
  rootredcost      :          1          0          0         54
  symmetry         :          0          0          0          0
  vbounds          :       3888          0          0          0
Propagator Timings :  TotalTime  SetupTime   Presolve  Propagate    ResProp    SB-Prop
  dualfix          :       0.00       0.00       0.00       0.00       0.00       0.00
  genvbounds       :       0.00       0.00       0.00       0.00       0.00       0.00
  nlobbt           :       0.00       0.00       0.00       0.00       0.00       0.00
  obbt             :       0.00       0.00       0.00       0.00       0.00       0.00
  probing          :       0.02       0.00       0.02       0.00       0.00       0.00
  pseudoobj        :       0.01       0.00       0.00       0.01       0.00       0.00
  redcost          :       0.00       0.00       0.00       0.00       0.00       0.00
  rootredcost      :       0.00       0.00       0.00       0.00       0.00       0.00
  symmetry         :       0.00       0.00       0.00       0.00       0.00       0.00
  vbounds          :       0.00       0.00       0.00       0.00       0.00       0.00
Symmetry           :
  orbitopal red.   :          0 reductions applied,          0 cutoffs
  orbital reduction:          0 reductions applied,          0 cutoffs
  lexicographic red:          0 reductions applied,          0 cutoffs
  shadow tree time :       0.00 s
Conflict Analysis  :       Time      Calls    Success    DomReds  Conflicts   Literals    Reconvs ReconvLits   Dualrays   Nonzeros   LP Iters   (pool size: [10000,10000])
  propagation      :       0.00          0          0          -          0        0.0          0        0.0          -          -          -
  infeasible LP    :       0.00          5          5          -         17       14.9         16        2.2          5       27.8          0
  bound exceed. LP :       0.01          7         11          -         10       37.2         27        2.6          6        1.0         80
  strong branching :       0.00          0          0          -          0        0.0          0        0.0          -          -          0
  pseudo solution  :       0.00          0          0          -          0        0.0          0        0.0          -          -          -
  applied globally :       0.00          -          -          6         47       10.4          -          -         11          -          -
  applied locally  :          -          -          -          0          0        0.0          -          -          0          -          -
Separators         :   ExecTime  SetupTime      Calls  RootCalls    Cutoffs    DomReds  FoundCuts ViaPoolAdd  DirectAdd    Applied ViaPoolApp  DirectApp      Conss
  cut pool         :       0.02          -         79         63          -          -       5348      10212          -          -          -          -          -    (maximal pool size:       5348)
  aggregation      :       0.47       0.00         46         36          0          0       4420       8526          0        690        690          0          0
  > cmir           :          -          -          -          -          -          -          -       7873          0        652        652          0          -
  > flowcover      :          -          -          -          -          -          -          -        643          0         32         32          0          -
  > knapsackcover  :          -          -          -          -          -          -          -         10          0          6          6          0          -
  cgmip            :       0.00       0.00          0          0          0          0          0          0          0          0          0          0          0
  clique           :       0.00       0.00         36         36          0          0          0          0          0          0          0          0          0
  closecuts        :       0.00       0.00          0          0          0          0          0          0          0          0          0          0          0
  convexproj       :       0.00       0.00          0          0          0          0          0          0          0          0          0          0          0
  disjunctive      :       0.00       0.00          0          0          0          0          0          0          0          0          0          0          0
  eccuts           :       0.00       0.00          0          0          0          0          0          0          0          0          0          0          0
  gauge            :       0.00       0.00          0          0          0          0          0          0          0          0          0          0          0
  gomory           :       0.09       0.00         20         10          0          0        548       1250          0         18         18          0          0
  > gomorymi       :          -          -          -          -          -          -          -       1250          0         18         18          0          -
  > strongcg       :          -          -          -          -          -          -          -          0          0          0          0          0          -
  impliedbounds    :       0.00       0.00         46         36          0          0        320        353          0        307        307          0          0
  interminor       :       0.00       0.00          0          0          0          0          0          0          0          0          0          0          0
  intobj           :       0.00       0.00          0          0          0          0          0          0          0          0          0          0          0
  lagromory        :       0.00       0.00          0          0          0          0          0          0          0          0          0          0          0
  mcf              :       0.02       0.00          7          7          0          0         36         46          0          3          3          0          0
  minor            :       0.00       0.00          0          0          0          0          0          0          0          0          0          0          0
  mixing           :       0.00       0.00         46         36          0          0         22         35          0          3          3          0          0
  oddcycle         :       0.00       0.00          0          0          0          0          0          0          0          0          0          0          0
  rapidlearning    :       0.00       0.00          0          0          0          0          0          0          0          0          0          0          0
  rlt              :       0.00       0.00         10         10          0          0          0          0          0          0          0          0          0
  zerohalf         :       0.01       0.00         30         20          0          0          2          2          0          0          0          0          0
Cutselectors       :   ExecTime  SetupTime      Calls  RootCalls   Selected     Forced   Filtered  RootSelec   RootForc   RootFilt 
  hybrid           :       0.01       0.00         46         33       1021          0       9210        974          0       8785
  ensemble         :       0.00       0.00          0          0          0          0          0          0          0          0
  dynamic          :       0.00       0.00          0          0          0          0          0          0          0          0
Pricers            :   ExecTime  SetupTime      Calls       Vars
  problem variables:       0.00          -          0          0
Branching Rules    :   ExecTime  SetupTime   BranchLP  BranchExt   BranchPS    Cutoffs    DomReds       Cuts      Conss   Children
  allfullstrong    :       0.00       0.00          0          0          0          0          0          0          0          0
  cloud            :       0.00       0.00          0          0          0          0          0          0          0          0
  distribution     :       0.00       0.00          0          0          0          0          0          0          0          0
  fullstrong       :       0.00       0.00          0          0          0          0          0          0          0          0
  general_disjuncti:   87369.42       0.00         67          0          0          0         39          0          0          0
  GeneralDisjunction(extra): subMILPs=159 fairNodes of all MILPs=792713 probingLPs=0
  gomory           :       0.00       0.00          0          0          0          0          0          0          0          0
  inference        :       0.00       0.00          0          0          0          0          0          0          0          0
  leastinf         :       0.00       0.00          0          0          0          0          0          0          0          0
  lookahead        :       0.00       0.00          0          0          0          0          0          0          0          0
  mostinf          :       0.00       0.00          0          0          0          0          0          0          0          0
  multaggr         :       0.00       0.00          0          0          0          0          0          0          0          0
  nodereopt        :       0.00       0.00          0          0          0          0          0          0          0          0
  pscost           :       0.00       0.00          0          0          0          0          0          0          0          0
  random           :       0.00       0.00          0          0          0          0          0          0          0          0
  relpscost        :       0.87       0.00         61          0          0          0         16          0          0        116
  vanillafullstrong:       0.00       0.00          0          0          0          0          0          0          0          0
Primal Heuristics  :   ExecTime  SetupTime      Calls      Found       Best
  LP solutions     :       0.00          -          -          0          0
  relax solutions  :       0.00          -          -          0          0
  pseudo solutions :       0.00          -          -          0          0
  strong branching :       0.00          -          -          0          0
  actconsdiving    :       0.00       0.00          0          0          0
  adaptivediving   :       0.00       0.00          1          0          0
  alns             :       0.15       0.00          3          0          0
  bound            :       0.00       0.00          0          0          0
  clique           :       0.00       0.00          1          0          0
  coefdiving       :       0.00       0.00          0          0          0
  completesol      :       0.00       0.00          0          0          0
  conflictdiving   :       0.02       0.00          1          0          0
  crossover        :       0.00       0.00          0          0          0
  dins             :       0.00       0.00          0          0          0
  distributiondivin:       0.00       0.00          0          0          0
  dps              :       0.00       0.00          0          0          0
  dualval          :       0.00       0.00          0          0          0
  farkasdiving     :       0.08       0.00          1          0          0
  feaspump         :       0.02       0.00          1          1          1
  fixandinfer      :       0.00       0.00          0          0          0
  fracdiving       :       0.02       0.00          1          0          0
  gins             :       0.00       0.00          0          0          0
  guideddiving     :       0.00       0.00          0          0          0
  indicator        :       0.00       0.00          0          0          0
  indicatordiving  :       0.00       0.00          0          0          0
  intdiving        :       0.00       0.00          0          0          0
  intshifting      :       0.00       0.00          2          0          0
  linesearchdiving :       0.00       0.00          0          0          0
  localbranching   :       0.00       0.00          0          0          0
  locks            :       0.01       0.00          1          0          0
  lpface           :       0.00       0.00          0          0          0
  mpec             :       0.00       0.00          0          0          0
  multistart       :       0.00       0.00          0          0          0
  mutation         :       0.00       0.00          0          0          0
  nlpdiving        :       0.00       0.00          0          0          0
  objpscostdiving  :       0.00       0.00          0          0          0
  octane           :       0.00       0.00          0          0          0
  ofins            :       0.00       0.00          0          0          0
  oneopt           :       0.02       0.00          4          2          2
  padm             :       0.00       0.00          0          0          0
  proximity        :       0.00       0.00          0          0          0
  pscostdiving     :       0.05       0.00          1          0          0
  randrounding     :       0.08       0.00         42          0          0
  rens             :       0.53       0.00          1          1          1
  reoptsols        :       0.00       0.00          0          0          0
  repair           :       0.00       0.00          0          0          0
  rins             :       0.00       0.00          0          0          0
  rootsoldiving    :       0.00       0.00          0          0          0
  rounding         :       0.00       0.00        103          0          0
  scheduler        :       0.00       0.00          0          0          0
  shiftandpropagate:       0.01       0.00          1          0          0
  shifting         :       0.02       0.00         55          8          2
  simplerounding   :       0.00       0.00          0          0          0
  subnlp           :       0.00       0.00          0          0          0
  trivial          :       0.00       0.00          2          0          0
  trivialnegation  :       0.00       0.00          0          0          0
  trustregion      :       0.00       0.00          0          0          0
  trysol           :       0.00       0.00          0          0          0
  twoopt           :       0.00       0.00          0          0          0
  undercover       :       0.00       0.00          0          0          0
  vbounds          :       0.00       0.00          0          0          0
  veclendiving     :       0.00       0.00          0          0          0
  zeroobj          :       0.00       0.00          0          0          0
  zirounding       :       0.00       0.00         57          0          0
  other solutions  :          -          -          -          0          -
LNS (Scheduler)    :      Calls  SetupTime  SolveTime SolveNodes       Sols       Best       Exp3    Exp3-IX  EpsGreedy        UCB TgtFixRate  Opt  Inf Node Stal  Sol  Usr Othr Actv
  rens             :          0       0.00       0.00          0          0          0    0.00000    0.12500   -1.00000    1.00000      0.900    0    0    0    0    0    0    0    1
  rins             :          0       0.00       0.00          0          0          0    0.00000    0.12500   -1.00000    1.00000      0.900    0    0    0    0    0    0    0    1
  mutation         :          0       0.00       0.00          0          0          0    0.00000    0.12500   -1.00000    1.00000      0.900    0    0    0    0    0    0    0    1
  localbranching   :          0       0.00       0.00          0          0          0    0.00000    0.12500   -1.00000    1.00000      0.900    0    0    0    0    0    0    0    1
  crossover        :          0       0.00       0.00          0          0          0    0.00000    0.12500   -1.00000    1.00000      0.900    0    0    0    0    0    0    0    1
  proximity        :          0       0.00       0.00          0          0          0    0.00000    0.12500   -1.00000    1.00000      0.900    0    0    0    0    0    0    0    1
  zeroobjective    :          0       0.00       0.00          0          0          0    0.00000    0.12500   -1.00000    1.00000      0.900    0    0    0    0    0    0    0    1
  dins             :          0       0.00       0.00          0          0          0    0.00000    0.12500   -1.00000    1.00000      0.900    0    0    0    0    0    0    0    1
  trustregion      :          0       0.00       0.00          0          0          0    0.00000    0.00000   -1.00000    1.00000      0.900    0    0    0    0    0    0    0    0
LP                 :       Time      Calls Iterations  Iter/call   Iter/sec  Time-0-It Calls-0-It    ItLimit
  primal LP        :       0.09         12          0       0.00       0.00       0.09         12
  dual LP          :       0.25        120       3004      28.88   11905.94       0.00         16
  lex dual LP      :       0.00          0          0       0.00          -
  barrier LP       :       0.00          0          0       0.00          -       0.00          0
  resolve instable :       0.00          0          0       0.00          -
  diving/probing LP:       0.22         92       2522      27.41   11389.60
  strong branching :       2.35        723      19002      26.28    8094.17          -          -          3
    (at root node) :          -         74       2970      40.14          -
  conflict analysis:       0.01          8         80      10.00          -
B&B Tree           :
  number of runs   :          1
  nodes            :         58 (58 internal, 0 leaves)
  feasible leaves  :          0
  infeas. leaves   :          0
  objective leaves :          0
  nodes (total)    :         58 (58 internal, 0 leaves)
  nodes left       :         59
  max depth        :         21
  max depth (total):         21
  backtracks       :          3 (5.2%)
  early backtracks :          0 (0.0%)
  nodes exc. ref.  :          0 (0.0%)
  delayed cutoffs  :          0
  repropagations   :         11 (34 domain reductions, 0 cutoffs)
  avg switch length:       2.40
  switching time   :       0.07
Root Node          :
  First LP value   : +2.12602447804709e+04
  First LP Iters   :        333 (133360.03 Iter/sec)
  First LP Time    :       0.00
  Final Dual Bound : +1.30312954016332e+05
  Final Root Iters :       3337
  Root LP Estimate : +1.30634291854604e+05
Solution           :
  Solutions found  :         12 (6 improvements)
  First Solution   : +2.41835000000000e+05   (in run 1, after 1 nodes, 0.09 seconds, depth 0, found by <feaspump>)
  Gap First Sol.   :    1037.50 %
  Gap Last Sol.    :       0.90 %
  Primal Bound     : +1.31472000000000e+05   (in run 1, after 1 nodes, 1.55 seconds, depth 0, found by <rens>)
  Dual Bound       : +1.30312954016332e+05
  Gap              :       0.89 %
Integrals          :      Total       Avg%
  primal-dual      :   77060.21       0.88
  primal-ref       :          -          - (not evaluated)
  dual-ref         :          -          - (not evaluated)
