SCIP version 9.2.2 [precision: 8 byte] [memory: block] [mode: optimized] [LP solver: CPLEX 12.10.0.0] [GitHash: 416226a4f8]
Copyright (c) 2002-2025 Zuse Institute Berlin (ZIB)

reading parameter file </scratch/htc/yzhou/exp_scipmip/settings/allon_gendj.set>

read problem </scratch/htc/yzhou/exp_scipmip/instances/additional/uct-subprob.mps>
============

original problem has 2256 variables (379 bin, 0 int, 0 impl, 1877 cont) and 1973 constraints
   1973 constraints of type <linear>
Reading Time: 0.02
solve problem
=============
LP Solver <CPLEX 12.10.0.0>: fastmip setting not available -- SCIP parameter has no effect
LP Solver <CPLEX 12.10.0.0>: clock type cannot be set
LP Solver <CPLEX 12.10.0.0>: row representation of the basis not available -- SCIP parameter lp/rowrepswitch has no effect
LP Solver <CPLEX 12.10.0.0>: solution polishing not available -- SCIP parameter lp/solutionpolishing has no effect
LP Solver <CPLEX 12.10.0.0>: refactorization interval not available -- SCIP parameter lp/refactorinterval has no effect
transformed problem has 2256 variables (379 bin, 0 int, 0 impl, 1877 cont) and 1973 constraints
   1973 constraints of type <linear>

original problem has 10147 active (0.227967%) nonzeros and 10147 (0.227967%) check nonzeros

presolving:
(round 1, fast)       151 del vars, 219 del conss, 0 add conss, 20 chg bounds, 0 chg sides, 0 chg coeffs, 0 upgd conss, 0 impls, 717 clqs
(round 2, fast)       171 del vars, 219 del conss, 0 add conss, 20 chg bounds, 0 chg sides, 0 chg coeffs, 0 upgd conss, 0 impls, 717 clqs
(round 3, exhaustive) 171 del vars, 219 del conss, 0 add conss, 20 chg bounds, 0 chg sides, 0 chg coeffs, 1754 upgd conss, 0 impls, 717 clqs
(round 4, exhaustive) 171 del vars, 225 del conss, 0 add conss, 20 chg bounds, 0 chg sides, 0 chg coeffs, 1754 upgd conss, 0 impls, 1466 clqs
   (0.0s) probing: 51/2085 (2.4%) - 0 fixings, 0 aggregations, 0 implications, 0 bound changes
   (0.0s) probing aborted: 50/50 successive totally useless probings
   (0.0s) symmetry computation started: requiring (bin +, int +, cont +), (fixed: bin -, int -, cont -)
   (0.1s) symmetry computation finished: 73 generators found (max: 1500, log10 of symmetry group size: 0.0) (symcode time: 0.00)
dynamic symmetry handling statistics:
   orbitopal reduction:        3 components: 2x3, 2x3, 2x3
   orbital reduction:         no components
   lexicographic reduction:   44 permutations with support sizes 14, 4, 4, 4, 4, 4, 4, 4, 4, 4, 4, 4, 4, 4, 4, 4, 4, 4, 4, 4, 4, 4, 4, 4, 4, 4, 4, 4, 4, 4, 4, 4, 4, 4, 4, 4, 4, 4, 4, 4, 4, 4, 4, 4
handled 65 out of 65 symmetry components
(round 5, exhaustive) 171 del vars, 225 del conss, 23 add conss, 20 chg bounds, 0 chg sides, 0 chg coeffs, 1754 upgd conss, 0 impls, 1489 clqs
(round 6, exhaustive) 171 del vars, 225 del conss, 23 add conss, 20 chg bounds, 0 chg sides, 0 chg coeffs, 1777 upgd conss, 0 impls, 1489 clqs
clique table cleanup detected 0 bound changes

presolved problem has 9740 active (0.263775%) nonzeros and 9740 (0.263775%) check nonzeros

presolving (7 rounds: 7 fast, 5 medium, 5 exhaustive):
 171 deleted vars, 225 deleted constraints, 23 added constraints, 20 tightened bounds, 0 added holes, 0 changed sides, 0 changed coefficients
 0 implications, 1490 cliques
presolved problem has 2085 variables (379 bin, 0 int, 1706 impl, 0 cont) and 1771 constraints
    815 constraints of type <setppc>
    956 constraints of type <logicor>
transformed objective value is always integral (scale: 1)
Presolving Time: 0.06

 time | node  | left  |LP iter|LP it/n|mem/heur|mdpt |vars |cons |rows |cuts |sepa|confs|strbr|  dualbound   | primalbound  |  gap   | compl. 
p 0.1s|     1 |     0 |     0 |     - |shiftand|   0 |2085 |1771 |1768 |   0 |  0 |   0 |   0 |-2.000000e+00 | 3.800000e+02 |    Inf | unknown
  0.1s|     1 |     0 |  1034 |     - |    36M |   0 |2085 |1771 |1768 |   0 |  0 |   0 |   0 | 2.420000e+02 | 3.800000e+02 |  57.02%| unknown
  0.2s|     1 |     0 |  1898 |     - |    40M |   0 |2085 |1771 |1780 |  12 |  1 |   0 |   0 | 2.431430e+02 | 3.800000e+02 |  56.29%| unknown
  0.3s|     1 |     0 |  2680 |     - |    47M |   0 |2085 |1771 |1795 |  27 |  2 |   0 |   0 | 2.441548e+02 | 3.800000e+02 |  55.64%| unknown
  0.4s|     1 |     0 |  3297 |     - |    51M |   0 |2085 |1771 |1811 |  43 |  3 |   0 |   0 | 2.484117e+02 | 3.800000e+02 |  52.97%| unknown
  0.5s|     1 |     0 |  3980 |     - |    56M |   0 |2085 |1771 |1830 |  62 |  4 |   0 |   0 | 2.506813e+02 | 3.800000e+02 |  51.59%| unknown
  0.6s|     1 |     0 |  4244 |     - |    62M |   0 |2085 |1771 |1847 |  79 |  5 |   0 |   0 | 2.536766e+02 | 3.800000e+02 |  49.80%| unknown
  0.7s|     1 |     0 |  4692 |     - |    67M |   0 |2085 |1771 |1862 |  94 |  6 |   0 |   0 | 2.573894e+02 | 3.800000e+02 |  47.64%| unknown
  0.8s|     1 |     0 |  5033 |     - |    71M |   0 |2085 |1771 |1876 | 108 |  7 |   0 |   0 | 2.605558e+02 | 3.800000e+02 |  45.84%| unknown
  0.9s|     1 |     0 |  5378 |     - |    75M |   0 |2085 |1771 |1890 | 122 |  8 |   0 |   0 | 2.625455e+02 | 3.800000e+02 |  44.74%| unknown
  0.9s|     1 |     0 |  5787 |     - |    79M |   0 |2085 |1771 |1903 | 135 |  9 |   0 |   0 | 2.645882e+02 | 3.800000e+02 |  43.62%| unknown
  1.0s|     1 |     0 |  6381 |     - |    84M |   0 |2085 |1771 |1917 | 149 | 10 |   0 |   0 | 2.665092e+02 | 3.800000e+02 |  42.58%| unknown
  1.1s|     1 |     0 |  6600 |     - |    84M |   0 |2085 |1771 |1925 | 160 | 11 |   0 |   0 | 2.667827e+02 | 3.800000e+02 |  42.44%| unknown
  1.1s|     1 |     0 |  6730 |     - |    84M |   0 |2085 |1771 |1934 | 169 | 12 |   0 |   0 | 2.671030e+02 | 3.800000e+02 |  42.27%| unknown
  1.2s|     1 |     0 |  6973 |     - |    84M |   0 |2085 |1771 |1946 | 181 | 13 |   0 |   0 | 2.677160e+02 | 3.800000e+02 |  41.94%| unknown
 time | node  | left  |LP iter|LP it/n|mem/heur|mdpt |vars |cons |rows |cuts |sepa|confs|strbr|  dualbound   | primalbound  |  gap   | compl. 
  1.2s|     1 |     0 |  7348 |     - |    85M |   0 |2085 |1771 |1957 | 192 | 14 |   0 |   0 | 2.683888e+02 | 3.800000e+02 |  41.59%| unknown
  1.2s|     1 |     0 |  7859 |     - |    85M |   0 |2085 |1771 |1965 | 200 | 15 |   0 |   0 | 2.688921e+02 | 3.800000e+02 |  41.32%| unknown
  1.3s|     1 |     0 |  8328 |     - |    85M |   0 |2085 |1771 |1976 | 211 | 16 |   0 |   0 | 2.693859e+02 | 3.800000e+02 |  41.06%| unknown
  1.3s|     1 |     0 |  8671 |     - |    86M |   0 |2085 |1771 |1960 | 224 | 17 |   0 |   0 | 2.698768e+02 | 3.800000e+02 |  40.80%| unknown
  1.4s|     1 |     0 |  8888 |     - |    86M |   0 |2085 |1771 |1968 | 232 | 18 |   0 |   0 | 2.700817e+02 | 3.800000e+02 |  40.70%| unknown
  1.4s|     1 |     0 |  9282 |     - |    86M |   0 |2085 |1771 |1977 | 241 | 19 |   0 |   0 | 2.707627e+02 | 3.800000e+02 |  40.34%| unknown
  1.5s|     1 |     0 |  9384 |     - |    86M |   0 |2085 |1771 |1987 | 251 | 20 |   0 |   0 | 2.709442e+02 | 3.800000e+02 |  40.25%| unknown
  1.5s|     1 |     0 |  9466 |     - |    86M |   0 |2085 |1771 |1993 | 257 | 21 |   0 |   0 | 2.710681e+02 | 3.800000e+02 |  40.19%| unknown
  1.5s|     1 |     0 |  9486 |     - |    86M |   0 |2085 |1771 |1996 | 260 | 22 |   0 |   0 | 2.710714e+02 | 3.800000e+02 |  40.18%| unknown
d 1.9s|     1 |     0 | 14865 |     - |farkasdi|   0 |2085 |1771 |1996 |   0 | 23 |   0 |   0 | 2.710714e+02 | 3.540000e+02 |  30.59%| unknown
  2.0s|     1 |     0 | 14865 |     - |    87M |   0 |2085 |1771 |1996 | 260 | 23 |   0 |   0 | 2.710714e+02 | 3.540000e+02 |  30.59%| unknown
_____________________________________
Now starting branching with general disjunction
Current branching Node number: 1
LP objective value: 271.071
Node lower bound: 271.454
Node upper bound: 354
gap to the primal bound: 0.304089
Preck submodel is infeasible, continue branching
Time limit exceeded (1000.16s), stopping submodel solve loop
General disjunction: No feasible solution found, use SCIP default branching rule
 1004s|     1 |     2 | 14865 |     - |    87M |   0 |2085 |1771 |1996 | 260 | 24 |   0 |  55 | 2.714692e+02 | 3.540000e+02 |  30.40%| unknown
_____________________________________
Now starting branching with general disjunction
Current branching Node number: 3
LP objective value: 276.492
Node lower bound: 278.817
Node upper bound: 354
gap to the primal bound: 0.304016
Preck submodel is infeasible, continue branching
Time limit exceeded (1000.15s), stopping submodel solve loop
General disjunction: No feasible solution found, use SCIP default branching rule
_____________________________________
Now starting branching with general disjunction
Current branching Node number: 5
LP objective value: 283.248
Node lower bound: 285.732
Node upper bound: 354
gap to the primal bound: 0.304016
Preck submodel is infeasible, continue branching
Time limit exceeded (1000.16s), stopping submodel solve loop
General disjunction: No feasible solution found, use SCIP default branching rule
_____________________________________
Now starting branching with general disjunction
Current branching Node number: 7
LP objective value: 288.589
Node lower bound: 293.589
Node upper bound: 354
gap to the primal bound: 0.304016
Preck submodel is infeasible, continue branching
Time limit exceeded (1000.17s), stopping submodel solve loop
General disjunction: No feasible solution found, use SCIP default branching rule
_____________________________________
Now starting branching with general disjunction
Current branching Node number: 9
LP objective value: 294.472
Node lower bound: 295.311
Node upper bound: 354
gap to the primal bound: 0.304016
Preck submodel is infeasible, continue branching
Time limit exceeded (1000.19s), stopping submodel solve loop
General disjunction: No feasible solution found, use SCIP default branching rule
_____________________________________
Now starting branching with general disjunction
Current branching Node number: 11
LP objective value: 301.32
Node lower bound: 302.387
Node upper bound: 354
gap to the primal bound: 0.304016
Preck submodel is infeasible, continue branching
Time limit exceeded (1000.16s), stopping submodel solve loop
General disjunction: No feasible solution found, use SCIP default branching rule
_____________________________________
Now starting branching with general disjunction
Current branching Node number: 13
LP objective value: 305.39
Node lower bound: 306.083
Node upper bound: 354
gap to the primal bound: 0.304016
Preck submodel is infeasible, continue branching
Time limit exceeded (1000.17s), stopping submodel solve loop
General disjunction: No feasible solution found, use SCIP default branching rule
_____________________________________
Now starting branching with general disjunction
Current branching Node number: 15
LP objective value: 314.955
Node lower bound: 316.008
Node upper bound: 354
gap to the primal bound: 0.304016
Preck submodel is infeasible, continue branching
Time limit exceeded (1000.17s), stopping submodel solve loop
General disjunction: No feasible solution found, use SCIP default branching rule
_____________________________________
Now starting branching with general disjunction
Current branching Node number: 17
LP objective value: 318.955
Node lower bound: 319.837
Node upper bound: 354
gap to the primal bound: 0.304016
Preck submodel is infeasible, continue branching
Time limit exceeded (1000.15s), stopping submodel solve loop
General disjunction: No feasible solution found, use SCIP default branching rule
_____________________________________
Now starting branching with general disjunction
Current branching Node number: 19
LP objective value: 323.269
Node lower bound: 324.157
Node upper bound: 354
gap to the primal bound: 0.304016
Preck submodel is infeasible, continue branching
Time limit exceeded (1000.16s), stopping submodel solve loop
General disjunction: No feasible solution found, use SCIP default branching rule
_____________________________________
Now starting branching with general disjunction
Current branching Node number: 21
LP objective value: 331.516
Node lower bound: 331.977
Node upper bound: 354
gap to the primal bound: 0.304016
Preck submodel is infeasible, continue branching
Time limit exceeded (1000.16s), stopping submodel solve loop
General disjunction: No feasible solution found, use SCIP default branching rule
_____________________________________
Now starting branching with general disjunction
Current branching Node number: 23
LP objective value: 332.502
Node lower bound: 333.554
Node upper bound: 354
gap to the primal bound: 0.304016
Preck submodel is infeasible, continue branching
Time limit exceeded (1000.17s), stopping submodel solve loop
General disjunction: No feasible solution found, use SCIP default branching rule
_____________________________________
Now starting branching with general disjunction
Current branching Node number: 25
LP objective value: 333.912
Node lower bound: 334.288
Node upper bound: 354
gap to the primal bound: 0.304016
Preck submodel is infeasible, continue branching
Time limit exceeded (1000.15s), stopping submodel solve loop
General disjunction: No feasible solution found, use SCIP default branching rule
_____________________________________
Now starting branching with general disjunction
Current branching Node number: 27
LP objective value: 339.633
Node lower bound: 340.067
Node upper bound: 354
gap to the primal bound: 0.304016
Preck submodel is infeasible, continue branching
Time limit exceeded (1000.16s), stopping submodel solve loop
General disjunction: No feasible solution found, use SCIP default branching rule
_____________________________________
Now starting branching with general disjunction
Current branching Node number: 4
LP objective value: 278.253
Node lower bound: 279.803
Node upper bound: 354
gap to the primal bound: 0.304016
Preck submodel is infeasible, continue branching
Time limit exceeded (1000.14s), stopping submodel solve loop
General disjunction: No feasible solution found, use SCIP default branching rule
_____________________________________
Now starting branching with general disjunction
Current branching Node number: 31
LP objective value: 287.573
Node lower bound: 287.814
Node upper bound: 354
gap to the primal bound: 0.304016
Preck submodel is infeasible, continue branching
Time limit exceeded (1000.13s), stopping submodel solve loop
General disjunction: No feasible solution found, use SCIP default branching rule
_____________________________________
Now starting branching with general disjunction
Current branching Node number: 33
LP objective value: 290.261
Node lower bound: 291.404
Node upper bound: 354
gap to the primal bound: 0.304016
Preck submodel is infeasible, continue branching
Time limit exceeded (1000.14s), stopping submodel solve loop
General disjunction: No feasible solution found, use SCIP default branching rule
_____________________________________
Now starting branching with general disjunction
Current branching Node number: 35
LP objective value: 295.108
Node lower bound: 296.505
Node upper bound: 354
gap to the primal bound: 0.304016
Preck submodel is infeasible, continue branching
Time limit exceeded (1000.14s), stopping submodel solve loop
General disjunction: No feasible solution found, use SCIP default branching rule
_____________________________________
Now starting branching with general disjunction
Current branching Node number: 37
LP objective value: 300.625
Node lower bound: 300.939
Node upper bound: 354
gap to the primal bound: 0.304016
Preck submodel is infeasible, continue branching
Time limit exceeded (1000.14s), stopping submodel solve loop
General disjunction: No feasible solution found, use SCIP default branching rule
_____________________________________
Now starting branching with general disjunction
Current branching Node number: 39
LP objective value: 307.634
Node lower bound: 308.336
Node upper bound: 354
gap to the primal bound: 0.304016
Preck submodel is infeasible, continue branching
Time limit exceeded (1000.14s), stopping submodel solve loop
General disjunction: No feasible solution found, use SCIP default branching rule
_____________________________________
Now starting branching with general disjunction
Current branching Node number: 41
LP objective value: 315.634
Node lower bound: 315.635
Node upper bound: 354
gap to the primal bound: 0.304016
Preck submodel is infeasible, continue branching
Time limit exceeded (1000.14s), stopping submodel solve loop
General disjunction: No feasible solution found, use SCIP default branching rule
_____________________________________
Now starting branching with general disjunction
Current branching Node number: 43
LP objective value: 317.418
Node lower bound: 317.538
Node upper bound: 354
gap to the primal bound: 0.304016
Preck submodel is infeasible, continue branching
Time limit exceeded (1000.16s), stopping submodel solve loop
General disjunction: No feasible solution found, use SCIP default branching rule
_____________________________________
Now starting branching with general disjunction
Current branching Node number: 45
LP objective value: 332.394
Node lower bound: 332.539
Node upper bound: 354
gap to the primal bound: 0.304016
Preck submodel is infeasible, continue branching
Time limit exceeded (1000.17s), stopping submodel solve loop
General disjunction: No feasible solution found, use SCIP default branching rule
_____________________________________
Now starting branching with general disjunction
Current branching Node number: 47
LP objective value: 336.027
Node lower bound: 336.343
Node upper bound: 354
gap to the primal bound: 0.304016
Preck submodel is infeasible, continue branching
Time limit exceeded (1000.16s), stopping submodel solve loop
General disjunction: No feasible solution found, use SCIP default branching rule
_____________________________________
Now starting branching with general disjunction
Current branching Node number: 49
LP objective value: 338.765
Node lower bound: 338.765
Node upper bound: 354
gap to the primal bound: 0.304016
Preck submodel is infeasible, continue branching
Time limit exceeded (1000.15s), stopping submodel solve loop
General disjunction: No feasible solution found, use SCIP default branching rule
_____________________________________
Now starting branching with general disjunction
Current branching Node number: 51
LP objective value: 340.33
Node lower bound: 340.33
Node upper bound: 354
gap to the primal bound: 0.304016
Preck submodel is infeasible, continue branching
Time limit exceeded (1000.17s), stopping submodel solve loop
General disjunction: No feasible solution found, use SCIP default branching rule
_____________________________________
Now starting branching with general disjunction
Current branching Node number: 2
LP objective value: 271.56
Node lower bound: 271.992
Node upper bound: 354
gap to the primal bound: 0.30151
Preck submodel is infeasible, continue branching
Time limit exceeded (1000.13s), stopping submodel solve loop
General disjunction: No feasible solution found, use SCIP default branching rule
_____________________________________
Now starting branching with general disjunction
Current branching Node number: 55
LP objective value: 274.29
Node lower bound: 276.354
Node upper bound: 354
gap to the primal bound: 0.30151
Preck submodel is infeasible, continue branching
Time limit exceeded (1000.13s), stopping submodel solve loop
General disjunction: No feasible solution found, use SCIP default branching rule
_____________________________________
Now starting branching with general disjunction
Current branching Node number: 57
LP objective value: 277.942
Node lower bound: 277.942
Node upper bound: 354
gap to the primal bound: 0.30151
Preck submodel is infeasible, continue branching
Time limit exceeded (1000.14s), stopping submodel solve loop
General disjunction: No feasible solution found, use SCIP default branching rule
_____________________________________
Now starting branching with general disjunction
Current branching Node number: 59
LP objective value: 280.1
Node lower bound: 281.293
Node upper bound: 354
gap to the primal bound: 0.30151
Preck submodel is infeasible, continue branching
Time limit exceeded (1000.15s), stopping submodel solve loop
General disjunction: No feasible solution found, use SCIP default branching rule
_____________________________________
Now starting branching with general disjunction
Current branching Node number: 61
LP objective value: 288.488
Node lower bound: 288.488
Node upper bound: 354
gap to the primal bound: 0.30151
Preck submodel is infeasible, continue branching
Time limit exceeded (1000.14s), stopping submodel solve loop
General disjunction: No feasible solution found, use SCIP default branching rule
_____________________________________
Now starting branching with general disjunction
Current branching Node number: 63
LP objective value: 293.691
Node lower bound: 293.691
Node upper bound: 354
gap to the primal bound: 0.30151
Preck submodel is infeasible, continue branching
Time limit exceeded (1000.16s), stopping submodel solve loop
General disjunction: No feasible solution found, use SCIP default branching rule
_____________________________________
Now starting branching with general disjunction
Current branching Node number: 65
LP objective value: 299.256
Node lower bound: 299.256
Node upper bound: 354
gap to the primal bound: 0.30151
Preck submodel is infeasible, continue branching
Time limit exceeded (1000.17s), stopping submodel solve loop
General disjunction: No feasible solution found, use SCIP default branching rule
_____________________________________
Now starting branching with general disjunction
Current branching Node number: 67
LP objective value: 302.439
Node lower bound: 302.439
Node upper bound: 354
gap to the primal bound: 0.30151
Preck submodel is infeasible, continue branching
Time limit exceeded (1000.15s), stopping submodel solve loop
General disjunction: No feasible solution found, use SCIP default branching rule
_____________________________________
Now starting branching with general disjunction
Current branching Node number: 69
LP objective value: 310.05
Node lower bound: 310.05
Node upper bound: 354
gap to the primal bound: 0.30151
Preck submodel is infeasible, continue branching
Time limit exceeded (1000.15s), stopping submodel solve loop
General disjunction: No feasible solution found, use SCIP default branching rule
_____________________________________
Now starting branching with general disjunction
Current branching Node number: 71
LP objective value: 319.46
Node lower bound: 319.46
Node upper bound: 354
gap to the primal bound: 0.30151
Preck submodel is infeasible, continue branching
Time limit exceeded (1000.18s), stopping submodel solve loop
General disjunction: No feasible solution found, use SCIP default branching rule
_____________________________________
Now starting branching with general disjunction
Current branching Node number: 73
LP objective value: 319.46
Node lower bound: 319.46
Node upper bound: 354
gap to the primal bound: 0.30151
Preck submodel is infeasible, continue branching
Time limit exceeded (1000.16s), stopping submodel solve loop
General disjunction: No feasible solution found, use SCIP default branching rule
_____________________________________
Now starting branching with general disjunction
Current branching Node number: 75
LP objective value: 321.86
Node lower bound: 321.86
Node upper bound: 354
gap to the primal bound: 0.30151
Preck submodel is infeasible, continue branching
Time limit exceeded (1000.19s), stopping submodel solve loop
General disjunction: No feasible solution found, use SCIP default branching rule
_____________________________________
Now starting branching with general disjunction
Current branching Node number: 77
LP objective value: 323.281
Node lower bound: 323.281
Node upper bound: 354
gap to the primal bound: 0.30151
Preck submodel is infeasible, continue branching
Time limit exceeded (1000.23s), stopping submodel solve loop
General disjunction: No feasible solution found, use SCIP default branching rule
_____________________________________
Now starting branching with general disjunction
Current branching Node number: 79
LP objective value: 324.357
Node lower bound: 324.357
Node upper bound: 354
gap to the primal bound: 0.30151
Preck submodel is infeasible, continue branching
Time limit exceeded (1000.19s), stopping submodel solve loop
General disjunction: No feasible solution found, use SCIP default branching rule
_____________________________________
Now starting branching with general disjunction
Current branching Node number: 81
LP objective value: 331.509
Node lower bound: 331.509
Node upper bound: 354
gap to the primal bound: 0.30151
Preck submodel is infeasible, continue branching
Time limit exceeded (1000.25s), stopping submodel solve loop
General disjunction: No feasible solution found, use SCIP default branching rule
_____________________________________
Now starting branching with general disjunction
Current branching Node number: 56
LP objective value: 275.18
Node lower bound: 276.354
Node upper bound: 354
gap to the primal bound: 0.30151
Preck submodel is infeasible, continue branching
Time limit exceeded (1000.2s), stopping submodel solve loop
General disjunction: No feasible solution found, use SCIP default branching rule
_____________________________________
Now starting branching with general disjunction
Current branching Node number: 85
LP objective value: 280.288
Node lower bound: 280.288
Node upper bound: 354
gap to the primal bound: 0.30151
Preck submodel is infeasible, continue branching
Time limit exceeded (1000.21s), stopping submodel solve loop
General disjunction: No feasible solution found, use SCIP default branching rule
_____________________________________
Now starting branching with general disjunction
Current branching Node number: 87
LP objective value: 286.36
Node lower bound: 286.36
Node upper bound: 354
gap to the primal bound: 0.30151
Preck submodel is infeasible, continue branching
Time limit exceeded (1000.21s), stopping submodel solve loop
General disjunction: No feasible solution found, use SCIP default branching rule
_____________________________________
Now starting branching with general disjunction
Current branching Node number: 89
LP objective value: 287.231
Node lower bound: 287.231
Node upper bound: 354
gap to the primal bound: 0.30151
Preck submodel is infeasible, continue branching
Time limit exceeded (1000.15s), stopping submodel solve loop
General disjunction: No feasible solution found, use SCIP default branching rule
_____________________________________
Now starting branching with general disjunction
Current branching Node number: 91
LP objective value: 294.272
Node lower bound: 294.272
Node upper bound: 354
gap to the primal bound: 0.30151
Preck submodel is infeasible, continue branching
Time limit exceeded (1000.18s), stopping submodel solve loop
General disjunction: No feasible solution found, use SCIP default branching rule
_____________________________________
Now starting branching with general disjunction
Current branching Node number: 93
LP objective value: 300.453
Node lower bound: 300.453
Node upper bound: 354
gap to the primal bound: 0.30151
Preck submodel is infeasible, continue branching
Time limit exceeded (1000.18s), stopping submodel solve loop
General disjunction: No feasible solution found, use SCIP default branching rule
_____________________________________
Now starting branching with general disjunction
Current branching Node number: 95
LP objective value: 301.466
Node lower bound: 301.466
Node upper bound: 354
gap to the primal bound: 0.30151
Preck submodel is infeasible, continue branching
Time limit exceeded (1000.17s), stopping submodel solve loop
General disjunction: No feasible solution found, use SCIP default branching rule
_____________________________________
Now starting branching with general disjunction
Current branching Node number: 97
LP objective value: 312.069
Node lower bound: 312.074
Node upper bound: 354
gap to the primal bound: 0.30151
Preck submodel is infeasible, continue branching
Time limit exceeded (1000.16s), stopping submodel solve loop
General disjunction: No feasible solution found, use SCIP default branching rule
_____________________________________
Now starting branching with general disjunction
Current branching Node number: 99
LP objective value: 316.427
Node lower bound: 316.427
Node upper bound: 354
gap to the primal bound: 0.30151
Preck submodel is infeasible, continue branching
Time limit exceeded (1000.22s), stopping submodel solve loop
General disjunction: No feasible solution found, use SCIP default branching rule
_____________________________________
Now starting branching with general disjunction
Current branching Node number: 101
LP objective value: 317.53
Node lower bound: 317.53
Node upper bound: 354
gap to the primal bound: 0.30151
Preck submodel is infeasible, continue branching
Time limit exceeded (1000.27s), stopping submodel solve loop
General disjunction: No feasible solution found, use SCIP default branching rule
_____________________________________
Now starting branching with general disjunction
Current branching Node number: 103
LP objective value: 319.098
Node lower bound: 319.411
Node upper bound: 354
gap to the primal bound: 0.30151
Preck submodel is infeasible, continue branching
Time limit exceeded (1000.22s), stopping submodel solve loop
General disjunction: No feasible solution found, use SCIP default branching rule
_____________________________________
Now starting branching with general disjunction
Current branching Node number: 105
LP objective value: 322.532
Node lower bound: 322.532
Node upper bound: 354
gap to the primal bound: 0.30151
Preck submodel is infeasible, continue branching
Time limit exceeded (1000.23s), stopping submodel solve loop
General disjunction: No feasible solution found, use SCIP default branching rule
_____________________________________
Now starting branching with general disjunction
Current branching Node number: 86
LP objective value: 283.421
Node lower bound: 283.421
Node upper bound: 354
gap to the primal bound: 0.30151
Preck submodel is infeasible, continue branching
Time limit exceeded (1000.2s), stopping submodel solve loop
General disjunction: No feasible solution found, use SCIP default branching rule
_____________________________________
Now starting branching with general disjunction
Current branching Node number: 109
LP objective value: 286.614
Node lower bound: 286.614
Node upper bound: 354
gap to the primal bound: 0.30151
Preck submodel is infeasible, continue branching
Time limit exceeded (1000.22s), stopping submodel solve loop
General disjunction: No feasible solution found, use SCIP default branching rule
_____________________________________
Now starting branching with general disjunction
Current branching Node number: 111
LP objective value: 291.506
Node lower bound: 291.506
Node upper bound: 354
gap to the primal bound: 0.30151
Preck submodel is infeasible, continue branching
Time limit exceeded (1000.21s), stopping submodel solve loop
General disjunction: No feasible solution found, use SCIP default branching rule
_____________________________________
Now starting branching with general disjunction
Current branching Node number: 113
LP objective value: 295.172
Node lower bound: 295.172
Node upper bound: 354
gap to the primal bound: 0.30151
Preck submodel is infeasible, continue branching
Time limit exceeded (1000.2s), stopping submodel solve loop
General disjunction: No feasible solution found, use SCIP default branching rule
_____________________________________
Now starting branching with general disjunction
Current branching Node number: 115
LP objective value: 299.315
Node lower bound: 299.315
Node upper bound: 354
gap to the primal bound: 0.30151
Preck submodel is infeasible, continue branching
Time limit exceeded (1000.19s), stopping submodel solve loop
General disjunction: No feasible solution found, use SCIP default branching rule
_____________________________________
Now starting branching with general disjunction
Current branching Node number: 117
LP objective value: 314.628
Node lower bound: 314.922
Node upper bound: 354
gap to the primal bound: 0.30151
Preck submodel is infeasible, continue branching
Time limit exceeded (1000.2s), stopping submodel solve loop
General disjunction: No feasible solution found, use SCIP default branching rule
_____________________________________
Now starting branching with general disjunction
Current branching Node number: 119
LP objective value: 315.315
Node lower bound: 315.315
Node upper bound: 354
gap to the primal bound: 0.30151
Preck submodel is infeasible, continue branching
Time limit exceeded (1000.17s), stopping submodel solve loop
General disjunction: No feasible solution found, use SCIP default branching rule
_____________________________________
Now starting branching with general disjunction
Current branching Node number: 121
LP objective value: 318.072
Node lower bound: 318.072
Node upper bound: 354
gap to the primal bound: 0.30151
Preck submodel is infeasible, continue branching
Time limit exceeded (1000.25s), stopping submodel solve loop
General disjunction: No feasible solution found, use SCIP default branching rule
_____________________________________
Now starting branching with general disjunction
Current branching Node number: 123
LP objective value: 319.71
Node lower bound: 319.729
Node upper bound: 354
gap to the primal bound: 0.30151
Preck submodel is infeasible, continue branching
Time limit exceeded (1000.28s), stopping submodel solve loop
General disjunction: No feasible solution found, use SCIP default branching rule
_____________________________________
Now starting branching with general disjunction
Current branching Node number: 125
LP objective value: 320.757
Node lower bound: 320.757
Node upper bound: 354
gap to the primal bound: 0.30151
Preck submodel is infeasible, continue branching
Time limit exceeded (1000.23s), stopping submodel solve loop
General disjunction: No feasible solution found, use SCIP default branching rule
_____________________________________
Now starting branching with general disjunction
Current branching Node number: 127
LP objective value: 324.829
Node lower bound: 324.829
Node upper bound: 354
gap to the primal bound: 0.30151
Preck submodel is infeasible, continue branching
Time limit exceeded (1000.21s), stopping submodel solve loop
General disjunction: No feasible solution found, use SCIP default branching rule
_____________________________________
Now starting branching with general disjunction
Current branching Node number: 129
LP objective value: 325.43
Node lower bound: 325.43
Node upper bound: 354
gap to the primal bound: 0.30151
Preck submodel is infeasible, continue branching
Time limit exceeded (1000.24s), stopping submodel solve loop
General disjunction: No feasible solution found, use SCIP default branching rule
_____________________________________
Now starting branching with general disjunction
Current branching Node number: 84
LP objective value: 276.358
Node lower bound: 277.645
Node upper bound: 354
gap to the primal bound: 0.30151
Preck submodel is infeasible, continue branching
Time limit exceeded (1000.21s), stopping submodel solve loop
General disjunction: No feasible solution found, use SCIP default branching rule
_____________________________________
Now starting branching with general disjunction
Current branching Node number: 133
LP objective value: 279.862
Node lower bound: 279.862
Node upper bound: 354
gap to the primal bound: 0.30151
Preck submodel is infeasible, continue branching
Time limit exceeded (1000.15s), stopping submodel solve loop
General disjunction: No feasible solution found, use SCIP default branching rule
_____________________________________
Now starting branching with general disjunction
Current branching Node number: 135
LP objective value: 298.995
Node lower bound: 298.995
Node upper bound: 354
gap to the primal bound: 0.30151
Preck submodel is infeasible, continue branching
Time limit exceeded (1000.16s), stopping submodel solve loop
General disjunction: No feasible solution found, use SCIP default branching rule
_____________________________________
Now starting branching with general disjunction
Current branching Node number: 137
LP objective value: 303.239
Node lower bound: 303.239
Node upper bound: 354
gap to the primal bound: 0.30151
Preck submodel is infeasible, continue branching
Time limit exceeded (1000.18s), stopping submodel solve loop
General disjunction: No feasible solution found, use SCIP default branching rule
_____________________________________
Now starting branching with general disjunction
Current branching Node number: 139
LP objective value: 310.587
Node lower bound: 310.587
Node upper bound: 354
gap to the primal bound: 0.30151
Preck submodel is infeasible, continue branching
Time limit exceeded (1000.16s), stopping submodel solve loop
General disjunction: No feasible solution found, use SCIP default branching rule
_____________________________________
Now starting branching with general disjunction
Current branching Node number: 141
LP objective value: 317.236
Node lower bound: 317.236
Node upper bound: 354
gap to the primal bound: 0.30151
Preck submodel is infeasible, continue branching
Time limit exceeded (1000.18s), stopping submodel solve loop
General disjunction: No feasible solution found, use SCIP default branching rule
_____________________________________
Now starting branching with general disjunction
Current branching Node number: 143
LP objective value: 333.444
Node lower bound: 333.444
Node upper bound: 354
gap to the primal bound: 0.30151
Preck submodel is infeasible, continue branching
Time limit exceeded (1000.2s), stopping submodel solve loop
General disjunction: No feasible solution found, use SCIP default branching rule
_____________________________________
Now starting branching with general disjunction
Current branching Node number: 145
LP objective value: 339.781
Node lower bound: 339.781
Node upper bound: 354
gap to the primal bound: 0.30151
Preck submodel is infeasible, continue branching
Time limit exceeded (1000.16s), stopping submodel solve loop
General disjunction: No feasible solution found, use SCIP default branching rule
_____________________________________
Now starting branching with general disjunction
Current branching Node number: 147
LP objective value: 343.521
Node lower bound: 343.521
Node upper bound: 354
gap to the primal bound: 0.30151
Preck submodel is infeasible, continue branching
Time limit exceeded (1000.17s), stopping submodel solve loop
General disjunction: No feasible solution found, use SCIP default branching rule
_____________________________________
Now starting branching with general disjunction
Current branching Node number: 149
LP objective value: 343.993
Node lower bound: 343.993
Node upper bound: 354
gap to the primal bound: 0.30151
Preck submodel is infeasible, continue branching
Time limit exceeded (1000.17s), stopping submodel solve loop
General disjunction: No feasible solution found, use SCIP default branching rule
_____________________________________
Now starting branching with general disjunction
Current branching Node number: 151
LP objective value: 344.488
Node lower bound: 344.488
Node upper bound: 354
gap to the primal bound: 0.30151
Preck submodel is infeasible, continue branching
Time limit exceeded (1000.18s), stopping submodel solve loop
General disjunction: No feasible solution found, use SCIP default branching rule
_____________________________________
Now starting branching with general disjunction
Current branching Node number: 153
LP objective value: 344.798
Node lower bound: 344.798
Node upper bound: 354
gap to the primal bound: 0.30151
Preck submodel is infeasible, continue branching
Time limit exceeded (1000.19s), stopping submodel solve loop
General disjunction: No feasible solution found, use SCIP default branching rule
_____________________________________
Now starting branching with general disjunction
Current branching Node number: 90
LP objective value: 290.055
Node lower bound: 290.055
Node upper bound: 354
gap to the primal bound: 0.30151
Preck submodel is infeasible, continue branching
Time limit exceeded (1000.18s), stopping submodel solve loop
General disjunction: No feasible solution found, use SCIP default branching rule
_____________________________________
Now starting branching with general disjunction
Current branching Node number: 157
LP objective value: 297.722
Node lower bound: 297.722
Node upper bound: 354
gap to the primal bound: 0.30151
Preck submodel is infeasible, continue branching
Time limit exceeded (1000.17s), stopping submodel solve loop
General disjunction: No feasible solution found, use SCIP default branching rule
_____________________________________
Now starting branching with general disjunction
Current branching Node number: 159
LP objective value: 302.308
Node lower bound: 302.308
Node upper bound: 354
gap to the primal bound: 0.30151
Preck submodel is infeasible, continue branching
Time limit exceeded (1000.16s), stopping submodel solve loop
General disjunction: No feasible solution found, use SCIP default branching rule
_____________________________________
Now starting branching with general disjunction
Current branching Node number: 161
LP objective value: 311.49
Node lower bound: 311.49
Node upper bound: 354
gap to the primal bound: 0.30151
Preck submodel is infeasible, continue branching
Time limit exceeded (1000.15s), stopping submodel solve loop
General disjunction: No feasible solution found, use SCIP default branching rule
_____________________________________
Now starting branching with general disjunction
Current branching Node number: 163
LP objective value: 312.115
Node lower bound: 312.115
Node upper bound: 354
gap to the primal bound: 0.30151
Preck submodel is infeasible, continue branching
Time limit exceeded (1000.17s), stopping submodel solve loop
General disjunction: No feasible solution found, use SCIP default branching rule
_____________________________________
Now starting branching with general disjunction
Current branching Node number: 165
LP objective value: 316.352
Node lower bound: 316.352
Node upper bound: 354
gap to the primal bound: 0.30151
Preck submodel is infeasible, continue branching
Time limit exceeded (1000.17s), stopping submodel solve loop
General disjunction: No feasible solution found, use SCIP default branching rule
_____________________________________
Now starting branching with general disjunction
Current branching Node number: 167
LP objective value: 319.402
Node lower bound: 319.402
Node upper bound: 354
gap to the primal bound: 0.30151
Preck submodel is infeasible, continue branching
Time limit exceeded (1000.16s), stopping submodel solve loop
General disjunction: No feasible solution found, use SCIP default branching rule
_____________________________________
Now starting branching with general disjunction
Current branching Node number: 169
LP objective value: 326.895
Node lower bound: 326.895
Node upper bound: 354
gap to the primal bound: 0.30151
Preck submodel is infeasible, continue branching
Time limit exceeded (1000.16s), stopping submodel solve loop
General disjunction: No feasible solution found, use SCIP default branching rule
_____________________________________
Now starting branching with general disjunction
Current branching Node number: 171
LP objective value: 327.899
Node lower bound: 327.899
Node upper bound: 354
gap to the primal bound: 0.30151
Preck submodel is infeasible, continue branching
Time limit exceeded (1000.16s), stopping submodel solve loop
General disjunction: No feasible solution found, use SCIP default branching rule
_____________________________________
Now starting branching with general disjunction
Current branching Node number: 173
LP objective value: 331.863
Node lower bound: 331.863
Node upper bound: 354
gap to the primal bound: 0.30151
Preck submodel is infeasible, continue branching
Time limit exceeded (1000.17s), stopping submodel solve loop
General disjunction: No feasible solution found, use SCIP default branching rule

SCIP Status        : solving was interrupted [time limit reached]
Solving Time (sec) : 87030.64
Solving Nodes      : 87
Primal Bound       : +3.54000000000000e+02 (48 solutions)
Dual Bound         : +2.71991685277906e+02
Gap                : 30.15 %

primal solution:
================

objective value:                                  354
xAntCul_Day_2_P_1                                   1 	(obj:2)
xAntCul_Day_2_P_2                                   1 	(obj:2)
xArcClaCS_Day_2_P_6                                 1 	(obj:3)
xArcMedCS_Day_2_P_5                                 1 	(obj:3)
xBioarcCS_Day_2_P_4                                 1 	(obj:1)
xCodicoCS_Day_2_P_3                                 1 	(obj:1)
xCodicoCS_Day_2_P_4                                 1 	(obj:1)
xFilTeo_Day_2_P_3                                   1 	(obj:0)
xFilTeo_Day_2_P_4                                   1 	(obj:0)
xPaleoa_Day_2_P_5                                   1 	(obj:1)
xPaleoa_Day_2_P_6                                   1 	(obj:1)
xStoColIstMus_Day_2_P_3                             1 	(obj:0)
xStoColIstMus_Day_2_P_4                             1 	(obj:0)
xStoColIstMus_Day_2_P_5                             1 	(obj:0)
xStoGre_Day_2_P_1                                   1 	(obj:1)
xStoGre_Day_2_P_2                                   1 	(obj:1)
y_compact_q147_Day_2_Period_4                       1 	(obj:2)
DaySingleVar_C_3_Day_1                              1 	(obj:5)
DaySingleVar_C_4_Day_1                              1 	(obj:5)
DaySingleVar_C_5_Day_1                              1 	(obj:5)
DaySingleVar_C_6_Day_1                              1 	(obj:5)
DaySingleVar_C_7_Day_1                              1 	(obj:5)
DaySingleVar_C_9_Day_1                              1 	(obj:5)
DaySingleVar_C_10_Day_1                             1 	(obj:5)
DaySingleVar_C_12_Day_1                             1 	(obj:5)
DaySingleVar_C_14_Day_1                             1 	(obj:5)
DaySingleVar_C_16_Day_1                             1 	(obj:5)
DaySingleVar_C_18_Day_1                             1 	(obj:5)
DaySingleVar_C_19_Day_1                             1 	(obj:5)
DaySingleVar_C_20_Day_1                             1 	(obj:5)
DaySingleVar_C_21_Day_1                             1 	(obj:5)
DaySingleVar_C_22_Day_1                             1 	(obj:5)
DaySingleVar_C_24_Day_1                             1 	(obj:5)
DaySingleVar_C_25_Day_1                             1 	(obj:5)
DaySingleVar_C_26_Day_1                             1 	(obj:5)
DaySingleVar_C_27_Day_1                             1 	(obj:5)
DaySingleVar_C_28_Day_1                             1 	(obj:5)
DaySingleVar_C_29_Day_1                             1 	(obj:5)
DaySingleVar_C_30_Day_1                             1 	(obj:5)
DaySingleVar_C_31_Day_1                             1 	(obj:5)
DaySingleVar_C_33_Day_1                             1 	(obj:5)
DaySingleVar_C_34_Day_1                             1 	(obj:5)
DaySingleVar_C_35_Day_1                             1 	(obj:5)
DaySingleVar_C_36_Day_1                             1 	(obj:5)
DaySingleVar_C_37_Day_1                             1 	(obj:5)
DaySingleVar_C_38_Day_1                             1 	(obj:5)
DaySingleVar_C_39_Day_1                             1 	(obj:5)
DaySingleVar_C_41_Day_1                             1 	(obj:5)
DaySingleVar_C_42_Day_1                             1 	(obj:5)
DaySingleVar_C_43_Day_1                             1 	(obj:5)
DaySingleVar_C_44_Day_1                             1 	(obj:5)
DaySingleVar_C_45_Day_1                             1 	(obj:5)
DaySingleVar_C_48_Day_1                             1 	(obj:5)
DaySingleVar_C_49_Day_1                             1 	(obj:5)
DaySingleVar_C_50_Day_1                             1 	(obj:5)
DaySingleVar_C_51_Day_1                             1 	(obj:5)
DaySingleVar_C_52_Day_1                             1 	(obj:5)
DaySingleVar_C_53_Day_1                             1 	(obj:5)
DaySingleVar_C_54_Day_1                             1 	(obj:5)
DaySingleVar_C_55_Day_1                             1 	(obj:5)
DaySingleVar_C_57_Day_1                             1 	(obj:5)
DaySingleVar_C_59_Day_1                             1 	(obj:5)
DaySingleVar_C_60_Day_1                             1 	(obj:5)
DaySingleVar_C_61_Day_1                             1 	(obj:5)
DaySingleVar_C_62_Day_1                             1 	(obj:5)
DaySingleVar_C_63_Day_1                             1 	(obj:5)
DaySingleVar_C_64_Day_1                             1 	(obj:5)
DaySingleVar_C_65_Day_1                             1 	(obj:5)
DaySingleVar_C_66_Day_1                             1 	(obj:5)
DaySingleVar_C_67_Day_1                             1 	(obj:5)
DaySingleVar_C_68_Day_1                             1 	(obj:5)
DaySingleVar_C_71_Day_1                             1 	(obj:5)
DaySingleVar_C_72_Day_1                             1 	(obj:5)
DaySingleVar_C_73_Day_1                             1 	(obj:5)
DaySingleVar_C_75_Day_1                             1 	(obj:5)
DaySingleVar_C_76_Day_1                             1 	(obj:5)
DaySingleVar_C_78_Day_1                             1 	(obj:5)
DaySingleVar_C_80_Day_1                             1 	(obj:5)
DaySingleVar_C_82_Day_1                             1 	(obj:5)
DaySingleVar_C_83_Day_1                             1 	(obj:5)
DaySingleVar_C_85_Day_1                             1 	(obj:5)
DaySingleVar_C_86_Day_1                             1 	(obj:5)
DaySingleVar_C_87_Day_1                             1 	(obj:5)
DaySingleVar_C_88_Day_1                             1 	(obj:5)
DaySingleVar_C_77_Day_1                             1 	(obj:0)
y_q000_Day_2_Period_1                               1 	(obj:0)
y_q000_Day_2_Period_2                               1 	(obj:0)
y_q000_Day_2_Period_3                               1 	(obj:0)
y_q000_Day_2_Period_4                               1 	(obj:0)
y_q000_Day_2_Period_5                               1 	(obj:0)
y_q000_Day_2_Period_6                               1 	(obj:0)
y_q001_Day_2_Period_1                               1 	(obj:0)
y_q001_Day_2_Period_2                               1 	(obj:0)
y_q001_Day_2_Period_3                               1 	(obj:0)
y_q001_Day_2_Period_4                               1 	(obj:0)
y_q001_Day_2_Period_5                               1 	(obj:0)
y_q001_Day_2_Period_6                               1 	(obj:0)
y_q002_Day_2_Period_1                               1 	(obj:0)
y_q002_Day_2_Period_2                               1 	(obj:0)
y_q002_Day_2_Period_3                               1 	(obj:0)
y_q002_Day_2_Period_4                               1 	(obj:0)
y_q002_Day_2_Period_5                               1 	(obj:0)
y_q002_Day_2_Period_6                               1 	(obj:0)
y_q003_Day_2_Period_1                               1 	(obj:0)
y_q003_Day_2_Period_2                               1 	(obj:0)
y_q003_Day_2_Period_3                               1 	(obj:0)
y_q003_Day_2_Period_4                               1 	(obj:0)
y_q003_Day_2_Period_5                               1 	(obj:0)
y_q003_Day_2_Period_6                               1 	(obj:0)
y_q004_Day_2_Period_1                               1 	(obj:0)
y_q004_Day_2_Period_2                               1 	(obj:0)
y_q004_Day_2_Period_3                               1 	(obj:0)
y_q004_Day_2_Period_4                               1 	(obj:0)
y_q004_Day_2_Period_5                               1 	(obj:0)
y_q004_Day_2_Period_6                               1 	(obj:0)
y_q005_Day_2_Period_1                               1 	(obj:0)
y_q005_Day_2_Period_2                               1 	(obj:0)
y_q005_Day_2_Period_3                               1 	(obj:0)
y_q005_Day_2_Period_4                               1 	(obj:0)
y_q005_Day_2_Period_5                               1 	(obj:0)
y_q005_Day_2_Period_6                               1 	(obj:0)
y_q006_Day_2_Period_1                               1 	(obj:0)
y_q006_Day_2_Period_2                               1 	(obj:0)
y_q006_Day_2_Period_3                               1 	(obj:0)
y_q006_Day_2_Period_4                               1 	(obj:0)
y_q006_Day_2_Period_5                               1 	(obj:0)
y_q006_Day_2_Period_6                               1 	(obj:0)
y_q007_Day_2_Period_3                               1 	(obj:0)
y_q007_Day_2_Period_4                               1 	(obj:0)
y_q007_Day_2_Period_5                               1 	(obj:0)
y_q007_Day_2_Period_6                               1 	(obj:0)
y_q008_Day_2_Period_1                               1 	(obj:0)
y_q008_Day_2_Period_2                               1 	(obj:0)
y_q008_Day_2_Period_3                               1 	(obj:0)
y_q008_Day_2_Period_4                               1 	(obj:0)
y_q008_Day_2_Period_5                               1 	(obj:0)
y_q008_Day_2_Period_6                               1 	(obj:0)
y_q010_Day_2_Period_3                               1 	(obj:0)
y_q010_Day_2_Period_4                               1 	(obj:0)
y_q010_Day_2_Period_5                               1 	(obj:0)
y_q010_Day_2_Period_6                               1 	(obj:0)
y_q011_Day_2_Period_1                               1 	(obj:0)
y_q011_Day_2_Period_2                               1 	(obj:0)
y_q011_Day_2_Period_3                               1 	(obj:0)
y_q011_Day_2_Period_4                               1 	(obj:0)
y_q011_Day_2_Period_5                               1 	(obj:0)
y_q011_Day_2_Period_6                               1 	(obj:0)
y_q012_Day_2_Period_1                               1 	(obj:0)
y_q012_Day_2_Period_2                               1 	(obj:0)
y_q012_Day_2_Period_3                               1 	(obj:0)
y_q012_Day_2_Period_4                               1 	(obj:0)
y_q012_Day_2_Period_5                               1 	(obj:0)
y_q012_Day_2_Period_6                               1 	(obj:0)
y_q014_Day_2_Period_1                               1 	(obj:0)
y_q014_Day_2_Period_2                               1 	(obj:0)
y_q014_Day_2_Period_3                               1 	(obj:0)
y_q014_Day_2_Period_4                               1 	(obj:0)
y_q014_Day_2_Period_5                               1 	(obj:0)
y_q014_Day_2_Period_6                               1 	(obj:0)
y_q015_Day_2_Period_1                               1 	(obj:0)
y_q015_Day_2_Period_2                               1 	(obj:0)
y_q015_Day_2_Period_3                               1 	(obj:0)
y_q015_Day_2_Period_4                               1 	(obj:0)
y_q015_Day_2_Period_5                               1 	(obj:0)
y_q015_Day_2_Period_6                               1 	(obj:0)
y_q017_Day_2_Period_3                               1 	(obj:0)
y_q017_Day_2_Period_4                               1 	(obj:0)
y_q017_Day_2_Period_5                               1 	(obj:0)
y_q017_Day_2_Period_6                               1 	(obj:0)
y_q018_Day_2_Period_3                               1 	(obj:0)
y_q018_Day_2_Period_4                               1 	(obj:0)
y_q018_Day_2_Period_5                               1 	(obj:0)
y_q018_Day_2_Period_6                               1 	(obj:0)
y_q019_Day_2_Period_1                               1 	(obj:0)
y_q019_Day_2_Period_2                               1 	(obj:0)
y_q019_Day_2_Period_3                               1 	(obj:0)
y_q019_Day_2_Period_4                               1 	(obj:0)
y_q019_Day_2_Period_5                               1 	(obj:0)
y_q019_Day_2_Period_6                               1 	(obj:0)
y_q020_Day_2_Period_3                               1 	(obj:0)
y_q020_Day_2_Period_4                               1 	(obj:0)
y_q020_Day_2_Period_5                               1 	(obj:0)
y_q020_Day_2_Period_6                               1 	(obj:0)
y_q021_Day_2_Period_1                               1 	(obj:0)
y_q021_Day_2_Period_2                               1 	(obj:0)
y_q021_Day_2_Period_3                               1 	(obj:0)
y_q021_Day_2_Period_4                               1 	(obj:0)
y_q021_Day_2_Period_5                               1 	(obj:0)
y_q021_Day_2_Period_6                               1 	(obj:0)
y_q022_Day_2_Period_3                               1 	(obj:0)
y_q022_Day_2_Period_4                               1 	(obj:0)
y_q022_Day_2_Period_5                               1 	(obj:0)
y_q022_Day_2_Period_6                               1 	(obj:0)
y_q024_Day_2_Period_1                               1 	(obj:0)
y_q024_Day_2_Period_2                               1 	(obj:0)
y_q024_Day_2_Period_3                               1 	(obj:0)
y_q024_Day_2_Period_4                               1 	(obj:0)
y_q024_Day_2_Period_5                               1 	(obj:0)
y_q024_Day_2_Period_6                               1 	(obj:0)
y_q025_Day_2_Period_1                               1 	(obj:0)
y_q025_Day_2_Period_2                               1 	(obj:0)
y_q025_Day_2_Period_3                               1 	(obj:0)
y_q025_Day_2_Period_4                               1 	(obj:0)
y_q025_Day_2_Period_5                               1 	(obj:0)
y_q025_Day_2_Period_6                               1 	(obj:0)
y_q026_Day_2_Period_1                               1 	(obj:0)
y_q026_Day_2_Period_2                               1 	(obj:0)
y_q026_Day_2_Period_3                               1 	(obj:0)
y_q026_Day_2_Period_4                               1 	(obj:0)
y_q026_Day_2_Period_5                               1 	(obj:0)
y_q026_Day_2_Period_6                               1 	(obj:0)
y_q027_Day_2_Period_3                               1 	(obj:0)
y_q027_Day_2_Period_4                               1 	(obj:0)
y_q027_Day_2_Period_5                               1 	(obj:0)
y_q027_Day_2_Period_6                               1 	(obj:0)
y_q028_Day_2_Period_1                               1 	(obj:0)
y_q028_Day_2_Period_2                               1 	(obj:0)
y_q028_Day_2_Period_3                               1 	(obj:0)
y_q028_Day_2_Period_4                               1 	(obj:0)
y_q028_Day_2_Period_5                               1 	(obj:0)
y_q028_Day_2_Period_6                               1 	(obj:0)
y_q029_Day_2_Period_3                               1 	(obj:0)
y_q029_Day_2_Period_4                               1 	(obj:0)
y_q029_Day_2_Period_5                               1 	(obj:0)
y_q029_Day_2_Period_6                               1 	(obj:0)
y_q030_Day_2_Period_1                               1 	(obj:0)
y_q030_Day_2_Period_2                               1 	(obj:0)
y_q030_Day_2_Period_3                               1 	(obj:0)
y_q030_Day_2_Period_4                               1 	(obj:0)
y_q030_Day_2_Period_5                               1 	(obj:0)
y_q030_Day_2_Period_6                               1 	(obj:0)
y_q031_Day_2_Period_1                               1 	(obj:0)
y_q031_Day_2_Period_2                               1 	(obj:0)
y_q031_Day_2_Period_3                               1 	(obj:0)
y_q031_Day_2_Period_4                               1 	(obj:0)
y_q031_Day_2_Period_5                               1 	(obj:0)
y_q031_Day_2_Period_6                               1 	(obj:0)
y_q032_Day_2_Period_1                               1 	(obj:0)
y_q032_Day_2_Period_2                               1 	(obj:0)
y_q032_Day_2_Period_3                               1 	(obj:0)
y_q032_Day_2_Period_4                               1 	(obj:0)
y_q032_Day_2_Period_5                               1 	(obj:0)
y_q032_Day_2_Period_6                               1 	(obj:0)
y_q034_Day_2_Period_1                               1 	(obj:0)
y_q034_Day_2_Period_2                               1 	(obj:0)
y_q034_Day_2_Period_3                               1 	(obj:0)
y_q034_Day_2_Period_4                               1 	(obj:0)
y_q034_Day_2_Period_5                               1 	(obj:0)
y_q034_Day_2_Period_6                               1 	(obj:0)
y_q035_Day_2_Period_1                               1 	(obj:0)
y_q035_Day_2_Period_2                               1 	(obj:0)
y_q035_Day_2_Period_3                               1 	(obj:0)
y_q035_Day_2_Period_4                               1 	(obj:0)
y_q035_Day_2_Period_5                               1 	(obj:0)
y_q035_Day_2_Period_6                               1 	(obj:0)
y_q036_Day_2_Period_1                               1 	(obj:0)
y_q036_Day_2_Period_2                               1 	(obj:0)
y_q036_Day_2_Period_3                               1 	(obj:0)
y_q036_Day_2_Period_4                               1 	(obj:0)
y_q036_Day_2_Period_5                               1 	(obj:0)
y_q036_Day_2_Period_6                               1 	(obj:0)
y_q037_Day_2_Period_1                               1 	(obj:0)
y_q037_Day_2_Period_2                               1 	(obj:0)
y_q037_Day_2_Period_3                               1 	(obj:0)
y_q037_Day_2_Period_4                               1 	(obj:0)
y_q037_Day_2_Period_5                               1 	(obj:0)
y_q037_Day_2_Period_6                               1 	(obj:0)
y_q038_Day_2_Period_1                               1 	(obj:0)
y_q038_Day_2_Period_2                               1 	(obj:0)
y_q038_Day_2_Period_6                               1 	(obj:0)
y_q039_Day_2_Period_1                               1 	(obj:0)
y_q039_Day_2_Period_2                               1 	(obj:0)
y_q039_Day_2_Period_6                               1 	(obj:0)
y_q040_Day_2_Period_1                               1 	(obj:0)
y_q040_Day_2_Period_2                               1 	(obj:0)
y_q040_Day_2_Period_3                               1 	(obj:0)
y_q040_Day_2_Period_4                               1 	(obj:0)
y_q040_Day_2_Period_5                               1 	(obj:0)
y_q040_Day_2_Period_6                               1 	(obj:0)
y_q041_Day_2_Period_1                               1 	(obj:0)
y_q041_Day_2_Period_2                               1 	(obj:0)
y_q041_Day_2_Period_3                               1 	(obj:0)
y_q041_Day_2_Period_4                               1 	(obj:0)
y_q041_Day_2_Period_5                               1 	(obj:0)
y_q041_Day_2_Period_6                               1 	(obj:0)
y_q042_Day_2_Period_1                               1 	(obj:0)
y_q042_Day_2_Period_2                               1 	(obj:0)
y_q042_Day_2_Period_3                               1 	(obj:0)
y_q042_Day_2_Period_4                               1 	(obj:0)
y_q042_Day_2_Period_5                               1 	(obj:0)
y_q042_Day_2_Period_6                               1 	(obj:0)
y_q043_Day_2_Period_1                               1 	(obj:0)
y_q043_Day_2_Period_2                               1 	(obj:0)
y_q043_Day_2_Period_3                               1 	(obj:0)
y_q043_Day_2_Period_4                               1 	(obj:0)
y_q043_Day_2_Period_5                               1 	(obj:0)
y_q043_Day_2_Period_6                               1 	(obj:0)
y_q044_Day_2_Period_1                               1 	(obj:0)
y_q044_Day_2_Period_2                               1 	(obj:0)
y_q044_Day_2_Period_3                               1 	(obj:0)
y_q044_Day_2_Period_4                               1 	(obj:0)
y_q044_Day_2_Period_5                               1 	(obj:0)
y_q044_Day_2_Period_6                               1 	(obj:0)
y_q045_Day_2_Period_1                               1 	(obj:0)
y_q045_Day_2_Period_2                               1 	(obj:0)
y_q045_Day_2_Period_3                               1 	(obj:0)
y_q045_Day_2_Period_4                               1 	(obj:0)
y_q045_Day_2_Period_5                               1 	(obj:0)
y_q045_Day_2_Period_6                               1 	(obj:0)
y_q046_Day_2_Period_1                               1 	(obj:0)
y_q046_Day_2_Period_2                               1 	(obj:0)
y_q046_Day_2_Period_3                               1 	(obj:0)
y_q046_Day_2_Period_4                               1 	(obj:0)
y_q046_Day_2_Period_5                               1 	(obj:0)
y_q046_Day_2_Period_6                               1 	(obj:0)
y_q047_Day_2_Period_1                               1 	(obj:0)
y_q047_Day_2_Period_2                               1 	(obj:0)
y_q047_Day_2_Period_3                               1 	(obj:0)
y_q047_Day_2_Period_4                               1 	(obj:0)
y_q047_Day_2_Period_5                               1 	(obj:0)
y_q047_Day_2_Period_6                               1 	(obj:0)
y_q048_Day_2_Period_1                               1 	(obj:0)
y_q048_Day_2_Period_2                               1 	(obj:0)
y_q048_Day_2_Period_3                               1 	(obj:0)
y_q048_Day_2_Period_4                               1 	(obj:0)
y_q048_Day_2_Period_5                               1 	(obj:0)
y_q048_Day_2_Period_6                               1 	(obj:0)
y_q049_Day_2_Period_1                               1 	(obj:0)
y_q049_Day_2_Period_2                               1 	(obj:0)
y_q049_Day_2_Period_3                               1 	(obj:0)
y_q049_Day_2_Period_4                               1 	(obj:0)
y_q049_Day_2_Period_5                               1 	(obj:0)
y_q049_Day_2_Period_6                               1 	(obj:0)
y_q050_Day_2_Period_3                               1 	(obj:0)
y_q050_Day_2_Period_4                               1 	(obj:0)
y_q051_Day_2_Period_1                               1 	(obj:0)
y_q051_Day_2_Period_2                               1 	(obj:0)
y_q051_Day_2_Period_3                               1 	(obj:0)
y_q051_Day_2_Period_4                               1 	(obj:0)
y_q051_Day_2_Period_5                               1 	(obj:0)
y_q051_Day_2_Period_6                               1 	(obj:0)
y_q052_Day_2_Period_1                               1 	(obj:0)
y_q052_Day_2_Period_2                               1 	(obj:0)
y_q052_Day_2_Period_3                               1 	(obj:0)
y_q052_Day_2_Period_4                               1 	(obj:0)
y_q052_Day_2_Period_5                               1 	(obj:0)
y_q052_Day_2_Period_6                               1 	(obj:0)
y_q053_Day_2_Period_1                               1 	(obj:0)
y_q053_Day_2_Period_2                               1 	(obj:0)
y_q053_Day_2_Period_3                               1 	(obj:0)
y_q053_Day_2_Period_4                               1 	(obj:0)
y_q053_Day_2_Period_5                               1 	(obj:0)
y_q053_Day_2_Period_6                               1 	(obj:0)
y_q054_Day_2_Period_1                               1 	(obj:0)
y_q054_Day_2_Period_2                               1 	(obj:0)
y_q054_Day_2_Period_3                               1 	(obj:0)
y_q054_Day_2_Period_4                               1 	(obj:0)
y_q054_Day_2_Period_5                               1 	(obj:0)
y_q054_Day_2_Period_6                               1 	(obj:0)
y_q055_Day_2_Period_3                               1 	(obj:0)
y_q055_Day_2_Period_4                               1 	(obj:0)
y_q055_Day_2_Period_5                               1 	(obj:0)
y_q055_Day_2_Period_6                               1 	(obj:0)
y_q056_Day_2_Period_1                               1 	(obj:0)
y_q056_Day_2_Period_2                               1 	(obj:0)
y_q056_Day_2_Period_3                               1 	(obj:0)
y_q056_Day_2_Period_4                               1 	(obj:0)
y_q056_Day_2_Period_5                               1 	(obj:0)
y_q056_Day_2_Period_6                               1 	(obj:0)
y_q057_Day_2_Period_3                               1 	(obj:0)
y_q057_Day_2_Period_4                               1 	(obj:0)
y_q057_Day_2_Period_5                               1 	(obj:0)
y_q057_Day_2_Period_6                               1 	(obj:0)
y_q058_Day_2_Period_1                               1 	(obj:0)
y_q058_Day_2_Period_2                               1 	(obj:0)
y_q058_Day_2_Period_3                               1 	(obj:0)
y_q058_Day_2_Period_4                               1 	(obj:0)
y_q058_Day_2_Period_5                               1 	(obj:0)
y_q058_Day_2_Period_6                               1 	(obj:0)
y_q059_Day_2_Period_3                               1 	(obj:0)
y_q059_Day_2_Period_4                               1 	(obj:0)
y_q059_Day_2_Period_5                               1 	(obj:0)
y_q059_Day_2_Period_6                               1 	(obj:0)
y_q060_Day_2_Period_1                               1 	(obj:0)
y_q060_Day_2_Period_2                               1 	(obj:0)
y_q060_Day_2_Period_3                               1 	(obj:0)
y_q060_Day_2_Period_4                               1 	(obj:0)
y_q060_Day_2_Period_5                               1 	(obj:0)
y_q060_Day_2_Period_6                               1 	(obj:0)
y_q061_Day_2_Period_3                               1 	(obj:0)
y_q061_Day_2_Period_4                               1 	(obj:0)
y_q061_Day_2_Period_5                               1 	(obj:0)
y_q061_Day_2_Period_6                               1 	(obj:0)
y_q062_Day_2_Period_1                               1 	(obj:0)
y_q062_Day_2_Period_2                               1 	(obj:0)
y_q062_Day_2_Period_3                               1 	(obj:0)
y_q062_Day_2_Period_4                               1 	(obj:0)
y_q062_Day_2_Period_5                               1 	(obj:0)
y_q062_Day_2_Period_6                               1 	(obj:0)
y_q063_Day_2_Period_1                               1 	(obj:0)
y_q063_Day_2_Period_2                               1 	(obj:0)
y_q063_Day_2_Period_3                               1 	(obj:0)
y_q063_Day_2_Period_4                               1 	(obj:0)
y_q063_Day_2_Period_5                               1 	(obj:0)
y_q063_Day_2_Period_6                               1 	(obj:0)
y_q064_Day_2_Period_1                               1 	(obj:0)
y_q064_Day_2_Period_2                               1 	(obj:0)
y_q064_Day_2_Period_3                               1 	(obj:0)
y_q064_Day_2_Period_4                               1 	(obj:0)
y_q064_Day_2_Period_5                               1 	(obj:0)
y_q064_Day_2_Period_6                               1 	(obj:0)
y_q065_Day_2_Period_1                               1 	(obj:0)
y_q065_Day_2_Period_2                               1 	(obj:0)
y_q065_Day_2_Period_3                               1 	(obj:0)
y_q065_Day_2_Period_4                               1 	(obj:0)
y_q065_Day_2_Period_5                               1 	(obj:0)
y_q065_Day_2_Period_6                               1 	(obj:0)
y_q066_Day_2_Period_1                               1 	(obj:0)
y_q066_Day_2_Period_2                               1 	(obj:0)
y_q066_Day_2_Period_3                               1 	(obj:0)
y_q066_Day_2_Period_4                               1 	(obj:0)
y_q066_Day_2_Period_5                               1 	(obj:0)
y_q066_Day_2_Period_6                               1 	(obj:0)
y_q067_Day_2_Period_1                               1 	(obj:0)
y_q067_Day_2_Period_2                               1 	(obj:0)
y_q067_Day_2_Period_3                               1 	(obj:0)
y_q067_Day_2_Period_4                               1 	(obj:0)
y_q067_Day_2_Period_5                               1 	(obj:0)
y_q067_Day_2_Period_6                               1 	(obj:0)
y_q068_Day_2_Period_1                               1 	(obj:0)
y_q068_Day_2_Period_2                               1 	(obj:0)
y_q068_Day_2_Period_3                               1 	(obj:0)
y_q068_Day_2_Period_4                               1 	(obj:0)
y_q068_Day_2_Period_5                               1 	(obj:0)
y_q068_Day_2_Period_6                               1 	(obj:0)
y_q069_Day_2_Period_1                               1 	(obj:0)
y_q069_Day_2_Period_2                               1 	(obj:0)
y_q069_Day_2_Period_3                               1 	(obj:0)
y_q069_Day_2_Period_4                               1 	(obj:0)
y_q069_Day_2_Period_5                               1 	(obj:0)
y_q069_Day_2_Period_6                               1 	(obj:0)
y_q070_Day_2_Period_1                               1 	(obj:0)
y_q070_Day_2_Period_2                               1 	(obj:0)
y_q070_Day_2_Period_3                               1 	(obj:0)
y_q070_Day_2_Period_4                               1 	(obj:0)
y_q070_Day_2_Period_5                               1 	(obj:0)
y_q070_Day_2_Period_6                               1 	(obj:0)
y_q071_Day_2_Period_1                               1 	(obj:0)
y_q071_Day_2_Period_2                               1 	(obj:0)
y_q071_Day_2_Period_3                               1 	(obj:0)
y_q071_Day_2_Period_4                               1 	(obj:0)
y_q071_Day_2_Period_5                               1 	(obj:0)
y_q071_Day_2_Period_6                               1 	(obj:0)
y_q072_Day_2_Period_1                               1 	(obj:0)
y_q072_Day_2_Period_2                               1 	(obj:0)
y_q072_Day_2_Period_3                               1 	(obj:0)
y_q072_Day_2_Period_4                               1 	(obj:0)
y_q072_Day_2_Period_5                               1 	(obj:0)
y_q072_Day_2_Period_6                               1 	(obj:0)
y_q073_Day_2_Period_1                               1 	(obj:0)
y_q073_Day_2_Period_2                               1 	(obj:0)
y_q073_Day_2_Period_3                               1 	(obj:0)
y_q073_Day_2_Period_4                               1 	(obj:0)
y_q073_Day_2_Period_5                               1 	(obj:0)
y_q073_Day_2_Period_6                               1 	(obj:0)
y_q074_Day_2_Period_1                               1 	(obj:0)
y_q074_Day_2_Period_2                               1 	(obj:0)
y_q074_Day_2_Period_3                               1 	(obj:0)
y_q074_Day_2_Period_4                               1 	(obj:0)
y_q074_Day_2_Period_5                               1 	(obj:0)
y_q074_Day_2_Period_6                               1 	(obj:0)
y_q075_Day_2_Period_1                               1 	(obj:0)
y_q075_Day_2_Period_2                               1 	(obj:0)
y_q075_Day_2_Period_3                               1 	(obj:0)
y_q075_Day_2_Period_4                               1 	(obj:0)
y_q075_Day_2_Period_5                               1 	(obj:0)
y_q075_Day_2_Period_6                               1 	(obj:0)
y_q076_Day_2_Period_1                               1 	(obj:0)
y_q076_Day_2_Period_2                               1 	(obj:0)
y_q076_Day_2_Period_3                               1 	(obj:0)
y_q076_Day_2_Period_4                               1 	(obj:0)
y_q076_Day_2_Period_5                               1 	(obj:0)
y_q076_Day_2_Period_6                               1 	(obj:0)
y_q077_Day_2_Period_1                               1 	(obj:0)
y_q077_Day_2_Period_2                               1 	(obj:0)
y_q077_Day_2_Period_3                               1 	(obj:0)
y_q077_Day_2_Period_4                               1 	(obj:0)
y_q077_Day_2_Period_5                               1 	(obj:0)
y_q077_Day_2_Period_6                               1 	(obj:0)
y_q078_Day_2_Period_1                               1 	(obj:0)
y_q078_Day_2_Period_2                               1 	(obj:0)
y_q078_Day_2_Period_3                               1 	(obj:0)
y_q078_Day_2_Period_4                               1 	(obj:0)
y_q078_Day_2_Period_5                               1 	(obj:0)
y_q078_Day_2_Period_6                               1 	(obj:0)
y_q079_Day_2_Period_1                               1 	(obj:0)
y_q079_Day_2_Period_2                               1 	(obj:0)
y_q079_Day_2_Period_3                               1 	(obj:0)
y_q079_Day_2_Period_4                               1 	(obj:0)
y_q079_Day_2_Period_5                               1 	(obj:0)
y_q079_Day_2_Period_6                               1 	(obj:0)
y_q080_Day_2_Period_1                               1 	(obj:0)
y_q080_Day_2_Period_2                               1 	(obj:0)
y_q080_Day_2_Period_3                               1 	(obj:0)
y_q080_Day_2_Period_4                               1 	(obj:0)
y_q080_Day_2_Period_5                               1 	(obj:0)
y_q080_Day_2_Period_6                               1 	(obj:0)
y_q081_Day_2_Period_3                               1 	(obj:0)
y_q081_Day_2_Period_4                               1 	(obj:0)
y_q081_Day_2_Period_5                               1 	(obj:0)
y_q081_Day_2_Period_6                               1 	(obj:0)
y_q082_Day_2_Period_1                               1 	(obj:0)
y_q082_Day_2_Period_2                               1 	(obj:0)
y_q082_Day_2_Period_6                               1 	(obj:0)
y_q083_Day_2_Period_3                               1 	(obj:0)
y_q083_Day_2_Period_4                               1 	(obj:0)
y_q083_Day_2_Period_5                               1 	(obj:0)
y_q083_Day_2_Period_6                               1 	(obj:0)
y_q084_Day_2_Period_3                               1 	(obj:0)
y_q084_Day_2_Period_4                               1 	(obj:0)
y_q084_Day_2_Period_5                               1 	(obj:0)
y_q084_Day_2_Period_6                               1 	(obj:0)
y_q085_Day_2_Period_1                               1 	(obj:0)
y_q085_Day_2_Period_2                               1 	(obj:0)
y_q085_Day_2_Period_6                               1 	(obj:0)
y_q086_Day_2_Period_1                               1 	(obj:0)
y_q086_Day_2_Period_2                               1 	(obj:0)
y_q086_Day_2_Period_6                               1 	(obj:0)
y_q091_Day_2_Period_5                               1 	(obj:0)
y_q091_Day_2_Period_6                               1 	(obj:0)
y_q092_Day_2_Period_1                               1 	(obj:0)
y_q092_Day_2_Period_2                               1 	(obj:0)
y_q092_Day_2_Period_5                               1 	(obj:0)
y_q092_Day_2_Period_6                               1 	(obj:0)
y_q093_Day_2_Period_1                               1 	(obj:0)
y_q093_Day_2_Period_2                               1 	(obj:0)
y_q093_Day_2_Period_5                               1 	(obj:0)
y_q093_Day_2_Period_6                               1 	(obj:0)
y_q094_Day_2_Period_1                               1 	(obj:0)
y_q094_Day_2_Period_2                               1 	(obj:0)
y_q094_Day_2_Period_3                               1 	(obj:0)
y_q094_Day_2_Period_4                               1 	(obj:0)
y_q094_Day_2_Period_5                               1 	(obj:0)
y_q094_Day_2_Period_6                               1 	(obj:0)
y_q095_Day_2_Period_1                               1 	(obj:0)
y_q095_Day_2_Period_2                               1 	(obj:0)
y_q095_Day_2_Period_3                               1 	(obj:0)
y_q095_Day_2_Period_4                               1 	(obj:0)
y_q095_Day_2_Period_5                               1 	(obj:0)
y_q095_Day_2_Period_6                               1 	(obj:0)
y_q096_Day_2_Period_1                               1 	(obj:0)
y_q096_Day_2_Period_2                               1 	(obj:0)
y_q096_Day_2_Period_3                               1 	(obj:0)
y_q096_Day_2_Period_4                               1 	(obj:0)
y_q096_Day_2_Period_5                               1 	(obj:0)
y_q096_Day_2_Period_6                               1 	(obj:0)
y_q097_Day_2_Period_1                               1 	(obj:0)
y_q097_Day_2_Period_2                               1 	(obj:0)
y_q097_Day_2_Period_3                               1 	(obj:0)
y_q097_Day_2_Period_4                               1 	(obj:0)
y_q097_Day_2_Period_5                               1 	(obj:0)
y_q097_Day_2_Period_6                               1 	(obj:0)
y_q098_Day_2_Period_1                               1 	(obj:0)
y_q098_Day_2_Period_2                               1 	(obj:0)
y_q098_Day_2_Period_3                               1 	(obj:0)
y_q098_Day_2_Period_4                               1 	(obj:0)
y_q098_Day_2_Period_5                               1 	(obj:0)
y_q098_Day_2_Period_6                               1 	(obj:0)
y_q099_Day_2_Period_1                               1 	(obj:0)
y_q099_Day_2_Period_2                               1 	(obj:0)
y_q099_Day_2_Period_3                               1 	(obj:0)
y_q099_Day_2_Period_4                               1 	(obj:0)
y_q099_Day_2_Period_5                               1 	(obj:0)
y_q099_Day_2_Period_6                               1 	(obj:0)
y_q100_Day_2_Period_1                               1 	(obj:0)
y_q100_Day_2_Period_2                               1 	(obj:0)
y_q100_Day_2_Period_3                               1 	(obj:0)
y_q100_Day_2_Period_4                               1 	(obj:0)
y_q100_Day_2_Period_5                               1 	(obj:0)
y_q100_Day_2_Period_6                               1 	(obj:0)
y_q101_Day_2_Period_1                               1 	(obj:0)
y_q101_Day_2_Period_2                               1 	(obj:0)
y_q101_Day_2_Period_3                               1 	(obj:0)
y_q101_Day_2_Period_4                               1 	(obj:0)
y_q101_Day_2_Period_5                               1 	(obj:0)
y_q101_Day_2_Period_6                               1 	(obj:0)
y_q102_Day_2_Period_1                               1 	(obj:0)
y_q102_Day_2_Period_2                               1 	(obj:0)
y_q102_Day_2_Period_3                               1 	(obj:0)
y_q102_Day_2_Period_4                               1 	(obj:0)
y_q102_Day_2_Period_5                               1 	(obj:0)
y_q102_Day_2_Period_6                               1 	(obj:0)
y_q103_Day_2_Period_1                               1 	(obj:0)
y_q103_Day_2_Period_2                               1 	(obj:0)
y_q103_Day_2_Period_3                               1 	(obj:0)
y_q103_Day_2_Period_4                               1 	(obj:0)
y_q103_Day_2_Period_5                               1 	(obj:0)
y_q103_Day_2_Period_6                               1 	(obj:0)
y_q104_Day_2_Period_1                               1 	(obj:0)
y_q104_Day_2_Period_2                               1 	(obj:0)
y_q104_Day_2_Period_3                               1 	(obj:0)
y_q104_Day_2_Period_4                               1 	(obj:0)
y_q104_Day_2_Period_5                               1 	(obj:0)
y_q104_Day_2_Period_6                               1 	(obj:0)
y_q105_Day_2_Period_1                               1 	(obj:0)
y_q105_Day_2_Period_2                               1 	(obj:0)
y_q105_Day_2_Period_3                               1 	(obj:0)
y_q105_Day_2_Period_4                               1 	(obj:0)
y_q105_Day_2_Period_5                               1 	(obj:0)
y_q105_Day_2_Period_6                               1 	(obj:0)
y_q106_Day_2_Period_1                               1 	(obj:0)
y_q106_Day_2_Period_2                               1 	(obj:0)
y_q106_Day_2_Period_3                               1 	(obj:0)
y_q106_Day_2_Period_4                               1 	(obj:0)
y_q106_Day_2_Period_5                               1 	(obj:0)
y_q106_Day_2_Period_6                               1 	(obj:0)
y_q107_Day_2_Period_1                               1 	(obj:0)
y_q107_Day_2_Period_2                               1 	(obj:0)
y_q107_Day_2_Period_3                               1 	(obj:0)
y_q107_Day_2_Period_4                               1 	(obj:0)
y_q107_Day_2_Period_5                               1 	(obj:0)
y_q107_Day_2_Period_6                               1 	(obj:0)
y_q108_Day_2_Period_1                               1 	(obj:0)
y_q108_Day_2_Period_2                               1 	(obj:0)
y_q108_Day_2_Period_3                               1 	(obj:0)
y_q108_Day_2_Period_4                               1 	(obj:0)
y_q108_Day_2_Period_5                               1 	(obj:0)
y_q108_Day_2_Period_6                               1 	(obj:0)
y_q109_Day_2_Period_1                               1 	(obj:0)
y_q109_Day_2_Period_2                               1 	(obj:0)
y_q109_Day_2_Period_3                               1 	(obj:0)
y_q109_Day_2_Period_4                               1 	(obj:0)
y_q109_Day_2_Period_5                               1 	(obj:0)
y_q109_Day_2_Period_6                               1 	(obj:0)
y_q110_Day_2_Period_1                               1 	(obj:0)
y_q110_Day_2_Period_2                               1 	(obj:0)
y_q110_Day_2_Period_3                               1 	(obj:0)
y_q110_Day_2_Period_4                               1 	(obj:0)
y_q110_Day_2_Period_5                               1 	(obj:0)
y_q110_Day_2_Period_6                               1 	(obj:0)
y_q111_Day_2_Period_1                               1 	(obj:0)
y_q111_Day_2_Period_2                               1 	(obj:0)
y_q111_Day_2_Period_3                               1 	(obj:0)
y_q111_Day_2_Period_4                               1 	(obj:0)
y_q111_Day_2_Period_5                               1 	(obj:0)
y_q111_Day_2_Period_6                               1 	(obj:0)
y_q112_Day_2_Period_1                               1 	(obj:0)
y_q112_Day_2_Period_2                               1 	(obj:0)
y_q112_Day_2_Period_3                               1 	(obj:0)
y_q112_Day_2_Period_4                               1 	(obj:0)
y_q112_Day_2_Period_5                               1 	(obj:0)
y_q112_Day_2_Period_6                               1 	(obj:0)
y_q113_Day_2_Period_1                               1 	(obj:0)
y_q113_Day_2_Period_2                               1 	(obj:0)
y_q113_Day_2_Period_3                               1 	(obj:0)
y_q113_Day_2_Period_4                               1 	(obj:0)
y_q113_Day_2_Period_5                               1 	(obj:0)
y_q113_Day_2_Period_6                               1 	(obj:0)
y_q114_Day_2_Period_1                               1 	(obj:0)
y_q114_Day_2_Period_2                               1 	(obj:0)
y_q114_Day_2_Period_3                               1 	(obj:0)
y_q114_Day_2_Period_4                               1 	(obj:0)
y_q114_Day_2_Period_5                               1 	(obj:0)
y_q114_Day_2_Period_6                               1 	(obj:0)
y_q115_Day_2_Period_1                               1 	(obj:0)
y_q115_Day_2_Period_2                               1 	(obj:0)
y_q115_Day_2_Period_3                               1 	(obj:0)
y_q115_Day_2_Period_4                               1 	(obj:0)
y_q115_Day_2_Period_5                               1 	(obj:0)
y_q115_Day_2_Period_6                               1 	(obj:0)
y_q116_Day_2_Period_1                               1 	(obj:0)
y_q116_Day_2_Period_2                               1 	(obj:0)
y_q116_Day_2_Period_3                               1 	(obj:0)
y_q116_Day_2_Period_4                               1 	(obj:0)
y_q116_Day_2_Period_5                               1 	(obj:0)
y_q116_Day_2_Period_6                               1 	(obj:0)
y_q117_Day_2_Period_1                               1 	(obj:0)
y_q117_Day_2_Period_2                               1 	(obj:0)
y_q117_Day_2_Period_3                               1 	(obj:0)
y_q117_Day_2_Period_4                               1 	(obj:0)
y_q117_Day_2_Period_5                               1 	(obj:0)
y_q117_Day_2_Period_6                               1 	(obj:0)
y_q118_Day_2_Period_1                               1 	(obj:0)
y_q118_Day_2_Period_2                               1 	(obj:0)
y_q118_Day_2_Period_3                               1 	(obj:0)
y_q118_Day_2_Period_4                               1 	(obj:0)
y_q118_Day_2_Period_5                               1 	(obj:0)
y_q118_Day_2_Period_6                               1 	(obj:0)
y_q119_Day_2_Period_1                               1 	(obj:0)
y_q119_Day_2_Period_2                               1 	(obj:0)
y_q119_Day_2_Period_3                               1 	(obj:0)
y_q119_Day_2_Period_4                               1 	(obj:0)
y_q119_Day_2_Period_5                               1 	(obj:0)
y_q119_Day_2_Period_6                               1 	(obj:0)
y_q120_Day_2_Period_1                               1 	(obj:0)
y_q120_Day_2_Period_2                               1 	(obj:0)
y_q120_Day_2_Period_3                               1 	(obj:0)
y_q120_Day_2_Period_4                               1 	(obj:0)
y_q120_Day_2_Period_5                               1 	(obj:0)
y_q120_Day_2_Period_6                               1 	(obj:0)
y_q121_Day_2_Period_1                               1 	(obj:0)
y_q121_Day_2_Period_2                               1 	(obj:0)
y_q121_Day_2_Period_3                               1 	(obj:0)
y_q121_Day_2_Period_4                               1 	(obj:0)
y_q121_Day_2_Period_5                               1 	(obj:0)
y_q121_Day_2_Period_6                               1 	(obj:0)
y_q123_Day_2_Period_1                               1 	(obj:0)
y_q123_Day_2_Period_2                               1 	(obj:0)
y_q123_Day_2_Period_3                               1 	(obj:0)
y_q123_Day_2_Period_4                               1 	(obj:0)
y_q123_Day_2_Period_5                               1 	(obj:0)
y_q123_Day_2_Period_6                               1 	(obj:0)
y_q124_Day_2_Period_1                               1 	(obj:0)
y_q124_Day_2_Period_2                               1 	(obj:0)
y_q124_Day_2_Period_3                               1 	(obj:0)
y_q124_Day_2_Period_4                               1 	(obj:0)
y_q124_Day_2_Period_5                               1 	(obj:0)
y_q124_Day_2_Period_6                               1 	(obj:0)
y_q126_Day_2_Period_1                               1 	(obj:0)
y_q126_Day_2_Period_2                               1 	(obj:0)
y_q126_Day_2_Period_3                               1 	(obj:0)
y_q126_Day_2_Period_4                               1 	(obj:0)
y_q126_Day_2_Period_5                               1 	(obj:0)
y_q126_Day_2_Period_6                               1 	(obj:0)
y_q129_Day_2_Period_1                               1 	(obj:0)
y_q129_Day_2_Period_2                               1 	(obj:0)
y_q129_Day_2_Period_3                               1 	(obj:0)
y_q129_Day_2_Period_4                               1 	(obj:0)
y_q129_Day_2_Period_5                               1 	(obj:0)
y_q129_Day_2_Period_6                               1 	(obj:0)
y_q130_Day_2_Period_1                               1 	(obj:0)
y_q130_Day_2_Period_2                               1 	(obj:0)
y_q130_Day_2_Period_3                               1 	(obj:0)
y_q130_Day_2_Period_4                               1 	(obj:0)
y_q130_Day_2_Period_5                               1 	(obj:0)
y_q130_Day_2_Period_6                               1 	(obj:0)
y_q131_Day_2_Period_1                               1 	(obj:0)
y_q131_Day_2_Period_2                               1 	(obj:0)
y_q131_Day_2_Period_3                               1 	(obj:0)
y_q131_Day_2_Period_4                               1 	(obj:0)
y_q131_Day_2_Period_5                               1 	(obj:0)
y_q131_Day_2_Period_6                               1 	(obj:0)
y_q132_Day_2_Period_1                               1 	(obj:0)
y_q132_Day_2_Period_2                               1 	(obj:0)
y_q132_Day_2_Period_3                               1 	(obj:0)
y_q132_Day_2_Period_4                               1 	(obj:0)
y_q132_Day_2_Period_5                               1 	(obj:0)
y_q132_Day_2_Period_6                               1 	(obj:0)
y_q133_Day_2_Period_1                               1 	(obj:0)
y_q133_Day_2_Period_2                               1 	(obj:0)
y_q133_Day_2_Period_3                               1 	(obj:0)
y_q133_Day_2_Period_4                               1 	(obj:0)
y_q133_Day_2_Period_5                               1 	(obj:0)
y_q133_Day_2_Period_6                               1 	(obj:0)
y_q134_Day_2_Period_1                               1 	(obj:0)
y_q134_Day_2_Period_2                               1 	(obj:0)
y_q134_Day_2_Period_3                               1 	(obj:0)
y_q134_Day_2_Period_4                               1 	(obj:0)
y_q134_Day_2_Period_5                               1 	(obj:0)
y_q134_Day_2_Period_6                               1 	(obj:0)
y_q135_Day_2_Period_1                               1 	(obj:0)
y_q135_Day_2_Period_2                               1 	(obj:0)
y_q135_Day_2_Period_3                               1 	(obj:0)
y_q135_Day_2_Period_4                               1 	(obj:0)
y_q135_Day_2_Period_5                               1 	(obj:0)
y_q135_Day_2_Period_6                               1 	(obj:0)
y_q136_Day_2_Period_1                               1 	(obj:0)
y_q136_Day_2_Period_2                               1 	(obj:0)
y_q136_Day_2_Period_3                               1 	(obj:0)
y_q136_Day_2_Period_4                               1 	(obj:0)
y_q136_Day_2_Period_5                               1 	(obj:0)
y_q136_Day_2_Period_6                               1 	(obj:0)
y_q137_Day_2_Period_1                               1 	(obj:0)
y_q137_Day_2_Period_2                               1 	(obj:0)
y_q137_Day_2_Period_3                               1 	(obj:0)
y_q137_Day_2_Period_4                               1 	(obj:0)
y_q137_Day_2_Period_5                               1 	(obj:0)
y_q137_Day_2_Period_6                               1 	(obj:0)
y_q138_Day_2_Period_1                               1 	(obj:0)
y_q138_Day_2_Period_2                               1 	(obj:0)
y_q138_Day_2_Period_3                               1 	(obj:0)
y_q138_Day_2_Period_4                               1 	(obj:0)
y_q138_Day_2_Period_5                               1 	(obj:0)
y_q138_Day_2_Period_6                               1 	(obj:0)
y_q139_Day_2_Period_1                               1 	(obj:0)
y_q139_Day_2_Period_2                               1 	(obj:0)
y_q139_Day_2_Period_3                               1 	(obj:0)
y_q139_Day_2_Period_4                               1 	(obj:0)
y_q139_Day_2_Period_5                               1 	(obj:0)
y_q139_Day_2_Period_6                               1 	(obj:0)
y_q140_Day_2_Period_1                               1 	(obj:0)
y_q140_Day_2_Period_2                               1 	(obj:0)
y_q140_Day_2_Period_3                               1 	(obj:0)
y_q140_Day_2_Period_4                               1 	(obj:0)
y_q140_Day_2_Period_5                               1 	(obj:0)
y_q140_Day_2_Period_6                               1 	(obj:0)
y_q141_Day_2_Period_1                               1 	(obj:0)
y_q141_Day_2_Period_2                               1 	(obj:0)
y_q141_Day_2_Period_3                               1 	(obj:0)
y_q141_Day_2_Period_4                               1 	(obj:0)
y_q141_Day_2_Period_5                               1 	(obj:0)
y_q141_Day_2_Period_6                               1 	(obj:0)
y_q142_Day_2_Period_1                               1 	(obj:0)
y_q142_Day_2_Period_2                               1 	(obj:0)
y_q142_Day_2_Period_3                               1 	(obj:0)
y_q142_Day_2_Period_4                               1 	(obj:0)
y_q142_Day_2_Period_5                               1 	(obj:0)
y_q142_Day_2_Period_6                               1 	(obj:0)
y_q143_Day_2_Period_6                               1 	(obj:0)
y_q144A_Day_2_Period_3                              1 	(obj:0)
y_q144A_Day_2_Period_4                              1 	(obj:0)
y_q144A_Day_2_Period_5                              1 	(obj:0)
y_q144A_Day_2_Period_6                              1 	(obj:0)
y_q144B_Day_2_Period_1                              1 	(obj:0)
y_q144B_Day_2_Period_2                              1 	(obj:0)
y_q144B_Day_2_Period_6                              1 	(obj:0)
y_q145A_Day_2_Period_1                              1 	(obj:0)
y_q145A_Day_2_Period_2                              1 	(obj:0)
y_q145A_Day_2_Period_3                              1 	(obj:0)
y_q145A_Day_2_Period_4                              1 	(obj:0)
y_q145A_Day_2_Period_5                              1 	(obj:0)
y_q145A_Day_2_Period_6                              1 	(obj:0)
y_q145B_Day_2_Period_1                              1 	(obj:0)
y_q145B_Day_2_Period_2                              1 	(obj:0)
y_q145B_Day_2_Period_6                              1 	(obj:0)
y_q146_Day_2_Period_1                               1 	(obj:0)
y_q146_Day_2_Period_2                               1 	(obj:0)
y_q146_Day_2_Period_3                               1 	(obj:0)
y_q147_Day_2_Period_1                               1 	(obj:0)
y_q147_Day_2_Period_2                               1 	(obj:0)
y_q147_Day_2_Period_3                               1 	(obj:0)
y_q147_Day_2_Period_5                               1 	(obj:0)
y_q147_Day_2_Period_6                               1 	(obj:0)
y_q148_Day_2_Period_1                               1 	(obj:0)
y_q148_Day_2_Period_2                               1 	(obj:0)
y_q148_Day_2_Period_3                               1 	(obj:0)
y_q148_Day_2_Period_4                               1 	(obj:0)
y_q148_Day_2_Period_5                               1 	(obj:0)
y_q148_Day_2_Period_6                               1 	(obj:0)
y_q149_Day_2_Period_1                               1 	(obj:0)
y_q149_Day_2_Period_2                               1 	(obj:0)
y_q149_Day_2_Period_5                               1 	(obj:0)
y_q149_Day_2_Period_6                               1 	(obj:0)
y_q150_Day_2_Period_1                               1 	(obj:0)
y_q150_Day_2_Period_2                               1 	(obj:0)
y_q150_Day_2_Period_5                               1 	(obj:0)
y_q150_Day_2_Period_6                               1 	(obj:0)
y_q151_Day_2_Period_1                               1 	(obj:0)
y_q151_Day_2_Period_2                               1 	(obj:0)
y_q151_Day_2_Period_3                               1 	(obj:0)
y_q151_Day_2_Period_4                               1 	(obj:0)
y_q151_Day_2_Period_5                               1 	(obj:0)
y_q151_Day_2_Period_6                               1 	(obj:0)
y_q152_Day_2_Period_1                               1 	(obj:0)
y_q152_Day_2_Period_2                               1 	(obj:0)
y_q152_Day_2_Period_3                               1 	(obj:0)
y_q152_Day_2_Period_4                               1 	(obj:0)
y_q152_Day_2_Period_5                               1 	(obj:0)
y_q152_Day_2_Period_6                               1 	(obj:0)
y_q153_Day_2_Period_1                               1 	(obj:0)
y_q153_Day_2_Period_2                               1 	(obj:0)
y_q153_Day_2_Period_3                               1 	(obj:0)
y_q153_Day_2_Period_4                               1 	(obj:0)
y_q153_Day_2_Period_5                               1 	(obj:0)
y_q153_Day_2_Period_6                               1 	(obj:0)
y_q154_Day_2_Period_1                               1 	(obj:0)
y_q154_Day_2_Period_2                               1 	(obj:0)
y_q154_Day_2_Period_5                               1 	(obj:0)
y_q154_Day_2_Period_6                               1 	(obj:0)
y_q155_Day_2_Period_1                               1 	(obj:0)
y_q155_Day_2_Period_2                               1 	(obj:0)
y_q155_Day_2_Period_5                               1 	(obj:0)
y_q155_Day_2_Period_6                               1 	(obj:0)
y_q156_Day_2_Period_1                               1 	(obj:0)
y_q156_Day_2_Period_2                               1 	(obj:0)
y_q156_Day_2_Period_5                               1 	(obj:0)
y_q156_Day_2_Period_6                               1 	(obj:0)
y_q157_Day_2_Period_1                               1 	(obj:0)
y_q157_Day_2_Period_2                               1 	(obj:0)
y_q157_Day_2_Period_5                               1 	(obj:0)
y_q157_Day_2_Period_6                               1 	(obj:0)
y_q158_Day_2_Period_1                               1 	(obj:0)
y_q158_Day_2_Period_2                               1 	(obj:0)
y_q158_Day_2_Period_3                               1 	(obj:0)
y_q158_Day_2_Period_4                               1 	(obj:0)
y_q158_Day_2_Period_5                               1 	(obj:0)
y_q158_Day_2_Period_6                               1 	(obj:0)
y_q159_Day_2_Period_1                               1 	(obj:0)
y_q159_Day_2_Period_2                               1 	(obj:0)
y_q159_Day_2_Period_3                               1 	(obj:0)
y_q159_Day_2_Period_4                               1 	(obj:0)
y_q159_Day_2_Period_5                               1 	(obj:0)
y_q159_Day_2_Period_6                               1 	(obj:0)
y_q160_Day_2_Period_1                               1 	(obj:0)
y_q160_Day_2_Period_2                               1 	(obj:0)
y_q160_Day_2_Period_3                               1 	(obj:0)
y_q160_Day_2_Period_4                               1 	(obj:0)
y_q160_Day_2_Period_5                               1 	(obj:0)
y_q160_Day_2_Period_6                               1 	(obj:0)

Statistics
==========

SCIP Status        : solving was interrupted [time limit reached]
Total Time         :   87030.66
  solving          :   87030.64
  presolving       :       0.06 (included in solving)
  reading          :       0.02
  copying          :       0.01 (1 #copies) (minimal 0.01, maximal 0.01, average 0.01)
Original Problem   :
  Problem name     : uct-subprob
  Variables        : 2256 (379 binary, 0 integer, 0 implicit integer, 1877 continuous)
  Constraints      : 1973 initial, 1973 maximal
  Objective        : minimize, 1345 non-zeros (abs.min = 1, abs.max = 8)
Presolved Problem  :
  Problem name     : t_uct-subprob
  Variables        : 2085 (379 binary, 0 integer, 1706 implicit integer, 0 continuous)
  Constraints      : 1771 initial, 1824 maximal
  Objective        : minimize, 1325 non-zeros (abs.min = 1, abs.max = 8)
  Nonzeros         : 9740 constraint, 5478 clique table
Presolvers         :   ExecTime  SetupTime  Calls  FixedVars   AggrVars   ChgTypes  ChgBounds   AddHoles    DelCons    AddCons   ChgSides   ChgCoefs
  boundshift       :       0.00       0.00      0          0          0          0          0          0          0          0          0          0
  convertinttobin  :       0.00       0.00      0          0          0          0          0          0          0          0          0          0
  domcol           :       0.00       0.00      2          0          0          0          0          0          0          0          0          0
  dualagg          :       0.00       0.00      0          0          0          0          0          0          0          0          0          0
  dualcomp         :       0.00       0.00      0          0          0          0          0          0          0          0          0          0
  dualinfer        :       0.00       0.00      0          0          0          0          0          0          0          0          0          0
  dualsparsify     :       0.00       0.00      1          0          0          0          0          0          0          0          0          0
  gateextraction   :       0.00       0.00      4          0          0          0          0          0          0          0          0          0
  implics          :       0.00       0.00      5          0          0          0          0          0          0          0          0          0
  inttobinary      :       0.00       0.00      0          0          0          0          0          0          0          0          0          0
  qpkktref         :       0.00       0.00      0          0          0          0          0          0          0          0          0          0
  redvub           :       0.00       0.00      0          0          0          0          0          0          0          0          0          0
  sparsify         :       0.00       0.00      1          0          0          0          0          0          0          0          0          0
  stuffing         :       0.00       0.00      0          0          0          0          0          0          0          0          0          0
  trivial          :       0.00       0.00      7          0          0          0          0          0          0          0          0          0
  tworowbnd        :       0.00       0.00      0          0          0          0          0          0          0          0          0          0
  dualfix          :       0.00       0.00      7         20          0          0          0          0          0          0          0          0
  genvbounds       :       0.00       0.00      0          0          0          0          0          0          0          0          0          0
  probing          :       0.00       0.00      1          0          0          0          0          0          0          0          0          0
  pseudoobj        :       0.00       0.00      0          0          0          0          0          0          0          0          0          0
  symmetry         :       0.01       0.00      1          0          0          0          0          0          0         23          0          0
  vbounds          :       0.00       0.00      2          0          0          0          0          0          0          0          0          0
  setppc           :       0.00       0.00     12          0          0          0          0          0          6          0          0          0
  linear           :       0.02       0.00      6         20        131       1706         20          0        219          0          0          0
  logicor          :       0.01       0.00     10          0          0          0          0          0          0          0          0          0
  benders          :       0.00       0.00      0          0          0          0          0          0          0          0          0          0
  components       :       0.00       0.00      1          0          0          0          0          0          0          0          0          0
  root node        :          -          -      -          0          -          -          0          -          -          -          -          -
Constraints        :     Number  MaxNumber  #Separate #Propagate    #EnfoLP    #EnfoRelax  #EnfoPS    #Check   #ResProp    Cutoffs    DomReds       Cuts    Applied      Conss   Children
  benderslp        :          0          0          0          0         87          0          0         82          0          0          0          0          0          0          0
  integral         :          0          0          0          0         87          0          0         82          0          0          0          0          0          0        174
  setppc           :        815+       817         24      10073          0          0          0         77        508          2       2133          1          0          0          0
  logicor          :        956+      1007         24       5203          0          0          0         48         36          4         42          0          0          0          0
  benders          :          0          0          0          0          0          0          0         49          0          0          0          0          0          0          0
  fixedvar         :          0          0          0          0          0          0          0         49          0          0          0          0          0          0          0
  countsols        :          0          0          0          0          0          0          0         49          0          0          0          0          0          0          0
  components       :          0          0          0          0          0          0          0          0          0          0          0          0          0          0          0
Constraint Timings :  TotalTime  SetupTime   Separate  Propagate     EnfoLP     EnfoPS     EnfoRelax   Check    ResProp    SB-Prop
  benderslp        :       0.00       0.00       0.00       0.00       0.00       0.00       0.00       0.00       0.00       0.00
  integral         :   87026.12       0.00       0.00       0.00   87026.12       0.00       0.00       0.00       0.00       0.00
  setppc           :       0.06       0.00       0.00       0.03       0.00       0.00       0.00       0.00       0.00       0.02
  logicor          :       0.03       0.00       0.00       0.01       0.00       0.00       0.00       0.01       0.00       0.01
  benders          :       0.00       0.00       0.00       0.00       0.00       0.00       0.00       0.00       0.00       0.00
  fixedvar         :       0.00       0.00       0.00       0.00       0.00       0.00       0.00       0.00       0.00       0.00
  countsols        :       0.00       0.00       0.00       0.00       0.00       0.00       0.00       0.00       0.00       0.00
  components       :       0.00       0.00       0.00       0.00       0.00       0.00       0.00       0.00       0.00       0.00
Propagators        : #Propagate   #ResProp    Cutoffs    DomReds
  dualfix          :          3          0          0          0
  genvbounds       :          0          0          0          0
  nlobbt           :          0          0          0          0
  obbt             :          0          0          0          0
  probing          :          0          0          0          0
  pseudoobj        :        361          0          0          0
  redcost          :        248          0          0          0
  rootredcost      :          1          0          0          0
  symmetry         :        246          0          0          0
  vbounds          :       5114          0          0          0
Propagator Timings :  TotalTime  SetupTime   Presolve  Propagate    ResProp    SB-Prop
  dualfix          :       0.00       0.00       0.00       0.00       0.00       0.00
  genvbounds       :       0.00       0.00       0.00       0.00       0.00       0.00
  nlobbt           :       0.00       0.00       0.00       0.00       0.00       0.00
  obbt             :       0.00       0.00       0.00       0.00       0.00       0.00
  probing          :       0.00       0.00       0.00       0.00       0.00       0.00
  pseudoobj        :       0.00       0.00       0.00       0.00       0.00       0.00
  redcost          :       0.01       0.00       0.00       0.01       0.00       0.00
  rootredcost      :       0.00       0.00       0.00       0.00       0.00       0.00
  symmetry         :       0.02       0.00       0.01       0.00       0.00       0.00
  vbounds          :       0.00       0.00       0.00       0.00       0.00       0.00
Symmetry           :
  orbitopal red.   :          0 reductions applied,          0 cutoffs
  orbital reduction:          0 reductions applied,          0 cutoffs
  lexicographic red:          0 reductions applied,          0 cutoffs
  shadow tree time :       0.00 s
Conflict Analysis  :       Time      Calls    Success    DomReds  Conflicts   Literals    Reconvs ReconvLits   Dualrays   Nonzeros   LP Iters   (pool size: [10000,10000])
  propagation      :       0.00          6          6          -          8       22.2          0        0.0          -          -          -
  infeasible LP    :       0.00          0          0          -          0        0.0          0        0.0          0        0.0          0
  bound exceed. LP :       0.02          6          6          -        106       68.6          0        0.0          0        0.0         93
  strong branching :       0.00          0          0          -          0        0.0          0        0.0          -          -          0
  pseudo solution  :       0.00          0          0          -          0        0.0          0        0.0          -          -          -
  applied globally :       0.00          -          -          0         53       43.2          -          -          0          -          -
  applied locally  :          -          -          -          0          0        0.0          -          -          0          -          -
Separators         :   ExecTime  SetupTime      Calls  RootCalls    Cutoffs    DomReds  FoundCuts ViaPoolAdd  DirectAdd    Applied ViaPoolApp  DirectApp      Conss
  cut pool         :       0.15          -        131         45          -          -       4197       6420          -          -          -          -          -    (maximal pool size:       4197)
  aggregation      :       0.30       0.00         75         24          0          0          3         15          0          2          2          0          0
  > cmir           :          -          -          -          -          -          -          -         15          0          2          2          0          -
  > flowcover      :          -          -          -          -          -          -          -          0          0          0          0          0          -
  > knapsackcover  :          -          -          -          -          -          -          -          0          0          0          0          0          -
  cgmip            :       0.00       0.00          0          0          0          0          0          0          0          0          0          0          0
  clique           :       0.01       0.00         24         24          0          0         93        252          0        106        106          0          0
  closecuts        :       0.00       0.00          0          0          0          0          0          0          0          0          0          0          0
  convexproj       :       0.00       0.00          0          0          0          0          0          0          0          0          0          0          0
  disjunctive      :       0.00       0.00          0          0          0          0          0          0          0          0          0          0          0
  eccuts           :       0.00       0.00          0          0          0          0          0          0          0          0          0          0          0
  gauge            :       0.00       0.00          0          0          0          0          0          0          0          0          0          0          0
  gomory           :       0.73       0.00         45         10          0          0       3769       5338          0        135        135          0          0
  > gomorymi       :          -          -          -          -          -          -          -       2371          0         23         23          0          -
  > strongcg       :          -          -          -          -          -          -          -       2967          0        112        112          0          -
  impliedbounds    :       0.00       0.00         75         24          0          0          1          1          0          1          1          0          0
  interminor       :       0.00       0.00          0          0          0          0          0          0          0          0          0          0          0
  intobj           :       0.00       0.00          0          0          0          0          0          0          0          0          0          0          0
  lagromory        :       0.00       0.00          0          0          0          0          0          0          0          0          0          0          0
  mcf              :       0.00       0.00          1          1          0          0          0          0          0          0          0          0          0
  minor            :       0.00       0.00          0          0          0          0          0          0          0          0          0          0          0
  mixing           :       0.00       0.00         75         24          0          0          0          0          0          0          0          0          0
  oddcycle         :       0.00       0.00          0          0          0          0          0          0          0          0          0          0          0
  rapidlearning    :       0.00       0.00          0          0          0          0          0          0          0          0          0          0          0
  rlt              :       0.00       0.00         10         10          0          0          0          0          0          0          0          0          0
  zerohalf         :       0.37       0.00         55         20          0          0        331        814          0        469        469          0          0
Cutselectors       :   ExecTime  SetupTime      Calls  RootCalls   Selected     Forced   Filtered  RootSelec   RootForc   RootFilt 
  hybrid           :       0.02       0.00         72         22        713          0       5708        260          0       2369
  ensemble         :       0.00       0.00          0          0          0          0          0          0          0          0
  dynamic          :       0.00       0.00          0          0          0          0          0          0          0          0
Pricers            :   ExecTime  SetupTime      Calls       Vars
  problem variables:       0.00          -          0          0
Branching Rules    :   ExecTime  SetupTime   BranchLP  BranchExt   BranchPS    Cutoffs    DomReds       Cuts      Conss   Children
  allfullstrong    :       0.00       0.00          0          0          0          0          0          0          0          0
  cloud            :       0.00       0.00          0          0          0          0          0          0          0          0
  distribution     :       0.00       0.00          0          0          0          0          0          0          0          0
  fullstrong       :       0.00       0.00          0          0          0          0          0          0          0          0
  general_disjuncti:   87022.24       0.00         87          0          0          0          0          0          0          0
  GeneralDisjunction(extra): subMILPs=174 fairNodes of all MILPs=1250765 probingLPs=0
  gomory           :       0.00       0.00          0          0          0          0          0          0          0          0
  inference        :       0.00       0.00          0          0          0          0          0          0          0          0
  leastinf         :       0.00       0.00          0          0          0          0          0          0          0          0
  lookahead        :       0.00       0.00          0          0          0          0          0          0          0          0
  mostinf          :       0.00       0.00          0          0          0          0          0          0          0          0
  multaggr         :       0.00       0.00          0          0          0          0          0          0          0          0
  nodereopt        :       0.00       0.00          0          0          0          0          0          0          0          0
  pscost           :       0.00       0.00          0          0          0          0          0          0          0          0
  random           :       0.00       0.00          0          0          0          0          0          0          0          0
  relpscost        :       3.87       0.00         87          0          0          0          0          0          0        174
  vanillafullstrong:       0.00       0.00          0          0          0          0          0          0          0          0
Primal Heuristics  :   ExecTime  SetupTime      Calls      Found       Best
  LP solutions     :       0.00          -          -          0          0
  relax solutions  :       0.00          -          -          0          0
  pseudo solutions :       0.00          -          -          0          0
  strong branching :       0.00          -          -          0          0
  actconsdiving    :       0.00       0.00          0          0          0
  adaptivediving   :       0.02       0.00          1          0          0
  alns             :       0.03       0.00          1          0          0
  bound            :       0.00       0.00          0          0          0
  clique           :       0.01       0.00          1          0          0
  coefdiving       :       0.00       0.00          0          0          0
  completesol      :       0.00       0.00          0          0          0
  conflictdiving   :       0.01       0.00          1          0          0
  crossover        :       0.00       0.00          0          0          0
  dins             :       0.00       0.00          0          0          0
  distributiondivin:       0.06       0.00          1          0          0
  dps              :       0.00       0.00          0          0          0
  dualval          :       0.00       0.00          0          0          0
  farkasdiving     :       0.45       0.00          1          1          1
  feaspump         :       0.00       0.00          0          0          0
  fixandinfer      :       0.00       0.00          0          0          0
  fracdiving       :       0.01       0.00          1          0          0
  gins             :       0.00       0.00          0          0          0
  guideddiving     :       0.00       0.00          0          0          0
  indicator        :       0.00       0.00          0          0          0
  indicatordiving  :       0.00       0.00          0          0          0
  intdiving        :       0.00       0.00          0          0          0
  intshifting      :       0.00       0.00          0          0          0
  linesearchdiving :       0.00       0.00          0          0          0
  localbranching   :       0.00       0.00          0          0          0
  locks            :       0.00       0.00          1          0          0
  lpface           :       0.00       0.00          0          0          0
  mpec             :       0.00       0.00          0          0          0
  multistart       :       0.00       0.00          0          0          0
  mutation         :       0.00       0.00          0          0          0
  nlpdiving        :       0.00       0.00          0          0          0
  objpscostdiving  :       0.00       0.00          0          0          0
  octane           :       0.00       0.00          0          0          0
  ofins            :       0.00       0.00          0          0          0
  oneopt           :       0.00       0.00          2          0          0
  padm             :       0.00       0.00          0          0          0
  proximity        :       0.00       0.00          0          0          0
  pscostdiving     :       0.01       0.00          1          0          0
  randrounding     :       0.05       0.00         24          0          0
  rens             :       0.00       0.00          0          0          0
  reoptsols        :       0.00       0.00          0          0          0
  repair           :       0.00       0.00          0          0          0
  rins             :       0.00       0.00          0          0          0
  rootsoldiving    :       0.00       0.00          0          0          0
  rounding         :       0.01       0.00        125          0          0
  scheduler        :       0.00       0.00          0          0          0
  shiftandpropagate:       0.01       0.00          1          1          1
  shifting         :       0.07       0.00         81         46          0
  simplerounding   :       0.00       0.00          0          0          0
  subnlp           :       0.00       0.00          0          0          0
  trivial          :       0.00       0.00          2          0          0
  trivialnegation  :       0.00       0.00          0          0          0
  trustregion      :       0.00       0.00          0          0          0
  trysol           :       0.00       0.00          0          0          0
  twoopt           :       0.00       0.00          0          0          0
  undercover       :       0.00       0.00          0          0          0
  vbounds          :       0.01       0.00          1          0          0
  veclendiving     :       0.01       0.00          1          0          0
  zeroobj          :       0.00       0.00          0          0          0
  zirounding       :       0.01       0.00         86          0          0
  other solutions  :          -          -          -          0          -
LNS (Scheduler)    :      Calls  SetupTime  SolveTime SolveNodes       Sols       Best       Exp3    Exp3-IX  EpsGreedy        UCB TgtFixRate  Opt  Inf Node Stal  Sol  Usr Othr Actv
  rens             :          0       0.00       0.00          0          0          0    0.00000    0.12500   -1.00000    1.00000      0.900    0    0    0    0    0    0    0    1
  rins             :          0       0.00       0.00          0          0          0    0.00000    0.12500   -1.00000    1.00000      0.900    0    0    0    0    0    0    0    1
  mutation         :          0       0.00       0.00          0          0          0    0.00000    0.12500   -1.00000    1.00000      0.900    0    0    0    0    0    0    0    1
  localbranching   :          0       0.00       0.00          0          0          0    0.00000    0.12500   -1.00000    1.00000      0.900    0    0    0    0    0    0    0    1
  crossover        :          0       0.00       0.00          0          0          0    0.00000    0.12500   -1.00000    1.00000      0.900    0    0    0    0    0    0    0    1
  proximity        :          0       0.00       0.00          0          0          0    0.00000    0.12500   -1.00000    1.00000      0.900    0    0    0    0    0    0    0    1
  zeroobjective    :          0       0.00       0.00          0          0          0    0.00000    0.12500   -1.00000    1.00000      0.900    0    0    0    0    0    0    0    1
  dins             :          0       0.00       0.00          0          0          0    0.00000    0.12500   -1.00000    1.00000      0.900    0    0    0    0    0    0    0    1
  trustregion      :          0       0.00       0.00          0          0          0    0.00000    0.00000   -1.00000    1.00000      0.900    0    0    0    0    0    0    0    0
LP                 :       Time      Calls Iterations  Iter/call   Iter/sec  Time-0-It Calls-0-It    ItLimit
  primal LP        :       0.17         16          0       0.00       0.00       0.17         16
  dual LP          :       1.82        159      28122     176.87   15469.37       0.00          0
  lex dual LP      :       0.00          0          0       0.00          -
  barrier LP       :       0.00          0          0       0.00          -       0.00          0
  resolve instable :       0.00          0          0       0.00          -
  diving/probing LP:       0.45        256       5870      22.93   13129.20
  strong branching :       8.06        687     138664     201.84   17208.81          -          -         66
    (at root node) :          -         55      24471     444.93          -
  conflict analysis:       0.01         10         93       9.30    9026.50
B&B Tree           :
  number of runs   :          1
  nodes            :         87 (87 internal, 0 leaves)
  feasible leaves  :          0
  infeas. leaves   :          0
  objective leaves :          0
  nodes (total)    :         87 (87 internal, 0 leaves)
  nodes left       :         88
  max depth        :         16
  max depth (total):         16
  backtracks       :          6 (6.9%)
  early backtracks :          0 (0.0%)
  nodes exc. ref.  :          0 (0.0%)
  delayed cutoffs  :          0
  repropagations   :          0 (0 domain reductions, 0 cutoffs)
  avg switch length:       1.87
  switching time   :       0.16
Root Node          :
  First LP value   : +2.42000000000000e+02
  First LP Iters   :       1034 (22760.29 Iter/sec)
  First LP Time    :       0.05
  Final Dual Bound : +2.71469158563790e+02
  Final Root Iters :       9486
  Root LP Estimate : +3.24394381585993e+02
Solution           :
  Solutions found  :         48 (2 improvements)
  First Solution   : +3.80000000000000e+02   (in run 1, after 1 nodes, 0.10 seconds, depth 381, found by <shiftandpropagate>)
  Gap First Sol.   :   infinite
  Gap Last Sol.    :      30.59 %
  Primal Bound     : +3.54000000000000e+02   (in run 1, after 1 nodes, 1.95 seconds, depth 241, found by <farkasdiving>)
  Dual Bound       : +2.71991685277906e+02
  Gap              :      30.15 %
Integrals          :      Total       Avg%
  primal-dual      : 2020038.11      23.21
  primal-ref       :          -          - (not evaluated)
  dual-ref         :          -          - (not evaluated)
